{"annotatable":{"parts":["s1v1","s2v1","s3v1","s4v1","s5v1","s6v1","s7v1","s8v1","s9v1","s10v1"]},"anncomplete":true,"sources":[{"name":"ORIG","id":"HEAP___Consulting_Agreement__Homeless_Case_Manager.pdf","url":""}],"metas":{"m_24":{"value":"$185,328","confidence":{"state":"pre-added","who":["user:SDTEF"],"prob":1}},"m_22":{"value":"case management","confidence":{"state":"pre-added","who":["user:SDTEF"],"prob":1}},"m_23":{"value":"city and HEAP","confidence":{"state":"pre-added","who":["user:SDTEF"],"prob":1}}},"entities":[{"classId":"e_19","part":"s1v1","offsets":[{"start":0,"text":"RESOLUTION NO. 2019-46\n\nA RESOLUTION OF THE CITY COUNCIL OF THE CITY OF ESCONDIDO, CALIFORNIA, AUTHORIZING THE MAYOR AND CITY CLERK TO EXECUTE AN CONSULTING AGREEMENT WITH INTERFAITH COMMUNITY SERVICES FOR THE PROVISION OF A HOMELESS CASE MANAGER IN FORMS ACCEPTABLE TO THE CITY ATTORNEY"}],"coordinates":[{"x":"221.93","y":"89.55"},{"x":"258.06","y":"217.58"}],"confidence":{"state":"pre-added","who":["user:SDTEF"],"prob":1},"fields":{},"normalizations":{}},{"classId":"e_7","part":"s1v1","offsets":[{"start":64,"text":"CITY OF ESCONDIDO"}],"coordinates":[{"x":"198.84","y":"129.15"},{"x":"340.61","y":"134.78"}],"confidence":{"state":"pre-added","who":["user:SDTEF"],"prob":1},"fields":{},"normalizations":{}},{"classId":"e_1","part":"s1v1","offsets":[{"start":172,"text":"INTERFAITH COMMUNITY SERVICES"}],"coordinates":[{"x":"204.12","y":"170.55"},{"x":"431.94","y":"176.18"}],"confidence":{"state":"pre-added","who":["user:SDTEF"],"prob":1},"fields":{},"normalizations":{}},{"classId":"e_7","part":"s1v1","offsets":[{"start":592,"text":"Homeless Emergency Aid Program (“HEAP”"}],"coordinates":[{"x":"200.17","y":"361.98"},{"x":"437.31","y":"367.61"}],"confidence":{"state":"pre-added","who":["user:SDTEF"],"prob":1},"fields":{},"normalizations":{}},{"classId":"e_7","part":"s1v1","offsets":[{"start":1014,"text":"City of Escondido"}],"coordinates":[],"confidence":{"state":"pre-added","who":["ml:regex"],"prob":0.5},"fields":{},"normalizations":{}},{"classId":"e_7","part":"s1v1","offsets":[{"start":1124,"text":"HEAP funds"}],"coordinates":[{"x":"298.91","y":"555.20"},{"x":"367.24","y":"560.83"}],"confidence":{"state":"pre-added","who":["user:SDTEF"],"prob":1},"fields":{},"normalizations":{}},{"classId":"e_4","part":"s1v1","offsets":[{"start":1432,"text":"homeless case management services"}],"coordinates":[],"confidence":{"state":"pre-added","who":["ml:regex"],"prob":0.5},"fields":{},"normalizations":{}},{"classId":"e_1","part":"s1v1","offsets":[{"start":1496,"text":"Interfaith Community Services"}],"coordinates":[],"confidence":{"state":"pre-added","who":["ml:regex"],"prob":0.5},"fields":{},"normalizations":{}},{"classId":"e_1","part":"s2v1","offsets":[{"start":445,"text":"Interfaith Community Services"}],"coordinates":[],"confidence":{"state":"pre-added","who":["ml:regex"],"prob":0.5},"fields":{},"normalizations":{}},{"classId":"e_4","part":"s2v1","offsets":[{"start":550,"text":"homeless case management services"}],"coordinates":[],"confidence":{"state":"pre-added","who":["ml:regex"],"prob":0.5},"fields":{},"normalizations":{}},{"classId":"e_7","part":"s2v1","offsets":[{"start":651,"text":"HEAP funds"}],"coordinates":[],"confidence":{"state":"pre-added","who":["ml:regex"],"prob":0.5},"fields":{},"normalizations":{}},{"classId":"e_7","part":"s3v1","offsets":[{"start":16,"text":"CITY OF ESCONDIDO"}],"coordinates":[],"confidence":{"state":"pre-added","who":["ml:regex"],"prob":0.5},"fields":{},"normalizations":{}},{"classId":"e_7","part":"s3v1","offsets":[{"start":125,"text":"CITY OF ESCONDIDO"}],"coordinates":[],"confidence":{"state":"pre-added","who":["ml:regex"],"prob":0.5},"fields":{},"normalizations":{}},{"classId":"e_1","part":"s3v1","offsets":[{"start":266,"text":"Interfaith Community Services"}],"coordinates":[],"confidence":{"state":"pre-added","who":["ml:regex"],"prob":0.5},"fields":{},"normalizations":{}},{"classId":"e_1","part":"s3v1","offsets":[{"start":297,"text":"550 West Washington Avenue  Escondido, CA 92025  Attn: Greg Anglea  760-489-6380 x230"}],"coordinates":[{"x":"198.02","y":"331.11"},{"x":"293.59","y":"374.45"}],"confidence":{"state":"pre-added","who":["user:SDTEF"],"prob":1},"fields":{},"normalizations":{}},{"classId":"e_4","part":"s3v1","offsets":[{"start":547,"text":"homeless case management services"}],"coordinates":[],"confidence":{"state":"pre-added","who":["ml:regex"],"prob":0.5},"fields":{},"normalizations":{}},{"classId":"e_2","part":"s3v1","offsets":[{"start":1121,"text":"Compensation.  The CITY will pay the CONSULTANT in accordance with the conditions specified in “Attachment A,” in the sum not to exceed $185,328. Any breach of this Agreement will relieve CITY from the obligation to pay CONSULTANT, if CONSULTANT has not corrected the breach after CITY provides notice and a reasonable time to correct it.  If this Agreement is amended at any time, additional compensation of CONSULTANT contained in subsequent amendment(s) shall not exceed a cumulative total of twenty-five percent (25%) of the maximum payment provided for in this Section 2."}],"coordinates":[{"x":"108.02","y":"630.32"},{"x":"117.23","y":"724.54"}],"confidence":{"state":"pre-added","who":["user:SDTEF"],"prob":1},"fields":{},"normalizations":{}},{"classId":"e_7","part":"s6v1","offsets":[{"start":1913,"text":"City of Escondido"}],"coordinates":[],"confidence":{"state":"pre-added","who":["ml:regex"],"prob":0.5},"fields":{},"normalizations":{}},{"classId":"e_7","part":"s7v1","offsets":[{"start":172,"text":"CITY OF ESCONDIDO"}],"coordinates":[],"confidence":{"state":"pre-added","who":["ml:regex"],"prob":0.5},"fields":{},"normalizations":{}},{"classId":"e_1","part":"s7v1","offsets":[{"start":396,"text":"Interfaith Community Services"}],"coordinates":[],"confidence":{"state":"pre-added","who":["ml:regex"],"prob":0.5},"fields":{},"normalizations":{}},{"classId":"e_7","part":"s7v1","offsets":[{"start":700,"text":"CITY OF ESCONDIDO"}],"coordinates":[],"confidence":{"state":"pre-added","who":["ml:regex"],"prob":0.5},"fields":{},"normalizations":{}},{"classId":"e_4","part":"s8v1","offsets":[{"start":0,"text":"- 1 -\n\n\n\nATTACHMENT “A” \n\nStatement of Services  \n\nInterfaith Community Services, Inc. – Homeless Case Management Services \n\nA. General. \n\nThe City of Escondido (“City”) is contracting with Interfaith Community Services, Inc. (“Contractor”) to provide homeless case management services to homeless residents in Escondido to further enhance the work of the existing Community Oriented Policing and Problem Solving (COPPS) unit and provide services to homeless residents in Escondido.  \n\nThis Agreement is contingent on the City’s award of Homeless Emergency Aid Program (HEAP) funds from the San Diego Regional Taskforce for the Homeless (RTFH).   \n\nB. Location. \n\nServices provided by Contractor will be performed at various locations throughout Escondido. \n\nC. Homeless Case Management Services. \n\nContractor shall recruit, hire and train a Homeless Outreach Case Manager (“Manager”) to oversee the homeless case management services. The Manager shall be a social worker, with minimum qualifications to include: \n\n Bachelor’s degree in Social Work, Psychology or other behavioral health disciplines;\n\n Master’s degree in Social Work\n\n An active State of California license in social work;\n\n Three (3) years’ experience providing vase management services; and\n\n Bilingual (English/Spanish) preferred.  \n\nThe Manager must be able to pass an Escondido Police Department background check.  \n\nThe Manager shall work forty (40) hours per week, Monday through Friday, eight (8) hours per day, (from 6-7:00 a.m. until 4-5 p.m.) with flexibility to work occasional nights and weekends as needed.  \n\nThe Manager shall provide direct services to homeless clients and recently housed individuals and families, which include: intake, assessment, and case management, as well as client advocacy (resources and referrals) with the goal of supporting client self-sufficiency"}],"coordinates":[{"x":"289.01","y":"764.36"},{"x":"291.72","y":"727.18"}],"confidence":{"state":"pre-added","who":["user:SDTEF"],"prob":1},"fields":{},"normalizations":{}},{"classId":"e_1","part":"s8v1","offsets":[{"start":51,"text":"Interfaith Community Services"}],"coordinates":[],"confidence":{"state":"pre-added","who":["ml:regex"],"prob":0.5},"fields":{},"normalizations":{}},{"classId":"e_4","part":"s8v1","offsets":[{"start":89,"text":"Homeless Case Management Services"}],"coordinates":[{"x":"303.77","y":"128.07"},{"x":"522.18","y":"133.70"}],"confidence":{"state":"pre-added","who":["user:SDTEF"],"prob":1},"fields":{},"normalizations":{}},{"classId":"e_4","part":"s8v1","offsets":[{"start":139,"text":"The City of Escondido (“City”) is contracting with Interfaith Community Services, Inc. (“Contractor”) to provide homeless case management services to homeless residents in Escondido to further enhance the work of the existing Community Oriented Policing and Problem Solving (COPPS) unit and provide services to homeless residents in Escondido.  \n\nThis Agreement is contingent on the City’s award of Homeless Emergency Aid Program (HEAP) funds from the San Diego Regional Taskforce for the Homeless (RTFH)."}],"coordinates":[{"x":"108.02","y":"186.51"},{"x":"208.20","y":"302.57"}],"confidence":{"state":"pre-added","who":["user:SDTEF"],"prob":1},"fields":{},"normalizations":{}},{"classId":"e_7","part":"s8v1","offsets":[{"start":143,"text":"City of Escondido"}],"coordinates":[],"confidence":{"state":"pre-added","who":["ml:regex"],"prob":0.5},"fields":{},"normalizations":{}},{"classId":"e_1","part":"s8v1","offsets":[{"start":190,"text":"Interfaith Community Services"}],"coordinates":[],"confidence":{"state":"pre-added","who":["ml:regex"],"prob":0.5},"fields":{},"normalizations":{}},{"classId":"e_4","part":"s8v1","offsets":[{"start":252,"text":"homeless case management services"}],"coordinates":[],"confidence":{"state":"pre-added","who":["ml:regex"],"prob":0.5},"fields":{},"normalizations":{}},{"classId":"e_5","part":"s8v1","offsets":[{"start":652,"text":"Location. \n\nServices provided by Contractor will be performed at various locations throughout Escondido"}],"coordinates":[{"x":"108.02","y":"324.90"},{"x":"225.07","y":"375.17"}],"confidence":{"state":"pre-added","who":["user:SDTEF"],"prob":1},"fields":{},"normalizations":{}},{"classId":"e_4","part":"s8v1","offsets":[{"start":762,"text":"Homeless Case Management Services"}],"coordinates":[],"confidence":{"state":"pre-added","who":["ml:regex"],"prob":0.5},"fields":{},"normalizations":{}},{"classId":"e_4","part":"s8v1","offsets":[{"start":900,"text":"homeless case management services"}],"coordinates":[],"confidence":{"state":"pre-added","who":["ml:regex"],"prob":0.5},"fields":{},"normalizations":{}},{"classId":"e_6","part":"s9v1","offsets":[{"start":12,"text":"The Manager shall work in collaboration with the City’s COPPS unit to further enhance the work of the existing COPPS unit and provide comprehensive services to homeless residents in the City.   The Manager’s responsibilities shall include, but are not limited to, the following: \n\n Complete a comprehensive case management assessment for each homeless client by developing a detailed case plan that includes identifying barriers to housing.  The plan shall include a timeline and measures for each goal and shall be updated to monitor progress towards goals as the client’s needs change at least every 90 days or as changes occur in client’s progress;\n\n Participate in the County-side Coordinated Entry System (CES);\n\n Enter client level data through the Homeless Management Information System (HMIS), Clarity, as well as service provider’s additional client assessment and tracking tools;\n\n Link homeless clients to housing, medical, mental health, addition and recovery services, food, clothing, transportation, employment, Social Security/Social Security Disability, and financial services based on the client’s individual plan;\n\n Assist homeless clients to enroll in mainstream benefits and obtain identification (e.g. California Driver’s License, California Identification Card and/or Social Security card);\n\n Assist homeless clients to identify housing options based on the individualized plan, and work to obtain and maintain permanent housing with the client for a period of up to nine months after housing placement based;\n\n Maintain regular communication, both written and verbal, with the COPPS Lieutenant and Housing & Neighborhood Services Manager and attend regular scheduled case management meetings to review the Manager’s caseload;\n\n Work collaboratively with the COPPS unit, Quality of Life team members, other service providers, and community parties to identify homeless individuals in need of case management services;\n\n Work with the COPPS unit and Housing & Neighborhood Services Manager to maximize partnerships with service providers, community organizations and individuals to cultivate resources and stay connected to the changing needs of the community;\n\n Maintain accurate and thorough documentation of client meetings and interactions in a timely manner, including conversations and progress towards goals;\n\n Maintain data on each program participant and program milestones, and provide required reports along with the monthly invoice"}],"coordinates":[{"x":"108.02","y":"92.43"},{"x":"416.98","y":"687.70"}],"confidence":{"state":"pre-added","who":["user:SDTEF"],"prob":1},"fields":{},"normalizations":{}},{"classId":"e_6","part":"s10v1","offsets":[{"start":12,"text":"Identify gaps in homeless services and assistance needs in Escondido, and develop recommendations for community and program improvements in support of the City’s Strategic Plan Regarding Homelessness in Escondido;\n\n Participate in community meetings in support of the Homeless Response Plan or case management duties; \n\n Collaborate with the COPPS unit, the Housing and Neighborhood Services Manager, city departments and staff, other government agencies, and Escondido faith centers, service clubs, businesses, nonprofit organizations, and community members"}],"coordinates":[{"x":"126.02","y":"78.37"},{"x":"261.26","y":"219.62"}],"confidence":{"state":"pre-added","who":["user:SDTEF"],"prob":1},"fields":{},"normalizations":{}},{"classId":"e_7","part":"s10v1","offsets":[{"start":817,"text":"HEAP funds"}],"coordinates":[],"confidence":{"state":"pre-added","who":["ml:regex"],"prob":0.5},"fields":{},"normalizations":{}},{"classId":"e_7","part":"s10v1","offsets":[{"start":889,"text":"HEAP funds"}],"coordinates":[],"confidence":{"state":"pre-added","who":["ml:regex"],"prob":0.5},"fields":{},"normalizations":{}},{"classId":"e_8","part":"s10v1","offsets":[{"start":1219,"text":"Term. \n\nThe term of this Agreement shall be from June 1, 2019 to June 30, 2020 with an option to renew for a second year at the City’s discretion"}],"coordinates":[{"x":"108.02","y":"441.68"},{"x":"407.43","y":"492.31"}],"confidence":{"state":"pre-added","who":["user:SDTEF"],"prob":1},"fields":{},"normalizations":{}},{"classId":"e_2","part":"s10v1","offsets":[{"start":1370,"text":"Payment Terms and Schedule \n\nThe total contract price shall not exceed $185,328.00.  Payment will be made in 12 monthly payments of $15,444 after the services have been performed, all requisite program participant and milestone report documents are submitted, and within 30 days of receipt of invoice for those services"}],"coordinates":[{"x":"100.82","y":"516.80"},{"x":"389.02","y":"596.83"}],"confidence":{"state":"pre-added","who":["user:SDTEF"],"prob":1},"fields":{},"normalizations":{}}],"relations":[]}