{"annotatable":{"parts":["s1p1","s1p2","s1p3","s1p4","s1p5","s1p6","s1p7","s1p8","s1p9","s1p10","s1p11","s1p12","s1p13","s1p14","s1p15","s1p16","s1p17","s1p18","s1p19","s1p20","s1p21","s1p22","s1p23","s1p24","s1p25","s1p26","s1p27","s1p28","s1p29","s1p30","s1p31","s1p32","s1p33","s1p34","s1p35","s1p36","s1p37","s1p38","s1p39","s1p40","s1p41","s1p42","s1p43","s1p44","s1p45","s1p46","s1p47","s1p48","s1p49","s1p50","s1p51","s1p52","s1p53","s1p54","s1p55","s1p56","s1p57","s1p58","s1p59","s1p60","s1p61"]},"anncomplete":true,"sources":[{"name":"ORIG","id":"Copy_of_Interfaith_Community_Services_Contract_FY2020_21.pdf","url":""}],"metas":{"m_24":{"value":"$312,422","confidence":{"state":"pre-added","who":["user:SDTEF"],"prob":1}},"m_22":{"value":"outreach and case management services","confidence":{"state":"pre-added","who":["user:SDTEF"],"prob":1}},"m_23":{"value":"city","confidence":{"state":"pre-added","who":["user:SDTEF"],"prob":1}}},"entities":[{"classId":"e_19","part":"s1p1","offsets":[{"start":41,"text":"6/12/18 1 AGREEMENT FOR HOMELESS OUTREACH AND CASE MANAGEMENT SERVICES BETWEEN CITY OF CARLSBAD AND INTERFAITH COMMUNITY SERVICES, INC"}],"coordinates":[],"confidence":{"state":"pre-added","who":["user:SDTEF"],"prob":1},"fields":{},"normalizations":{}},{"classId":"e_1","part":"s1p1","offsets":[{"start":141,"text":"INTERFAITH COMMUNITY SERVICES, INC."}],"coordinates":[],"confidence":{"state":"","who":["ml:nalaf"],"prob":0.7954618265768368},"fields":{},"normalizations":{}},{"classId":"e_7","part":"s1p1","offsets":[{"start":269,"text":"CITY OF CARLSBAD,"}],"coordinates":[],"confidence":{"state":"pre-added","who":["user:SDTEF"],"prob":1},"fields":{},"normalizations":{}},{"classId":"e_1","part":"s1p1","offsets":[{"start":326,"text":"INTERFAITH COMMUNITY SERVICES, INC."}],"coordinates":[],"confidence":{"state":"","who":["ml:nalaf"],"prob":0.8007839070298174},"fields":{},"normalizations":{}},{"classId":"e_4","part":"s1p1","offsets":[{"start":499,"text":"providing outreach and case management service"}],"coordinates":[],"confidence":{"state":"pre-added","who":["user:SDTEF"],"prob":1},"fields":{},"normalizations":{}},{"classId":"e_3","part":"s1p1","offsets":[{"start":550,"text":"homeless residents or those residents at-risk of becoming homeless within the City of Carlsbad"}],"coordinates":[],"confidence":{"state":"pre-added","who":["user:SDTEF"],"prob":1},"fields":{},"normalizations":{}},{"classId":"e_4","part":"s1p1","offsets":[{"start":1166,"text":"SCOPE OF WORK"}],"coordinates":[],"confidence":{"state":"pre-added","who":["user:SDTEF"],"prob":1},"fields":{},"normalizations":{}},{"classId":"e_6","part":"s1p1","offsets":[{"start":1424,"text":"STANDARD OF PERFORMANCE"}],"coordinates":[],"confidence":{"state":"pre-added","who":["user:SDTEF"],"prob":1},"fields":{},"normalizations":{}},{"classId":"e_6","part":"s1p1","offsets":[{"start":1448,"text":"While performing the Services, Contractor will exercise the reasonable professional care and skill customarily exercised by reputable members of Contractor's profession practicing in the Metropolitan Southern California Area, and will use reasonable diligence and best judgment while exercising its professional skill and expertise."}],"coordinates":[],"confidence":{"state":"pre-added","who":["user:SDTEF"],"prob":1},"fields":{},"normalizations":{}},{"classId":"e_2","part":"s1p1","offsets":[{"start":2484,"text":"COMPENSATION A. The total fee payable for the Services to be performed (Exhibit “A”) during the initial Agreement term will be three-hundred twelve-thousand four-hundred twenty-two dollars ($312,422"}],"coordinates":[],"confidence":{"state":"pre-added","who":["user:SDTEF"],"prob":1},"fields":{},"normalizations":{}},{"classId":"e_2","part":"s1p1","offsets":[{"start":2504,"text":"total fee"}],"coordinates":[],"confidence":{"state":"pre-added","who":["user:SDTEF"],"prob":1},"fields":{},"normalizations":{}},{"classId":"e_2","part":"s1p1","offsets":[{"start":2612,"text":"hree-hundred twelve-thousand four-hundred twenty-two dollars ($312,422)."}],"coordinates":[],"confidence":{"state":"pre-added","who":["user:SDTEF"],"prob":1},"fields":{},"normalizations":{}},{"classId":"e_4","part":"s1p57","offsets":[{"start":1555,"text":"Scope of Services: A. Provide two (2) full‐time State of California licensed clinicians (LCSW, LMFT, or LPCC) or other outreach workers as approved by the Investigations Lieutenant and the Homeless Response Program Manager and one (1) licensed (LCSW, LMFT, or LPCC) manager at .5 FTE."}],"coordinates":[],"confidence":{"state":"pre-added","who":["user:SDTEF"],"prob":1},"fields":{},"normalizations":{}},{"classId":"e_4","part":"s1p57","offsets":[{"start":2179,"text":"B. Ensure each clinician or outreach worker is available to work a minimum of 40 hours per week with availability on weekends and occasional nights. Schedules are approved by the Investigations Lieutenant and the Homeless Response Program Manager. All holidays observed by the City may be excluded, if desired by Contractor and agreed upon by the City. Permanent schedule change requests must be submitted to the City with 30 days written notice and must be mutually agreed upon by both parties"}],"coordinates":[],"confidence":{"state":"pre-added","who":["user:SDTEF"],"prob":1},"fields":{},"normalizations":{}},{"classId":"e_4","part":"s1p57","offsets":[{"start":2675,"text":"C. As directed by the City, provide outreach and case management services at designated community sites or City facilities with a member of the police department’s Homeless Outreach Team, and travel to City sites or where these services are needed. Contractor will receive referrals from the Homeless Outreach Team Sergeant."}],"coordinates":[],"confidence":{"state":"pre-added","who":["user:SDTEF"],"prob":1},"fields":{},"normalizations":{}},{"classId":"e_4","part":"s1p57","offsets":[{"start":3000,"text":"D. Abide by the strategies set forth in the City's Homeless Response Plan and any amendments thereto, which takes a community focused and collaborative approach to addressing the needs of those experiencing or at‐risk of homelessness within the City of Carlsbad"}],"coordinates":[],"confidence":{"state":"pre-added","who":["user:SDTEF"],"prob":1},"fields":{},"normalizations":{}},{"classId":"e_4","part":"s1p57","offsets":[{"start":3263,"text":"E. Link Participants to housing, medical, mental health, substance use treatment, food, clothing, transportation, employment, identification, social security card, Social Security benefits/Social Security Disability, CalWORKS, General Relief, CalFresh, Medi‐cal/Medicare, Lifeline phones, mailing addresses, and other resources based on the Participants’ individualized needs."}],"coordinates":[],"confidence":{"state":"pre-added","who":["user:SDTEF"],"prob":1},"fields":{},"normalizations":{}},{"classId":"e_4","part":"s1p57","offsets":[{"start":3641,"text":". Assist Participants to identify housing options such as: emergency shelters, reunification with family or friends, independent living associations, private rentals, rapid rehousing, and permanent supportive housing resources."}],"coordinates":[],"confidence":{"state":"pre-added","who":["user:SDTEF"],"prob":1},"fields":{},"normalizations":{}},{"classId":"e_4","part":"s1p57","offsets":[{"start":3869,"text":"G. Maintain communication, both written and verbal, with the Homeless Outreach Team Sergeant and the Homeless Response Program Manager. Attend monthly meetings with the June 23, 2020 Item #6"}],"coordinates":[],"confidence":{"state":"pre-added","who":["user:SDTEF"],"prob":1},"fields":{},"normalizations":{}},{"classId":"e_4","part":"s1p58","offsets":[{"start":179,"text":"H. Complete accurate and thorough documentation in a timely manner. Maintain data on each program Participant and program milestones, and provide required reports prepared in a format to the satisfaction of the Police Department. Contractor must comply with the following requirements related to documentation: 1. Utilize the Homeless Management Information System (HMIS) and Efforts to Outcomes (ETO) to track Participants and provide data as to: a. Number of unduplicated Participants assisted; b. Number of contacts (touchpoints); c. Number of Participants placed in emergency shelter and permanent housing; d. Number of clinical interventions and services performed; and e. Demographic data on Participants. 2. Screen Participants using the ViSPDAT measure as appropriate. 3. Report data to the Homeless Outreach Team Sergeant and the City’s Homeless Response Program Manager by the 15th day of each month, starting August 15, 2020 and continuing through July 15, 2021."}],"coordinates":[],"confidence":{"state":"pre-added","who":["user:SDTEF"],"prob":1},"fields":{},"normalizations":{}},{"classId":"e_4","part":"s1p58","offsets":[{"start":1153,"text":"I. Identify gaps in homeless services and assistance needs in the City of Carlsbad, and develop ongoing recommendations for community and program improvements in support of the City’s Homeless Response Plan. Recommendations shall be submitted to the HOT Sergeant and the City’s Homeless Program Manager along with program documentation (see paragraph H), by the 15th day of each month, starting August 15, 2020 and continuing through July 15, 2021."}],"coordinates":[],"confidence":{"state":"pre-added","who":["user:SDTEF"],"prob":1},"fields":{},"normalizations":{}},{"classId":"e_7","part":"s1p58","offsets":[{"start":1219,"text":"City of Carlsbad,"}],"coordinates":[],"confidence":{"state":"pre-added","who":["ml:regex"],"prob":0.5},"fields":{},"normalizations":{}},{"classId":"e_4","part":"s1p58","offsets":[{"start":1602,"text":"J. Furnish printing costs, postage, and additional incidental expenses related to outreach and case management duties that are not included in Contractor’s budget (Exhibit “B”)."}],"coordinates":[],"confidence":{"state":"pre-added","who":["user:SDTEF"],"prob":1},"fields":{},"normalizations":{}},{"classId":"e_4","part":"s1p58","offsets":[{"start":1780,"text":"K. All billing invoices shall be submitted on a quarterly basis by the 15th of the month to the City’s Homeless Response Program Manager on October 15, 2020, January 15, 2021, April 15, 2021; and July 15, 2021. The invoices shall include accompanying documentation for funds expended, which shall include but not be limited to documentation of timecards, mileage, office supplies, bus fare expenses, and flex funds receipts"}],"coordinates":[],"confidence":{"state":"pre-added","who":["user:SDTEF"],"prob":1},"fields":{},"normalizations":{}},{"classId":"e_4","part":"s1p58","offsets":[{"start":2205,"text":"L. Operate within the budget set forth in Exhibit “B.” 1. If there is a possibility that any portion of the total fee payable for the Services under the Agreement is not expended by the date of contract termination, City and Contractor agree to mutually decide how such excess funds will be allocated in the budget. In the event of a mutually agreeable budget modification, Contractor agrees to modify the budget accordingly and attach as an amended Exhibit “B” to this contract. 2. City and Contractor further agree to discuss and mutually determine any necessary changes to the budget during the lifetime of the Agreement, within the limits set forth in the Professional Services Agreement. In the event of a mutually agreeable budget modification, June 23, 2020 Item #6"}],"coordinates":[],"confidence":{"state":"pre-added","who":["user:SDTEF"],"prob":1},"fields":{},"normalizations":{}},{"classId":"e_2","part":"s1p58","offsets":[{"start":2313,"text":"total fee"}],"coordinates":[],"confidence":{"state":"pre-added","who":["ml:regex"],"prob":0.5},"fields":{},"normalizations":{}},{"classId":"e_2","part":"s1p60","offsets":[{"start":766,"text":"Total Fee"}],"coordinates":[],"confidence":{"state":"pre-added","who":["ml:regex"],"prob":0.5},"fields":{},"normalizations":{}},{"classId":"e_2","part":"s1p60","offsets":[{"start":776,"text":"$312,422"}],"coordinates":[],"confidence":{"state":"pre-added","who":["user:SDTEF"],"prob":1},"fields":{},"normalizations":{}}],"relations":[]}