{"annotatable":{"parts":["s1v1","s2v1","s3v1","s4v1","s5v1","s6v1"]},"anncomplete":true,"sources":[],"metas":{"m_24":{"value":"$125,000 (San Marcos); $1.9 million","confidence":{"state":"pre-added","who":["user:SDTEF"],"prob":1}},"m_22":{"value":"temp housing and bridge housing","confidence":{"state":"pre-added","who":["user:SDTEF"],"prob":1}},"m_23":{"value":"city, EFSP, and private","confidence":{"state":"pre-added","who":["user:SDTEF"],"prob":1}}},"entities":[{"classId":"e_19","part":"s1v1","offsets":[{"start":60,"text":"MEMORANDUM OF UNDERSTANDING\n\nBETWEEN THE CITY OF SAN MARCOS AND ALLIANCE FOR REGIONAL SOLUTIONS WHOSE FISCAUOPERATING AGENT IS INTERFAITH COMMUNITY SERVICES, INC., a nonprofit 501(c)(3)"}],"coordinates":[{"x":"205.93","y":"75.35"},{"x":"350.27","y":"157.43"}],"confidence":{"state":"pre-added","who":["user:SDTEF"],"prob":1},"fields":{},"normalizations":{}},{"classId":"e_7","part":"s1v1","offsets":[{"start":101,"text":"CITY OF SAN MARCOS"}],"coordinates":[{"x":"258.24","y":"110.51"},{"x":"377.25","y":"116.64"}],"confidence":{"state":"pre-added","who":["user:SDTEF"],"prob":1},"fields":{},"normalizations":{}},{"classId":"e_4","part":"s1v1","offsets":[{"start":124,"text":"ALLIANCE FOR REGIONAL SOLUTIONS"}],"coordinates":[{"x":"216.00","y":"124.42"},{"x":"419.83","y":"130.55"}],"confidence":{"state":"pre-added","who":["user:SDTEF"],"prob":1},"fields":{},"normalizations":{}},{"classId":"e_1","part":"s1v1","offsets":[{"start":187,"text":"INTERFAITH COMMUNITY SERVICES, INC."}],"coordinates":[{"x":"293.29","y":"137.87"},{"x":"514.65","y":"144.00"}],"confidence":{"state":"pre-added","who":["user:SDTEF"],"prob":1},"fields":{},"normalizations":{}},{"classId":"e_7","part":"s1v1","offsets":[{"start":422,"text":"City of San Marcos"}],"coordinates":[],"confidence":{"state":"pre-added","who":["ml:regex"],"prob":0.5},"fields":{},"normalizations":{}},{"classId":"e_4","part":"s1v1","offsets":[{"start":479,"text":"Alliance for Regional Solutions"}],"coordinates":[],"confidence":{"state":"pre-added","who":["ml:regex"],"prob":0.5},"fields":{},"normalizations":{}},{"classId":"e_1","part":"s1v1","offsets":[{"start":521,"text":"Interfaith Community Services, Inc."}],"coordinates":[],"confidence":{"state":"pre-added","who":["ml:regex"],"prob":0.5},"fields":{},"normalizations":{}},{"classId":"e_2","part":"s1v1","offsets":[{"start":901,"text":"included $125,000 for regional homeless shelter support"}],"coordinates":[{"x":"209.76","y":"312.58"},{"x":"482.24","y":"318.71"}],"confidence":{"state":"pre-added","who":["user:SDTEF"],"prob":1},"fields":{},"normalizations":{}},{"classId":"e_7","part":"s1v1","offsets":[{"start":977,"text":"City of San Marcos"}],"coordinates":[],"confidence":{"state":"pre-added","who":["ml:regex"],"prob":0.5},"fields":{},"normalizations":{}},{"classId":"e_4","part":"s1v1","offsets":[{"start":1111,"text":"Alliance for Regional Solutions"}],"coordinates":[],"confidence":{"state":"pre-added","who":["ml:regex"],"prob":0.5},"fields":{},"normalizations":{}},{"classId":"e_4","part":"s1v1","offsets":[{"start":1305,"text":"Alliance for Regional Solutions"}],"coordinates":[],"confidence":{"state":"pre-added","who":["ml:regex"],"prob":0.5},"fields":{},"normalizations":{}},{"classId":"e_4","part":"s1v1","offsets":[{"start":1437,"text":"Alliance for Regional Solutions"}],"coordinates":[],"confidence":{"state":"pre-added","who":["ml:regex"],"prob":0.5},"fields":{},"normalizations":{}},{"classId":"e_6","part":"s1v1","offsets":[{"start":2439,"text":"Parties Responsibilities.\n\n1.1 ARS agrees to"}],"coordinates":[{"x":"90.24","y":"670.85"},{"x":"178.77","y":"704.16"}],"confidence":{"state":"pre-added","who":["user:SDTEF"],"prob":1},"fields":{},"normalizations":{}},{"classId":"e_6","part":"s2v1","offsets":[{"start":66,"text":"Utilize CITY'S funding to support three year-round shelters operating 365 days a year in Carlsbad, Escondido, and Vista 1.1.2 Utilize CITY's funding to support two rotational winter shelters in North San Diego, serving the North County Coastal and Inland Communities. 1.1.3 Continue to produce the annual report on the North County shelter system."}],"coordinates":[{"x":"144.49","y":"75.47"},{"x":"506.44","y":"135.84"}],"confidence":{"state":"pre-added","who":["user:SDTEF"],"prob":1},"fields":{},"normalizations":{}},{"classId":"e_8","part":"s2v1","offsets":[{"start":618,"text":"Term. The term of this MOU shall be effective from July 01\n\n, 2020 through June 30, 2023, with an option for the PARTIES to automatically renew this MOU for two additional three-year terms, unless sooner terminated as provided in Section 3 of this MOU, below"}],"coordinates":[{"x":"89.76","y":"238.97"},{"x":"515.36","y":"272.16"}],"confidence":{"state":"pre-added","who":["user:SDTEF"],"prob":1},"fields":{},"normalizations":{}},{"classId":"e_4","part":"s2v1","offsets":[{"start":2841,"text":"Alliance for Regional Solutions"}],"coordinates":[],"confidence":{"state":"pre-added","who":["ml:regex"],"prob":0.5},"fields":{},"normalizations":{}},{"classId":"e_1","part":"s2v1","offsets":[{"start":2874,"text":"nterfaith Community Services Attention: Greg Anglea, CEO, Interfaith Community Services Address: 550 W. Washington Street, Escondido, CA 92025 Phone: (760) 294-6356"}],"coordinates":[{"x":"297.65","y":"656.27"},{"x":"255.51","y":"700.32"}],"confidence":{"state":"pre-added","who":["user:SDTEF"],"prob":1},"fields":{},"normalizations":{}},{"classId":"e_7","part":"s3v1","offsets":[{"start":60,"text":"City of San Marcos"}],"coordinates":[],"confidence":{"state":"pre-added","who":["ml:regex"],"prob":0.5},"fields":{},"normalizations":{}},{"classId":"e_4","part":"s4v1","offsets":[{"start":2121,"text":"ALLIANCE FOR REGIONAL SOLUTIONS"}],"coordinates":[],"confidence":{"state":"pre-added","who":["ml:regex"],"prob":0.5},"fields":{},"normalizations":{}},{"classId":"e_7","part":"s4v1","offsets":[{"start":2348,"text":"CITY OF SAN MARCOS"}],"coordinates":[],"confidence":{"state":"pre-added","who":["ml:regex"],"prob":0.5},"fields":{},"normalizations":{}},{"classId":"e_4","part":"s5v1","offsets":[{"start":117,"text":"BRIDGETO HOUSINGNETWORK"}],"coordinates":[{"x":"147.37","y":"194.63"},{"x":"303.21","y":"200.64"}],"confidence":{"state":"pre-added","who":["user:SDTEF"],"prob":1},"fields":{},"normalizations":{}},{"classId":"e_4","part":"s5v1","offsets":[{"start":181,"text":"Alliance for Regional Solutions"}],"coordinates":[],"confidence":{"state":"pre-added","who":["ml:regex"],"prob":0.5},"fields":{},"normalizations":{}},{"classId":"e_7","part":"s5v1","offsets":[{"start":236,"text":"Cityof San Marcos"}],"coordinates":[{"x":"350.89","y":"237.12"},{"x":"438.14","y":"243.35"}],"confidence":{"state":"pre-added","who":["user:SDTEF"],"prob":1},"fields":{},"normalizations":{}},{"classId":"e_2","part":"s5v1","offsets":[{"start":254,"text":"contribute $125,000 towards the fourteenth year of the regional shelter system serving homeless populations in North San Diego County."}],"coordinates":[{"x":"442.57","y":"237.45"},{"x":"267.47","y":"271.20"}],"confidence":{"state":"pre-added","who":["user:SDTEF"],"prob":1},"fields":{},"normalizations":{}},{"classId":"e_4","part":"s5v1","offsets":[{"start":422,"text":"Alliance for Regional Solutions"}],"coordinates":[],"confidence":{"state":"pre-added","who":["ml:regex"],"prob":0.5},"fields":{},"normalizations":{}},{"classId":"e_4","part":"s5v1","offsets":[{"start":591,"text":"Alliance for Regional Solutions"}],"coordinates":[],"confidence":{"state":"pre-added","who":["ml:regex"],"prob":0.5},"fields":{},"normalizations":{}},{"classId":"e_4","part":"s5v1","offsets":[{"start":884,"text":"The fourteenth year of this regional approach will focus on continuing to strengthen support for shelter residents, providing on-site behavioral health assessments, services targeting the chronically homeless, and implementing further collaborative best practices on a regional basis. Our shelters will continue to respond to a rapidly changing reality due to COVlD-19 to make sure clients are served in a safe, effective and reliable manner that complies with COVID-19 requirements. Shelters have increased shifts and services to help their client navigate in this uncertain time"}],"coordinates":[{"x":"83.04","y":"364.18"},{"x":"150.31","y":"455.52"}],"confidence":{"state":"pre-added","who":["user:SDTEF"],"prob":1},"fields":{},"normalizations":{}},{"classId":"e_6","part":"s5v1","offsets":[{"start":1467,"text":"As in past years, the goal of the regional homelessness shelter system is to provide homeless individuals and families in North County with not only a safe haven, but to also provide the tools and motivation necessary to move them towards self-sufficiency and their maximum level of independent and responsible functioning. This includes that they demonstrate positive progress through a case managed program that includes personal accountability. By doing this, the Bridge to Housing network works towards bridging clients out of homelessness and into their own permanent homes."}],"coordinates":[{"x":"83.52","y":"476.98"},{"x":"221.13","y":"567.84"}],"confidence":{"state":"pre-added","who":["user:SDTEF"],"prob":1},"fields":{},"normalizations":{}},{"classId":"e_4","part":"s5v1","offsets":[{"start":2048,"text":"Services under the proposed Bridge housing network will include three year round shelters operating 365 days a year ih Carlsbad, Escondido, and Vista, and two rotational winter shelters serving North County Coastal and Inland communities. The total budget for the regional Bridge to Housing system is $1.9 million and includes funding from the Federal Emergency Management Agency through the Emergency Food and Shelter Program {EFSP),municipal and county governments, and the private resources of shelter providers. The requested $125,000 represents around 6% of the total budget for the proposed system."}],"coordinates":[{"x":"84.48","y":"589.29"},{"x":"398.99","y":"680.16"}],"confidence":{"state":"pre-added","who":["user:SDTEF"],"prob":1},"fields":{},"normalizations":{}},{"classId":"e_7","part":"s5v1","offsets":[{"start":2287,"text":"The total budget for the regional Bridge to Housing system is $1.9 million and includes funding from the Federal Emergency Management Agency through the Emergency Food and Shelter Program {EFSP),municipal and county governments, and the private resources of shelter providers."}],"coordinates":[{"x":"342.24","y":"617.61"},{"x":"402.39","y":"665.76"}],"confidence":{"state":"pre-added","who":["user:SDTEF"],"prob":1},"fields":{},"normalizations":{}},{"classId":"e_4","part":"s6v1","offsets":[{"start":527,"text":"Alliance for Regional Solutions"}],"coordinates":[],"confidence":{"state":"pre-added","who":["ml:regex"],"prob":0.5},"fields":{},"normalizations":{}}],"relations":[]}