{"annotatable":{"parts":["s1v1","s2v1","s3v1","s4v1","s5v1","s6v1","s7v1","s8v1"]},"anncomplete":true,"sources":[{"name":"ORIG","id":"CONTRACT_539655_Amendmen_09212016.pdf","url":""}],"metas":{"m_24":{"value":"$42,000/year; $1,295,629.00","confidence":{"state":"pre-added","who":["user:SDTEF"],"prob":1}},"m_21":{"value":"Federal Poverty Level income","confidence":{"state":"pre-added","who":["user:SDTEF"],"prob":1}},"m_23":{"value":"county and CBDG funds","confidence":{"state":"pre-added","who":["user:SDTEF"],"prob":1}},"m_20":{"value":"individuals and families","confidence":{"state":"pre-added","who":["user:SDTEF"],"prob":1}},"m_22":{"value":"transitional and perm housing, employment, case management, support","confidence":{"state":"pre-added","who":["user:SDTEF"],"prob":1}}},"entities":[{"classId":"e_19","part":"s1v1","offsets":[{"start":0,"text":"COUNTY OFSAN DffiGO- DEPARTMENT OF PURCHASINGAND CONTRACTING CONTRACT 539655 AMENDMENT 12"}],"coordinates":[{"x":"126.38","y":"51.40"},{"x":"397.80","y":"68.15"}],"confidence":{"state":"pre-added","who":["user:SDTEF"],"prob":1},"fields":{},"normalizations":{}},{"classId":"e_1","part":"s1v1","offsets":[{"start":94,"text":"Interfaith Shelter Network"}],"coordinates":[],"confidence":{"state":"","who":["ml:nalaf"],"prob":0.9559967274667655},"fields":{},"normalizations":{}},{"classId":"e_4","part":"s1v1","offsets":[{"start":324,"text":"Statement ofWork"}],"coordinates":[],"confidence":{"state":"","who":["ml:nalaf"],"prob":0.9000133398683529},"fields":{},"normalizations":{}},{"classId":"e_4","part":"s1v1","offsets":[{"start":361,"text":"Temporary Shelter Network Services"}],"coordinates":[],"confidence":{"state":"pre-added","who":["ml:nalaf","user:SDTEF"],"prob":1},"fields":{},"normalizations":{}},{"classId":"e_2","part":"s1v1","offsets":[{"start":469,"text":"s"}],"coordinates":[],"confidence":{"state":"pre-added","who":["ml:regex"],"prob":0.5},"fields":{},"normalizations":{}},{"classId":"e_5","part":"s1v1","offsets":[{"start":500,"text":"The"}],"coordinates":[],"confidence":{"state":"pre-removed","who":["ml:nalaf","ml:regex"],"prob":0.5},"fields":{},"normalizations":{}},{"classId":"e_6","part":"s1v1","offsets":[{"start":590,"text":"C"}],"coordinates":[],"confidence":{"state":"pre-added","who":["ml:regex"],"prob":0.5},"fields":{},"normalizations":{}},{"classId":"e_8","part":"s1v1","offsets":[{"start":688,"text":"Fiscal Year 2016-2017"}],"coordinates":[],"confidence":{"state":"","who":["ml:nalaf"],"prob":0.6860572777622959},"fields":{},"normalizations":{}},{"classId":"e_2","part":"s1v1","offsets":[{"start":744,"text":"s"}],"coordinates":[],"confidence":{"state":"pre-added","who":["ml:regex"],"prob":0.5},"fields":{},"normalizations":{}},{"classId":"e_2","part":"s1v1","offsets":[{"start":857,"text":"The Signature Page of the Agreement is modified as follows: a."}],"coordinates":[],"confidence":{"state":"","who":["ml:nalaf"],"prob":0.8546300898179701},"fields":{},"normalizations":{}},{"classId":"e_5","part":"s1v1","offsets":[{"start":857,"text":"The"}],"coordinates":[],"confidence":{"state":"pre-removed","who":["ml:nalaf","ml:regex"],"prob":0.5},"fields":{},"normalizations":{}},{"classId":"e_5","part":"s1v1","offsets":[{"start":920,"text":"The"}],"coordinates":[],"confidence":{"state":"pre-removed","who":["ml:nalaf","ml:regex"],"prob":0.5},"fields":{},"normalizations":{}},{"classId":"e_2","part":"s1v1","offsets":[{"start":971,"text":"Funding in the amount of$17,000 for the contract period of July 1, 2016 through June 30,2017, is added for a total of$42,000 for Fiscal Year 2016-2017. ll."}],"coordinates":[],"confidence":{"state":"","who":["ml:nalaf"],"prob":0.8904878914329056},"fields":{},"normalizations":{}},{"classId":"e_8","part":"s1v1","offsets":[{"start":1030,"text":"July 1, 2016 through June 30,2017"}],"coordinates":[],"confidence":{"state":"","who":["ml:nalaf"],"prob":0.9058740773860143},"fields":{},"normalizations":{}},{"classId":"e_8","part":"s1v1","offsets":[{"start":1100,"text":"Fiscal Year 2016-2017"}],"coordinates":[],"confidence":{"state":"","who":["ml:nalaf"],"prob":0.6093799094992376},"fields":{},"normalizations":{}},{"classId":"e_2","part":"s1v1","offsets":[{"start":1127,"text":"The total contract amount is increased to $1,295,629.00 through June 30,2021."}],"coordinates":[],"confidence":{"state":"","who":["ml:nalaf"],"prob":0.944937815730552},"fields":{},"normalizations":{}},{"classId":"e_5","part":"s1v1","offsets":[{"start":1127,"text":"The"}],"coordinates":[],"confidence":{"state":"pre-removed","who":["ml:nalaf","ml:regex"],"prob":0.5},"fields":{},"normalizations":{}},{"classId":"e_5","part":"s1v1","offsets":[{"start":1290,"text":"Do"}],"coordinates":[],"confidence":{"state":"","who":["ml:nalaf"],"prob":0.5816738237814013},"fields":{},"normalizations":{}},{"classId":"e_4","part":"s1v1","offsets":[{"start":1385,"text":"2."}],"coordinates":[],"confidence":{"state":"","who":["ml:nalaf"],"prob":0.7074361195221577},"fields":{},"normalizations":{}},{"classId":"e_6","part":"s1v1","offsets":[{"start":1385,"text":"2."}],"coordinates":[],"confidence":{"state":"","who":["ml:nalaf"],"prob":0.8302073856479188},"fields":{},"normalizations":{}},{"classId":"e_4","part":"s1v1","offsets":[{"start":1388,"text":"Exhibit A, Performance Work Statement, is modified as follows: a. Paragraph 3.1.1, regarding the provision of additional bed nights for the period of October I, 2016 through December 31,2016, is added."}],"coordinates":[],"confidence":{"state":"","who":["ml:nalaf"],"prob":0.8762300047019731},"fields":{},"normalizations":{}},{"classId":"e_6","part":"s1v1","offsets":[{"start":1388,"text":"Exhibit A, Performance Work Statement, is modified as follows: a. Paragraph 3.1.1, regarding the provision of additional bed nights for the period of October I, 2016 through December 31,2016, is added."}],"coordinates":[],"confidence":{"state":"","who":["ml:nalaf"],"prob":0.9368644306685812},"fields":{},"normalizations":{}},{"classId":"e_2","part":"s1v1","offsets":[{"start":1509,"text":"bed nights for the period of October I, 2016 through December 31,2016, is added."}],"coordinates":[],"confidence":{"state":"","who":["ml:nalaf"],"prob":0.9178397657972542},"fields":{},"normalizations":{}},{"classId":"e_4","part":"s1v1","offsets":[{"start":1590,"text":"3."}],"coordinates":[],"confidence":{"state":"","who":["ml:nalaf"],"prob":0.755440922352103},"fields":{},"normalizations":{}},{"classId":"e_6","part":"s1v1","offsets":[{"start":1590,"text":"3."}],"coordinates":[],"confidence":{"state":"","who":["ml:nalaf"],"prob":0.792464816026335},"fields":{},"normalizations":{}},{"classId":"e_2","part":"s1v1","offsets":[{"start":1593,"text":"Exhibit C, Payment Schedule, is modified as follows: a."}],"coordinates":[],"confidence":{"state":"","who":["ml:nalaf"],"prob":0.9081951943112169},"fields":{},"normalizations":{}},{"classId":"e_5","part":"s1v1","offsets":[{"start":1649,"text":"Row"}],"coordinates":[],"confidence":{"state":"","who":["ml:nalaf"],"prob":0.9365944614702261},"fields":{},"normalizations":{}},{"classId":"e_2","part":"s1v1","offsets":[{"start":1653,"text":"#2: Activities and funding for the period of October I, 2016 through December 31, 2016 is added in an amount not to exceed $17,000"}],"coordinates":[{"x":"120.43","y":"313.96"},{"x":"183.62","y":"330.49"}],"confidence":{"state":"pre-added","who":["user:SDTEF"],"prob":1},"fields":{},"normalizations":{}},{"classId":"e_5","part":"s1v1","offsets":[{"start":1786,"text":"."}],"coordinates":[],"confidence":{"state":"","who":["ml:nalaf"],"prob":0.7293441829562017},"fields":{},"normalizations":{}},{"classId":"e_6","part":"s1v1","offsets":[{"start":1786,"text":"."}],"coordinates":[],"confidence":{"state":"","who":["ml:nalaf"],"prob":0.5562490475254701},"fields":{},"normalizations":{}},{"classId":"e_8","part":"s1v1","offsets":[{"start":1786,"text":"."}],"coordinates":[],"confidence":{"state":"","who":["ml:nalaf"],"prob":0.5118969911440301},"fields":{},"normalizations":{}},{"classId":"e_2","part":"s1v1","offsets":[{"start":1788,"text":"b."}],"coordinates":[],"confidence":{"state":"","who":["ml:nalaf"],"prob":0.47691310673138415},"fields":{},"normalizations":{}},{"classId":"e_4","part":"s1v1","offsets":[{"start":1788,"text":"b."}],"coordinates":[],"confidence":{"state":"","who":["ml:nalaf"],"prob":0.5107086903632737},"fields":{},"normalizations":{}},{"classId":"e_5","part":"s1v1","offsets":[{"start":1788,"text":"b."}],"coordinates":[],"confidence":{"state":"","who":["ml:nalaf"],"prob":0.8345632924368913},"fields":{},"normalizations":{}},{"classId":"e_6","part":"s1v1","offsets":[{"start":1788,"text":"b."}],"coordinates":[],"confidence":{"state":"","who":["ml:nalaf"],"prob":0.8769682509394141},"fields":{},"normalizations":{}},{"classId":"e_2","part":"s1v1","offsets":[{"start":1791,"text":"Rows #2 and #3 are re-numbered #3 and #4. c. Last row of table is revised to replace the words \"per\" with \"for\", and add the Fiscal Year 2016-2017. d. The sentence below the table is revised to replace the number \"$25,000\" with \"$42,000\" and the words \"per year for each Fiscal Year 2016-2017 through Fiscal Year 22020-2021\" with \"for Fiscal Year 2016-2017, and $25,000 per year for each Fiscal Year 2017-2018through 2020-2021\"."}],"coordinates":[],"confidence":{"state":"","who":["ml:nalaf"],"prob":0.8097785331044225},"fields":{},"normalizations":{}},{"classId":"e_5","part":"s1v1","offsets":[{"start":1791,"text":"Rows"}],"coordinates":[],"confidence":{"state":"","who":["ml:nalaf"],"prob":0.5349329181505704},"fields":{},"normalizations":{}},{"classId":"e_8","part":"s1v1","offsets":[{"start":1916,"text":"Fiscal Year 2016-2017"}],"coordinates":[],"confidence":{"state":"","who":["ml:nalaf"],"prob":0.8231825692807485},"fields":{},"normalizations":{}},{"classId":"e_8","part":"s1v1","offsets":[{"start":2029,"text":"and the words \"per year for each Fiscal Year 2016-2017 through Fiscal Year 22020-2021\" with \"for Fiscal Year 2016-2017"}],"coordinates":[],"confidence":{"state":"","who":["ml:nalaf"],"prob":0.7957625498926014},"fields":{},"normalizations":{}},{"classId":"e_3","part":"s1v1","offsets":[{"start":2062,"text":"Fiscal Year 2016-2017 through Fiscal Year 22020-2021\" with \"for Fiscal Year 2016-2017, and $25,000 per year for each Fiscal Year 2017-2018through 2020-2021\"."}],"coordinates":[],"confidence":{"state":"","who":["ml:nalaf"],"prob":0.7537458932810097},"fields":{},"normalizations":{}},{"classId":"e_8","part":"s1v1","offsets":[{"start":2179,"text":"Fiscal Year 2017-2018through 2020-2021\"."}],"coordinates":[],"confidence":{"state":"","who":["ml:nalaf"],"prob":0.7969090163889052},"fields":{},"normalizations":{}},{"classId":"e_4","part":"s1v1","offsets":[{"start":2334,"text":"2."}],"coordinates":[],"confidence":{"state":"","who":["ml:nalaf"],"prob":0.7074361195221577},"fields":{},"normalizations":{}},{"classId":"e_6","part":"s1v1","offsets":[{"start":2334,"text":"2."}],"coordinates":[],"confidence":{"state":"","who":["ml:nalaf"],"prob":0.8302073856479188},"fields":{},"normalizations":{}},{"classId":"e_6","part":"s1v1","offsets":[{"start":2344,"text":"C"}],"coordinates":[],"confidence":{"state":"pre-added","who":["ml:regex"],"prob":0.5},"fields":{},"normalizations":{}},{"classId":"e_5","part":"s1v1","offsets":[{"start":2572,"text":"We"}],"coordinates":[],"confidence":{"state":"","who":["ml:nalaf"],"prob":0.6881463154011201},"fields":{},"normalizations":{}},{"classId":"e_2","part":"s1v1","offsets":[{"start":2832,"text":"equipment, furnish all materials, except as may otherwise be noted above, and perform all servkes necessary for the work specified herein, and will accept as full payment $42,000.00 for Fiscal Year 2016-2017, and $25,000 per year for each Fiscal Year 2017-2018 through Fiscal Year 2020-2021 for a total increase of $17,000.00."}],"coordinates":[],"confidence":{"state":"","who":["ml:nalaf"],"prob":0.9349686821915075},"fields":{},"normalizations":{}},{"classId":"e_3","part":"s1v1","offsets":[{"start":2832,"text":"equipment, furnish all materials, except as may otherwise be noted above, and perform all servkes necessary for the work specified herein, and will accept as full payment $42,000.00 for Fiscal Year 2016-2017, and $25,000 per year for each Fiscal Year 2017-2018 through Fiscal Year 2020"}],"coordinates":[],"confidence":{"state":"","who":["ml:nalaf"],"prob":0.580027627326508},"fields":{},"normalizations":{}},{"classId":"e_6","part":"s1v1","offsets":[{"start":2832,"text":"equipment, furnish all materials, except as may otherwise be noted above, and perform all servkes necessary for the work specified herein, and will accept as full payment $42,000.00 for Fiscal Year 2016-2017, and $25,000 per year for each Fiscal Year 2017-2018 through Fiscal Year 2020-2021 for a total increase of $17,000.00."}],"coordinates":[],"confidence":{"state":"","who":["ml:nalaf"],"prob":0.9357139082007808},"fields":{},"normalizations":{}},{"classId":"e_8","part":"s1v1","offsets":[{"start":3018,"text":"Fiscal Year 2016-2017"}],"coordinates":[],"confidence":{"state":"","who":["ml:nalaf"],"prob":0.6870803212288813},"fields":{},"normalizations":{}},{"classId":"e_8","part":"s1v1","offsets":[{"start":3071,"text":"Fiscal Year 2017-2018 through Fiscal Year 2020-2021"}],"coordinates":[],"confidence":{"state":"","who":["ml:nalaf"],"prob":0.8927701680052177},"fields":{},"normalizations":{}},{"classId":"e_5","part":"s1v1","offsets":[{"start":3159,"text":"Contract time for completion remains the same."}],"coordinates":[],"confidence":{"state":"","who":["ml:nalaf"],"prob":0.7272648388981197},"fields":{},"normalizations":{}},{"classId":"e_6","part":"s1v1","offsets":[{"start":3159,"text":"Contract time for completion remains the same."}],"coordinates":[],"confidence":{"state":"","who":["ml:nalaf"],"prob":0.952143888227347},"fields":{},"normalizations":{}},{"classId":"e_8","part":"s1v1","offsets":[{"start":3159,"text":"Contract time for completion remains the same."}],"coordinates":[],"confidence":{"state":"","who":["ml:nalaf"],"prob":0.6557459905314132},"fields":{},"normalizations":{}},{"classId":"e_1","part":"s2v1","offsets":[{"start":45,"text":"INTERFAITH SHELTER NETWORK SAN DIEGO FOR TEMPORARY SHELTER NETWORK SERVICES"}],"coordinates":[],"confidence":{"state":"","who":["ml:nalaf"],"prob":0.7017315819265973},"fields":{},"normalizations":{}},{"classId":"e_5","part":"s2v1","offsets":[{"start":154,"text":"This"}],"coordinates":[],"confidence":{"state":"","who":["ml:nalaf"],"prob":0.9058713098687404},"fields":{},"normalizations":{}},{"classId":"e_5","part":"s2v1","offsets":[{"start":351,"text":"The"}],"coordinates":[],"confidence":{"state":"pre-removed","who":["ml:nalaf","ml:regex"],"prob":0.5},"fields":{},"normalizations":{}},{"classId":"e_2","part":"s2v1","offsets":[{"start":362,"text":"s"}],"coordinates":[],"confidence":{"state":"pre-added","who":["ml:regex"],"prob":0.5},"fields":{},"normalizations":{}},{"classId":"e_8","part":"s2v1","offsets":[{"start":484,"text":"expiration of the Initial Term, not to exceed June 30, 2021"}],"coordinates":[],"confidence":{"state":"","who":["ml:nalaf"],"prob":0.8696126946130621},"fields":{},"normalizations":{}},{"classId":"e_6","part":"s2v1","offsets":[{"start":565,"text":"C"}],"coordinates":[],"confidence":{"state":"pre-added","who":["ml:regex"],"prob":0.5},"fields":{},"normalizations":{}},{"classId":"e_8","part":"s2v1","offsets":[{"start":635,"text":"Jess than thirty (30) days prior to the expiration date that they do not intend to renew the Agreement, the Agreement will be automatically renewed for another year."}],"coordinates":[],"confidence":{"state":"","who":["ml:nalaf"],"prob":0.8037907155380233},"fields":{},"normalizations":{}},{"classId":"e_5","part":"s2v1","offsets":[{"start":802,"text":"The"}],"coordinates":[],"confidence":{"state":"pre-removed","who":["ml:nalaf","ml:regex"],"prob":0.5},"fields":{},"normalizations":{}},{"classId":"e_6","part":"s2v1","offsets":[{"start":844,"text":"C"}],"coordinates":[],"confidence":{"state":"pre-added","who":["ml:regex"],"prob":0.5},"fields":{},"normalizations":{}},{"classId":"e_2","part":"s2v1","offsets":[{"start":1076,"text":"All payments are subject to \"Availability of Funds.\""}],"coordinates":[],"confidence":{"state":"","who":["ml:nalaf"],"prob":0.8970830726787085},"fields":{},"normalizations":{}},{"classId":"e_5","part":"s2v1","offsets":[{"start":1076,"text":"All"}],"coordinates":[],"confidence":{"state":"","who":["ml:nalaf"],"prob":0.9287906854104323},"fields":{},"normalizations":{}},{"classId":"e_2","part":"s2v1","offsets":[{"start":1087,"text":"s"}],"coordinates":[{"x":"294.41","y":"198.06"},{"x":"298.22","y":"203.53"}],"confidence":{"state":"pre-added","who":["user:SDTEF"],"prob":1},"fields":{},"normalizations":{}},{"classId":"e_2","part":"s2v1","offsets":[{"start":1130,"text":"COMPENSATION."}],"coordinates":[],"confidence":{"state":"","who":["ml:nalaf"],"prob":0.5141941157770347},"fields":{},"normalizations":{}},{"classId":"e_2","part":"s2v1","offsets":[{"start":1144,"text":"Pursuant to Exhibit C, County agrees to pay Contractor a sum of Four Hundred Forty Four Thousand Sixty Six dollars ($444,066.00) for the period of July I, 1998 through June 30, 2003, Seven Hundred Nine Thousand Five Hundred Sixty Three dollars ($709,563.00) for the period of July I, 2003 through June 30,2016, Forty Two Thousand dollars ($42,000.00) for the period of July 1, 2016 through June 30, 2017, and Twenty Five Thousand dollars ($25,000) for each subsequent four (4) option years (2020 through 2023) of this Agreement, for a maximum Agreement amount of One Million Two Hundred Ninety Five Thousand Six Hundred Twenty Nine dollars ($1,295,629.00) in accordance with the method of payment stipulated in Article 4."}],"coordinates":[],"confidence":{"state":"","who":["ml:nalaf"],"prob":0.9675827708547458},"fields":{},"normalizations":{}},{"classId":"e_5","part":"s2v1","offsets":[{"start":1144,"text":"Pursuant"}],"coordinates":[],"confidence":{"state":"pre-removed","who":["ml:nalaf","ml:regex"],"prob":0.5},"fields":{},"normalizations":{}},{"classId":"e_8","part":"s2v1","offsets":[{"start":1291,"text":"July I, 1998 through June 30, 2003"}],"coordinates":[],"confidence":{"state":"","who":["ml:nalaf"],"prob":0.9425747770351826},"fields":{},"normalizations":{}},{"classId":"e_8","part":"s2v1","offsets":[{"start":1420,"text":"July I, 2003 through June 30,2016"}],"coordinates":[],"confidence":{"state":"","who":["ml:nalaf"],"prob":0.9347407311225309},"fields":{},"normalizations":{}},{"classId":"e_8","part":"s2v1","offsets":[{"start":1503,"text":"period of July 1, 2016 through June 30, 2017"}],"coordinates":[],"confidence":{"state":"","who":["ml:nalaf"],"prob":0.862233230381971},"fields":{},"normalizations":{}},{"classId":"e_2","part":"s2v1","offsets":[{"start":1532,"text":"h"}],"coordinates":[{"x":"261.27","y":"249.64"},{"x":"266.17","y":"255.11"}],"confidence":{"state":"pre-added","who":["user:SDTEF"],"prob":1},"fields":{},"normalizations":{}},{"classId":"e_8","part":"s2v1","offsets":[{"start":1621,"text":"option years (2020 through 2023"}],"coordinates":[],"confidence":{"state":"","who":["ml:nalaf"],"prob":0.8674901584470609},"fields":{},"normalizations":{}},{"classId":"e_2","part":"s2v1","offsets":[{"start":1866,"text":"It is understood that the parties will meet and confer on the contract price if adjustments are made to the scope of work for an extension of the term or terms."}],"coordinates":[],"confidence":{"state":"","who":["ml:nalaf"],"prob":0.9464541511849002},"fields":{},"normalizations":{}},{"classId":"e_5","part":"s2v1","offsets":[{"start":1866,"text":"It"}],"coordinates":[],"confidence":{"state":"","who":["ml:nalaf"],"prob":0.7890777745353937},"fields":{},"normalizations":{}},{"classId":"e_4","part":"s2v1","offsets":[{"start":1974,"text":"scope of work"}],"coordinates":[],"confidence":{"state":"","who":["ml:nalaf"],"prob":0.868066396513623},"fields":{},"normalizations":{}},{"classId":"e_2","part":"s2v1","offsets":[{"start":2027,"text":"These discussions shall not obligate either party to make a requested adjustment to the scope of work or price except as otherwise set forth in this Agreement, nor shall it relieve either party of its obligations under the Agreement.\n\n'"}],"coordinates":[],"confidence":{"state":"","who":["ml:nalaf"],"prob":0.9851835849555689},"fields":{},"normalizations":{}},{"classId":"e_5","part":"s2v1","offsets":[{"start":2027,"text":"These"}],"coordinates":[],"confidence":{"state":"","who":["ml:nalaf"],"prob":0.8007600089300436},"fields":{},"normalizations":{}},{"classId":"e_4","part":"s2v1","offsets":[{"start":2115,"text":"scope of work"}],"coordinates":[],"confidence":{"state":"","who":["ml:nalaf"],"prob":0.8624281853862197},"fields":{},"normalizations":{}},{"classId":"e_2","part":"s2v1","offsets":[{"start":2265,"text":"COR"}],"coordinates":[],"confidence":{"state":"","who":["ml:nalaf"],"prob":0.4068263823566498},"fields":{},"normalizations":{}},{"classId":"e_5","part":"s2v1","offsets":[{"start":2265,"text":"COR."}],"coordinates":[],"confidence":{"state":"","who":["ml:nalaf"],"prob":0.7645401767266282},"fields":{},"normalizations":{}},{"classId":"e_6","part":"s2v1","offsets":[{"start":2265,"text":"COR."}],"coordinates":[],"confidence":{"state":"","who":["ml:nalaf"],"prob":0.7850652736081228},"fields":{},"normalizations":{}},{"classId":"e_2","part":"s2v1","offsets":[{"start":2270,"text":"The County has designated the following individual as the Contracting Officer's Representative (\"COR\")."}],"coordinates":[],"confidence":{"state":"","who":["ml:nalaf"],"prob":0.6901483906191341},"fields":{},"normalizations":{}},{"classId":"e_5","part":"s2v1","offsets":[{"start":2270,"text":"The"}],"coordinates":[],"confidence":{"state":"pre-removed","who":["ml:nalaf","ml:regex"],"prob":0.5},"fields":{},"normalizations":{}},{"classId":"e_1","part":"s2v1","offsets":[{"start":2652,"text":"Trisha Brereton 3530 Camino del Rio North, Ste"}],"coordinates":[{"x":"274.96","y":"442.36"},{"x":"360.91","y":"459.11"}],"confidence":{"state":"pre-added","who":["user:SDTEF"],"prob":1},"fields":{},"normalizations":{}},{"classId":"e_1","part":"s2v1","offsets":[{"start":2700,"text":"301 San Diego, CA 921 0 I Phone: (619) 702-5399 Fax: (619) 238-1526 E-mail: trisha@interfaithshelter.org"}],"coordinates":[{"x":"366.37","y":"453.64"},{"x":"468.38","y":"481.93"}],"confidence":{"state":"pre-added","who":["user:SDTEF"],"prob":1},"fields":{},"normalizations":{}},{"classId":"e_2","part":"s3v1","offsets":[{"start":0,"text":"r-----------------------------------------------"}],"coordinates":[],"confidence":{"state":"","who":["ml:nalaf"],"prob":0.9406625004751783},"fields":{},"normalizations":{}},{"classId":"e_3","part":"s3v1","offsets":[{"start":0,"text":"r------------------------------------------------1\n\nCOUNTY CONTRACT"}],"coordinates":[],"confidence":{"state":"","who":["ml:nalaf"],"prob":0.923848796895859},"fields":{},"normalizations":{}},{"classId":"e_7","part":"s3v1","offsets":[{"start":82,"text":"COUNTY OF SAN DIEGO"}],"coordinates":[],"confidence":{"state":"","who":["ml:nalaf"],"prob":0.9350210883474261},"fields":{},"normalizations":{}},{"classId":"e_1","part":"s3v1","offsets":[{"start":151,"text":"INTERFAITH SHELTER NETWORK SAN DIEGO COUNTY FOR TEMPORARY SHELTER NETWORK SERVICES"}],"coordinates":[],"confidence":{"state":"","who":["ml:nalaf"],"prob":0.8906963437633756},"fields":{},"normalizations":{}},{"classId":"e_6","part":"s3v1","offsets":[{"start":245,"text":"PERFORMANCE WORK STATEMENT\n\n1."}],"coordinates":[],"confidence":{"state":"","who":["ml:nalaf"],"prob":0.7939140034036326},"fields":{},"normalizations":{}},{"classId":"e_4","part":"s3v1","offsets":[{"start":276,"text":"SCOPE OF WORK\n\nContractor shall assist homeless individuals and families in securing permanent housing and income, by providing case management and support services from neighborhood agencies, and shelter, food, showers, hygiene items and moral support at religious congregation facilities"}],"coordinates":[],"confidence":{"state":"","who":["ml:nalaf"],"prob":0.9597342178546164},"fields":{},"normalizations":{}},{"classId":"e_3","part":"s3v1","offsets":[{"start":315,"text":"homeless individuals and families"}],"coordinates":[],"confidence":{"state":"","who":["ml:nalaf"],"prob":0.5997372949999438},"fields":{},"normalizations":{}},{"classId":"e_3","part":"s3v1","offsets":[{"start":603,"text":"families"}],"coordinates":[],"confidence":{"state":"","who":["ml:nalaf"],"prob":0.7533659358825262},"fields":{},"normalizations":{}},{"classId":"e_5","part":"s3v1","offsets":[{"start":684,"text":"Statistics from the Regional Task Force 2014 Point"}],"coordinates":[],"confidence":{"state":"","who":["ml:nalaf"],"prob":0.8740346458062496},"fields":{},"normalizations":{}},{"classId":"e_5","part":"s3v1","offsets":[{"start":1110,"text":"The"}],"coordinates":[],"confidence":{"state":"pre-removed","who":["ml:nalaf","ml:regex"],"prob":0.5},"fields":{},"normalizations":{}},{"classId":"e_5","part":"s3v1","offsets":[{"start":1323,"text":"The"}],"coordinates":[],"confidence":{"state":"pre-removed","who":["ml:nalaf","ml:regex"],"prob":0.5},"fields":{},"normalizations":{}},{"classId":"e_5","part":"s3v1","offsets":[{"start":1494,"text":"In"}],"coordinates":[],"confidence":{"state":"","who":["ml:nalaf"],"prob":0.8277057349342453},"fields":{},"normalizations":{}},{"classId":"e_2","part":"s3v1","offsets":[{"start":1752,"text":"The program serves mentally competent homeless persons who are free of substance abuse and operates in seven (7) of the most heavily populated areas in the county."}],"coordinates":[],"confidence":{"state":"","who":["ml:nalaf"],"prob":0.9517424878090274},"fields":{},"normalizations":{}},{"classId":"e_3","part":"s3v1","offsets":[{"start":1752,"text":"The program serves mentally competent homeless persons who are free of substance abuse and operates in seven (7) of the most heavily populated areas in the county."}],"coordinates":[],"confidence":{"state":"","who":["ml:nalaf"],"prob":0.8606017417010131},"fields":{},"normalizations":{}},{"classId":"e_5","part":"s3v1","offsets":[{"start":1752,"text":"The"}],"coordinates":[],"confidence":{"state":"pre-removed","who":["ml:nalaf","ml:regex"],"prob":0.5},"fields":{},"normalizations":{}},{"classId":"e_6","part":"s3v1","offsets":[{"start":1752,"text":"The program serves mentally competent homeless persons who are free of substance abuse and operates in seven (7) of the most heavily populated areas in the county."}],"coordinates":[],"confidence":{"state":"","who":["ml:nalaf"],"prob":0.9872644089209425},"fields":{},"normalizations":{}},{"classId":"e_6","part":"s3v1","offsets":[{"start":1916,"text":"The areas served are: North County: Coastal and Inland; and South and East regions of the County."}],"coordinates":[],"confidence":{"state":"","who":["ml:nalaf"],"prob":0.9479008290748505},"fields":{},"normalizations":{}},{"classId":"e_2","part":"s3v1","offsets":[{"start":2014,"text":"Shelter is offered for 6 to 26 weeks in each area and a minimum of one case management agency serves each area."}],"coordinates":[],"confidence":{"state":"","who":["ml:nalaf"],"prob":0.7498419934971914},"fields":{},"normalizations":{}},{"classId":"e_4","part":"s3v1","offsets":[{"start":2014,"text":"Shelter is offered for 6 to 26 weeks in each area and a minimum of one case management agency serves each area."}],"coordinates":[],"confidence":{"state":"","who":["ml:nalaf"],"prob":0.8802273732016598},"fields":{},"normalizations":{}},{"classId":"e_5","part":"s3v1","offsets":[{"start":2014,"text":"Shelter is offered for 6 to 26 weeks in each area and a minimum of one case management agency serves each area."}],"coordinates":[],"confidence":{"state":"","who":["ml:nalaf"],"prob":0.7736975283132288},"fields":{},"normalizations":{}},{"classId":"e_6","part":"s3v1","offsets":[{"start":2014,"text":"Shelter is offered for 6 to 26 weeks in each area and a minimum of one case management agency serves each area."}],"coordinates":[],"confidence":{"state":"","who":["ml:nalaf"],"prob":0.967185402948809},"fields":{},"normalizations":{}},{"classId":"e_7","part":"s3v1","offsets":[{"start":2280,"text":"County of San Diego"}],"coordinates":[],"confidence":{"state":"","who":["ml:nalaf"],"prob":0.917101005700383},"fields":{},"normalizations":{}},{"classId":"e_7","part":"s3v1","offsets":[{"start":2475,"text":"County of San Diego"}],"coordinates":[],"confidence":{"state":"","who":["ml:nalaf"],"prob":0.936224745536423},"fields":{},"normalizations":{}},{"classId":"e_5","part":"s3v1","offsets":[{"start":2672,"text":"All"}],"coordinates":[],"confidence":{"state":"","who":["ml:nalaf"],"prob":0.9448629405781491},"fields":{},"normalizations":{}},{"classId":"e_4","part":"s3v1","offsets":[{"start":3351,"text":"PERFORMANCE DELIVERABLES/ OUTCOMES\n\n3.1 Bed Nights: Contractor shall provide a minimum of Two Thousand Sixty Nine (2,069) nights of lodging countywide (outside San Diego City limits) for each Fiscal Year 2016-2017 through 2020-2021"}],"coordinates":[{"x":"68.89","y":"634.72"},{"x":"147.26","y":"684.72"}],"confidence":{"state":"pre-added","who":["user:SDTEF"],"prob":1},"fields":{},"normalizations":{}},{"classId":"e_8","part":"s3v1","offsets":[{"start":3543,"text":"Fiscal Year 2016-2017 through 2020-2021."}],"coordinates":[],"confidence":{"state":"","who":["ml:nalaf"],"prob":0.8137103441773303},"fields":{},"normalizations":{}},{"classId":"e_4","part":"s3v1","offsets":[{"start":3585,"text":"3.1.1 Additional Bed Nights: In addition to providing the number of bed nights listed above in Paragraph 3 .. 1, Contractor shall provide, at a minimum, an additional 1,700 bed nights\n\nExhibit A- Performance Work Statement Interfaith Shelter Network"}],"coordinates":[],"confidence":{"state":"","who":["ml:nalaf"],"prob":0.9075352920213853},"fields":{},"normalizations":{}},{"classId":"e_1","part":"s3v1","offsets":[{"start":3808,"text":"Interfaith Shelter Network"}],"coordinates":[],"confidence":{"state":"","who":["ml:nalaf"],"prob":0.9788303617324893},"fields":{},"normalizations":{}},{"classId":"e_5","part":"s3v1","offsets":[{"start":3862,"text":"539655 Amendment No."}],"coordinates":[],"confidence":{"state":"","who":["ml:nalaf"],"prob":0.5544254773371026},"fields":{},"normalizations":{}},{"classId":"e_6","part":"s3v1","offsets":[{"start":3862,"text":"539655 Amendment No."}],"coordinates":[],"confidence":{"state":"","who":["ml:nalaf"],"prob":0.8505010287095105},"fields":{},"normalizations":{}},{"classId":"e_2","part":"s3v1","offsets":[{"start":3883,"text":"11"}],"coordinates":[],"confidence":{"state":"","who":["ml:nalaf"],"prob":0.6376026262031532},"fields":{},"normalizations":{}},{"classId":"e_5","part":"s3v1","offsets":[{"start":3883,"text":"11"}],"coordinates":[],"confidence":{"state":"","who":["ml:nalaf"],"prob":0.5877260015734531},"fields":{},"normalizations":{}},{"classId":"e_6","part":"s3v1","offsets":[{"start":3883,"text":"11"}],"coordinates":[],"confidence":{"state":"","who":["ml:nalaf"],"prob":0.574987512735495},"fields":{},"normalizations":{}},{"classId":"e_8","part":"s3v1","offsets":[{"start":3883,"text":"11"}],"coordinates":[],"confidence":{"state":"","who":["ml:nalaf"],"prob":0.48704329760893367},"fields":{},"normalizations":{}},{"classId":"e_7","part":"s4v1","offsets":[{"start":30,"text":"COUNTY OF SAN DIEGO"}],"coordinates":[],"confidence":{"state":"","who":["ml:nalaf"],"prob":0.9349083832486639},"fields":{},"normalizations":{}},{"classId":"e_1","part":"s4v1","offsets":[{"start":99,"text":"INTERFAITH SHELTER NETWORK SAN DIEGO COUNTY FOR TEMPORARY SHELTER NETWORK SERVICES"}],"coordinates":[],"confidence":{"state":"","who":["ml:nalaf"],"prob":0.8905759420488791},"fields":{},"normalizations":{}},{"classId":"e_8","part":"s4v1","offsets":[{"start":271,"text":"period of October 1, 2016 through December 31, 2016."}],"coordinates":[],"confidence":{"state":"","who":["ml:nalaf"],"prob":0.7488022479840493},"fields":{},"normalizations":{}},{"classId":"e_2","part":"s4v1","offsets":[{"start":325,"text":"3.2 Transitional or Permanent Housing: Contractor shall obtain transitional or permanent housing for a minimum of Forty (40) unduplicated homeless persons countywide for each Fiscal Year 2016-2017 through 2020-2021."}],"coordinates":[],"confidence":{"state":"","who":["ml:nalaf"],"prob":0.784999936529041},"fields":{},"normalizations":{}},{"classId":"e_4","part":"s4v1","offsets":[{"start":325,"text":"3.2 Transitional or Permanent Housing: Contractor shall obtain transitional or permanent housing for a minimum of Forty (40) unduplicated homeless persons countywide for each Fiscal Year 2016-2017 through 2020-2021."}],"coordinates":[],"confidence":{"state":"","who":["ml:nalaf"],"prob":0.9449197710673789},"fields":{},"normalizations":{}},{"classId":"e_8","part":"s4v1","offsets":[{"start":500,"text":"Fiscal Year 2016-2017 through 2020-2021."}],"coordinates":[],"confidence":{"state":"","who":["ml:nalaf"],"prob":0.8135754626196384},"fields":{},"normalizations":{}},{"classId":"e_4","part":"s4v1","offsets":[{"start":542,"text":"3.3 Jobs/Other Source of Income: For each Fiscal Year 2016-2017 through 2020-2021, a minimum of Thirty (30) lodging guests shall obtain employment, other source of income (excluding County General Relief and CaiFresh), increased employment hours and/or health benefits through employment on or before the day they exit a countywide service location"}],"coordinates":[],"confidence":{"state":"","who":["ml:nalaf"],"prob":0.955368341931125},"fields":{},"normalizations":{}},{"classId":"e_8","part":"s4v1","offsets":[{"start":584,"text":"Fiscal Year 2016-2017 through 2020-2021"}],"coordinates":[],"confidence":{"state":"","who":["ml:nalaf"],"prob":0.8572541566106747},"fields":{},"normalizations":{}},{"classId":"e_3","part":"s4v1","offsets":[{"start":896,"text":"TARGET POPULATION, GEOGRAPHIC SERVICE AREA, PRIMARY MONTHS OF SERVICE DELIVERY\n\n4.1 Contractor shall provide services to homeless adults and families that meet the Federal Poverty Level income limits available at: http://aspe.hhs.gov/poverty/14poverty.cfm"}],"coordinates":[],"confidence":{"state":"","who":["ml:nalaf"],"prob":0.9288180188515084},"fields":{},"normalizations":{}},{"classId":"e_5","part":"s4v1","offsets":[{"start":1255,"text":"This"}],"coordinates":[],"confidence":{"state":"","who":["ml:nalaf"],"prob":0.8732925683645931},"fields":{},"normalizations":{}},{"classId":"e_1","part":"s4v1","offsets":[{"start":1331,"text":"Contractor's"}],"coordinates":[],"confidence":{"state":"","who":["ml:nalaf"],"prob":0.6875651678089906},"fields":{},"normalizations":{}},{"classId":"e_6","part":"s4v1","offsets":[{"start":1478,"text":"4.3 The targeted service areas are North County: Coastal and Inland; and South and East regions of the County."}],"coordinates":[],"confidence":{"state":"","who":["ml:nalaf"],"prob":0.9691800425914946},"fields":{},"normalizations":{}},{"classId":"e_5","part":"s4v1","offsets":[{"start":1482,"text":"The targeted service areas are North County: Coastal and Inland; and South and East regions of the County."}],"coordinates":[],"confidence":{"state":"","who":["ml:nalaf"],"prob":0.9185868875059042},"fields":{},"normalizations":{}},{"classId":"e_2","part":"s4v1","offsets":[{"start":1589,"text":"The primary months of service delivery shall occur during the cold-weather season, from October to April."}],"coordinates":[],"confidence":{"state":"","who":["ml:nalaf"],"prob":0.9588785606428152},"fields":{},"normalizations":{}},{"classId":"e_4","part":"s4v1","offsets":[{"start":1589,"text":"The primary months of service delivery shall occur during the cold-weather season, from October to April."}],"coordinates":[],"confidence":{"state":"","who":["ml:nalaf"],"prob":0.7192785595813819},"fields":{},"normalizations":{}},{"classId":"e_5","part":"s4v1","offsets":[{"start":1589,"text":"The primary months of service delivery shall occur during the cold-weather season, from October to April."}],"coordinates":[],"confidence":{"state":"","who":["ml:nalaf"],"prob":0.8967052851963746},"fields":{},"normalizations":{}},{"classId":"e_4","part":"s4v1","offsets":[{"start":1696,"text":"5."}],"coordinates":[],"confidence":{"state":"","who":["ml:nalaf"],"prob":0.6502771964145676},"fields":{},"normalizations":{}},{"classId":"e_6","part":"s4v1","offsets":[{"start":1696,"text":"5."}],"coordinates":[],"confidence":{"state":"","who":["ml:nalaf"],"prob":0.813902039222522},"fields":{},"normalizations":{}},{"classId":"e_6","part":"s4v1","offsets":[{"start":1699,"text":"GENERAL REQUIREMENTS FOR SERVICE DELIVERY\n\nContractor shall ensure certification of eligibility for Community Services Block Grant (CSBG) funded services is completed prior to enrollment for all prospective low-come families in accordance with Government Code Section 12730 and the Federal Poverty Guidelines available at (http://aspe.hhs.gov/poverty/index.shtml."}],"coordinates":[],"confidence":{"state":"","who":["ml:nalaf"],"prob":0.9760327539633886},"fields":{},"normalizations":{}},{"classId":"e_7","part":"s4v1","offsets":[{"start":1699,"text":"GENERAL REQUIREMENTS FOR SERVICE DELIVERY\n\nContractor shall ensure certification of eligibility for Community Services Block Grant (CSBG) funded services is completed prior to enrollment for all prospective low-come families in accordance with Government Code Section 12730 and the Federal Poverty Guidelines available at (http://aspe.hhs.gov/poverty/index.shtml."}],"coordinates":[],"confidence":{"state":"","who":["ml:nalaf"],"prob":0.8325944180119029},"fields":{},"normalizations":{}},{"classId":"e_3","part":"s4v1","offsets":[{"start":1915,"text":"families"}],"coordinates":[],"confidence":{"state":"","who":["ml:nalaf"],"prob":0.7280480169215174},"fields":{},"normalizations":{}},{"classId":"e_2","part":"s4v1","offsets":[{"start":2063,"text":"Contractor shall limit eligibility for CSBG funded services to participants whose income is at or below the federal poverty level income guidelines as defined by the U.S. Office of Management and Budget and/or are recipients of CaiWORKs, Federal SSI or other PL!blic assistance."}],"coordinates":[],"confidence":{"state":"","who":["ml:nalaf"],"prob":0.9714812975159484},"fields":{},"normalizations":{}},{"classId":"e_6","part":"s4v1","offsets":[{"start":2063,"text":"Contractor shall limit eligibility for CSBG funded services to participants whose income is at or below the federal poverty level income guidelines as defined by the U.S. Office of Management and Budget and/or are recipients of CaiWORKs, Federal SSI or other PL!blic assistance."}],"coordinates":[],"confidence":{"state":"","who":["ml:nalaf"],"prob":0.9777531658780774},"fields":{},"normalizations":{}},{"classId":"e_7","part":"s4v1","offsets":[{"start":2063,"text":"Contractor shall limit eligibility for CSBG funded services to participants whose income is at or below the federal poverty level income guidelines as defined by the U.S. Office of Management and Budget and/or are recipients of CaiWORKs"}],"coordinates":[],"confidence":{"state":"","who":["ml:nalaf"],"prob":0.8003144204733599},"fields":{},"normalizations":{}},{"classId":"e_3","part":"s4v1","offsets":[{"start":2744,"text":"families"}],"coordinates":[],"confidence":{"state":"","who":["ml:nalaf"],"prob":0.7232569573809927},"fields":{},"normalizations":{}},{"classId":"e_6","part":"s4v1","offsets":[{"start":3073,"text":"Contractor services shall include:\n\n5.2.1 Lodging (Bed-nights)."}],"coordinates":[],"confidence":{"state":"pre-added","who":["ml:nalaf","user:SDTEF"],"prob":1},"fields":{},"normalizations":{}},{"classId":"e_4","part":"s4v1","offsets":[{"start":3138,"text":"5.2.2 Case Management/Problem Solving/Financial Guidance."}],"coordinates":[],"confidence":{"state":"","who":["ml:nalaf"],"prob":0.7593978798124924},"fields":{},"normalizations":{}},{"classId":"e_6","part":"s4v1","offsets":[{"start":3138,"text":"5.2.2 Case Management/Problem Solving/Financial Guidance."}],"coordinates":[],"confidence":{"state":"","who":["ml:nalaf"],"prob":0.9289233660615208},"fields":{},"normalizations":{}},{"classId":"e_4","part":"s4v1","offsets":[{"start":3197,"text":"5.2.3 At Least One Hot Meal Nightly."}],"coordinates":[],"confidence":{"state":"","who":["ml:nalaf"],"prob":0.7519823774724393},"fields":{},"normalizations":{}},{"classId":"e_6","part":"s4v1","offsets":[{"start":3197,"text":"5.2.3 At Least One Hot Meal Nightly."}],"coordinates":[],"confidence":{"state":"","who":["ml:nalaf"],"prob":0.9163006188462806},"fields":{},"normalizations":{}},{"classId":"e_6","part":"s4v1","offsets":[{"start":3235,"text":"Exhibit A - Performance Work Statement Interfaith Shelter Network\n\nPage 2 of 5\n\nContract No."}],"coordinates":[],"confidence":{"state":"","who":["ml:nalaf"],"prob":0.9465594808717525},"fields":{},"normalizations":{}},{"classId":"e_1","part":"s4v1","offsets":[{"start":3274,"text":"Interfaith Shelter Network"}],"coordinates":[],"confidence":{"state":"","who":["ml:nalaf"],"prob":0.9804126599359256},"fields":{},"normalizations":{}},{"classId":"e_5","part":"s4v1","offsets":[{"start":3328,"text":"539655 Amendment No."}],"coordinates":[],"confidence":{"state":"","who":["ml:nalaf"],"prob":0.5544254773371026},"fields":{},"normalizations":{}},{"classId":"e_6","part":"s4v1","offsets":[{"start":3328,"text":"539655 Amendment No."}],"coordinates":[],"confidence":{"state":"","who":["ml:nalaf"],"prob":0.8505010287095105},"fields":{},"normalizations":{}},{"classId":"e_2","part":"s4v1","offsets":[{"start":3349,"text":"11"}],"coordinates":[],"confidence":{"state":"","who":["ml:nalaf"],"prob":0.6376026262031532},"fields":{},"normalizations":{}},{"classId":"e_5","part":"s4v1","offsets":[{"start":3349,"text":"11"}],"coordinates":[],"confidence":{"state":"","who":["ml:nalaf"],"prob":0.5877260015734531},"fields":{},"normalizations":{}},{"classId":"e_6","part":"s4v1","offsets":[{"start":3349,"text":"11"}],"coordinates":[],"confidence":{"state":"","who":["ml:nalaf"],"prob":0.574987512735495},"fields":{},"normalizations":{}},{"classId":"e_8","part":"s4v1","offsets":[{"start":3349,"text":"11"}],"coordinates":[],"confidence":{"state":"","who":["ml:nalaf"],"prob":0.48704329760893367},"fields":{},"normalizations":{}},{"classId":"e_7","part":"s5v1","offsets":[{"start":30,"text":"COUNTY OF SAN DIEGO"}],"coordinates":[],"confidence":{"state":"","who":["ml:nalaf"],"prob":0.9349083832480671},"fields":{},"normalizations":{}},{"classId":"e_1","part":"s5v1","offsets":[{"start":99,"text":"INTERFAITH SHELTER NETWORK SAN DIEGO COUNTY FOR TEMPORARY SHELTER NETWORK SERVICES"}],"coordinates":[],"confidence":{"state":"","who":["ml:nalaf"],"prob":0.8903808719649753},"fields":{},"normalizations":{}},{"classId":"e_6","part":"s5v1","offsets":[{"start":193,"text":"PERFORMANCE WORK STATEMENT\n\n5.2.4 Career Guidance and Job Placement."}],"coordinates":[],"confidence":{"state":"","who":["ml:nalaf"],"prob":0.9038580646943215},"fields":{},"normalizations":{}},{"classId":"e_6","part":"s5v1","offsets":[{"start":263,"text":"5.2.5 Congregation Recruitment."}],"coordinates":[],"confidence":{"state":"","who":["ml:nalaf"],"prob":0.8609205953972001},"fields":{},"normalizations":{}},{"classId":"e_4","part":"s5v1","offsets":[{"start":296,"text":"5.2.6 Supportive Services, as available (transportation, clothing, etc.)."}],"coordinates":[],"confidence":{"state":"","who":["ml:nalaf"],"prob":0.5886406459762725},"fields":{},"normalizations":{}},{"classId":"e_6","part":"s5v1","offsets":[{"start":296,"text":"5.2.6 Supportive Services, as available (transportation, clothing, etc.)."}],"coordinates":[],"confidence":{"state":"","who":["ml:nalaf"],"prob":0.9483536746941484},"fields":{},"normalizations":{}},{"classId":"e_6","part":"s5v1","offsets":[{"start":371,"text":"5.2.7 Transitional or Permanent Housing."}],"coordinates":[],"confidence":{"state":"","who":["ml:nalaf"],"prob":0.8947727446965054},"fields":{},"normalizations":{}},{"classId":"e_6","part":"s5v1","offsets":[{"start":413,"text":"5.3 Services shall be delivered in a culturally and linguistically appropriate manner to ensure that participants obtain maximum benefit from the assistance."}],"coordinates":[],"confidence":{"state":"","who":["ml:nalaf"],"prob":0.9727406040901222},"fields":{},"normalizations":{}},{"classId":"e_2","part":"s5v1","offsets":[{"start":572,"text":"5.3.1 Contractor shall not use taxicabs to transport unescorted minors who receive services funded by the County of San Diego."}],"coordinates":[],"confidence":{"state":"","who":["ml:nalaf"],"prob":0.7989398281126172},"fields":{},"normalizations":{}},{"classId":"e_4","part":"s5v1","offsets":[{"start":572,"text":"5.3.1 Contractor shall not use taxicabs to transport unescorted minors who receive services funded by the County of San Diego."}],"coordinates":[],"confidence":{"state":"","who":["ml:nalaf"],"prob":0.8802645234377742},"fields":{},"normalizations":{}},{"classId":"e_6","part":"s5v1","offsets":[{"start":572,"text":"5.3.1 Contractor shall not use taxicabs to transport unescorted minors who receive services funded by the County of San Diego."}],"coordinates":[],"confidence":{"state":"","who":["ml:nalaf"],"prob":0.9727011881767816},"fields":{},"normalizations":{}},{"classId":"e_5","part":"s5v1","offsets":[{"start":643,"text":"who receive services funded by the County of San Diego."}],"coordinates":[],"confidence":{"state":"","who":["ml:nalaf"],"prob":0.7711529950776662},"fields":{},"normalizations":{}},{"classId":"e_7","part":"s5v1","offsets":[{"start":678,"text":"County of San Diego"}],"coordinates":[],"confidence":{"state":"","who":["ml:nalaf"],"prob":0.9734357622172554},"fields":{},"normalizations":{}},{"classId":"e_1","part":"s5v1","offsets":[{"start":732,"text":"Contractor's"}],"coordinates":[],"confidence":{"state":"","who":["ml:nalaf"],"prob":0.5938223411592792},"fields":{},"normalizations":{}},{"classId":"e_1","part":"s5v1","offsets":[{"start":907,"text":"Contractor's"}],"coordinates":[],"confidence":{"state":"","who":["ml:nalaf"],"prob":0.6173183433731216},"fields":{},"normalizations":{}},{"classId":"e_1","part":"s5v1","offsets":[{"start":945,"text":"Contractor's"}],"coordinates":[],"confidence":{"state":"","who":["ml:nalaf"],"prob":0.6500166927946344},"fields":{},"normalizations":{}},{"classId":"e_5","part":"s5v1","offsets":[{"start":1043,"text":"Retention"}],"coordinates":[],"confidence":{"state":"","who":["ml:nalaf"],"prob":0.5620858897398638},"fields":{},"normalizations":{}},{"classId":"e_1","part":"s5v1","offsets":[{"start":1119,"text":"Contractor's"}],"coordinates":[],"confidence":{"state":"","who":["ml:nalaf"],"prob":0.7275145801862416},"fields":{},"normalizations":{}},{"classId":"e_1","part":"s5v1","offsets":[{"start":1198,"text":"Contractor's"}],"coordinates":[],"confidence":{"state":"","who":["ml:nalaf"],"prob":0.5562209050934461},"fields":{},"normalizations":{}},{"classId":"e_2","part":"s5v1","offsets":[{"start":1275,"text":"s"}],"coordinates":[],"confidence":{"state":"pre-added","who":["ml:regex"],"prob":0.5},"fields":{},"normalizations":{}},{"classId":"e_2","part":"s5v1","offsets":[{"start":1287,"text":"s"}],"coordinates":[],"confidence":{"state":"pre-added","who":["ml:regex"],"prob":0.5},"fields":{},"normalizations":{}},{"classId":"e_8","part":"s5v1","offsets":[{"start":1307,"text":"Contractor; or to defend Contractor against any such claim."}],"coordinates":[],"confidence":{"state":"","who":["ml:nalaf"],"prob":0.7185322064799566},"fields":{},"normalizations":{}},{"classId":"e_5","part":"s5v1","offsets":[{"start":1368,"text":"Any"}],"coordinates":[],"confidence":{"state":"","who":["ml:nalaf"],"prob":0.9374128928686996},"fields":{},"normalizations":{}},{"classId":"e_5","part":"s5v1","offsets":[{"start":2066,"text":"Such"}],"coordinates":[],"confidence":{"state":"","who":["ml:nalaf"],"prob":0.7302956920804714},"fields":{},"normalizations":{}},{"classId":"e_6","part":"s5v1","offsets":[{"start":2150,"text":"C"}],"coordinates":[{"x":"232.31","y":"459.84"},{"x":"239.96","y":"465.97"}],"confidence":{"state":"pre-added","who":["user:SDTEF"],"prob":1},"fields":{},"normalizations":{}},{"classId":"e_4","part":"s5v1","offsets":[{"start":2451,"text":"project"}],"coordinates":[],"confidence":{"state":"","who":["ml:nalaf"],"prob":0.6196301795199275},"fields":{},"normalizations":{}},{"classId":"e_6","part":"s5v1","offsets":[{"start":2852,"text":"6."}],"coordinates":[],"confidence":{"state":"","who":["ml:nalaf"],"prob":0.7012604653055228},"fields":{},"normalizations":{}},{"classId":"e_3","part":"s5v1","offsets":[{"start":3460,"text":"families"}],"coordinates":[],"confidence":{"state":"","who":["ml:nalaf"],"prob":0.8607610262275779},"fields":{},"normalizations":{}},{"classId":"e_1","part":"s5v1","offsets":[{"start":3540,"text":"Interfaith Shelter Network"}],"coordinates":[],"confidence":{"state":"","who":["ml:nalaf"],"prob":0.9130982539284256},"fields":{},"normalizations":{}},{"classId":"e_5","part":"s5v1","offsets":[{"start":3580,"text":"539655 Amendment No."}],"coordinates":[],"confidence":{"state":"","who":["ml:nalaf"],"prob":0.5544254773371026},"fields":{},"normalizations":{}},{"classId":"e_6","part":"s5v1","offsets":[{"start":3580,"text":"539655 Amendment No."}],"coordinates":[],"confidence":{"state":"","who":["ml:nalaf"],"prob":0.8505010287095105},"fields":{},"normalizations":{}},{"classId":"e_2","part":"s5v1","offsets":[{"start":3601,"text":"11"}],"coordinates":[],"confidence":{"state":"","who":["ml:nalaf"],"prob":0.6376026262031532},"fields":{},"normalizations":{}},{"classId":"e_5","part":"s5v1","offsets":[{"start":3601,"text":"11"}],"coordinates":[],"confidence":{"state":"","who":["ml:nalaf"],"prob":0.5877260015734531},"fields":{},"normalizations":{}},{"classId":"e_6","part":"s5v1","offsets":[{"start":3601,"text":"11"}],"coordinates":[],"confidence":{"state":"","who":["ml:nalaf"],"prob":0.574987512735495},"fields":{},"normalizations":{}},{"classId":"e_8","part":"s5v1","offsets":[{"start":3601,"text":"11"}],"coordinates":[],"confidence":{"state":"","who":["ml:nalaf"],"prob":0.48704329760893367},"fields":{},"normalizations":{}},{"classId":"e_7","part":"s6v1","offsets":[{"start":30,"text":"COUNTY OF SAN DIEGO"}],"coordinates":[],"confidence":{"state":"","who":["ml:nalaf"],"prob":0.9349083832489913},"fields":{},"normalizations":{}},{"classId":"e_1","part":"s6v1","offsets":[{"start":99,"text":"INTERFAITH SHELTER NETWORK SAN DIEGO COUNTY FOR TEMPORARY SHELTER NETWORK SERVICES"}],"coordinates":[],"confidence":{"state":"","who":["ml:nalaf"],"prob":0.8906960393163015},"fields":{},"normalizations":{}},{"classId":"e_3","part":"s6v1","offsets":[{"start":438,"text":"single adults"}],"coordinates":[],"confidence":{"state":"","who":["ml:nalaf"],"prob":0.4410415694648135},"fields":{},"normalizations":{}},{"classId":"e_3","part":"s6v1","offsets":[{"start":483,"text":"families"}],"coordinates":[],"confidence":{"state":"","who":["ml:nalaf"],"prob":0.5520453351468596},"fields":{},"normalizations":{}},{"classId":"e_5","part":"s6v1","offsets":[{"start":1063,"text":"income in the County of San Diego service locations."}],"coordinates":[],"confidence":{"state":"","who":["ml:nalaf"],"prob":0.9251604366814192},"fields":{},"normalizations":{}},{"classId":"e_7","part":"s6v1","offsets":[{"start":1077,"text":"County of San Diego"}],"coordinates":[],"confidence":{"state":"","who":["ml:nalaf"],"prob":0.9801525489194456},"fields":{},"normalizations":{}},{"classId":"e_6","part":"s6v1","offsets":[{"start":1117,"text":"6.2.19 Contractor shall submit a client demographic report on homeless persons receiving services in the County of San Diego service locations."}],"coordinates":[],"confidence":{"state":"","who":["ml:nalaf"],"prob":0.9575505845420348},"fields":{},"normalizations":{}},{"classId":"e_5","part":"s6v1","offsets":[{"start":1150,"text":"client demographic report on homeless persons receiving services in the County of San Diego service locations."}],"coordinates":[],"confidence":{"state":"","who":["ml:nalaf"],"prob":0.8901630839563134},"fields":{},"normalizations":{}},{"classId":"e_7","part":"s6v1","offsets":[{"start":1222,"text":"County of San Diego"}],"coordinates":[],"confidence":{"state":"","who":["ml:nalaf"],"prob":0.9813849169788568},"fields":{},"normalizations":{}},{"classId":"e_6","part":"s6v1","offsets":[{"start":1262,"text":"7."}],"coordinates":[],"confidence":{"state":"","who":["ml:nalaf"],"prob":0.7216282635532396},"fields":{},"normalizations":{}},{"classId":"e_8","part":"s6v1","offsets":[{"start":1262,"text":"7."}],"coordinates":[],"confidence":{"state":"","who":["ml:nalaf"],"prob":0.657631693898863},"fields":{},"normalizations":{}},{"classId":"e_5","part":"s6v1","offsets":[{"start":1371,"text":"Client"}],"coordinates":[],"confidence":{"state":"","who":["ml:nalaf"],"prob":0.8140393458455607},"fields":{},"normalizations":{}},{"classId":"e_2","part":"s6v1","offsets":[{"start":1536,"text":"s"}],"coordinates":[],"confidence":{"state":"pre-added","who":["ml:regex"],"prob":0.5},"fields":{},"normalizations":{}},{"classId":"e_2","part":"s6v1","offsets":[{"start":1576,"text":"s"}],"coordinates":[],"confidence":{"state":"pre-added","who":["ml:regex"],"prob":0.5},"fields":{},"normalizations":{}},{"classId":"e_2","part":"s6v1","offsets":[{"start":1610,"text":"s"}],"coordinates":[],"confidence":{"state":"pre-added","who":["ml:regex"],"prob":0.5},"fields":{},"normalizations":{}},{"classId":"e_2","part":"s6v1","offsets":[{"start":1632,"text":"s"}],"coordinates":[],"confidence":{"state":"pre-added","who":["ml:regex"],"prob":0.5},"fields":{},"normalizations":{}},{"classId":"e_2","part":"s6v1","offsets":[{"start":1652,"text":"s"}],"coordinates":[],"confidence":{"state":"pre-added","who":["ml:regex"],"prob":0.5},"fields":{},"normalizations":{}},{"classId":"e_2","part":"s6v1","offsets":[{"start":1690,"text":"s"}],"coordinates":[],"confidence":{"state":"pre-added","who":["ml:regex"],"prob":0.5},"fields":{},"normalizations":{}},{"classId":"e_2","part":"s6v1","offsets":[{"start":1741,"text":"s"}],"coordinates":[],"confidence":{"state":"pre-added","who":["ml:regex"],"prob":0.5},"fields":{},"normalizations":{}},{"classId":"e_6","part":"s6v1","offsets":[{"start":1800,"text":"8."}],"coordinates":[],"confidence":{"state":"","who":["ml:nalaf"],"prob":0.6835406480097246},"fields":{},"normalizations":{}},{"classId":"e_5","part":"s6v1","offsets":[{"start":1929,"text":"The"}],"coordinates":[],"confidence":{"state":"pre-removed","who":["ml:nalaf","ml:regex"],"prob":0.5},"fields":{},"normalizations":{}},{"classId":"e_6","part":"s6v1","offsets":[{"start":2048,"text":"Exhibit A - Performance Work Statement Interfaith Shelter Network\n\nPage 4 of 5\n\nContract No."}],"coordinates":[],"confidence":{"state":"","who":["ml:nalaf"],"prob":0.8870765725962177},"fields":{},"normalizations":{}},{"classId":"e_1","part":"s6v1","offsets":[{"start":2087,"text":"Interfaith Shelter Network"}],"coordinates":[],"confidence":{"state":"","who":["ml:nalaf"],"prob":0.9791724097201674},"fields":{},"normalizations":{}},{"classId":"e_5","part":"s6v1","offsets":[{"start":2141,"text":"539655 Amendment No."}],"coordinates":[],"confidence":{"state":"","who":["ml:nalaf"],"prob":0.5544254773371026},"fields":{},"normalizations":{}},{"classId":"e_6","part":"s6v1","offsets":[{"start":2141,"text":"539655 Amendment No."}],"coordinates":[],"confidence":{"state":"","who":["ml:nalaf"],"prob":0.8505010287095105},"fields":{},"normalizations":{}},{"classId":"e_2","part":"s6v1","offsets":[{"start":2162,"text":"11"}],"coordinates":[],"confidence":{"state":"","who":["ml:nalaf"],"prob":0.6376026262031532},"fields":{},"normalizations":{}},{"classId":"e_5","part":"s6v1","offsets":[{"start":2162,"text":"11"}],"coordinates":[],"confidence":{"state":"","who":["ml:nalaf"],"prob":0.5877260015734531},"fields":{},"normalizations":{}},{"classId":"e_6","part":"s6v1","offsets":[{"start":2162,"text":"11"}],"coordinates":[],"confidence":{"state":"","who":["ml:nalaf"],"prob":0.574987512735495},"fields":{},"normalizations":{}},{"classId":"e_8","part":"s6v1","offsets":[{"start":2162,"text":"11"}],"coordinates":[],"confidence":{"state":"","who":["ml:nalaf"],"prob":0.48704329760893367},"fields":{},"normalizations":{}},{"classId":"e_7","part":"s7v1","offsets":[{"start":30,"text":"COUNTY OF SAN DIEGO"}],"coordinates":[],"confidence":{"state":"","who":["ml:nalaf"],"prob":0.9349083832487873},"fields":{},"normalizations":{}},{"classId":"e_1","part":"s7v1","offsets":[{"start":99,"text":"INTERFAITH SHELTER NETWORK SAN DIEGO COUNTY FOR TEMPORARY SHELTER NETWORK SERVICES"}],"coordinates":[],"confidence":{"state":"","who":["ml:nalaf"],"prob":0.8904494069627497},"fields":{},"normalizations":{}},{"classId":"e_6","part":"s7v1","offsets":[{"start":821,"text":"9."}],"coordinates":[],"confidence":{"state":"","who":["ml:nalaf"],"prob":0.6655104571141846},"fields":{},"normalizations":{}},{"classId":"e_6","part":"s7v1","offsets":[{"start":941,"text":"Exhibit A- Performance Work Statement Interfaith Shelter Network\n\nPage 5 of 5\n\n\\\n\nContract No."}],"coordinates":[],"confidence":{"state":"","who":["ml:nalaf"],"prob":0.9209382337426073},"fields":{},"normalizations":{}},{"classId":"e_1","part":"s7v1","offsets":[{"start":979,"text":"Interfaith Shelter Network"}],"coordinates":[],"confidence":{"state":"","who":["ml:nalaf"],"prob":0.979707412099223},"fields":{},"normalizations":{}},{"classId":"e_5","part":"s7v1","offsets":[{"start":1036,"text":"539655 Amendment No."}],"coordinates":[],"confidence":{"state":"","who":["ml:nalaf"],"prob":0.5544254773371026},"fields":{},"normalizations":{}},{"classId":"e_6","part":"s7v1","offsets":[{"start":1036,"text":"539655 Amendment No."}],"coordinates":[],"confidence":{"state":"","who":["ml:nalaf"],"prob":0.8505010287095105},"fields":{},"normalizations":{}},{"classId":"e_2","part":"s7v1","offsets":[{"start":1057,"text":"11"}],"coordinates":[],"confidence":{"state":"","who":["ml:nalaf"],"prob":0.6376026262031532},"fields":{},"normalizations":{}},{"classId":"e_5","part":"s7v1","offsets":[{"start":1057,"text":"11"}],"coordinates":[],"confidence":{"state":"","who":["ml:nalaf"],"prob":0.5877260015734531},"fields":{},"normalizations":{}},{"classId":"e_6","part":"s7v1","offsets":[{"start":1057,"text":"11"}],"coordinates":[],"confidence":{"state":"","who":["ml:nalaf"],"prob":0.574987512735495},"fields":{},"normalizations":{}},{"classId":"e_8","part":"s7v1","offsets":[{"start":1057,"text":"11"}],"coordinates":[],"confidence":{"state":"","who":["ml:nalaf"],"prob":0.48704329760893367},"fields":{},"normalizations":{}},{"classId":"e_7","part":"s8v1","offsets":[{"start":30,"text":"COUNTY OF SAN DIEGO"}],"coordinates":[],"confidence":{"state":"","who":["ml:nalaf"],"prob":0.9411553434832599},"fields":{},"normalizations":{}},{"classId":"e_1","part":"s8v1","offsets":[{"start":99,"text":"INTERFAITH SHELTER NETWORK"}],"coordinates":[],"confidence":{"state":"","who":["ml:nalaf"],"prob":0.8978230930007568},"fields":{},"normalizations":{}},{"classId":"e_6","part":"s8v1","offsets":[{"start":183,"text":"C"}],"coordinates":[],"confidence":{"state":"pre-added","who":["ml:regex"],"prob":0.5},"fields":{},"normalizations":{}},{"classId":"e_2","part":"s8v1","offsets":[{"start":207,"text":"PAYMENT SCHEDULE\n\nContractor shall be paid according to the following payment schedule*"}],"coordinates":[],"confidence":{"state":"","who":["ml:nalaf"],"prob":0.8564021277054535},"fields":{},"normalizations":{}},{"classId":"e_7","part":"s8v1","offsets":[{"start":469,"text":"City of San Diego"}],"coordinates":[],"confidence":{"state":"","who":["ml:nalaf"],"prob":0.9213604482935318},"fields":{},"normalizations":{}},{"classId":"e_4","part":"s8v1","offsets":[{"start":601,"text":"Transitional or Trans/Perm\n\n3\n\n3.2 Permanent Housing $60 40 Housing\n\nPlacement Countywide\n\nJob PlacemenUOther Income/ Employment or\n\nIncreased\n\n4\n\n3.3 Other Source of Employment $64 30 Income Hours and/or Countywide Health Benefits through Employment."}],"coordinates":[],"confidence":{"state":"","who":["ml:nalaf"],"prob":0.7618371613119991},"fields":{},"normalizations":{}},{"classId":"e_2","part":"s8v1","offsets":[{"start":854,"text":"Total\n\nBillable Amount for Fiscal Year 2016-2017\n\n(7)\n\nEXTENDED AMOUNT\n\n$20,680\n\n)\n\n$17,000\n\n$2,400\n\n$1,920\n\n$42,000\n\n*Contract price shall not exceed $42,000 for Fiscal Year 2016-2017, and shall not exceed $25,000 per year for each Fiscal Year 2017-2018 through Fiscal Year 2020-2021."}],"coordinates":[],"confidence":{"state":"","who":["ml:nalaf"],"prob":0.6608086780627646},"fields":{},"normalizations":{}},{"classId":"e_6","part":"s8v1","offsets":[{"start":854,"text":"Total\n\nBillable Amount for Fiscal Year 2016-2017"}],"coordinates":[],"confidence":{"state":"","who":["ml:nalaf"],"prob":0.8002817897085167},"fields":{},"normalizations":{}},{"classId":"e_8","part":"s8v1","offsets":[{"start":881,"text":"Fiscal Year 2016-2017"}],"coordinates":[],"confidence":{"state":"","who":["ml:nalaf"],"prob":0.6107229208513094},"fields":{},"normalizations":{}},{"classId":"e_3","part":"s8v1","offsets":[{"start":1017,"text":"Fiscal Year 2016-2017, and shall not exceed $25,000 per year for each Fiscal Year 2017-2018 through Fiscal Year 2020-2021."}],"coordinates":[],"confidence":{"state":"","who":["ml:nalaf"],"prob":0.8080732082732086},"fields":{},"normalizations":{}},{"classId":"e_8","part":"s8v1","offsets":[{"start":1017,"text":"Fiscal Year 2016-2017, and shall not exceed $25,000 per year for each Fiscal Year 2017-2018 through Fiscal Year 2020-2021."}],"coordinates":[],"confidence":{"state":"","who":["ml:nalaf"],"prob":0.7097033522690397},"fields":{},"normalizations":{}},{"classId":"e_6","part":"s8v1","offsets":[{"start":1062,"text":"25,000 per year for each Fiscal Year 2017-2018 through Fiscal Year 2020-2021."}],"coordinates":[],"confidence":{"state":"","who":["ml:nalaf"],"prob":0.9067533644392114},"fields":{},"normalizations":{}},{"classId":"e_1","part":"s8v1","offsets":[{"start":1141,"text":"Interfaith Shelter Network"}],"coordinates":[],"confidence":{"state":"","who":["ml:nalaf"],"prob":0.9463491657827537},"fields":{},"normalizations":{}}],"relations":[]}