{"annotatable":{"parts":["s1v1","s2v1","s3v1","s4v1","s5v1","s6v1","s7v1","s8v1","s9v1","s10v1","s11v1","s12v1","s13v1","s14v1","s15v1","s16v1","s17v1","s18v1","s19v1","s20v1","s21v1","s22v1","s23v1","s24v1","s25v1","s26v1"]},"anncomplete":true,"sources":[],"metas":{"m_23":{"value":"city, ESG, and ESG-CV","confidence":{"state":"pre-added","who":["user:SDTEF"],"prob":1}},"m_24":{"value":"$20,000","confidence":{"state":"pre-added","who":["user:SDTEF"],"prob":1}},"m_22":{"value":"temp housing","confidence":{"state":"pre-added","who":["user:SDTEF"],"prob":1}}},"entities":[{"classId":"e_19","part":"s1v1","offsets":[{"start":0,"text":"SUBRECIPIENT AGREEMENT\n\nbetween CITY OF ESCONDIDO and INTERFAITH COMMUNITY SERVICES, INC. for the use of Emergency Solutions Grant (ESG-CV) Funds"}],"coordinates":[{"x":"218.40","y":"154.89"},{"x":"436.52","y":"234.23"}],"confidence":{"state":"pre-added","who":["user:SDTEF"],"prob":1},"fields":{},"normalizations":{}},{"classId":"e_7","part":"s1v1","offsets":[{"start":32,"text":"CITY OF ESCONDIDO"}],"coordinates":[{"x":"257.05","y":"180.94"},{"x":"361.52","y":"186.72"}],"confidence":{"state":"pre-added","who":["user:SDTEF"],"prob":1},"fields":{},"normalizations":{}},{"classId":"e_1","part":"s1v1","offsets":[{"start":54,"text":"INTERFAITH COMMUNITY SERVICES, INC"}],"coordinates":[{"x":"205.45","y":"204.45"},{"x":"411.07","y":"210.23"}],"confidence":{"state":"pre-added","who":["user:SDTEF"],"prob":1},"fields":{},"normalizations":{}},{"classId":"e_7","part":"s1v1","offsets":[{"start":105,"text":"Emergency Solutions Grant"}],"coordinates":[{"x":"230.16","y":"228.45"},{"x":"355.25","y":"234.23"}],"confidence":{"state":"pre-added","who":["user:SDTEF"],"prob":1},"fields":{},"normalizations":{}},{"classId":"e_7","part":"s1v1","offsets":[{"start":132,"text":"ESG-CV)"}],"coordinates":[{"x":"362.62","y":"228.45"},{"x":"404.29","y":"234.23"}],"confidence":{"state":"pre-added","who":["user:SDTEF"],"prob":1},"fields":{},"normalizations":{}},{"classId":"e_4","part":"s1v1","offsets":[{"start":147,"text":"Escondido Ending Homelessness Project - Quarantined Entry into Emergency Shelter"}],"coordinates":[{"x":"74.88","y":"252.22"},{"x":"469.20","y":"258.00"}],"confidence":{"state":"pre-added","who":["user:SDTEF"],"prob":1},"fields":{},"normalizations":{}},{"classId":"e_7","part":"s1v1","offsets":[{"start":367,"text":"City of Escondido"}],"coordinates":[],"confidence":{"state":"pre-added","who":["ml:regex"],"prob":0.5},"fields":{},"normalizations":{}},{"classId":"e_1","part":"s1v1","offsets":[{"start":438,"text":"Interfaith Community Services"}],"coordinates":[],"confidence":{"state":"pre-added","who":["ml:regex"],"prob":0.5},"fields":{},"normalizations":{}},{"classId":"e_7","part":"s1v1","offsets":[{"start":688,"text":"Emergency Solutions Grants program"}],"coordinates":[{"x":"323.76","y":"347.74"},{"x":"499.96","y":"353.52"}],"confidence":{"state":"pre-added","who":["user:SDTEF"],"prob":1},"fields":{},"normalizations":{}},{"classId":"e_7","part":"s1v1","offsets":[{"start":725,"text":"ESG"}],"coordinates":[{"x":"511.12","y":"347.74"},{"x":"532.24","y":"353.52"}],"confidence":{"state":"pre-added","who":["user:SDTEF"],"prob":1},"fields":{},"normalizations":{}},{"classId":"e_7","part":"s1v1","offsets":[{"start":821,"text":"ESG"}],"coordinates":[],"confidence":{"state":"pre-added","who":["ml:regex"],"prob":0.5},"fields":{},"normalizations":{}},{"classId":"e_7","part":"s1v1","offsets":[{"start":821,"text":"ESG-CV"}],"coordinates":[{"x":"501.28","y":"359.49"},{"x":"539.62","y":"365.27"}],"confidence":{"state":"pre-added","who":["user:SDTEF"],"prob":1},"fields":{},"normalizations":{}},{"classId":"e_2","part":"s1v1","offsets":[{"start":1919,"text":"Budget"}],"coordinates":[],"confidence":{"state":"pre-added","who":["ml:regex"],"prob":0.5},"fields":{},"normalizations":{}},{"classId":"e_2","part":"s1v1","offsets":[{"start":2000,"text":"Budget"}],"coordinates":[],"confidence":{"state":"pre-added","who":["ml:regex"],"prob":0.5},"fields":{},"normalizations":{}},{"classId":"e_7","part":"s1v1","offsets":[{"start":2179,"text":"ESG"}],"coordinates":[],"confidence":{"state":"pre-added","who":["ml:regex"],"prob":0.5},"fields":{},"normalizations":{}},{"classId":"e_2","part":"s1v1","offsets":[{"start":2243,"text":"Budget"}],"coordinates":[],"confidence":{"state":"pre-added","who":["ml:regex"],"prob":0.5},"fields":{},"normalizations":{}},{"classId":"e_8","part":"s1v1","offsets":[{"start":2478,"text":"TERM. The term of this Agreement shall be from December 16, 2020 through December 30, 2021 (\"Term\")"}],"coordinates":[{"x":"86.64","y":"681.58"},{"x":"149.89","y":"699.84"}],"confidence":{"state":"pre-added","who":["user:SDTEF"],"prob":1},"fields":{},"normalizations":{}},{"classId":"e_7","part":"s2v1","offsets":[{"start":625,"text":"ESG"}],"coordinates":[],"confidence":{"state":"pre-added","who":["ml:regex"],"prob":0.5},"fields":{},"normalizations":{}},{"classId":"e_7","part":"s2v1","offsets":[{"start":1076,"text":"ESG"}],"coordinates":[],"confidence":{"state":"pre-added","who":["ml:regex"],"prob":0.5},"fields":{},"normalizations":{}},{"classId":"e_7","part":"s2v1","offsets":[{"start":1487,"text":"ESG"}],"coordinates":[],"confidence":{"state":"pre-added","who":["ml:regex"],"prob":0.5},"fields":{},"normalizations":{}},{"classId":"e_2","part":"s2v1","offsets":[{"start":1616,"text":"Budget"}],"coordinates":[],"confidence":{"state":"pre-added","who":["ml:regex"],"prob":0.5},"fields":{},"normalizations":{}},{"classId":"e_7","part":"s2v1","offsets":[{"start":1782,"text":"ESG"}],"coordinates":[],"confidence":{"state":"pre-added","who":["ml:regex"],"prob":0.5},"fields":{},"normalizations":{}},{"classId":"e_7","part":"s2v1","offsets":[{"start":1914,"text":"ESG"}],"coordinates":[],"confidence":{"state":"pre-added","who":["ml:regex"],"prob":0.5},"fields":{},"normalizations":{}},{"classId":"e_7","part":"s2v1","offsets":[{"start":1984,"text":"ESG"}],"coordinates":[],"confidence":{"state":"pre-added","who":["ml:regex"],"prob":0.5},"fields":{},"normalizations":{}},{"classId":"e_2","part":"s2v1","offsets":[{"start":2142,"text":"Budget"}],"coordinates":[],"confidence":{"state":"pre-added","who":["ml:regex"],"prob":0.5},"fields":{},"normalizations":{}},{"classId":"e_7","part":"s2v1","offsets":[{"start":2183,"text":"ESG"}],"coordinates":[],"confidence":{"state":"pre-added","who":["ml:regex"],"prob":0.5},"fields":{},"normalizations":{}},{"classId":"e_7","part":"s2v1","offsets":[{"start":2612,"text":"ESG"}],"coordinates":[],"confidence":{"state":"pre-added","who":["ml:regex"],"prob":0.5},"fields":{},"normalizations":{}},{"classId":"e_7","part":"s2v1","offsets":[{"start":2811,"text":"ESG"}],"coordinates":[],"confidence":{"state":"pre-added","who":["ml:regex"],"prob":0.5},"fields":{},"normalizations":{}},{"classId":"e_7","part":"s2v1","offsets":[{"start":2878,"text":"ESG"}],"coordinates":[],"confidence":{"state":"pre-added","who":["ml:regex"],"prob":0.5},"fields":{},"normalizations":{}},{"classId":"e_2","part":"s3v1","offsets":[{"start":315,"text":"BUDGET"}],"coordinates":[],"confidence":{"state":"pre-added","who":["ml:regex"],"prob":0.5},"fields":{},"normalizations":{}},{"classId":"e_2","part":"s3v1","offsets":[{"start":363,"text":"Budget"}],"coordinates":[],"confidence":{"state":"pre-added","who":["ml:regex"],"prob":0.5},"fields":{},"normalizations":{}},{"classId":"e_2","part":"s3v1","offsets":[{"start":435,"text":"Budget"}],"coordinates":[],"confidence":{"state":"pre-added","who":["ml:regex"],"prob":0.5},"fields":{},"normalizations":{}},{"classId":"e_7","part":"s3v1","offsets":[{"start":519,"text":"ESG"}],"coordinates":[],"confidence":{"state":"pre-added","who":["ml:regex"],"prob":0.5},"fields":{},"normalizations":{}},{"classId":"e_2","part":"s3v1","offsets":[{"start":730,"text":"Budget"}],"coordinates":[],"confidence":{"state":"pre-added","who":["ml:regex"],"prob":0.5},"fields":{},"normalizations":{}},{"classId":"e_2","part":"s3v1","offsets":[{"start":909,"text":"Budget"}],"coordinates":[],"confidence":{"state":"pre-added","who":["ml:regex"],"prob":0.5},"fields":{},"normalizations":{}},{"classId":"e_2","part":"s3v1","offsets":[{"start":1017,"text":"Budget"}],"coordinates":[],"confidence":{"state":"pre-added","who":["ml:regex"],"prob":0.5},"fields":{},"normalizations":{}},{"classId":"e_2","part":"s3v1","offsets":[{"start":1126,"text":"Budget"}],"coordinates":[],"confidence":{"state":"pre-added","who":["ml:regex"],"prob":0.5},"fields":{},"normalizations":{}},{"classId":"e_2","part":"s3v1","offsets":[{"start":1224,"text":"PAYMENT\n\nA The total amount of ESG-CV Funds to be paid by the Grantee under this Agreement shall not exceed $552,803."}],"coordinates":[{"x":"88.80","y":"343.10"},{"x":"184.75","y":"384.48"}],"confidence":{"state":"pre-added","who":["user:SDTEF"],"prob":1},"fields":{},"normalizations":{}},{"classId":"e_7","part":"s3v1","offsets":[{"start":1255,"text":"ESG"}],"coordinates":[],"confidence":{"state":"pre-added","who":["ml:regex"],"prob":0.5},"fields":{},"normalizations":{}},{"classId":"e_7","part":"s3v1","offsets":[{"start":1361,"text":"ESG"}],"coordinates":[],"confidence":{"state":"pre-added","who":["ml:regex"],"prob":0.5},"fields":{},"normalizations":{}},{"classId":"e_7","part":"s3v1","offsets":[{"start":2391,"text":"City of Escondido"}],"coordinates":[],"confidence":{"state":"pre-added","who":["ml:regex"],"prob":0.5},"fields":{},"normalizations":{}},{"classId":"e_1","part":"s4v1","offsets":[{"start":24,"text":"Interfaith Community Services 550 West Washington Escondido, CA 92025"}],"coordinates":[{"x":"108.48","y":"117.51"},{"x":"207.84","y":"147.35"}],"confidence":{"state":"pre-added","who":["user:SDTEF"],"prob":1},"fields":{},"normalizations":{}},{"classId":"e_7","part":"s4v1","offsets":[{"start":342,"text":"ESG"}],"coordinates":[],"confidence":{"state":"pre-added","who":["ml:regex"],"prob":0.5},"fields":{},"normalizations":{}},{"classId":"e_7","part":"s8v1","offsets":[{"start":1945,"text":"ESG"}],"coordinates":[],"confidence":{"state":"pre-added","who":["ml:regex"],"prob":0.5},"fields":{},"normalizations":{}},{"classId":"e_7","part":"s9v1","offsets":[{"start":287,"text":"ESG"}],"coordinates":[],"confidence":{"state":"pre-added","who":["ml:regex"],"prob":0.5},"fields":{},"normalizations":{}},{"classId":"e_7","part":"s9v1","offsets":[{"start":949,"text":"ESG"}],"coordinates":[],"confidence":{"state":"pre-added","who":["ml:regex"],"prob":0.5},"fields":{},"normalizations":{}},{"classId":"e_7","part":"s9v1","offsets":[{"start":1255,"text":"ESG"}],"coordinates":[],"confidence":{"state":"pre-added","who":["ml:regex"],"prob":0.5},"fields":{},"normalizations":{}},{"classId":"e_7","part":"s9v1","offsets":[{"start":1401,"text":"ESG"}],"coordinates":[],"confidence":{"state":"pre-added","who":["ml:regex"],"prob":0.5},"fields":{},"normalizations":{}},{"classId":"e_2","part":"s9v1","offsets":[{"start":1494,"text":"Budget"}],"coordinates":[],"confidence":{"state":"pre-added","who":["ml:regex"],"prob":0.5},"fields":{},"normalizations":{}},{"classId":"e_7","part":"s9v1","offsets":[{"start":2153,"text":"ESG"}],"coordinates":[],"confidence":{"state":"pre-added","who":["ml:regex"],"prob":0.5},"fields":{},"normalizations":{}},{"classId":"e_7","part":"s9v1","offsets":[{"start":2245,"text":"ESG"}],"coordinates":[],"confidence":{"state":"pre-added","who":["ml:regex"],"prob":0.5},"fields":{},"normalizations":{}},{"classId":"e_7","part":"s10v1","offsets":[{"start":2383,"text":"ESG"}],"coordinates":[],"confidence":{"state":"pre-added","who":["ml:regex"],"prob":0.5},"fields":{},"normalizations":{}},{"classId":"e_7","part":"s10v1","offsets":[{"start":2573,"text":"City of Escondido"}],"coordinates":[],"confidence":{"state":"pre-added","who":["ml:regex"],"prob":0.5},"fields":{},"normalizations":{}},{"classId":"e_7","part":"s11v1","offsets":[{"start":146,"text":"ESG"}],"coordinates":[],"confidence":{"state":"pre-added","who":["ml:regex"],"prob":0.5},"fields":{},"normalizations":{}},{"classId":"e_7","part":"s11v1","offsets":[{"start":314,"text":"ESG"}],"coordinates":[],"confidence":{"state":"pre-added","who":["ml:regex"],"prob":0.5},"fields":{},"normalizations":{}},{"classId":"e_7","part":"s11v1","offsets":[{"start":368,"text":"ESG"}],"coordinates":[],"confidence":{"state":"pre-added","who":["ml:regex"],"prob":0.5},"fields":{},"normalizations":{}},{"classId":"e_7","part":"s11v1","offsets":[{"start":566,"text":"ESG"}],"coordinates":[],"confidence":{"state":"pre-added","who":["ml:regex"],"prob":0.5},"fields":{},"normalizations":{}},{"classId":"e_2","part":"s11v1","offsets":[{"start":1078,"text":"Budget"}],"coordinates":[],"confidence":{"state":"pre-added","who":["ml:regex"],"prob":0.5},"fields":{},"normalizations":{}},{"classId":"e_7","part":"s11v1","offsets":[{"start":1883,"text":"ESG"}],"coordinates":[],"confidence":{"state":"pre-added","who":["ml:regex"],"prob":0.5},"fields":{},"normalizations":{}},{"classId":"e_7","part":"s11v1","offsets":[{"start":2022,"text":"ESG"}],"coordinates":[],"confidence":{"state":"pre-added","who":["ml:regex"],"prob":0.5},"fields":{},"normalizations":{}},{"classId":"e_7","part":"s11v1","offsets":[{"start":2146,"text":"ESG"}],"coordinates":[],"confidence":{"state":"pre-added","who":["ml:regex"],"prob":0.5},"fields":{},"normalizations":{}},{"classId":"e_7","part":"s11v1","offsets":[{"start":2625,"text":"ESG"}],"coordinates":[],"confidence":{"state":"pre-added","who":["ml:regex"],"prob":0.5},"fields":{},"normalizations":{}},{"classId":"e_7","part":"s17v1","offsets":[{"start":20,"text":"ESG"}],"coordinates":[],"confidence":{"state":"pre-added","who":["ml:regex"],"prob":0.5},"fields":{},"normalizations":{}},{"classId":"e_7","part":"s17v1","offsets":[{"start":318,"text":"ESG"}],"coordinates":[],"confidence":{"state":"pre-added","who":["ml:regex"],"prob":0.5},"fields":{},"normalizations":{}},{"classId":"e_7","part":"s19v1","offsets":[{"start":2260,"text":"City of Escondido"}],"coordinates":[],"confidence":{"state":"pre-added","who":["ml:regex"],"prob":0.5},"fields":{},"normalizations":{}},{"classId":"e_7","part":"s20v1","offsets":[{"start":1054,"text":"CITY OF ESCONDIDO"}],"coordinates":[],"confidence":{"state":"pre-added","who":["ml:regex"],"prob":0.5},"fields":{},"normalizations":{}},{"classId":"e_7","part":"s20v1","offsets":[{"start":1189,"text":"CITY OF ESCONDIDO"}],"coordinates":[],"confidence":{"state":"pre-added","who":["ml:regex"],"prob":0.5},"fields":{},"normalizations":{}},{"classId":"e_1","part":"s21v1","offsets":[{"start":30,"text":"Organization: Interfaith Community Services"}],"coordinates":[{"x":"73.44","y":"154.65"},{"x":"281.33","y":"160.08"}],"confidence":{"state":"pre-added","who":["user:SDTEF"],"prob":1},"fields":{},"normalizations":{}},{"classId":"e_4","part":"s21v1","offsets":[{"start":108,"text":"Escondido Ending Homelessness Project - Quarantined Entry into Emergency Shelter"}],"coordinates":[],"confidence":{"state":"pre-added","who":["ml:regex"],"prob":0.5},"fields":{},"normalizations":{}},{"classId":"e_6","part":"s21v1","offsets":[{"start":189,"text":"Goal Statement: To allow quarantined entry into Haven House, to ensure that individuals entering emergency shelter are not carriers for COVID-19"}],"coordinates":[{"x":"73.20","y":"179.12"},{"x":"292.73","y":"196.32"}],"confidence":{"state":"pre-added","who":["user:SDTEF"],"prob":1},"fields":{},"normalizations":{}},{"classId":"e_4","part":"s21v1","offsets":[{"start":334,"text":"Objective: Interfaith will serve 24 individuals with an average of $825 for a 10-day quarantine period"}],"coordinates":[{"x":"72.72","y":"202.89"},{"x":"530.86","y":"208.32"}],"confidence":{"state":"pre-added","who":["user:SDTEF"],"prob":1},"fields":{},"normalizations":{}},{"classId":"e_4","part":"s21v1","offsets":[{"start":439,"text":"Key Activities"}],"coordinates":[{"x":"153.12","y":"233.61"},{"x":"212.04","y":"239.04"}],"confidence":{"state":"pre-added","who":["user:SDTEF"],"prob":1},"fields":{},"normalizations":{}},{"classId":"e_4","part":"s21v1","offsets":[{"start":455,"text":"Create documents and files as required per ESG and Coronavirus grant standards\n\nScreen individuals/families in need of emergency shelter\n\nEnsure all clients are entered into the CES\n\nProvide room and food for a 10-day quarantine period to ensure that people entering Haven House are virus-free\n\nEnter data at required into HMIS and internal database\n\nComplete reports and invoices as required per grant agreemen"}],"coordinates":[{"x":"76.32","y":"264.57"},{"x":"159.68","y":"472.08"}],"confidence":{"state":"pre-added","who":["user:SDTEF"],"prob":1},"fields":{},"normalizations":{}},{"classId":"e_7","part":"s21v1","offsets":[{"start":498,"text":"ESG"}],"coordinates":[],"confidence":{"state":"pre-added","who":["ml:regex"],"prob":0.5},"fields":{},"normalizations":{}},{"classId":"e_2","part":"s22v1","offsets":[{"start":11,"text":"BUDGET"}],"coordinates":[{"x":"287.76","y":"107.27"},{"x":"328.72","y":"113.04"}],"confidence":{"state":"pre-added","who":["user:SDTEF"],"prob":1},"fields":{},"normalizations":{}},{"classId":"e_1","part":"s22v1","offsets":[{"start":34,"text":"Interfaith Community Services"}],"coordinates":[{"x":"158.65","y":"151.24"},{"x":"295.72","y":"156.96"}],"confidence":{"state":"pre-added","who":["user:SDTEF"],"prob":1},"fields":{},"normalizations":{}},{"classId":"e_4","part":"s22v1","offsets":[{"start":79,"text":"Escondido Ending Homelessness Project - Quarantined Entry into Emergency Shelter"}],"coordinates":[],"confidence":{"state":"pre-added","who":["ml:regex"],"prob":0.5},"fields":{},"normalizations":{}},{"classId":"e_2","part":"s22v1","offsets":[{"start":503,"text":"Total\n\n$20,000"}],"coordinates":[{"x":"92.40","y":"676.84"},{"x":"317.29","y":"682.08"}],"confidence":{"state":"pre-added","who":["user:SDTEF"],"prob":1},"fields":{},"normalizations":{}}],"relations":[]}