{"annotatable":{"parts":["s1v1","s2v1","s3v1","s4v1","s5v1","s6v1","s7v1","s8v1","s9v1","s10v1","s11v1","s12v1","s13v1","s14v1","s15v1","s16v1","s17v1","s18v1","s19v1","s20v1","s21v1","s22v1","s23v1","s24v1","s25v1","s26v1","s27v1","s28v1","s29v1","s30v1"]},"anncomplete":true,"sources":[],"metas":{"m_22":{"value":"full-time social worker","confidence":{"state":"pre-added","who":["user:SDTEF"],"prob":1}},"m_24":{"value":"$144,958","confidence":{"state":"pre-added","who":["user:SDTEF"],"prob":1}},"m_23":{"value":"city","confidence":{"state":"pre-added","who":["user:SDTEF"],"prob":1}},"m_21":{"value":"chronically ","confidence":{"state":"pre-added","who":["user:SDTEF"],"prob":1}}},"entities":[{"classId":"e_19","part":"s1v1","offsets":[{"start":0,"text":"CONTRACT FOR PROFESSIONAL SERVICES LICENSED CLINICAL SOCIAL WORKER"}],"coordinates":[{"x":"200.65","y":"109.07"},{"x":"399.44","y":"126.23"}],"confidence":{"state":"pre-added","who":["user:SDTEF"],"prob":1},"fields":{},"normalizations":{}},{"classId":"e_7","part":"s1v1","offsets":[{"start":209,"text":"CITY OF VISTA"}],"coordinates":[{"x":"99.84","y":"221.39"},{"x":"169.58","y":"227.04"}],"confidence":{"state":"pre-added","who":["user:SDTEF"],"prob":1},"fields":{},"normalizations":{}},{"classId":"e_1","part":"s1v1","offsets":[{"start":410,"text":"EXODUS RECOVERY INC."}],"coordinates":[{"x":"311.52","y":"222.83"},{"x":"433.24","y":"228.48"}],"confidence":{"state":"pre-added","who":["user:SDTEF"],"prob":1},"fields":{},"normalizations":{}},{"classId":"e_1","part":"s1v1","offsets":[{"start":457,"text":"9808 Venice Blvd, Ste 700 Culver City CA 90232"}],"coordinates":[{"x":"311.04","y":"246.45"},{"x":"405.82","y":"263.04"}],"confidence":{"state":"pre-added","who":["user:SDTEF"],"prob":1},"fields":{},"normalizations":{}},{"classId":"e_1","part":"s1v1","offsets":[{"start":505,"text":"Contact: LeeAnn Skorohod Working Contact: Tamara Stark"}],"coordinates":[{"x":"311.04","y":"280.53"},{"x":"449.61","y":"298.08"}],"confidence":{"state":"pre-added","who":["user:SDTEF"],"prob":1},"fields":{},"normalizations":{}},{"classId":"e_1","part":"s1v1","offsets":[{"start":1136,"text":"CONTRACT TERM\n\n3.1 This Contract shall take effect as of the Contract Date.\n\n3.2 This Contract shall be in effect for 12 calendar months (\"Term\") from the Contract Date. The Term may be extended at the City's option for an additional 12 months, in increments of City's choice, for a maximum Term of 24 months from the Contract Date.\n\n3.3 City may terminate this Contract upon 30-days' written notice to Contractor. In such event, or upon request of City, Contractor shall assemble all City documents in the Contractor's possession, put them in order for proper filing and closing, and deliver the documents to City. In the event of termination, Contractor shall be paid for work performed to the termination date. City shall make the final determination as to the portion of tasks completed and the compensation to be paid"}],"coordinates":[{"x":"124.80","y":"504.11"},{"x":"235.11","y":"653.76"}],"confidence":{"state":"pre-added","who":["user:SDTEF"],"prob":1},"fields":{},"normalizations":{}},{"classId":"e_1","part":"s1v1","offsets":[{"start":2046,"text":"EXODUS RECOVERY INC."}],"coordinates":[],"confidence":{"state":"pre-added","who":["ml:regex"],"prob":0.5},"fields":{},"normalizations":{}},{"classId":"e_1","part":"s2v1","offsets":[{"start":2534,"text":"EXODUS RECOVERY INC."}],"coordinates":[],"confidence":{"state":"pre-added","who":["ml:regex"],"prob":0.5},"fields":{},"normalizations":{}},{"classId":"e_1","part":"s3v1","offsets":[{"start":3341,"text":"EXODUS RECOVERY INC."}],"coordinates":[],"confidence":{"state":"pre-added","who":["ml:regex"],"prob":0.5},"fields":{},"normalizations":{}},{"classId":"e_1","part":"s4v1","offsets":[{"start":3585,"text":"EXODUS RECOVERY INC."}],"coordinates":[],"confidence":{"state":"pre-added","who":["ml:regex"],"prob":0.5},"fields":{},"normalizations":{}},{"classId":"e_1","part":"s5v1","offsets":[{"start":3680,"text":"EXODUS RECOVERY INC."}],"coordinates":[],"confidence":{"state":"pre-added","who":["ml:regex"],"prob":0.5},"fields":{},"normalizations":{}},{"classId":"e_1","part":"s6v1","offsets":[{"start":3453,"text":"EXODUS RECOVERY INC."}],"coordinates":[],"confidence":{"state":"pre-added","who":["ml:regex"],"prob":0.5},"fields":{},"normalizations":{}},{"classId":"e_1","part":"s7v1","offsets":[{"start":3655,"text":"EXODUS RECOVERY INC."}],"coordinates":[],"confidence":{"state":"pre-added","who":["ml:regex"],"prob":0.5},"fields":{},"normalizations":{}},{"classId":"e_1","part":"s8v1","offsets":[{"start":1654,"text":"EXODUS RECOVERY INC."}],"coordinates":[],"confidence":{"state":"pre-added","who":["ml:regex"],"prob":0.5},"fields":{},"normalizations":{}},{"classId":"e_7","part":"s9v1","offsets":[{"start":117,"text":"CITY OF VISTA"}],"coordinates":[],"confidence":{"state":"pre-added","who":["ml:regex"],"prob":0.5},"fields":{},"normalizations":{}},{"classId":"e_1","part":"s9v1","offsets":[{"start":419,"text":"EXODUS RECOVERY INC."}],"coordinates":[],"confidence":{"state":"pre-added","who":["ml:regex"],"prob":0.5},"fields":{},"normalizations":{}},{"classId":"e_1","part":"s9v1","offsets":[{"start":532,"text":"EXODUS RECOVERY INC."}],"coordinates":[],"confidence":{"state":"pre-added","who":["ml:regex"],"prob":0.5},"fields":{},"normalizations":{}},{"classId":"e_7","part":"s11v1","offsets":[{"start":377,"text":"City of Vista"}],"coordinates":[],"confidence":{"state":"pre-added","who":["ml:regex"],"prob":0.5},"fields":{},"normalizations":{}},{"classId":"e_4","part":"s11v1","offsets":[{"start":460,"text":"provide a full-time social worker who will utilize a trauma-informed approach to address chronic homelessness in Vista."}],"coordinates":[{"x":"96.48","y":"385.05"},{"x":"184.68","y":"404.15"}],"confidence":{"state":"pre-added","who":["user:SDTEF"],"prob":1},"fields":{},"normalizations":{}},{"classId":"e_1","part":"s11v1","offsets":[{"start":573,"text":"V"}],"coordinates":[{"x":"162.73","y":"398.96"},{"x":"169.44","y":"404.15"}],"confidence":{"state":"pre-added","who":["user:SDTEF"],"prob":1},"fields":{},"normalizations":{}},{"classId":"e_7","part":"s11v1","offsets":[{"start":1731,"text":"City of Vista"}],"coordinates":[],"confidence":{"state":"pre-added","who":["ml:regex"],"prob":0.5},"fields":{},"normalizations":{}},{"classId":"e_7","part":"s12v1","offsets":[{"start":377,"text":"City of Vista"}],"coordinates":[],"confidence":{"state":"pre-added","who":["ml:regex"],"prob":0.5},"fields":{},"normalizations":{}},{"classId":"e_7","part":"s12v1","offsets":[{"start":401,"text":"City of Vista"}],"coordinates":[],"confidence":{"state":"pre-added","who":["ml:regex"],"prob":0.5},"fields":{},"normalizations":{}},{"classId":"e_6","part":"s12v1","offsets":[{"start":417,"text":"request, Exodus will be seeking to hire a Full-Time Social Worker with the requisite experience working in a trauma-informed approach with the homeless population and is knowledgeable about the housing programs and additional services. ln the WPW program, Exodus has been able to successfully hire and employ approximately 20 qualified individuals who are all trained and experienced in addressing homelessness, working with high-risk populations in the field, and developing partnerships with community partners"}],"coordinates":[{"x":"188.16","y":"142.22"},{"x":"173.63","y":"208.79"}],"confidence":{"state":"pre-added","who":["user:SDTEF"],"prob":1},"fields":{},"normalizations":{}},{"classId":"e_7","part":"s12v1","offsets":[{"start":1485,"text":"City of Vista"}],"coordinates":[],"confidence":{"state":"pre-added","who":["ml:regex"],"prob":0.5},"fields":{},"normalizations":{}},{"classId":"e_7","part":"s12v1","offsets":[{"start":1638,"text":"City of Vista"}],"coordinates":[],"confidence":{"state":"pre-added","who":["ml:regex"],"prob":0.5},"fields":{},"normalizations":{}},{"classId":"e_6","part":"s13v1","offsets":[{"start":63,"text":"Exodus Recovery, Inc. is proposing lo provide a full-timeSocial Worker skilled in homeless outreach, housing coordinationand best practices for service provision, including the utilizationof a trauma-informedapproach to address chronic homelessness in the City of Vista, CA"}],"coordinates":[{"x":"84.48","y":"112.91"},{"x":"299.57","y":"141.11"}],"confidence":{"state":"pre-added","who":["user:SDTEF"],"prob":1},"fields":{},"normalizations":{}},{"classId":"e_7","part":"s13v1","offsets":[{"start":319,"text":"City of Vista"}],"coordinates":[],"confidence":{"state":"pre-added","who":["ml:regex"],"prob":0.5},"fields":{},"normalizations":{}},{"classId":"e_7","part":"s13v1","offsets":[{"start":2345,"text":"City of Vista"}],"coordinates":[],"confidence":{"state":"pre-added","who":["ml:regex"],"prob":0.5},"fields":{},"normalizations":{}},{"classId":"e_7","part":"s13v1","offsets":[{"start":2661,"text":"City of Vista"}],"coordinates":[],"confidence":{"state":"pre-added","who":["ml:regex"],"prob":0.5},"fields":{},"normalizations":{}},{"classId":"e_7","part":"s13v1","offsets":[{"start":2911,"text":"City of Vista"}],"coordinates":[],"confidence":{"state":"pre-added","who":["ml:regex"],"prob":0.5},"fields":{},"normalizations":{}},{"classId":"e_7","part":"s14v1","offsets":[{"start":741,"text":"City of Vista"}],"coordinates":[],"confidence":{"state":"pre-added","who":["ml:regex"],"prob":0.5},"fields":{},"normalizations":{}},{"classId":"e_4","part":"s14v1","offsets":[{"start":1008,"text":"Scope of Services\n\nEx.odusseeks to partner with the City of Vista in their efforts to address homelessness effectively by hiring and providing to the City, a full-time Social Worker. This individual will work in tandem with the Vista Sheriffs Department COPPS team, providing outreach and engagement to homeless individuals in Vista as well as providing subsequent referral to the Whole Person Wellness Homeless Outreach Team (WPW) and other local community homeless outreach programs for on-going case management. Research into the use of homeless outreach Social Workers engaged by neighboring cities highlighted that outreach Social Workers engaged with law enforcement homeless outreach teams and city housing departments do not have the bandwidth to actively provide outreach and engagement servi1,;csand to manage a large intensive level caseload simultaneously. Therefore, Exodus proposes that the Social Worker provided for this proposal will link those in need of intensive, on-going homeless case management to the Whole Person Wellness Team, when applicable or to other community case management programs. This will create more availability for the Social Worker to law enforcement and the City of Vista for targeted ride-along support, outreach and engagement as well as increased opportunity to build trust and rapport with homeless individuals encounlered. Thus, the Social Worker can focus on the promotion of services, support, and housing readiness to achieve the goal of housing acquisition. The Social Worker will be supervised by the WPW ProgramManager and integrated into the team lo be able to access all supports and services available through local agencies, County and State funding. The Social Worker will remain engaged in the field with individuals he/she refers to WPW intensive case management to ensure that services are in place and to encourage the individual to follow-through with the case plan established for their care and goals toward housing.\n\nThe Social Worker will be knowledgeable of local and county-wide resources to be ablt: to create linkages and referrals, on the spot, for those individuals encountered in the field with members of the COPPS Team or in local social service and treatment centers. Referrals will include housing, medical and substance use resources and utilize a I lousing First model approach to begin housing readiness and referral"}],"coordinates":[{"x":"80.16","y":"222.12"},{"x":"406.59","y":"519.83"}],"confidence":{"state":"pre-added","who":["user:SDTEF"],"prob":1},"fields":{},"normalizations":{}},{"classId":"e_7","part":"s14v1","offsets":[{"start":1060,"text":"City of Vista"}],"coordinates":[],"confidence":{"state":"pre-added","who":["ml:regex"],"prob":0.5},"fields":{},"normalizations":{}},{"classId":"e_7","part":"s14v1","offsets":[{"start":2209,"text":"City of Vista"}],"coordinates":[],"confidence":{"state":"pre-added","who":["ml:regex"],"prob":0.5},"fields":{},"normalizations":{}},{"classId":"e_3","part":"s14v1","offsets":[{"start":3409,"text":"Target Population\n\nFor the purposes of this project, the Social Worker will focus on a priority population of homeless or at risk of homelessness individuals within the City of Vista. These arc individuals with multiple co-morbidities and complex biopsychosocial histories. These individuals present with multiple vulnerabilities associated with homelessness, severe mental illm:sscs (SM!), substance use disorders (SUD), chronic physical health conditions, past trauma and repeatedjusti1,;e-involvemenl. Tht: Social Worker will ensure that the individuals accepted as referrals from the Vista Sheriff's Department and City of Vista 1:1reassessed and vetted as meeting criteria for the targeted services available lo them using a number of tools. The client's level ofvulnerability will be assessed through the administration and review oftlie Vulnerability Index (VI-SPADT) which will be entered into San Diego's I lomeless Management Information System (HMIS) and utilized to mat1,;hthem to ap'propriatc housing and community resources. The Social Worker will employ a comprehensive Biopsychosocial Assessment to identify specific conditions, including mental health, medi1,;aland substan"}],"coordinates":[{"x":"77.76","y":"537.47"},{"x":"513.72","y":"683.04"}],"confidence":{"state":"pre-added","who":["user:SDTEF"],"prob":1},"fields":{},"normalizations":{}},{"classId":"e_7","part":"s14v1","offsets":[{"start":3578,"text":"City of Vista"}],"coordinates":[],"confidence":{"state":"pre-added","who":["ml:regex"],"prob":0.5},"fields":{},"normalizations":{}},{"classId":"e_7","part":"s14v1","offsets":[{"start":4028,"text":"City of Vista"}],"coordinates":[],"confidence":{"state":"pre-added","who":["ml:regex"],"prob":0.5},"fields":{},"normalizations":{}},{"classId":"e_3","part":"s15v1","offsets":[{"start":62,"text":"use disorders and the Columbia Suicide Scale Screener to assess for level of risk of suicide. Combined, these clinical tools will allow the Social Worker to develop a comprehensive, individualized representation of specific needs"}],"coordinates":[{"x":"80.16","y":"111.00"},{"x":"138.20","y":"138.72"}],"confidence":{"state":"pre-added","who":["user:SDTEF"],"prob":1},"fields":{},"normalizations":{}},{"classId":"e_7","part":"s15v1","offsets":[{"start":595,"text":"City of Vista"}],"coordinates":[],"confidence":{"state":"pre-added","who":["ml:regex"],"prob":0.5},"fields":{},"normalizations":{}},{"classId":"e_6","part":"s15v1","offsets":[{"start":1186,"text":"The Social Worker will work to foster an environment of non-judgmental positive regard whereby pat1icipants can develop and work toward personal, meaningful goals utilizing their own resilience and real-world experience.\n\nThe Social Worker serving Vista will conduct outreach and engagement with individuals identifiedby the Vista Sheriff's Department and City of Vista as requiring outreach, assessment and services. Outreach involves moving outside the walls of an agency to engage people experiencing homelessness and associated vulnerabilities who may be disconnected and alienated frommainstream services and supports. Engagement is a strengths-based process through which participants form a healing connection with people that support their recovery and wellness within the context of family, culture, and community froma trauma informedperspective. According to Exodus protocol, outreach and engagement is designed to help establish supportive relationships, offer support and guidance, and facilitate access to necessaryhousing, mental health, physical health and SUD services necessary to improve quality of life. The Social Worker will maintain ongoing communication with the Vista Sheriff's COPPS team and City regarding efforts to locate and engage potential participants. The Social Worker will maintain regular communication through telephone calls and emails with the Vista COPPS sergeant and the Vista Housing Program Manager to keep them apprised of outrear.;hefforts, progress and subsequent engagement activities with case management and housing services. The Social Worker will attend Cily Homelessness Task Force meetings at the direction of the City of Vista to review the caseload. The Social Worker will serve as a productive and collaborative member of the team"}],"coordinates":[{"x":"297.12","y":"276.60"},{"x":"281.72","y":"503.04"}],"confidence":{"state":"pre-added","who":["user:SDTEF"],"prob":1},"fields":{},"normalizations":{}},{"classId":"e_7","part":"s15v1","offsets":[{"start":1542,"text":"City of Vista"}],"coordinates":[],"confidence":{"state":"pre-added","who":["ml:regex"],"prob":0.5},"fields":{},"normalizations":{}},{"classId":"e_7","part":"s15v1","offsets":[{"start":2854,"text":"City of Vista"}],"coordinates":[],"confidence":{"state":"pre-added","who":["ml:regex"],"prob":0.5},"fields":{},"normalizations":{}},{"classId":"e_2","part":"s16v1","offsets":[{"start":2056,"text":"budget"}],"coordinates":[],"confidence":{"state":"pre-added","who":["ml:regex"],"prob":0.5},"fields":{},"normalizations":{}},{"classId":"e_6","part":"s17v1","offsets":[{"start":1992,"text":"The Social Worker will set goals to ensure that even the most vulnerable homeless individuals in Vista have the resources and support they need to thrive. The Social Worker will bring together and provide access to health, mental health, SUD, housing and social service delivery entities across the North region to those encountered in Vista. The Social Worker wi II assist clients to sustain housing tenancy through the use of the Evidence Based Practice (EBP) Critical Time Intervention (CTI) and targeted interventions. These include: housing asst:ssmcnts, development ofan individualized housing support plan, assistance with housing application/search process, assisting the move, identifying, and securing funding services for those eligible. Clients will be screened for state funding which could provide additional resources to assist with the establishment of a basic household, such as: security deposit, set-up fees for utilities, first month coverage of utilities, essential household furnishings, first month's rent; pest eradication and one­ time cleaning. In addition, the Social Worker, in tandt:m with the WPW Team and Housing Navigator will assist the client with the development of a housing support crisis plan, individual housing and tenancy sustaining services, early intervention for behaviors that jeopardize housing, training on tenant/landlord rights and responsibilities, assisting in resolving disputes with landlords /neighbors and support related to lease compliance and household management."}],"coordinates":[{"x":"77.76","y":"405.69"},{"x":"262.01","y":"573.60"}],"confidence":{"state":"pre-added","who":["user:SDTEF"],"prob":1},"fields":{},"normalizations":{}},{"classId":"e_7","part":"s18v1","offsets":[{"start":2502,"text":"City of Vista"}],"coordinates":[],"confidence":{"state":"pre-added","who":["ml:regex"],"prob":0.5},"fields":{},"normalizations":{}},{"classId":"e_7","part":"s19v1","offsets":[{"start":355,"text":"City of Vista"}],"coordinates":[],"confidence":{"state":"pre-added","who":["ml:regex"],"prob":0.5},"fields":{},"normalizations":{}},{"classId":"e_7","part":"s19v1","offsets":[{"start":1309,"text":"City of Vista"}],"coordinates":[],"confidence":{"state":"pre-added","who":["ml:regex"],"prob":0.5},"fields":{},"normalizations":{}},{"classId":"e_7","part":"s19v1","offsets":[{"start":1464,"text":"City of Vista"}],"coordinates":[],"confidence":{"state":"pre-added","who":["ml:regex"],"prob":0.5},"fields":{},"normalizations":{}},{"classId":"e_7","part":"s20v1","offsets":[{"start":621,"text":"City of Vista"}],"coordinates":[],"confidence":{"state":"pre-added","who":["ml:regex"],"prob":0.5},"fields":{},"normalizations":{}},{"classId":"e_2","part":"s20v1","offsets":[{"start":654,"text":"Budget"}],"coordinates":[{"x":"79.20","y":"211.78"},{"x":"111.91","y":"217.43"}],"confidence":{"state":"pre-added","who":["user:SDTEF"],"prob":1},"fields":{},"normalizations":{}},{"classId":"e_2","part":"s20v1","offsets":[{"start":1428,"text":"TOTAL OPERATIONAL EXPENSES\n\n$ 12,080 $ 144,958"}],"coordinates":[{"x":"146.88","y":"571.65"},{"x":"530.93","y":"578.40"}],"confidence":{"state":"pre-added","who":["user:SDTEF"],"prob":1},"fields":{},"normalizations":{}}],"relations":[]}