{"annotatable":{"parts":["s1v1","s2v1","s3v1","s4v1","s5v1","s6v1","s7v1","s8v1","s9v1"]},"anncomplete":true,"sources":[{"name":"ORIG","id":"CONTRACT_558506_Amendmen_09302020.pdf","url":""}],"metas":{"m_22":{"value":"telehealth and COVID, temp housing and bridge housing","confidence":{"state":"pre-added","who":["user:SDTEF"],"prob":1}},"m_24":{"value":"$1,244,146.80","confidence":{"state":"pre-added","who":["user:SDTEF"],"prob":1}},"m_23":{"value":"county","confidence":{"state":"pre-added","who":["user:SDTEF"],"prob":1}}},"entities":[{"classId":"e_19","part":"s1v1","offsets":[{"start":0,"text":"COUNTYOF SANDIEGO -DEPARTMENTOFPURCHASINGAND CONTRACTING CONTRACT NO. 558506 AMENDMENT NO. !"}],"coordinates":[{"x":"96.45","y":"67.54"},{"x":"418.35","y":"85.08"}],"confidence":{"state":"pre-added","who":["user:SDTEF"],"prob":1},"fields":{},"normalizations":{}},{"classId":"e_19","part":"s1v1","offsets":[{"start":0,"text":"COUNTYOF SANDIEGO"}],"coordinates":[{"x":"96.45","y":"67.54"},{"x":"224.29","y":"72.61"}],"confidence":{"state":"pre-added","who":["user:SDTEF"],"prob":1},"fields":{},"normalizations":{}},{"classId":"e_1","part":"s1v1","offsets":[{"start":94,"text":"Interfaith Community Services"}],"coordinates":[{"x":"76.22","y":"100.42"},{"x":"183.98","y":"105.72"}],"confidence":{"state":"pre-added","who":["user:SDTEF"],"prob":1},"fields":{},"normalizations":{}},{"classId":"e_7","part":"s1v1","offsets":[{"start":147,"text":"County ofSan Diego"}],"coordinates":[{"x":"264.19","y":"100.42"},{"x":"336.13","y":"105.72"}],"confidence":{"state":"pre-added","who":["user:SDTEF"],"prob":1},"fields":{},"normalizations":{}},{"classId":"e_4","part":"s1v1","offsets":[{"start":309,"text":"Short Term and Bridge Housing"}],"coordinates":[{"x":"139.22","y":"130.04"},{"x":"257.17","y":"135.34"}],"confidence":{"state":"pre-added","who":["user:SDTEF"],"prob":1},"fields":{},"normalizations":{}},{"classId":"e_2","part":"s1v1","offsets":[{"start":935,"text":"Compensation: 2.1. The compensation due to Contractor under the Contract is increased by a maximum amount of$6, 146.80 for an amended total contract price not to exceed $1,244,146.80. Funding is increased for Fiscal Year 2020-2021 for the purpose of purchasing equipment needed for telehealth and related COVID-19 expenses. Increased funding in the amount of$6,146.80 must be expended prior to November 30, 2020.\n\nRevised Contract Total Price not to exceed is $1,244,146.80."}],"coordinates":[{"x":"94.73","y":"229.46"},{"x":"285.50","y":"294.31"}],"confidence":{"state":"pre-added","who":["user:SDTEF"],"prob":1},"fields":{},"normalizations":{}},{"classId":"e_1","part":"s1v1","offsets":[{"start":1846,"text":"GREG ANGLEA, ChiefExecutive Officer"}],"coordinates":[{"x":"90.44","y":"416.90"},{"x":"234.75","y":"422.20"}],"confidence":{"state":"pre-added","who":["user:SDTEF"],"prob":1},"fields":{},"normalizations":{}}],"relations":[]}