{"annotatable":{"parts":["s1v1","s2v1","s3v1","s4v1","s5v1","s6v1","s7v1","s8v1","s9v1","s10v1"]},"anncomplete":true,"sources":[],"metas":{"m_21":{"value":"low income","confidence":{"state":"pre-added","who":["user:SDTEF"],"prob":1}},"m_20":{"value":"individuals and families","confidence":{"state":"pre-added","who":["user:SDTEF"],"prob":1}},"m_22":{"value":"outreach, case management, permanent housing, short term rental assistance, employment, health","confidence":{"state":"pre-added","who":["user:SDTEF"],"prob":1}},"m_23":{"value":"city","confidence":{"state":"pre-added","who":["user:SDTEF"],"prob":1}},"m_24":{"value":"$96,162 (escondido); $192,324","confidence":{"state":"pre-added","who":["user:SDTEF"],"prob":1}}},"entities":[{"classId":"e_7","part":"s1v1","offsets":[{"start":0,"text":"CITY OF ESCONDIDO FIRST AMENDMENT TO SUBRECIPIENT AGREEMENT"}],"coordinates":[{"x":"223.68","y":"107.09"},{"x":"424.18","y":"129.36"}],"confidence":{"state":"pre-added","who":["user:SDTEF"],"prob":1},"fields":{},"normalizations":{}},{"classId":"e_19","part":"s1v1","offsets":[{"start":0,"text":"CITY OF ESCONDIDO"}],"coordinates":[{"x":"223.68","y":"107.09"},{"x":"337.43","y":"113.27"}],"confidence":{"state":"pre-added","who":["user:SDTEF"],"prob":1},"fields":{},"normalizations":{}},{"classId":"e_19","part":"s1v1","offsets":[{"start":143,"text":"CITY OF ESCONDIDO"}],"coordinates":[],"confidence":{"state":"pre-added","who":["ml:regex"],"prob":0.5},"fields":{},"normalizations":{}},{"classId":"e_6","part":"s1v1","offsets":[{"start":161,"text":"a"}],"coordinates":[],"confidence":{"state":"pre-added","who":["ml:regex"],"prob":0.5},"fields":{},"normalizations":{}},{"classId":"e_4","part":"s1v1","offsets":[{"start":189,"text":"N"}],"coordinates":[],"confidence":{"state":"pre-added","who":["ml:regex"],"prob":0.5},"fields":{},"normalizations":{}},{"classId":"e_1","part":"s1v1","offsets":[{"start":239,"text":"Interfaith Community Services 550 West Washington Avenue] Escondido, CA 92025 Attn: Greg Anglea 760-489-6380 x230"}],"coordinates":[{"x":"158.40","y":"284.94"},{"x":"252.41","y":"341.52"}],"confidence":{"state":"pre-added","who":["user:SDTEF"],"prob":1},"fields":{},"normalizations":{}},{"classId":"e_6","part":"s1v1","offsets":[{"start":394,"text":"A"}],"coordinates":[],"confidence":{"state":"pre-added","who":["ml:regex"],"prob":0.5},"fields":{},"normalizations":{}},{"classId":"e_4","part":"s1v1","offsets":[{"start":539,"text":"preventing and reducing homelessness in Escondido"}],"coordinates":[],"confidence":{"state":"pre-added","who":["ml:regex"],"prob":0.5},"fields":{},"normalizations":{}},{"classId":"e_6","part":"s1v1","offsets":[{"start":726,"text":"A"}],"coordinates":[],"confidence":{"state":"pre-added","who":["ml:regex"],"prob":0.5},"fields":{},"normalizations":{}},{"classId":"e_6","part":"s1v1","offsets":[{"start":944,"text":"A"}],"coordinates":[],"confidence":{"state":"pre-added","who":["ml:regex"],"prob":0.5},"fields":{},"normalizations":{}},{"classId":"e_19","part":"s2v1","offsets":[{"start":747,"text":"CITY OF ESCONDIDO"}],"coordinates":[],"confidence":{"state":"pre-added","who":["ml:regex"],"prob":0.5},"fields":{},"normalizations":{}},{"classId":"e_1","part":"s3v1","offsets":[{"start":251,"text":"Interfaith Community Services"}],"coordinates":[],"confidence":{"state":"pre-added","who":["ml:regex"],"prob":0.5},"fields":{},"normalizations":{}},{"classId":"e_1","part":"s4v1","offsets":[{"start":0,"text":"A"}],"coordinates":[{"x":"263.29","y":"65.87"},{"x":"271.02","y":"72.24"}],"confidence":{"state":"pre-removed","who":["user:SDTEF","ml:regex"],"prob":0.5},"fields":{},"normalizations":{}},{"classId":"e_6","part":"s4v1","offsets":[{"start":0,"text":"A"}],"coordinates":[{"x":"263.29","y":"65.87"},{"x":"271.02","y":"72.24"}],"confidence":{"state":"pre-added","who":["user:SDTEF"],"prob":1},"fields":{},"normalizations":{}},{"classId":"e_4","part":"s4v1","offsets":[{"start":0,"text":"A"}],"coordinates":[{"x":"263.29","y":"65.87"},{"x":"271.02","y":"72.24"}],"confidence":{"state":"pre-added","who":["user:SDTEF"],"prob":1},"fields":{},"normalizations":{}},{"classId":"e_6","part":"s4v1","offsets":[{"start":11,"text":"A"}],"coordinates":[],"confidence":{"state":"pre-added","who":["ml:regex"],"prob":0.5},"fields":{},"normalizations":{}},{"classId":"e_1","part":"s4v1","offsets":[{"start":46,"text":"Interfaith Community Services"}],"coordinates":[{"x":"150.96","y":"157.97"},{"x":"295.66","y":"164.15"}],"confidence":{"state":"pre-added","who":["user:SDTEF"],"prob":1},"fields":{},"normalizations":{}},{"classId":"e_8","part":"s4v1","offsets":[{"start":84,"text":"Fiscal Year 2017- 2018"}],"coordinates":[{"x":"388.08","y":"157.97"},{"x":"503.56","y":"164.15"}],"confidence":{"state":"pre-added","who":["user:SDTEF"],"prob":1},"fields":{},"normalizations":{}},{"classId":"e_4","part":"s4v1","offsets":[{"start":107,"text":"Project Title"}],"coordinates":[{"x":"74.16","y":"170.75"},{"x":"135.76","y":"177.12"}],"confidence":{"state":"pre-added","who":["user:SDTEF"],"prob":1},"fields":{},"normalizations":{}},{"classId":"e_4","part":"s4v1","offsets":[{"start":122,"text":"Preventing and Reducing Homelessness in Escondido"}],"coordinates":[{"x":"158.65","y":"170.94"},{"x":"421.25","y":"177.12"}],"confidence":{"state":"pre-added","who":["user:SDTEF"],"prob":1},"fields":{},"normalizations":{}},{"classId":"e_6","part":"s4v1","offsets":[{"start":172,"text":"Goal Statement: Provide a suitable living environment and decent housing for extremely low income individuals and families\n\nObjective: Interfaith Community Services will provide Homeless Prevention to 6 households in Escondido"}],"coordinates":[{"x":"73.92","y":"183.71"},{"x":"124.12","y":"240.47"}],"confidence":{"state":"pre-added","who":["user:SDTEF"],"prob":1},"fields":{},"normalizations":{}},{"classId":"e_1","part":"s4v1","offsets":[{"start":307,"text":"Interfaith Community Services"}],"coordinates":[],"confidence":{"state":"pre-added","who":["ml:regex"],"prob":0.5},"fields":{},"normalizations":{}},{"classId":"e_4","part":"s4v1","offsets":[{"start":400,"text":"Key Activities"}],"coordinates":[{"x":"159.36","y":"266.75"},{"x":"229.73","y":"273.12"}],"confidence":{"state":"pre-added","who":["user:SDTEF"],"prob":1},"fields":{},"normalizations":{}},{"classId":"e_4","part":"s4v1","offsets":[{"start":422,"text":"Outreach to persons imminently at risk of July 1, 2017-August 31, 2018 homelessness in Escondido\n\nOutreach to Landlords in Escondido\n\nJuly 1, 2017 -August 31, 2018\n\nCase management & supportive services July 1, 2017-August 31, 2018\n\nPlacement to permanent housing\n\nJuly 1, 2017 -August 31, 2018\n\nProvide short-medium term rental assistance July 1, 2017 -August 31, 2018\n\nAccess/referrals to employment services and July 1, 2017 - August 31, 2018 job assistance\n\nAccess/ referrals to health and mental health July 1, 2017 -August 31, 2018 services"}],"coordinates":[{"x":"84.00","y":"300.06"},{"x":"140.04","y":"495.59"}],"confidence":{"state":"pre-added","who":["user:SDTEF"],"prob":1},"fields":{},"normalizations":{}},{"classId":"e_6","part":"s4v1","offsets":[{"start":1037,"text":"a"}],"coordinates":[],"confidence":{"state":"pre-added","who":["ml:regex"],"prob":0.5},"fields":{},"normalizations":{}},{"classId":"e_6","part":"s4v1","offsets":[{"start":1104,"text":"a"}],"coordinates":[],"confidence":{"state":"pre-added","who":["ml:regex"],"prob":0.5},"fields":{},"normalizations":{}},{"classId":"e_6","part":"s5v1","offsets":[{"start":11,"text":"A"}],"coordinates":[],"confidence":{"state":"pre-added","who":["ml:regex"],"prob":0.5},"fields":{},"normalizations":{}},{"classId":"e_1","part":"s5v1","offsets":[{"start":46,"text":"Interfaith Community Services"}],"coordinates":[],"confidence":{"state":"pre-added","who":["ml:regex"],"prob":0.5},"fields":{},"normalizations":{}},{"classId":"e_8","part":"s5v1","offsets":[{"start":85,"text":"Fiscal Year 2017- 2018"}],"coordinates":[],"confidence":{"state":"pre-added","who":["ml:regex"],"prob":0.5},"fields":{},"normalizations":{}},{"classId":"e_4","part":"s5v1","offsets":[{"start":108,"text":"Project Title"}],"coordinates":[],"confidence":{"state":"pre-added","who":["ml:regex"],"prob":0.5},"fields":{},"normalizations":{}},{"classId":"e_4","part":"s5v1","offsets":[{"start":123,"text":"Preventing and Reducing Homelessness in Escondido"}],"coordinates":[],"confidence":{"state":"pre-added","who":["ml:regex"],"prob":0.5},"fields":{},"normalizations":{}},{"classId":"e_6","part":"s5v1","offsets":[{"start":173,"text":"Goal Statement: Provide a suitable living environment and decent housing for extremely low income individuals and families\n\nObjective: Interfaith Community Services will provide Rapide Rehousing to 11 households in Escondido"}],"coordinates":[{"x":"73.44","y":"178.49"},{"x":"121.53","y":"235.44"}],"confidence":{"state":"pre-added","who":["user:SDTEF"],"prob":1},"fields":{},"normalizations":{}},{"classId":"e_6","part":"s5v1","offsets":[{"start":197,"text":"a"}],"coordinates":[],"confidence":{"state":"pre-added","who":["ml:regex"],"prob":0.5},"fields":{},"normalizations":{}},{"classId":"e_1","part":"s5v1","offsets":[{"start":308,"text":"Interfaith Community Services"}],"coordinates":[],"confidence":{"state":"pre-added","who":["ml:regex"],"prob":0.5},"fields":{},"normalizations":{}},{"classId":"e_4","part":"s5v1","offsets":[{"start":399,"text":"Key Activities"}],"coordinates":[],"confidence":{"state":"pre-added","who":["ml:regex"],"prob":0.5},"fields":{},"normalizations":{}},{"classId":"e_4","part":"s5v1","offsets":[{"start":421,"text":"Outreach to homeless populations\n\nJuly 1, 2017 -August 31, 2018\n\nOutreach to Landlords in Escondido\n\nJuly 1, 2017 -August 31, 2018\n\nAccept referrals through the CAHP system July 1, 2017 -August 31, 2018\n\nCase management & supportive services July 1, 2017 -August 31, 2018\n\nPlacement to permanent housing\n\nJuly 1, 2017 -August 31, 2018\n\nProvide short-medium term rental assistance July 1, 2017 -August 31, 2018\n\nAccess/referrals to employment services and July 1, 2017 - August 31, 2018 job assistance\n\nAccess/referrals to employment services and July 1, 2017 -August 31, 2018 job search assistance"}],"coordinates":[{"x":"83.52","y":"307.73"},{"x":"202.75","y":"516.24"}],"confidence":{"state":"pre-added","who":["user:SDTEF"],"prob":1},"fields":{},"normalizations":{}},{"classId":"e_6","part":"s5v1","offsets":[{"start":1087,"text":"a"}],"coordinates":[],"confidence":{"state":"pre-added","who":["ml:regex"],"prob":0.5},"fields":{},"normalizations":{}},{"classId":"e_6","part":"s5v1","offsets":[{"start":1154,"text":"a"}],"coordinates":[],"confidence":{"state":"pre-added","who":["ml:regex"],"prob":0.5},"fields":{},"normalizations":{}},{"classId":"e_6","part":"s6v1","offsets":[{"start":11,"text":"A"}],"coordinates":[],"confidence":{"state":"pre-added","who":["ml:regex"],"prob":0.5},"fields":{},"normalizations":{}},{"classId":"e_1","part":"s6v1","offsets":[{"start":46,"text":"Interfaith Community Services"}],"coordinates":[],"confidence":{"state":"pre-added","who":["ml:regex"],"prob":0.5},"fields":{},"normalizations":{}},{"classId":"e_8","part":"s6v1","offsets":[{"start":85,"text":"Fiscal Year 2017- 2018"}],"coordinates":[],"confidence":{"state":"pre-added","who":["ml:regex"],"prob":0.5},"fields":{},"normalizations":{}},{"classId":"e_4","part":"s6v1","offsets":[{"start":108,"text":"Project Title"}],"coordinates":[],"confidence":{"state":"pre-added","who":["ml:regex"],"prob":0.5},"fields":{},"normalizations":{}},{"classId":"e_4","part":"s6v1","offsets":[{"start":123,"text":"Preventing and Reducing Homelessness in Escondido"}],"coordinates":[],"confidence":{"state":"pre-added","who":["ml:regex"],"prob":0.5},"fields":{},"normalizations":{}},{"classId":"e_6","part":"s6v1","offsets":[{"start":173,"text":"Goal Statement: Provide a suitable living environment and decent housing for extremely low income individuals and families\n\nObjective: Interfaith Community Services will provide Emergency Shelter/Bridge Housing services 150 homeless individuals in Escondido Haven House"}],"coordinates":[{"x":"73.44","y":"179.63"},{"x":"372.25","y":"236.63"}],"confidence":{"state":"pre-added","who":["user:SDTEF"],"prob":1},"fields":{},"normalizations":{}},{"classId":"e_6","part":"s6v1","offsets":[{"start":197,"text":"a"}],"coordinates":[],"confidence":{"state":"pre-added","who":["ml:regex"],"prob":0.5},"fields":{},"normalizations":{}},{"classId":"e_1","part":"s6v1","offsets":[{"start":308,"text":"Interfaith Community Services"}],"coordinates":[],"confidence":{"state":"pre-added","who":["ml:regex"],"prob":0.5},"fields":{},"normalizations":{}},{"classId":"e_4","part":"s6v1","offsets":[{"start":435,"text":"n"}],"coordinates":[{"x":"331.96","y":"230.68"},{"x":"337.69","y":"236.63"}],"confidence":{"state":"pre-added","who":["user:SDTEF"],"prob":1},"fields":{},"normalizations":{}},{"classId":"e_4","part":"s6v1","offsets":[{"start":444,"text":"Key Activities"}],"coordinates":[],"confidence":{"state":"pre-added","who":["ml:regex"],"prob":0.5},"fields":{},"normalizations":{}},{"classId":"e_4","part":"s6v1","offsets":[{"start":466,"text":"Outreach to homeless population\n\nJuly 1, 2017 -August 31, 2018\n\nEvening meals\n\nJuly 1, 2017-August 31, 2018\n\nShower and laundry access\n\nJuly 1, 2017-August 31, 2018\n\nCase management & supportive services July 1, 2017 - August 31, 2018\n\nAccess/ referrals to employment services and July 1, 2017 -August 31, 2018 job search assistance\n\nReferrals/ placement assistance to longer July 1, 2017 -August 31, 2018 term and housing programs"}],"coordinates":[{"x":"83.52","y":"308.69"},{"x":"232.15","y":"479.27"}],"confidence":{"state":"pre-added","who":["user:SDTEF"],"prob":1},"fields":{},"normalizations":{}},{"classId":"e_6","part":"s6v1","offsets":[{"start":966,"text":"a"}],"coordinates":[],"confidence":{"state":"pre-added","who":["ml:regex"],"prob":0.5},"fields":{},"normalizations":{}},{"classId":"e_6","part":"s6v1","offsets":[{"start":1033,"text":"a"}],"coordinates":[],"confidence":{"state":"pre-added","who":["ml:regex"],"prob":0.5},"fields":{},"normalizations":{}},{"classId":"e_1","part":"s7v1","offsets":[{"start":59,"text":"Interfaith Community Services"}],"coordinates":[],"confidence":{"state":"pre-added","who":["ml:regex"],"prob":0.5},"fields":{},"normalizations":{}},{"classId":"e_4","part":"s7v1","offsets":[{"start":90,"text":"Project Title"}],"coordinates":[],"confidence":{"state":"pre-added","who":["ml:regex"],"prob":0.5},"fields":{},"normalizations":{}},{"classId":"e_4","part":"s7v1","offsets":[{"start":105,"text":"Preventing and Reducing Homelessness in Escondido"}],"coordinates":[],"confidence":{"state":"pre-added","who":["ml:regex"],"prob":0.5},"fields":{},"normalizations":{}},{"classId":"e_7","part":"s7v1","offsets":[{"start":269,"text":"Private agency funds"}],"coordinates":[{"x":"427.45","y":"226.58"},{"x":"471.32","y":"243.83"}],"confidence":{"state":"pre-added","who":["user:SDTEF"],"prob":1},"fields":{},"normalizations":{}},{"classId":"e_7","part":"s7v1","offsets":[{"start":326,"text":"Private agency funds"}],"coordinates":[],"confidence":{"state":"pre-added","who":["ml:regex"],"prob":0.5},"fields":{},"normalizations":{}},{"classId":"e_7","part":"s7v1","offsets":[{"start":458,"text":"Private agency funds"}],"coordinates":[],"confidence":{"state":"pre-added","who":["ml:regex"],"prob":0.5},"fields":{},"normalizations":{}},{"classId":"e_7","part":"s7v1","offsets":[{"start":525,"text":"Private agency funds"}],"coordinates":[],"confidence":{"state":"pre-added","who":["ml:regex"],"prob":0.5},"fields":{},"normalizations":{}},{"classId":"e_7","part":"s7v1","offsets":[{"start":867,"text":"Private agency funds"}],"coordinates":[],"confidence":{"state":"pre-added","who":["ml:regex"],"prob":0.5},"fields":{},"normalizations":{}},{"classId":"e_7","part":"s7v1","offsets":[{"start":934,"text":"Private agency funds"}],"coordinates":[],"confidence":{"state":"pre-added","who":["ml:regex"],"prob":0.5},"fields":{},"normalizations":{}},{"classId":"e_2","part":"s7v1","offsets":[{"start":1194,"text":"Total Budgeted Expenses:\n\n$96,162 $96,162\n\nPROJECT TOTAL\n\n$39,900\n\n$16,164\n\n$56,064\n\n$3,476\n\n$6,782\n\n$9,374\n\n$48,000\n\n$67,632\n\n·.\n\n$3,472\n\n$6,782\n\n$9,374\n\n$48,000\n\n$67,628\n\n$1,000\n\n$192,324"}],"coordinates":[{"x":"71.04","y":"740.51"},{"x":"528.74","y":"746.39"}],"confidence":{"state":"pre-added","who":["user:SDTEF"],"prob":1},"fields":{},"normalizations":{}},{"classId":"e_19","part":"s8v1","offsets":[{"start":22,"text":"CITY OF ESCONDIDO"}],"coordinates":[],"confidence":{"state":"pre-added","who":["ml:regex"],"prob":0.5},"fields":{},"normalizations":{}},{"classId":"e_6","part":"s8v1","offsets":[{"start":915,"text":"A"}],"coordinates":[],"confidence":{"state":"pre-added","who":["ml:regex"],"prob":0.5},"fields":{},"normalizations":{}},{"classId":"e_19","part":"s8v1","offsets":[{"start":1029,"text":"City of Escondido"}],"coordinates":[],"confidence":{"state":"pre-added","who":["ml:regex"],"prob":0.5},"fields":{},"normalizations":{}},{"classId":"e_6","part":"s9v1","offsets":[{"start":138,"text":"A"}],"coordinates":[],"confidence":{"state":"pre-added","who":["ml:regex"],"prob":0.5},"fields":{},"normalizations":{}},{"classId":"e_6","part":"s9v1","offsets":[{"start":390,"text":"A"}],"coordinates":[],"confidence":{"state":"pre-added","who":["ml:regex"],"prob":0.5},"fields":{},"normalizations":{}},{"classId":"e_6","part":"s9v1","offsets":[{"start":757,"text":"A"}],"coordinates":[],"confidence":{"state":"pre-added","who":["ml:regex"],"prob":0.5},"fields":{},"normalizations":{}},{"classId":"e_4","part":"s9v1","offsets":[{"start":1952,"text":"n"}],"coordinates":[],"confidence":{"state":"pre-added","who":["ml:regex"],"prob":0.5},"fields":{},"normalizations":{}},{"classId":"e_4","part":"s9v1","offsets":[{"start":1956,"text":"n"}],"coordinates":[],"confidence":{"state":"pre-added","who":["ml:regex"],"prob":0.5},"fields":{},"normalizations":{}},{"classId":"e_4","part":"s9v1","offsets":[{"start":1958,"text":"n"}],"coordinates":[],"confidence":{"state":"pre-added","who":["ml:regex"],"prob":0.5},"fields":{},"normalizations":{}},{"classId":"e_4","part":"s9v1","offsets":[{"start":1985,"text":"n"}],"coordinates":[],"confidence":{"state":"pre-added","who":["ml:regex"],"prob":0.5},"fields":{},"normalizations":{}},{"classId":"e_4","part":"s9v1","offsets":[{"start":2549,"text":"n"}],"coordinates":[],"confidence":{"state":"pre-added","who":["ml:regex"],"prob":0.5},"fields":{},"normalizations":{}},{"classId":"e_6","part":"s9v1","offsets":[{"start":2612,"text":"A"}],"coordinates":[],"confidence":{"state":"pre-added","who":["ml:regex"],"prob":0.5},"fields":{},"normalizations":{}},{"classId":"e_19","part":"s9v1","offsets":[{"start":3418,"text":"CITY OF ESCONDIDO"}],"coordinates":[],"confidence":{"state":"pre-added","who":["ml:regex"],"prob":0.5},"fields":{},"normalizations":{}},{"classId":"e_4","part":"s9v1","offsets":[{"start":3503,"text":"N"}],"coordinates":[],"confidence":{"state":"pre-added","who":["ml:regex"],"prob":0.5},"fields":{},"normalizations":{}},{"classId":"e_4","part":"s9v1","offsets":[{"start":3525,"text":"n"}],"coordinates":[],"confidence":{"state":"pre-added","who":["ml:regex"],"prob":0.5},"fields":{},"normalizations":{}},{"classId":"e_6","part":"s9v1","offsets":[{"start":3536,"text":"A"}],"coordinates":[],"confidence":{"state":"pre-added","who":["ml:regex"],"prob":0.5},"fields":{},"normalizations":{}},{"classId":"e_6","part":"s9v1","offsets":[{"start":3538,"text":"a"}],"coordinates":[],"confidence":{"state":"pre-added","who":["ml:regex"],"prob":0.5},"fields":{},"normalizations":{}},{"classId":"e_4","part":"s9v1","offsets":[{"start":3540,"text":"n"}],"coordinates":[],"confidence":{"state":"pre-added","who":["ml:regex"],"prob":0.5},"fields":{},"normalizations":{}},{"classId":"e_6","part":"s10v1","offsets":[{"start":133,"text":"A"}],"coordinates":[],"confidence":{"state":"pre-added","who":["ml:regex"],"prob":0.5},"fields":{},"normalizations":{}},{"classId":"e_6","part":"s10v1","offsets":[{"start":385,"text":"A"}],"coordinates":[],"confidence":{"state":"pre-added","who":["ml:regex"],"prob":0.5},"fields":{},"normalizations":{}},{"classId":"e_6","part":"s10v1","offsets":[{"start":714,"text":"A"}],"coordinates":[],"confidence":{"state":"pre-added","who":["ml:regex"],"prob":0.5},"fields":{},"normalizations":{}},{"classId":"e_6","part":"s10v1","offsets":[{"start":875,"text":"A"}],"coordinates":[],"confidence":{"state":"pre-added","who":["ml:regex"],"prob":0.5},"fields":{},"normalizations":{}},{"classId":"e_6","part":"s10v1","offsets":[{"start":1006,"text":"A"}],"coordinates":[],"confidence":{"state":"pre-added","who":["ml:regex"],"prob":0.5},"fields":{},"normalizations":{}},{"classId":"e_6","part":"s10v1","offsets":[{"start":1145,"text":"A"}],"coordinates":[],"confidence":{"state":"pre-added","who":["ml:regex"],"prob":0.5},"fields":{},"normalizations":{}},{"classId":"e_1","part":"s10v1","offsets":[{"start":1196,"text":"Interfaith Community Services"}],"coordinates":[],"confidence":{"state":"pre-added","who":["ml:regex"],"prob":0.5},"fields":{},"normalizations":{}},{"classId":"e_6","part":"s10v1","offsets":[{"start":2028,"text":"A"}],"coordinates":[],"confidence":{"state":"pre-added","who":["ml:regex"],"prob":0.5},"fields":{},"normalizations":{}},{"classId":"e_6","part":"s10v1","offsets":[{"start":2213,"text":"A"}],"coordinates":[],"confidence":{"state":"pre-added","who":["ml:regex"],"prob":0.5},"fields":{},"normalizations":{}},{"classId":"e_6","part":"s10v1","offsets":[{"start":2604,"text":"A"}],"coordinates":[],"confidence":{"state":"pre-added","who":["ml:regex"],"prob":0.5},"fields":{},"normalizations":{}},{"classId":"e_6","part":"s10v1","offsets":[{"start":2871,"text":"A"}],"coordinates":[],"confidence":{"state":"pre-added","who":["ml:regex"],"prob":0.5},"fields":{},"normalizations":{}},{"classId":"e_4","part":"s10v1","offsets":[{"start":3067,"text":"N"}],"coordinates":[],"confidence":{"state":"pre-added","who":["ml:regex"],"prob":0.5},"fields":{},"normalizations":{}},{"classId":"e_4","part":"s10v1","offsets":[{"start":3105,"text":"N"}],"coordinates":[],"confidence":{"state":"pre-added","who":["ml:regex"],"prob":0.5},"fields":{},"normalizations":{}},{"classId":"e_6","part":"s10v1","offsets":[{"start":3107,"text":"A"}],"coordinates":[],"confidence":{"state":"pre-added","who":["ml:regex"],"prob":0.5},"fields":{},"normalizations":{}},{"classId":"e_6","part":"s10v1","offsets":[{"start":3290,"text":"A"}],"coordinates":[],"confidence":{"state":"pre-added","who":["ml:regex"],"prob":0.5},"fields":{},"normalizations":{}},{"classId":"e_19","part":"s10v1","offsets":[{"start":3550,"text":"City of Escondido"}],"coordinates":[],"confidence":{"state":"pre-added","who":["ml:regex"],"prob":0.5},"fields":{},"normalizations":{}},{"classId":"e_19","part":"s10v1","offsets":[{"start":3688,"text":"City of Escondido"}],"coordinates":[],"confidence":{"state":"pre-added","who":["ml:regex"],"prob":0.5},"fields":{},"normalizations":{}},{"classId":"e_4","part":"s10v1","offsets":[{"start":3736,"text":"N"}],"coordinates":[],"confidence":{"state":"pre-added","who":["ml:regex"],"prob":0.5},"fields":{},"normalizations":{}}],"relations":[]}