{"annotatable":{"parts":["s1v1","s2v1","s3v1","s4v1","s5v1","s6v1","s7v1","s8v1","s9v1","s10v1","s11v1","s12v1","s13v1","s14v1","s15v1","s16v1","s17v1","s18v1","s19v1","s20v1","s21v1","s22v1","s23v1","s24v1","s25v1","s26v1","s27v1","s28v1","s29v1"]},"anncomplete":true,"sources":[],"metas":{"m_22":{"value":"abandon items/litter removal","confidence":{"state":"pre-added","who":["user:SDTEF"],"prob":1}},"m_24":{"value":"$98,985","confidence":{"state":"pre-added","who":["user:SDTEF"],"prob":1}},"m_23":{"value":"city","confidence":{"state":"pre-added","who":["user:SDTEF"],"prob":1}}},"entities":[{"classId":"e_2","part":"s1v1","offsets":[{"start":453,"text":"$99,000"}],"coordinates":[],"confidence":{"state":"pre-added","who":["ml:regex"],"prob":0.5},"fields":{},"normalizations":{}},{"classId":"e_2","part":"s1v1","offsets":[{"start":593,"text":"$99,000"}],"coordinates":[{"x":"221.76","y":"531.08"},{"x":"257.78","y":"536.64"}],"confidence":{"state":"pre-added","who":["user:SDTEF"],"prob":1},"fields":{},"normalizations":{}},{"classId":"e_1","part":"s1v1","offsets":[{"start":1694,"text":"Contractor:"}],"coordinates":[{"x":"42.92","y":"112.52"},{"x":"92.20","y":"118.08"}],"confidence":{"state":"pre-added","who":["user:SDTEF"],"prob":1},"fields":{},"normalizations":{}},{"classId":"e_1","part":"s1v1","offsets":[{"start":1707,"text":"Urban Corps of San Diego"}],"coordinates":[{"x":"97.91","y":"112.52"},{"x":"215.02","y":"118.08"}],"confidence":{"state":"pre-added","who":["user:SDTEF"],"prob":1},"fields":{},"normalizations":{}},{"classId":"e_1","part":"s1v1","offsets":[{"start":1733,"text":"Contact:\n\n Kyle Kennedy Email:"}],"coordinates":[{"x":"281.51","y":"112.52"},{"x":"453.42","y":"112.33"}],"confidence":{"state":"pre-added","who":["user:SDTEF"],"prob":1},"fields":{},"normalizations":{}},{"classId":"e_1","part":"s1v1","offsets":[{"start":1765,"text":"kkennedy@urbancorps.org"}],"coordinates":[{"x":"425.66","y":"118.28"},{"x":"545.65","y":"123.84"}],"confidence":{"state":"pre-added","who":["user:SDTEF"],"prob":1},"fields":{},"normalizations":{}},{"classId":"e_1","part":"s1v1","offsets":[{"start":2004,"text":"Urban Corps of San Diego"}],"coordinates":[],"confidence":{"state":"pre-added","who":["ml:regex"],"prob":0.5},"fields":{},"normalizations":{}},{"classId":"e_19","part":"s2v1","offsets":[{"start":187,"text":"AMENDMENT NO. 2 TO EXTEND AND AMEND AGREEMENT FOR CITYWIDE ABANDONED ITEMS/UTTER REMOVAL SERVICES URBAN CORPS OF SAN DIEGO"}],"coordinates":[{"x":"133.09","y":"79.97"},{"x":"385.23","y":"111.16"}],"confidence":{"state":"pre-added","who":["user:SDTEF"],"prob":1},"fields":{},"normalizations":{}},{"classId":"e_4","part":"s2v1","offsets":[{"start":246,"text":"ABANDONED ITEMS/UTTER REMOVAL"}],"coordinates":[{"x":"198.13","y":"92.94"},{"x":"405.14","y":"98.04"}],"confidence":{"state":"pre-added","who":["user:SDTEF"],"prob":1},"fields":{},"normalizations":{}},{"classId":"e_1","part":"s2v1","offsets":[{"start":285,"text":"URBAN CORPS OF SAN DIEGO"}],"coordinates":[],"confidence":{"state":"pre-added","who":["ml:regex"],"prob":0.5},"fields":{},"normalizations":{}},{"classId":"e_7","part":"s2v1","offsets":[{"start":601,"text":"City of Carlsbad,"}],"coordinates":[{"x":"455.23","y":"180.01"},{"x":"535.51","y":"187.14"}],"confidence":{"state":"pre-added","who":["user:SDTEF"],"prob":1},"fields":{},"normalizations":{}},{"classId":"e_1","part":"s2v1","offsets":[{"start":658,"text":"Urban Corps of San Diego"}],"coordinates":[],"confidence":{"state":"pre-added","who":["ml:regex"],"prob":0.5},"fields":{},"normalizations":{}},{"classId":"e_4","part":"s2v1","offsets":[{"start":760,"text":"for collecting abandoned items and litter removal services related to homelessness."}],"coordinates":[{"x":"262.27","y":"204.18"},{"x":"190.60","y":"224.28"}],"confidence":{"state":"pre-added","who":["user:SDTEF"],"prob":1},"fields":{},"normalizations":{}},{"classId":"e_2","part":"s2v1","offsets":[{"start":1754,"text":"$99,000"}],"coordinates":[],"confidence":{"state":"pre-added","who":["ml:regex"],"prob":0.5},"fields":{},"normalizations":{}},{"classId":"e_2","part":"s2v1","offsets":[{"start":1927,"text":"$99,000"}],"coordinates":[],"confidence":{"state":"pre-added","who":["ml:regex"],"prob":0.5},"fields":{},"normalizations":{}},{"classId":"e_4","part":"s4v1","offsets":[{"start":0,"text":"SCOPE OF SERVICES AND FEE   \n\nContractor shall provide the following: \n\nA. One (1) supervisor at a rate of $30.00/hour and one (1) corps member at a rate of $22.50/hour for a maximum of 1664 hours for each role for citywide abandoned items and litter removal services related to homelessness and other city needs. Contractor s\n\nc unassisted. Contractor shall be able to read, write and speak English. Permanent schedule change requests must be submitted to the City with 30 days written notice and must be mutually agreed upon by both parties.\n\n\n\nB. An additional three hundred and fifty-four (354 larly scheduled labor to accommodate for large scale abandoned items or litter removal services. An additional supervisor may be added to any large event at the discretion of the City in which event total labor hours must be less than ninety (90) hours.  \n\nC. All personal protective equipment, cell phones, vehicles (stake bed with lift gate), traffic control devices, hand tools, (55 gallon) heavy-duty trash bags, and uniforms necessary to complete assigned task. \n\nD. A monthly stipend of $80 will be paid for the expense of gas. This stipend is included in the contract value, not to exceed $99,000 per Agreement year. \n\nE. General labor services will be provided as needed and as determined by the city's Contract Manager, Clayton Dobbs, and Homeless Outreach Team Sergeant. All trash will be disposed of at a site approved by the Contract Manager from the City of Carlsbad. \n\nF. Requests for citywide abandoned items and litter removal must be acknowledged within 24 hours and performed within two (2) business days.  \n\nG. All homeless encampment removals will have at least one City of Carlsbad Homeless Outreach Team Officer present.  \n\nH. Abide by the strategies set forth in the City's Homeless Response Plan and any amendments thereto, which takes a community focused and collaborative approach to addressing the needs of those experiencing or at-risk of homelessness within the City of Carlsbad.  \n\nI. All billing invoices shall be submitted on a monthly basis by the 15th of the month"}],"coordinates":[{"x":"234.12","y":"105.36"},{"x":"498.54","y":"706.44"}],"confidence":{"state":"pre-added","who":["user:SDTEF"],"prob":1},"fields":{},"normalizations":{}},{"classId":"e_2","part":"s4v1","offsets":[{"start":1194,"text":"$99,000"}],"coordinates":[],"confidence":{"state":"pre-added","who":["ml:regex"],"prob":0.5},"fields":{},"normalizations":{}},{"classId":"e_2","part":"s5v1","offsets":[{"start":542,"text":"$99,000"}],"coordinates":[],"confidence":{"state":"pre-added","who":["ml:regex"],"prob":0.5},"fields":{},"normalizations":{}},{"classId":"e_2","part":"s6v1","offsets":[{"start":353,"text":"Total (amount not to exceed per agreement year)\n\n $ 98,985"}],"coordinates":[{"x":"203.64","y":"396.20"},{"x":"529.73","y":"400.68"}],"confidence":{"state":"pre-added","who":["user:SDTEF"],"prob":1},"fields":{},"normalizations":{}},{"classId":"e_1","part":"s7v1","offsets":[{"start":1356,"text":"Urban Corps of San Diego"}],"coordinates":[],"confidence":{"state":"pre-added","who":["ml:regex"],"prob":0.5},"fields":{},"normalizations":{}},{"classId":"e_1","part":"s7v1","offsets":[{"start":1451,"text":"Urban Corps of San Diego"}],"coordinates":[],"confidence":{"state":"pre-added","who":["ml:regex"],"prob":0.5},"fields":{},"normalizations":{}},{"classId":"e_1","part":"s14v1","offsets":[{"start":171,"text":"Urban Corps of San Diego"}],"coordinates":[],"confidence":{"state":"pre-added","who":["ml:regex"],"prob":0.5},"fields":{},"normalizations":{}}],"relations":[]}