{"annotatable":{"parts":["s1v1","s2v1","s3v1","s4v1","s5v1","s6v1","s7v1","s8v1","s9v1","s10v1","s11v1","s12v1","s13v1","s14v1","s15v1","s16v1","s17v1","s18v1","s19v1","s20v1","s21v1","s22v1","s23v1","s24v1","s25v1","s26v1","s27v1","s28v1","s29v1","s30v1"]},"anncomplete":true,"sources":[],"metas":{"m_23":{"value":"city and CDBG funds","confidence":{"state":"pre-added","who":["user:SDTEF"],"prob":1}},"m_24":{"value":"$58,366","confidence":{"state":"pre-added","who":["user:SDTEF"],"prob":1}},"m_21":{"value":"low income","confidence":{"state":"pre-added","who":["user:SDTEF"],"prob":1}},"m_22":{"value":"facility improvements","confidence":{"state":"pre-added","who":["user:SDTEF"],"prob":1}}},"entities":[{"classId":"e_19","part":"s1v1","offsets":[{"start":0,"text":"AGREEMENT BETWEEN THE CITY OF ENCINITAS AND COMMUNITY RESOURCE CENTER FOR THE USE OF COMMUNITY DEVELOPMENT BLOCK GRANT FUNDS"}],"coordinates":[{"x":"74.00","y":"63.72"},{"x":"532.63","y":"83.40"}],"confidence":{"state":"pre-added","who":["user:SDTEF"],"prob":1},"fields":{},"normalizations":{}},{"classId":"e_7","part":"s1v1","offsets":[{"start":22,"text":"CITY OF ENCINITAS"}],"coordinates":[{"x":"243.90","y":"63.42"},{"x":"357.40","y":"69.90"}],"confidence":{"state":"pre-added","who":["user:SDTEF"],"prob":1},"fields":{},"normalizations":{}},{"classId":"e_1","part":"s1v1","offsets":[{"start":44,"text":"COMMUNITY RESOURCE CENTER"}],"coordinates":[{"x":"391.10","y":"62.82"},{"x":"123.42","y":"84.40"}],"confidence":{"state":"pre-added","who":["user:SDTEF"],"prob":1},"fields":{},"normalizations":{}},{"classId":"e_7","part":"s1v1","offsets":[{"start":85,"text":"COMMUNITY DEVELOPMENT BLOCK GRANT FUNDS"}],"coordinates":[{"x":"231.00","y":"77.52"},{"x":"532.63","y":"83.40"}],"confidence":{"state":"pre-added","who":["user:SDTEF"],"prob":1},"fields":{},"normalizations":{}},{"classId":"e_7","part":"s1v1","offsets":[{"start":210,"text":"CITY of Encinitas"}],"coordinates":[],"confidence":{"state":"pre-added","who":["ml:regex"],"prob":0.5},"fields":{},"normalizations":{}},{"classId":"e_1","part":"s1v1","offsets":[{"start":321,"text":"Community Resource Center"}],"coordinates":[],"confidence":{"state":"pre-added","who":["ml:regex"],"prob":0.5},"fields":{},"normalizations":{}},{"classId":"e_6","part":"s2v1","offsets":[{"start":1132,"text":"Levels of Accomi3lishment — Goals and Performance Measures: The levels of accomplishment may include such measures as units rehabilitated; persons or households assisted, or meals served, and should include periods for performance. Refer to Exhibit A for the level of project and program services."}],"coordinates":[{"x":"142.80","y":"378.42"},{"x":"236.02","y":"440.30"}],"confidence":{"state":"pre-added","who":["user:SDTEF"],"prob":1},"fields":{},"normalizations":{}},{"classId":"e_2","part":"s2v1","offsets":[{"start":2058,"text":"BUDGET.\n\nCITY shall pay to SUBRECIPIENT from CDBG funds, when, if and to the extent received from HUD, amounts to reimburse SUBRECIPIENT for expenditures incurred in carrying out this Agreement, up to a maximum, aggregate amount of fifty eight thousand, three hundred sixty six ($58,366)"}],"coordinates":[{"x":"142.10","y":"628.02"},{"x":"533.25","y":"704.70"}],"confidence":{"state":"pre-added","who":["user:SDTEF"],"prob":1},"fields":{},"normalizations":{}},{"classId":"e_2","part":"s3v1","offsets":[{"start":0,"text":"dollars. The contract budget for this project is described in Exhibit B. In no event shall the contracted budget be modified without prior CITY approval, in writing. No line item will be adjusted to allow for expenditures that have already been incurred by SUBRECIPIENT prior to the effective date of an approved budget adjustment."}],"coordinates":[{"x":"136.80","y":"70.42"},{"x":"289.28","y":"131.80"}],"confidence":{"state":"pre-added","who":["user:SDTEF"],"prob":1},"fields":{},"normalizations":{}},{"classId":"e_8","part":"s4v1","offsets":[{"start":196,"text":"TERM.\n\nThis agreement shall commence July 1, 2019 and shall continue in full force and effect until June 30, 2020, during which time SUBRECIPIENT shall perform the services provided herein. Alternatively, the agreement will be automatically terminated in the event that the United States Government terminates the Community Development Block Grant Program or terminates the Projects, which is the subject of the agreement."}],"coordinates":[{"x":"142.60","y":"130.62"},{"x":"409.28","y":"233.80"}],"confidence":{"state":"pre-added","who":["user:SDTEF"],"prob":1},"fields":{},"normalizations":{}},{"classId":"e_7","part":"s5v1","offsets":[{"start":1507,"text":"CITY of Encinitas"}],"coordinates":[],"confidence":{"state":"pre-added","who":["ml:regex"],"prob":0.5},"fields":{},"normalizations":{}},{"classId":"e_7","part":"s6v1","offsets":[{"start":460,"text":"CITY of Encinitas"}],"coordinates":[],"confidence":{"state":"pre-added","who":["ml:regex"],"prob":0.5},"fields":{},"normalizations":{}},{"classId":"e_7","part":"s7v1","offsets":[{"start":1392,"text":"CITY of Encinitas"}],"coordinates":[],"confidence":{"state":"pre-added","who":["ml:regex"],"prob":0.5},"fields":{},"normalizations":{}},{"classId":"e_7","part":"s18v1","offsets":[{"start":877,"text":"City of Encinitas"}],"coordinates":[],"confidence":{"state":"pre-added","who":["ml:regex"],"prob":0.5},"fields":{},"normalizations":{}},{"classId":"e_1","part":"s18v1","offsets":[{"start":896,"text":"Community Resource Center"}],"coordinates":[],"confidence":{"state":"pre-added","who":["ml:regex"],"prob":0.5},"fields":{},"normalizations":{}},{"classId":"e_1","part":"s18v1","offsets":[{"start":961,"text":"650 2nd St, Encinitas, CA 92024"}],"coordinates":[{"x":"373.10","y":"359.42"},{"x":"538.95","y":"366.30"}],"confidence":{"state":"pre-added","who":["user:SDTEF"],"prob":1},"fields":{},"normalizations":{}},{"classId":"e_1","part":"s18v1","offsets":[{"start":1029,"text":"(760) 230-6308"}],"coordinates":[{"x":"373.20","y":"386.82"},{"x":"453.26","y":"393.50"}],"confidence":{"state":"pre-added","who":["user:SDTEF"],"prob":1},"fields":{},"normalizations":{}},{"classId":"e_1","part":"s18v1","offsets":[{"start":1075,"text":"rradosh@crcncc.org"}],"coordinates":[{"x":"373.40","y":"401.42"},{"x":"478.86","y":"408.00"}],"confidence":{"state":"pre-added","who":["user:SDTEF"],"prob":1},"fields":{},"normalizations":{}},{"classId":"e_7","part":"s19v1","offsets":[{"start":141,"text":"CITY OF ENCINITAS"}],"coordinates":[],"confidence":{"state":"pre-added","who":["ml:regex"],"prob":0.5},"fields":{},"normalizations":{}},{"classId":"e_8","part":"s20v1","offsets":[{"start":30,"text":"Term of Contract: July 1,2019-June 30, 2020"}],"coordinates":[{"x":"67.60","y":"119.92"},{"x":"308.60","y":"128.65"}],"confidence":{"state":"pre-added","who":["user:SDTEF"],"prob":1},"fields":{},"normalizations":{}},{"classId":"e_1","part":"s20v1","offsets":[{"start":83,"text":"Community Resource Center"}],"coordinates":[],"confidence":{"state":"pre-added","who":["ml:regex"],"prob":0.5},"fields":{},"normalizations":{}},{"classId":"e_1","part":"s20v1","offsets":[{"start":119,"text":"650 2nd St, Encinitas, CA 92024"}],"coordinates":[],"confidence":{"state":"pre-added","who":["ml:regex"],"prob":0.5},"fields":{},"normalizations":{}},{"classId":"e_1","part":"s20v1","offsets":[{"start":152,"text":"Contact Person: Richard Radosh"}],"coordinates":[{"x":"67.00","y":"196.72"},{"x":"239.00","y":"204.65"}],"confidence":{"state":"pre-added","who":["user:SDTEF"],"prob":1},"fields":{},"normalizations":{}},{"classId":"e_1","part":"s20v1","offsets":[{"start":190,"text":"(760) 230-6308"}],"coordinates":[],"confidence":{"state":"pre-added","who":["ml:regex"],"prob":0.5},"fields":{},"normalizations":{}},{"classId":"e_4","part":"s20v1","offsets":[{"start":206,"text":"Project Name: CRC Facility Improvements — ADA Bathroom"}],"coordinates":[{"x":"67.30","y":"222.22"},{"x":"381.10","y":"231.42"}],"confidence":{"state":"pre-added","who":["user:SDTEF"],"prob":1},"fields":{},"normalizations":{}},{"classId":"e_3","part":"s20v1","offsets":[{"start":262,"text":"Target: Low-income and episodically homeless individuals and households"}],"coordinates":[{"x":"66.40","y":"247.82"},{"x":"458.40","y":"257.71"}],"confidence":{"state":"pre-added","who":["user:SDTEF"],"prob":1},"fields":{},"normalizations":{}},{"classId":"e_4","part":"s20v1","offsets":[{"start":365,"text":"Project description: A bathroom in the integrative services department will be made ADA compliant."}],"coordinates":[{"x":"66.70","y":"299.22"},{"x":"118.37","y":"319.90"}],"confidence":{"state":"pre-added","who":["user:SDTEF"],"prob":1},"fields":{},"normalizations":{}},{"classId":"e_6","part":"s20v1","offsets":[{"start":465,"text":"Goal: The goal of this project is to provide better service to program participants by providing an ADA compliant bathroom for use by CRC clients.\n\nObjective 1: Obtain architectural design plans by 1/20/2020\n\nObjective 2: Obtain, as needed, building permits by 2/20/2020\n\nObjective 3: Complete ADA bathroom on or before 6/30/2020"}],"coordinates":[{"x":"65.90","y":"338.62"},{"x":"385.21","y":"444.05"}],"confidence":{"state":"pre-added","who":["user:SDTEF"],"prob":1},"fields":{},"normalizations":{}},{"classId":"e_1","part":"s22v1","offsets":[{"start":11,"text":"COMMUNITY RESOURCE CENTER"}],"coordinates":[],"confidence":{"state":"pre-added","who":["ml:regex"],"prob":0.5},"fields":{},"normalizations":{}},{"classId":"e_1","part":"s22v1","offsets":[{"start":187,"text":"Community Resource Center"}],"coordinates":[],"confidence":{"state":"pre-added","who":["ml:regex"],"prob":0.5},"fields":{},"normalizations":{}}],"relations":[]}