{"annotatable":{"parts":["s1v1","s2v1","s3v1","s4v1","s5v1"]},"anncomplete":true,"sources":[{"name":"ORIG","id":"ESG_CV_First_Amendment_to_HP_Subrecipient_Agreement___executed.pdf","url":""}],"metas":{"m_21":{"value":"at risk of homelessness and COVID","confidence":{"state":"pre-added","who":["user:SDTEF"],"prob":1}},"m_22":{"value":"case management and rental assistance","confidence":{"state":"pre-added","who":["user:SDTEF"],"prob":1}},"m_23":{"value":"city, ESG, and ESG-CV","confidence":{"state":"pre-added","who":["user:SDTEF"],"prob":1}},"m_24":{"value":"$2,500,000","confidence":{"state":"pre-added","who":["user:SDTEF"],"prob":1}}},"entities":[{"classId":"e_5","part":"s1v1","offsets":[{"start":0,"text":"CITY"}],"coordinates":[],"confidence":{"state":"","who":["ml:nalaf"],"prob":0.9844408434111408},"fields":{},"normalizations":{}},{"classId":"e_7","part":"s1v1","offsets":[{"start":0,"text":"CITY OF ESCONDIDO"}],"coordinates":[],"confidence":{"state":"","who":["ml:nalaf"],"prob":0.9946447604196988},"fields":{},"normalizations":{}},{"classId":"e_19","part":"s1v1","offsets":[{"start":0,"text":"CITY OF ESCONDIDO FIRST AMENDMENT TO SUBREC!PIENT AGREEMENT"}],"coordinates":[{"x":"253.68","y":"163.17"},{"x":"433.54","y":"183.35"}],"confidence":{"state":"pre-added","who":["user:SDTEF"],"prob":1},"fields":{},"normalizations":{}},{"classId":"e_5","part":"s1v1","offsets":[{"start":167,"text":"!"}],"coordinates":[],"confidence":{"state":"","who":["ml:nalaf"],"prob":0.9262343437583297},"fields":{},"normalizations":{}},{"classId":"e_7","part":"s1v1","offsets":[{"start":228,"text":"CITY OF ESCONDIDO"}],"coordinates":[],"confidence":{"state":"","who":["ml:nalaf"],"prob":0.9854045115824189},"fields":{},"normalizations":{}},{"classId":"e_1","part":"s1v1","offsets":[{"start":358,"text":"Interfaith Community Services"}],"coordinates":[],"confidence":{"state":"","who":["ml:nalaf"],"prob":0.8253578418737089},"fields":{},"normalizations":{}},{"classId":"e_1","part":"s1v1","offsets":[{"start":478,"text":"Greg Anglea"}],"coordinates":[{"x":"231.37","y":"394.28"},{"x":"286.22","y":"399.83"}],"confidence":{"state":"pre-added","who":["user:SDTEF"],"prob":1},"fields":{},"normalizations":{}},{"classId":"e_1","part":"s1v1","offsets":[{"start":490,"text":"760-489-6380"}],"coordinates":[{"x":"207.85","y":"405.67"},{"x":"265.64","y":"411.36"}],"confidence":{"state":"pre-added","who":["user:SDTEF"],"prob":1},"fields":{},"normalizations":{}},{"classId":"e_8","part":"s1v1","offsets":[{"start":521,"text":"."}],"coordinates":[],"confidence":{"state":"pre-removed","who":["ml:nalaf","ml:regex"],"prob":0.5},"fields":{},"normalizations":{}},{"classId":"e_5","part":"s1v1","offsets":[{"start":524,"text":"("}],"coordinates":[],"confidence":{"state":"","who":["ml:nalaf"],"prob":0.9083945773970844},"fields":{},"normalizations":{}},{"classId":"e_5","part":"s1v1","offsets":[{"start":633,"text":"WHEREAS"}],"coordinates":[],"confidence":{"state":"","who":["ml:nalaf"],"prob":0.9560475341858288},"fields":{},"normalizations":{}},{"classId":"e_8","part":"s1v1","offsets":[{"start":1077,"text":"."}],"coordinates":[],"confidence":{"state":"pre-removed","who":["ml:nalaf","ml:regex"],"prob":0.5},"fields":{},"normalizations":{}},{"classId":"e_8","part":"s1v1","offsets":[{"start":1270,"text":"."}],"coordinates":[],"confidence":{"state":"pre-removed","who":["ml:nalaf","ml:regex"],"prob":0.5},"fields":{},"normalizations":{}},{"classId":"e_5","part":"s1v1","offsets":[{"start":1272,"text":"The"}],"coordinates":[],"confidence":{"state":"","who":["ml:nalaf"],"prob":0.9964190670768739},"fields":{},"normalizations":{}},{"classId":"e_8","part":"s1v1","offsets":[{"start":1374,"text":"."}],"coordinates":[],"confidence":{"state":"pre-removed","who":["ml:nalaf","ml:regex"],"prob":0.5},"fields":{},"normalizations":{}},{"classId":"e_4","part":"s1v1","offsets":[{"start":1377,"text":"2."}],"coordinates":[],"confidence":{"state":"","who":["ml:nalaf"],"prob":0.8275822363155643},"fields":{},"normalizations":{}},{"classId":"e_5","part":"s1v1","offsets":[{"start":1377,"text":"2."}],"coordinates":[],"confidence":{"state":"","who":["ml:nalaf"],"prob":0.9730274297643557},"fields":{},"normalizations":{}},{"classId":"e_6","part":"s1v1","offsets":[{"start":1377,"text":"2."}],"coordinates":[],"confidence":{"state":"","who":["ml:nalaf"],"prob":0.7864153821157303},"fields":{},"normalizations":{}},{"classId":"e_8","part":"s1v1","offsets":[{"start":1378,"text":"."}],"coordinates":[],"confidence":{"state":"pre-removed","who":["ml:nalaf","ml:regex"],"prob":0.5},"fields":{},"normalizations":{}},{"classId":"e_2","part":"s1v1","offsets":[{"start":1380,"text":"The CITY will compensate SUBRECIPIENT in an additional amount not to exceed the sum of $2,500,000, pursuant to the conditions contained in \"Attachment A\" to this First Amendment."}],"coordinates":[],"confidence":{"state":"","who":["ml:nalaf"],"prob":0.8725652182586309},"fields":{},"normalizations":{}},{"classId":"e_5","part":"s1v1","offsets":[{"start":1380,"text":"The"}],"coordinates":[],"confidence":{"state":"","who":["ml:nalaf"],"prob":0.9802215080381329},"fields":{},"normalizations":{}},{"classId":"e_8","part":"s1v1","offsets":[{"start":1557,"text":"."}],"coordinates":[],"confidence":{"state":"pre-removed","who":["ml:nalaf","ml:regex"],"prob":0.5},"fields":{},"normalizations":{}},{"classId":"e_5","part":"s1v1","offsets":[{"start":1560,"text":"First"}],"coordinates":[],"confidence":{"state":"","who":["ml:nalaf"],"prob":0.9627146366705288},"fields":{},"normalizations":{}},{"classId":"e_2","part":"s1v1","offsets":[{"start":1579,"text":"1"}],"coordinates":[],"confidence":{"state":"","who":["ml:nalaf"],"prob":0.7132707160445962},"fields":{},"normalizations":{}},{"classId":"e_4","part":"s2v1","offsets":[{"start":0,"text":"3."}],"coordinates":[],"confidence":{"state":"","who":["ml:nalaf"],"prob":0.8489239224511049},"fields":{},"normalizations":{}},{"classId":"e_5","part":"s2v1","offsets":[{"start":0,"text":"3."}],"coordinates":[],"confidence":{"state":"","who":["ml:nalaf"],"prob":0.9772572526579109},"fields":{},"normalizations":{}},{"classId":"e_6","part":"s2v1","offsets":[{"start":0,"text":"3."}],"coordinates":[],"confidence":{"state":"","who":["ml:nalaf"],"prob":0.7587960455176697},"fields":{},"normalizations":{}},{"classId":"e_8","part":"s2v1","offsets":[{"start":1,"text":"."}],"coordinates":[],"confidence":{"state":"pre-removed","who":["ml:nalaf","ml:regex"],"prob":0.5},"fields":{},"normalizations":{}},{"classId":"e_8","part":"s2v1","offsets":[{"start":127,"text":"."}],"coordinates":[],"confidence":{"state":"pre-removed","who":["ml:nalaf","ml:regex"],"prob":0.5},"fields":{},"normalizations":{}},{"classId":"e_8","part":"s2v1","offsets":[{"start":252,"text":"."}],"coordinates":[],"confidence":{"state":"pre-removed","who":["ml:nalaf","ml:regex"],"prob":0.5},"fields":{},"normalizations":{}},{"classId":"e_4","part":"s2v1","offsets":[{"start":255,"text":"4."}],"coordinates":[],"confidence":{"state":"","who":["ml:nalaf"],"prob":0.8023291370327736},"fields":{},"normalizations":{}},{"classId":"e_5","part":"s2v1","offsets":[{"start":255,"text":"4."}],"coordinates":[],"confidence":{"state":"","who":["ml:nalaf"],"prob":0.9628303055768863},"fields":{},"normalizations":{}},{"classId":"e_6","part":"s2v1","offsets":[{"start":255,"text":"4."}],"coordinates":[],"confidence":{"state":"","who":["ml:nalaf"],"prob":0.8646925010312092},"fields":{},"normalizations":{}},{"classId":"e_8","part":"s2v1","offsets":[{"start":256,"text":"."}],"coordinates":[],"confidence":{"state":"pre-removed","who":["ml:nalaf","ml:regex"],"prob":0.5},"fields":{},"normalizations":{}},{"classId":"e_5","part":"s2v1","offsets":[{"start":258,"text":"This"}],"coordinates":[],"confidence":{"state":"","who":["ml:nalaf"],"prob":0.9947412412036766},"fields":{},"normalizations":{}},{"classId":"e_8","part":"s2v1","offsets":[{"start":533,"text":"."}],"coordinates":[],"confidence":{"state":"pre-removed","who":["ml:nalaf","ml:regex"],"prob":0.5},"fields":{},"normalizations":{}},{"classId":"e_2","part":"s2v1","offsets":[{"start":536,"text":"5."}],"coordinates":[],"confidence":{"state":"","who":["ml:nalaf"],"prob":0.7119945117975257},"fields":{},"normalizations":{}},{"classId":"e_4","part":"s2v1","offsets":[{"start":536,"text":"5."}],"coordinates":[],"confidence":{"state":"","who":["ml:nalaf"],"prob":0.7948036734340842},"fields":{},"normalizations":{}},{"classId":"e_5","part":"s2v1","offsets":[{"start":536,"text":"5."}],"coordinates":[],"confidence":{"state":"","who":["ml:nalaf"],"prob":0.9423239542186193},"fields":{},"normalizations":{}},{"classId":"e_6","part":"s2v1","offsets":[{"start":536,"text":"5."}],"coordinates":[],"confidence":{"state":"","who":["ml:nalaf"],"prob":0.9438723292841498},"fields":{},"normalizations":{}},{"classId":"e_8","part":"s2v1","offsets":[{"start":537,"text":"."}],"coordinates":[],"confidence":{"state":"pre-removed","who":["ml:nalaf","ml:regex"],"prob":0.5},"fields":{},"normalizations":{}},{"classId":"e_5","part":"s2v1","offsets":[{"start":539,"text":"This"}],"coordinates":[],"confidence":{"state":"","who":["ml:nalaf"],"prob":0.994803077726414},"fields":{},"normalizations":{}},{"classId":"e_8","part":"s2v1","offsets":[{"start":855,"text":"."}],"coordinates":[],"confidence":{"state":"pre-removed","who":["ml:nalaf","ml:regex"],"prob":0.5},"fields":{},"normalizations":{}},{"classId":"e_5","part":"s2v1","offsets":[{"start":857,"text":"Unless"}],"coordinates":[],"confidence":{"state":"","who":["ml:nalaf"],"prob":0.98416058761452},"fields":{},"normalizations":{}},{"classId":"e_8","part":"s2v1","offsets":[{"start":1047,"text":"."}],"coordinates":[],"confidence":{"state":"pre-removed","who":["ml:nalaf","ml:regex"],"prob":0.5},"fields":{},"normalizations":{}},{"classId":"e_5","part":"s2v1","offsets":[{"start":1050,"text":"IN"}],"coordinates":[],"confidence":{"state":"pre-removed","who":["ml:nalaf","ml:regex"],"prob":0.5},"fields":{},"normalizations":{}},{"classId":"e_7","part":"s2v1","offsets":[{"start":1293,"text":"CITY OF ESCONDIDO"}],"coordinates":[],"confidence":{"state":"","who":["ml:nalaf"],"prob":0.990595138024465},"fields":{},"normalizations":{}},{"classId":"e_4","part":"s3v1","offsets":[{"start":0,"text":"\"A\"\n\nScope of Work\n\nA."}],"coordinates":[],"confidence":{"state":"","who":["ml:nalaf"],"prob":0.6511145488379103},"fields":{},"normalizations":{}},{"classId":"e_5","part":"s3v1","offsets":[{"start":0,"text":"\""}],"coordinates":[],"confidence":{"state":"","who":["ml:nalaf"],"prob":0.9589161006228689},"fields":{},"normalizations":{}},{"classId":"e_8","part":"s3v1","offsets":[{"start":21,"text":"."}],"coordinates":[],"confidence":{"state":"pre-removed","who":["ml:nalaf","ml:regex"],"prob":0.5},"fields":{},"normalizations":{}},{"classId":"e_5","part":"s3v1","offsets":[{"start":23,"text":"General"}],"coordinates":[],"confidence":{"state":"","who":["ml:nalaf"],"prob":0.5905471935279109},"fields":{},"normalizations":{}},{"classId":"e_1","part":"s3v1","offsets":[{"start":32,"text":"Interfaith Community Services"}],"coordinates":[],"confidence":{"state":"","who":["ml:nalaf"],"prob":0.9552396027398077},"fields":{},"normalizations":{}},{"classId":"e_8","part":"s3v1","offsets":[{"start":66,"text":"."}],"coordinates":[],"confidence":{"state":"pre-removed","who":["ml:nalaf","ml:regex"],"prob":0.5},"fields":{},"normalizations":{}},{"classId":"e_2","part":"s3v1","offsets":[{"start":69,"text":"a"}],"coordinates":[],"confidence":{"state":"","who":["ml:nalaf"],"prob":0.5113165402953185},"fields":{},"normalizations":{}},{"classId":"e_7","part":"s3v1","offsets":[{"start":139,"text":"City of Escondido"}],"coordinates":[],"confidence":{"state":"","who":["ml:nalaf"],"prob":0.9052848575764129},"fields":{},"normalizations":{}},{"classId":"e_8","part":"s3v1","offsets":[{"start":268,"text":"s"}],"coordinates":[],"confidence":{"state":"","who":["ml:nalaf"],"prob":0.8365137978505371},"fields":{},"normalizations":{}},{"classId":"e_7","part":"s3v1","offsets":[{"start":293,"text":"ESG"}],"coordinates":[],"confidence":{"state":"","who":["ml:nalaf"],"prob":0.910449974967536},"fields":{},"normalizations":{}},{"classId":"e_8","part":"s3v1","offsets":[{"start":307,"text":"."}],"coordinates":[],"confidence":{"state":"pre-removed","who":["ml:nalaf","ml:regex"],"prob":0.5},"fields":{},"normalizations":{}},{"classId":"e_4","part":"s3v1","offsets":[{"start":309,"text":"Subrecipient will provide case management and rental assistance to Escondido residents who have been negatively impacted by the coronavirus disease of 2019 (\"COVID-19\") and who are at-risk of homelessness."}],"coordinates":[],"confidence":{"state":"","who":["ml:nalaf"],"prob":0.9026664164567926},"fields":{},"normalizations":{}},{"classId":"e_5","part":"s3v1","offsets":[{"start":309,"text":"Subrecipient"}],"coordinates":[],"confidence":{"state":"","who":["ml:nalaf"],"prob":0.9118309034615856},"fields":{},"normalizations":{}},{"classId":"e_6","part":"s3v1","offsets":[{"start":309,"text":"Subrecipient will provide case management and rental assistance to Escondido residents who have been negatively impacted by the coronavirus disease of 2019 (\"COVID-19\") and who are at-risk of homelessness."}],"coordinates":[],"confidence":{"state":"","who":["ml:nalaf"],"prob":0.7901592029534389},"fields":{},"normalizations":{}},{"classId":"e_3","part":"s3v1","offsets":[{"start":376,"text":"Escondido residents who have been negatively impacted by the coronavirus disease of 2019 (\"COVID-19\") and who are at-risk of homelessness."}],"coordinates":[{"x":"111.60","y":"176.79"},{"x":"368.05","y":"193.68"}],"confidence":{"state":"pre-added","who":["user:SDTEF"],"prob":1},"fields":{},"normalizations":{}},{"classId":"e_8","part":"s3v1","offsets":[{"start":513,"text":"."}],"coordinates":[],"confidence":{"state":"pre-removed","who":["ml:nalaf","ml:regex"],"prob":0.5},"fields":{},"normalizations":{}},{"classId":"e_1","part":"s3v1","offsets":[{"start":516,"text":"B"}],"coordinates":[],"confidence":{"state":"","who":["ml:nalaf"],"prob":0.7192665312178388},"fields":{},"normalizations":{}},{"classId":"e_2","part":"s3v1","offsets":[{"start":516,"text":"B."}],"coordinates":[],"confidence":{"state":"","who":["ml:nalaf"],"prob":0.839348599103132},"fields":{},"normalizations":{}},{"classId":"e_4","part":"s3v1","offsets":[{"start":516,"text":"B."}],"coordinates":[],"confidence":{"state":"","who":["ml:nalaf"],"prob":0.49190635401654004},"fields":{},"normalizations":{}},{"classId":"e_5","part":"s3v1","offsets":[{"start":516,"text":"B."}],"coordinates":[],"confidence":{"state":"","who":["ml:nalaf"],"prob":0.9613183279106579},"fields":{},"normalizations":{}},{"classId":"e_6","part":"s3v1","offsets":[{"start":516,"text":"B."}],"coordinates":[],"confidence":{"state":"","who":["ml:nalaf"],"prob":0.8580012652514772},"fields":{},"normalizations":{}},{"classId":"e_8","part":"s3v1","offsets":[{"start":517,"text":"."}],"coordinates":[],"confidence":{"state":"pre-removed","who":["ml:nalaf","ml:regex"],"prob":0.5},"fields":{},"normalizations":{}},{"classId":"e_5","part":"s3v1","offsets":[{"start":519,"text":"Location"}],"coordinates":[],"confidence":{"state":"","who":["ml:nalaf"],"prob":0.9958828499780669},"fields":{},"normalizations":{}},{"classId":"e_5","part":"s3v1","offsets":[{"start":529,"text":"Subrecipient will provide services at 550 W. Washington Ave., Escondido, CA 92025"}],"coordinates":[{"x":"110.64","y":"234.14"},{"x":"481.28","y":"239.75"}],"confidence":{"state":"pre-added","who":["user:SDTEF"],"prob":1},"fields":{},"normalizations":{}},{"classId":"e_8","part":"s3v1","offsets":[{"start":572,"text":"."}],"coordinates":[],"confidence":{"state":"pre-removed","who":["ml:nalaf","ml:regex"],"prob":0.5},"fields":{},"normalizations":{}},{"classId":"e_1","part":"s3v1","offsets":[{"start":580,"text":"g"}],"coordinates":[{"x":"338.82","y":"234.14"},{"x":"344.21","y":"239.75"}],"confidence":{"state":"pre-added","who":["user:SDTEF"],"prob":1},"fields":{},"normalizations":{}},{"classId":"e_8","part":"s3v1","offsets":[{"start":610,"text":"."}],"coordinates":[],"confidence":{"state":"pre-removed","who":["ml:nalaf","ml:regex"],"prob":0.5},"fields":{},"normalizations":{}},{"classId":"e_2","part":"s3v1","offsets":[{"start":613,"text":"C"}],"coordinates":[],"confidence":{"state":"","who":["ml:nalaf"],"prob":0.5706011606674515},"fields":{},"normalizations":{}},{"classId":"e_5","part":"s3v1","offsets":[{"start":613,"text":"C"}],"coordinates":[],"confidence":{"state":"","who":["ml:nalaf"],"prob":0.99260486915096},"fields":{},"normalizations":{}},{"classId":"e_6","part":"s3v1","offsets":[{"start":613,"text":"C. Services\n\n1."}],"coordinates":[],"confidence":{"state":"","who":["ml:nalaf"],"prob":0.7592346696838699},"fields":{},"normalizations":{}},{"classId":"e_8","part":"s3v1","offsets":[{"start":627,"text":"."}],"coordinates":[],"confidence":{"state":"pre-removed","who":["ml:nalaf","ml:regex"],"prob":0.5},"fields":{},"normalizations":{}},{"classId":"e_4","part":"s3v1","offsets":[{"start":629,"text":"Subrecipient shall recruit, hire, and train four full--time (\"FTE\") case managers to provide direct services and a 60% FTE program manager to oversee the program."}],"coordinates":[],"confidence":{"state":"","who":["ml:nalaf"],"prob":0.905309755087964},"fields":{},"normalizations":{}},{"classId":"e_5","part":"s3v1","offsets":[{"start":629,"text":"Subrecipient"}],"coordinates":[],"confidence":{"state":"","who":["ml:nalaf"],"prob":0.8964720045503561},"fields":{},"normalizations":{}},{"classId":"e_6","part":"s3v1","offsets":[{"start":629,"text":"Subrecipient shall recruit, hire, and train four full--time (\"FTE\") case managers to provide direct services and a 60% FTE program manager to oversee the program."}],"coordinates":[],"confidence":{"state":"","who":["ml:nalaf"],"prob":0.9775185311854742},"fields":{},"normalizations":{}},{"classId":"e_8","part":"s3v1","offsets":[{"start":790,"text":"."}],"coordinates":[],"confidence":{"state":"pre-removed","who":["ml:nalaf","ml:regex"],"prob":0.5},"fields":{},"normalizations":{}},{"classId":"e_4","part":"s3v1","offsets":[{"start":793,"text":"2."}],"coordinates":[],"confidence":{"state":"","who":["ml:nalaf"],"prob":0.8275822363155643},"fields":{},"normalizations":{}},{"classId":"e_5","part":"s3v1","offsets":[{"start":793,"text":"2."}],"coordinates":[],"confidence":{"state":"","who":["ml:nalaf"],"prob":0.9730274297643557},"fields":{},"normalizations":{}},{"classId":"e_6","part":"s3v1","offsets":[{"start":793,"text":"2."}],"coordinates":[],"confidence":{"state":"","who":["ml:nalaf"],"prob":0.7864153821157303},"fields":{},"normalizations":{}},{"classId":"e_8","part":"s3v1","offsets":[{"start":794,"text":"."}],"coordinates":[],"confidence":{"state":"pre-removed","who":["ml:nalaf","ml:regex"],"prob":0.5},"fields":{},"normalizations":{}},{"classId":"e_3","part":"s3v1","offsets":[{"start":796,"text":"Subrecipient's responsibilities wi 11include, but are not limited to:\n\nAttachment A\n\na."}],"coordinates":[],"confidence":{"state":"","who":["ml:nalaf"],"prob":0.7051337678753087},"fields":{},"normalizations":{}},{"classId":"e_4","part":"s3v1","offsets":[{"start":796,"text":"Subrecipient's responsibilities wi 11include, but are not limited to:\n\nAttachment A\n\na."}],"coordinates":[],"confidence":{"state":"","who":["ml:nalaf"],"prob":0.7370422085121606},"fields":{},"normalizations":{}},{"classId":"e_5","part":"s3v1","offsets":[{"start":796,"text":"Subrecipient"}],"coordinates":[],"confidence":{"state":"","who":["ml:nalaf"],"prob":0.9730422395915176},"fields":{},"normalizations":{}},{"classId":"e_6","part":"s3v1","offsets":[{"start":796,"text":"Subrecipient's responsibilities wi 11include, but are not limited to:\n\nAttachment A\n\na."}],"coordinates":[],"confidence":{"state":"","who":["ml:nalaf"],"prob":0.9628929557717782},"fields":{},"normalizations":{}},{"classId":"e_8","part":"s3v1","offsets":[{"start":809,"text":"s"}],"coordinates":[],"confidence":{"state":"","who":["ml:nalaf"],"prob":0.8987023691818874},"fields":{},"normalizations":{}},{"classId":"e_8","part":"s3v1","offsets":[{"start":882,"text":"."}],"coordinates":[],"confidence":{"state":"pre-removed","who":["ml:nalaf","ml:regex"],"prob":0.5},"fields":{},"normalizations":{}},{"classId":"e_4","part":"s3v1","offsets":[{"start":884,"text":"Create documents and files as required by the Homeless Emergency Solutions Grants (\"ESG\"), Emergency Solutions Grants Program"}],"coordinates":[],"confidence":{"state":"","who":["ml:nalaf"],"prob":0.8192309770626136},"fields":{},"normalizations":{}},{"classId":"e_5","part":"s3v1","offsets":[{"start":884,"text":"Create documents and files as required by the Homeless Emergency Solutions Grants (\"ESG\"), Emergency Solutions Grants Program as funded by the Coronavirus Aid, Relief, and Economic Security Act (\""}],"coordinates":[],"confidence":{"state":"","who":["ml:nalaf"],"prob":0.9635072396495307},"fields":{},"normalizations":{}},{"classId":"e_6","part":"s3v1","offsets":[{"start":884,"text":"Create documents and files as required by the Homeless Emergency Solutions Grants (\"ESG\"), Emergency Solutions Grants Program as funded by the Coronavirus Aid, Relief, and Economic Security Act (\"ESG-CV\"), and City grant standards; b."}],"coordinates":[],"confidence":{"state":"","who":["ml:nalaf"],"prob":0.9751230897513876},"fields":{},"normalizations":{}},{"classId":"e_7","part":"s3v1","offsets":[{"start":968,"text":"ESG"}],"coordinates":[],"confidence":{"state":"","who":["ml:nalaf"],"prob":0.5263019508781562},"fields":{},"normalizations":{}},{"classId":"e_7","part":"s3v1","offsets":[{"start":1080,"text":"ESG-CV\""}],"coordinates":[{"x":"397.15","y":"352.23"},{"x":"437.78","y":"357.84"}],"confidence":{"state":"pre-added","who":["user:SDTEF"],"prob":1},"fields":{},"normalizations":{}},{"classId":"e_7","part":"s3v1","offsets":[{"start":1094,"text":"City grant"}],"coordinates":[{"x":"469.44","y":"352.23"},{"x":"511.71","y":"357.84"}],"confidence":{"state":"pre-added","who":["user:SDTEF"],"prob":1},"fields":{},"normalizations":{}},{"classId":"e_1","part":"s3v1","offsets":[{"start":1116,"text":"b"}],"coordinates":[],"confidence":{"state":"","who":["ml:nalaf"],"prob":0.5916841734023198},"fields":{},"normalizations":{}},{"classId":"e_2","part":"s3v1","offsets":[{"start":1116,"text":"b."}],"coordinates":[],"confidence":{"state":"","who":["ml:nalaf"],"prob":0.5230018855590912},"fields":{},"normalizations":{}},{"classId":"e_8","part":"s3v1","offsets":[{"start":1117,"text":"."}],"coordinates":[],"confidence":{"state":"pre-removed","who":["ml:nalaf","ml:regex"],"prob":0.5},"fields":{},"normalizations":{}},{"classId":"e_2","part":"s3v1","offsets":[{"start":1119,"text":"Screen households in need of homelessness prevention services due to COVID- 19; c. Outreach to landlords and local housing partners in the City of Escondido to ensure awareness of program; d. Complete a comprehensive case management assessment for each household, developing a case plan that includes identifying barriers to housing."}],"coordinates":[],"confidence":{"state":"","who":["ml:nalaf"],"prob":0.6832150338133451},"fields":{},"normalizations":{}},{"classId":"e_4","part":"s3v1","offsets":[{"start":1119,"text":"Screen households in need of homelessness prevention services due to COVID- 19; c. Outreach to landlords and local housing partners in the City of Escondido to ensure awareness of program; d. Complete a comprehensive case management assessment for each household, developing a case plan that includes identifying barriers to housing."}],"coordinates":[],"confidence":{"state":"","who":["ml:nalaf"],"prob":0.6668606970331258},"fields":{},"normalizations":{}},{"classId":"e_5","part":"s3v1","offsets":[{"start":1119,"text":"Screen"}],"coordinates":[],"confidence":{"state":"","who":["ml:nalaf"],"prob":0.9973560500609395},"fields":{},"normalizations":{}},{"classId":"e_6","part":"s3v1","offsets":[{"start":1119,"text":"Screen households in need of homelessness prevention services due to COVID- 19; c. Outreach to landlords and local housing partners in the City of Escondido to ensure awareness of program; d. Complete a comprehensive case management assessment for each household, developing a case plan that includes identifying barriers to housing."}],"coordinates":[],"confidence":{"state":"","who":["ml:nalaf"],"prob":0.9889177770955583},"fields":{},"normalizations":{}},{"classId":"e_7","part":"s3v1","offsets":[{"start":1258,"text":"City of Escondido"}],"coordinates":[],"confidence":{"state":"","who":["ml:nalaf"],"prob":0.9479755205948636},"fields":{},"normalizations":{}},{"classId":"e_8","part":"s3v1","offsets":[{"start":1451,"text":"."}],"coordinates":[],"confidence":{"state":"pre-removed","who":["ml:nalaf","ml:regex"],"prob":0.5},"fields":{},"normalizations":{}},{"classId":"e_4","part":"s3v1","offsets":[{"start":1453,"text":"Each case plan shall include a timeline and measures for each goal and shall be updated to monitor progress towards goals as the client's needs change at least every 90 days or as changes occur in client's progress; e. Provide case management and supportive services such as employment assistance and financial education"}],"coordinates":[],"confidence":{"state":"","who":["ml:nalaf"],"prob":0.9402114284253887},"fields":{},"normalizations":{}},{"classId":"e_5","part":"s3v1","offsets":[{"start":1453,"text":"Each"}],"coordinates":[],"confidence":{"state":"","who":["ml:nalaf"],"prob":0.9881872748099886},"fields":{},"normalizations":{}},{"classId":"e_6","part":"s3v1","offsets":[{"start":1453,"text":"Each case plan shall include a timeline and measures for each goal and shall be updated to monitor progress towards goals as the client's needs change at least every 90 days or as changes occur in client's progress; e. Provide case management and supportive services such as employment assistance and financial education; f. Provide rental assistance for up to six months to stabilize the household; g. Obtain signed multi-agency release of information agreements in order to connect clients to internal and external partner programs and services; h. Enter client level data through the Homeless Management Information System (\"HMIS\") Clarity database, as well as service provider's additional client assessment and tracking tools; i."}],"coordinates":[],"confidence":{"state":"","who":["ml:nalaf"],"prob":0.9969388181176412},"fields":{},"normalizations":{}},{"classId":"e_8","part":"s3v1","offsets":[{"start":1657,"text":"s"}],"coordinates":[],"confidence":{"state":"","who":["ml:nalaf"],"prob":0.812228087683057},"fields":{},"normalizations":{}},{"classId":"e_4","part":"s3v1","offsets":[{"start":2040,"text":"Homeless Management Information System (\"HMIS\") Clarity database, as well as service provider's additional client assessment and tracking tools; i."}],"coordinates":[],"confidence":{"state":"","who":["ml:nalaf"],"prob":0.9259098345648252},"fields":{},"normalizations":{}},{"classId":"e_8","part":"s3v1","offsets":[{"start":2134,"text":"s"}],"coordinates":[],"confidence":{"state":"","who":["ml:nalaf"],"prob":0.7512756410981254},"fields":{},"normalizations":{}},{"classId":"e_8","part":"s3v1","offsets":[{"start":2186,"text":"."}],"coordinates":[],"confidence":{"state":"pre-removed","who":["ml:nalaf","ml:regex"],"prob":0.5},"fields":{},"normalizations":{}},{"classId":"e_2","part":"s3v1","offsets":[{"start":2188,"text":"Maintain accurate and thorough documentation of client meetings and interactions in a timely manner, including conversations, and progress towards goals; and j."}],"coordinates":[],"confidence":{"state":"","who":["ml:nalaf"],"prob":0.8426674973333271},"fields":{},"normalizations":{}},{"classId":"e_4","part":"s3v1","offsets":[{"start":2188,"text":"Maintain accurate and thorough documentation of client meetings and interactions in a timely manner, including conversations, and progress towards goals; and j."}],"coordinates":[],"confidence":{"state":"","who":["ml:nalaf"],"prob":0.957424027224635},"fields":{},"normalizations":{}},{"classId":"e_5","part":"s3v1","offsets":[{"start":2188,"text":"Maintain"}],"coordinates":[],"confidence":{"state":"","who":["ml:nalaf"],"prob":0.9936558764645289},"fields":{},"normalizations":{}},{"classId":"e_6","part":"s3v1","offsets":[{"start":2188,"text":"Maintain accurate and thorough documentation of client meetings and interactions in a timely manner, including conversations, and progress towards goals; and j."}],"coordinates":[],"confidence":{"state":"","who":["ml:nalaf"],"prob":0.9733095205758502},"fields":{},"normalizations":{}},{"classId":"e_8","part":"s3v1","offsets":[{"start":2347,"text":"."}],"coordinates":[],"confidence":{"state":"pre-removed","who":["ml:nalaf","ml:regex"],"prob":0.5},"fields":{},"normalizations":{}},{"classId":"e_4","part":"s3v1","offsets":[{"start":2349,"text":"Maintain data on each program participant and program milestones, and provide required reports along with the monthly invoice."}],"coordinates":[],"confidence":{"state":"","who":["ml:nalaf"],"prob":0.9514767567122908},"fields":{},"normalizations":{}},{"classId":"e_5","part":"s3v1","offsets":[{"start":2349,"text":"Maintain data on each program participant and program milestones, and provide required reports along with the monthly invoice."}],"coordinates":[],"confidence":{"state":"","who":["ml:nalaf"],"prob":0.8344797619980551},"fields":{},"normalizations":{}},{"classId":"e_6","part":"s3v1","offsets":[{"start":2349,"text":"Maintain data on each program participant and program milestones, and provide required reports along with the monthly invoice."}],"coordinates":[],"confidence":{"state":"","who":["ml:nalaf"],"prob":0.951790807099574},"fields":{},"normalizations":{}},{"classId":"e_8","part":"s3v1","offsets":[{"start":2474,"text":"."}],"coordinates":[],"confidence":{"state":"pre-removed","who":["ml:nalaf","ml:regex"],"prob":0.5},"fields":{},"normalizations":{}},{"classId":"e_3","part":"s3v1","offsets":[{"start":2477,"text":"- i -\n\nCAO: 1/22/2021 First Amendment to Subrecipient Agreement"}],"coordinates":[],"confidence":{"state":"","who":["ml:nalaf"],"prob":0.9057010551782442},"fields":{},"normalizations":{}},{"classId":"e_4","part":"s4v1","offsets":[{"start":16,"text":"Scope of Work\n\n3."}],"coordinates":[],"confidence":{"state":"","who":["ml:nalaf"],"prob":0.6179814059664062},"fields":{},"normalizations":{}},{"classId":"e_6","part":"s4v1","offsets":[{"start":32,"text":"."}],"coordinates":[],"confidence":{"state":"","who":["ml:nalaf"],"prob":0.6040113289559966},"fields":{},"normalizations":{}},{"classId":"e_8","part":"s4v1","offsets":[{"start":32,"text":"."}],"coordinates":[],"confidence":{"state":"pre-removed","who":["ml:nalaf","ml:regex"],"prob":0.5},"fields":{},"normalizations":{}},{"classId":"e_2","part":"s4v1","offsets":[{"start":34,"text":"Subrecipient will serve 222 households in the City of Escondido at-risk of homelessness."}],"coordinates":[],"confidence":{"state":"","who":["ml:nalaf"],"prob":0.5973337199061616},"fields":{},"normalizations":{}},{"classId":"e_3","part":"s4v1","offsets":[{"start":34,"text":"Subrecipient will serve 222 households in the City of Escondido at-risk of homelessness"}],"coordinates":[],"confidence":{"state":"","who":["ml:nalaf"],"prob":0.9316863637612709},"fields":{},"normalizations":{}},{"classId":"e_4","part":"s4v1","offsets":[{"start":34,"text":"Subrecipient will serve 222 households in the City of Escondido at-risk of homelessness."}],"coordinates":[],"confidence":{"state":"","who":["ml:nalaf"],"prob":0.866890826059094},"fields":{},"normalizations":{}},{"classId":"e_5","part":"s4v1","offsets":[{"start":34,"text":"Subrecipient"}],"coordinates":[],"confidence":{"state":"","who":["ml:nalaf"],"prob":0.9138399772353967},"fields":{},"normalizations":{}},{"classId":"e_6","part":"s4v1","offsets":[{"start":34,"text":"Subrecipient will serve 222 households in the City of Escondido at-risk of homelessness."}],"coordinates":[],"confidence":{"state":"","who":["ml:nalaf"],"prob":0.9559514088143689},"fields":{},"normalizations":{}},{"classId":"e_7","part":"s4v1","offsets":[{"start":80,"text":"City of Escondido"}],"coordinates":[],"confidence":{"state":"","who":["ml:nalaf"],"prob":0.8997429409954362},"fields":{},"normalizations":{}},{"classId":"e_8","part":"s4v1","offsets":[{"start":121,"text":"."}],"coordinates":[],"confidence":{"state":"pre-removed","who":["ml:nalaf","ml:regex"],"prob":0.5},"fields":{},"normalizations":{}},{"classId":"e_4","part":"s4v1","offsets":[{"start":124,"text":"4."}],"coordinates":[],"confidence":{"state":"","who":["ml:nalaf"],"prob":0.8023291370327736},"fields":{},"normalizations":{}},{"classId":"e_5","part":"s4v1","offsets":[{"start":124,"text":"4."}],"coordinates":[],"confidence":{"state":"","who":["ml:nalaf"],"prob":0.9628303055768863},"fields":{},"normalizations":{}},{"classId":"e_6","part":"s4v1","offsets":[{"start":124,"text":"4."}],"coordinates":[],"confidence":{"state":"","who":["ml:nalaf"],"prob":0.8646925010312092},"fields":{},"normalizations":{}},{"classId":"e_8","part":"s4v1","offsets":[{"start":125,"text":"."}],"coordinates":[],"confidence":{"state":"pre-removed","who":["ml:nalaf","ml:regex"],"prob":0.5},"fields":{},"normalizations":{}},{"classId":"e_2","part":"s4v1","offsets":[{"start":127,"text":"Subrecipient shall furnish all general office supplies, printing costs, and postage associated with normal office and service operations related to case management duties."}],"coordinates":[],"confidence":{"state":"","who":["ml:nalaf"],"prob":0.7238298279268309},"fields":{},"normalizations":{}},{"classId":"e_4","part":"s4v1","offsets":[{"start":127,"text":"Subrecipient shall furnish all general office supplies, printing costs, and postage associated with normal office and service operations related to case management duties."}],"coordinates":[],"confidence":{"state":"","who":["ml:nalaf"],"prob":0.9601344666535613},"fields":{},"normalizations":{}},{"classId":"e_5","part":"s4v1","offsets":[{"start":127,"text":"Subrecipient"}],"coordinates":[],"confidence":{"state":"","who":["ml:nalaf"],"prob":0.8947016965741438},"fields":{},"normalizations":{}},{"classId":"e_6","part":"s4v1","offsets":[{"start":127,"text":"Subrecipient shall furnish all general office supplies, printing costs, and postage associated with normal office and service operations related to case management duties."}],"coordinates":[],"confidence":{"state":"","who":["ml:nalaf"],"prob":0.971956182675958},"fields":{},"normalizations":{}},{"classId":"e_8","part":"s4v1","offsets":[{"start":297,"text":"."}],"coordinates":[],"confidence":{"state":"pre-removed","who":["ml:nalaf","ml:regex"],"prob":0.5},"fields":{},"normalizations":{}},{"classId":"e_2","part":"s4v1","offsets":[{"start":300,"text":"5."}],"coordinates":[],"confidence":{"state":"","who":["ml:nalaf"],"prob":0.7119945117975257},"fields":{},"normalizations":{}},{"classId":"e_4","part":"s4v1","offsets":[{"start":300,"text":"5."}],"coordinates":[],"confidence":{"state":"","who":["ml:nalaf"],"prob":0.7948036734340842},"fields":{},"normalizations":{}},{"classId":"e_5","part":"s4v1","offsets":[{"start":300,"text":"5."}],"coordinates":[],"confidence":{"state":"","who":["ml:nalaf"],"prob":0.9423239542186193},"fields":{},"normalizations":{}},{"classId":"e_6","part":"s4v1","offsets":[{"start":300,"text":"5."}],"coordinates":[],"confidence":{"state":"","who":["ml:nalaf"],"prob":0.9438723292841498},"fields":{},"normalizations":{}},{"classId":"e_8","part":"s4v1","offsets":[{"start":301,"text":"."}],"coordinates":[],"confidence":{"state":"pre-removed","who":["ml:nalaf","ml:regex"],"prob":0.5},"fields":{},"normalizations":{}},{"classId":"e_2","part":"s4v1","offsets":[{"start":303,"text":"Subrecipient will cooperate with all reasonable requests for information and reporting requirements including but not limited to: a."}],"coordinates":[],"confidence":{"state":"","who":["ml:nalaf"],"prob":0.9586539603017881},"fields":{},"normalizations":{}},{"classId":"e_5","part":"s4v1","offsets":[{"start":303,"text":"Subrecipient"}],"coordinates":[],"confidence":{"state":"","who":["ml:nalaf"],"prob":0.9094148728179866},"fields":{},"normalizations":{}},{"classId":"e_6","part":"s4v1","offsets":[{"start":303,"text":"Subrecipient will cooperate with all reasonable requests for information and reporting requirements including but not limited to: a."}],"coordinates":[],"confidence":{"state":"","who":["ml:nalaf"],"prob":0.8522664515531971},"fields":{},"normalizations":{}},{"classId":"e_4","part":"s4v1","offsets":[{"start":433,"text":"a"}],"coordinates":[],"confidence":{"state":"","who":["ml:nalaf"],"prob":0.4278280931341986},"fields":{},"normalizations":{}},{"classId":"e_8","part":"s4v1","offsets":[{"start":434,"text":"."}],"coordinates":[],"confidence":{"state":"pre-removed","who":["ml:nalaf","ml:regex"],"prob":0.5},"fields":{},"normalizations":{}},{"classId":"e_2","part":"s4v1","offsets":[{"start":436,"text":"Monthly invoices for services rendered; and b."}],"coordinates":[],"confidence":{"state":"","who":["ml:nalaf"],"prob":0.5574137852327495},"fields":{},"normalizations":{}},{"classId":"e_5","part":"s4v1","offsets":[{"start":436,"text":"Monthly"}],"coordinates":[],"confidence":{"state":"","who":["ml:nalaf"],"prob":0.9931004982481341},"fields":{},"normalizations":{}},{"classId":"e_6","part":"s4v1","offsets":[{"start":436,"text":"Monthly invoices for services rendered; and b."}],"coordinates":[],"confidence":{"state":"","who":["ml:nalaf"],"prob":0.9531261520929201},"fields":{},"normalizations":{}},{"classId":"e_8","part":"s4v1","offsets":[{"start":481,"text":"."}],"coordinates":[],"confidence":{"state":"pre-removed","who":["ml:nalaf","ml:regex"],"prob":0.5},"fields":{},"normalizations":{}},{"classId":"e_2","part":"s4v1","offsets":[{"start":483,"text":"Monthly programmatic reports, including, but not limited to; i."}],"coordinates":[],"confidence":{"state":"","who":["ml:nalaf"],"prob":0.845485886407389},"fields":{},"normalizations":{}},{"classId":"e_3","part":"s4v1","offsets":[{"start":483,"text":"Monthly programmatic reports, including, but not limited to; i."}],"coordinates":[],"confidence":{"state":"","who":["ml:nalaf"],"prob":0.6874923473463533},"fields":{},"normalizations":{}},{"classId":"e_4","part":"s4v1","offsets":[{"start":483,"text":"Monthly programmatic reports, including, but not limited to; i."}],"coordinates":[],"confidence":{"state":"","who":["ml:nalaf"],"prob":0.8841876783759655},"fields":{},"normalizations":{}},{"classId":"e_5","part":"s4v1","offsets":[{"start":483,"text":"Monthly"}],"coordinates":[],"confidence":{"state":"","who":["ml:nalaf"],"prob":0.9828502090929948},"fields":{},"normalizations":{}},{"classId":"e_6","part":"s4v1","offsets":[{"start":483,"text":"Monthly programmatic reports, including, but not limited to; i."}],"coordinates":[],"confidence":{"state":"","who":["ml:nalaf"],"prob":0.903792953467635},"fields":{},"normalizations":{}},{"classId":"e_8","part":"s4v1","offsets":[{"start":545,"text":"."}],"coordinates":[],"confidence":{"state":"pre-removed","who":["ml:nalaf","ml:regex"],"prob":0.5},"fields":{},"normalizations":{}},{"classId":"e_5","part":"s4v1","offsets":[{"start":547,"text":"Amount"}],"coordinates":[],"confidence":{"state":"","who":["ml:nalaf"],"prob":0.929460396938919},"fields":{},"normalizations":{}},{"classId":"e_6","part":"s4v1","offsets":[{"start":547,"text":"Amount of award with activities; ii."}],"coordinates":[],"confidence":{"state":"","who":["ml:nalaf"],"prob":0.9559892141567569},"fields":{},"normalizations":{}},{"classId":"e_8","part":"s4v1","offsets":[{"start":582,"text":"."}],"coordinates":[],"confidence":{"state":"pre-removed","who":["ml:nalaf","ml:regex"],"prob":0.5},"fields":{},"normalizations":{}},{"classId":"e_2","part":"s4v1","offsets":[{"start":584,"text":"Contract expenditures; iii."}],"coordinates":[],"confidence":{"state":"","who":["ml:nalaf"],"prob":0.736117695846266},"fields":{},"normalizations":{}},{"classId":"e_5","part":"s4v1","offsets":[{"start":584,"text":"Contract"}],"coordinates":[],"confidence":{"state":"","who":["ml:nalaf"],"prob":0.9875413090079733},"fields":{},"normalizations":{}},{"classId":"e_6","part":"s4v1","offsets":[{"start":584,"text":"Contract expenditures; iii."}],"coordinates":[],"confidence":{"state":"","who":["ml:nalaf"],"prob":0.6807695227136427},"fields":{},"normalizations":{}},{"classId":"e_8","part":"s4v1","offsets":[{"start":610,"text":"."}],"coordinates":[],"confidence":{"state":"pre-removed","who":["ml:nalaf","ml:regex"],"prob":0.5},"fields":{},"normalizations":{}},{"classId":"e_2","part":"s4v1","offsets":[{"start":612,"text":"The number of households at risk of homelessness being assisted; iv."}],"coordinates":[],"confidence":{"state":"","who":["ml:nalaf"],"prob":0.9197493013061799},"fields":{},"normalizations":{}},{"classId":"e_5","part":"s4v1","offsets":[{"start":612,"text":"The"}],"coordinates":[],"confidence":{"state":"","who":["ml:nalaf"],"prob":0.991299539244277},"fields":{},"normalizations":{}},{"classId":"e_6","part":"s4v1","offsets":[{"start":612,"text":"The number of households at risk of homelessness being assisted; iv."}],"coordinates":[],"confidence":{"state":"","who":["ml:nalaf"],"prob":0.9419085938683943},"fields":{},"normalizations":{}},{"classId":"e_8","part":"s4v1","offsets":[{"start":679,"text":"."}],"coordinates":[],"confidence":{"state":"pre-removed","who":["ml:nalaf","ml:regex"],"prob":0.5},"fields":{},"normalizations":{}},{"classId":"e_2","part":"s4v1","offsets":[{"start":681,"text":"The number of households remaining in existing housing; v. The number of households moving into new, sustainable housing; and vi."}],"coordinates":[],"confidence":{"state":"","who":["ml:nalaf"],"prob":0.9710463773687918},"fields":{},"normalizations":{}},{"classId":"e_5","part":"s4v1","offsets":[{"start":681,"text":"The"}],"coordinates":[],"confidence":{"state":"","who":["ml:nalaf"],"prob":0.9970786731911543},"fields":{},"normalizations":{}},{"classId":"e_6","part":"s4v1","offsets":[{"start":681,"text":"The number of households remaining in existing housing; v. The number of households moving into new, sustainable housing; and vi."}],"coordinates":[],"confidence":{"state":"","who":["ml:nalaf"],"prob":0.9742094528736791},"fields":{},"normalizations":{}},{"classId":"e_8","part":"s4v1","offsets":[{"start":809,"text":"."}],"coordinates":[],"confidence":{"state":"pre-removed","who":["ml:nalaf","ml:regex"],"prob":0.5},"fields":{},"normalizations":{}},{"classId":"e_5","part":"s4v1","offsets":[{"start":811,"text":"Any"}],"coordinates":[],"confidence":{"state":"","who":["ml:nalaf"],"prob":0.9889516604946962},"fields":{},"normalizations":{}},{"classId":"e_6","part":"s4v1","offsets":[{"start":848,"text":"."}],"coordinates":[],"confidence":{"state":"","who":["ml:nalaf"],"prob":0.36267051871272993},"fields":{},"normalizations":{}},{"classId":"e_8","part":"s4v1","offsets":[{"start":848,"text":"."}],"coordinates":[],"confidence":{"state":"pre-removed","who":["ml:nalaf","ml:regex"],"prob":0.5},"fields":{},"normalizations":{}},{"classId":"e_5","part":"s4v1","offsets":[{"start":851,"text":"D"}],"coordinates":[],"confidence":{"state":"","who":["ml:nalaf"],"prob":0.9913026784072172},"fields":{},"normalizations":{}},{"classId":"e_8","part":"s4v1","offsets":[{"start":1061,"text":"."}],"coordinates":[],"confidence":{"state":"pre-removed","who":["ml:nalaf","ml:regex"],"prob":0.5},"fields":{},"normalizations":{}},{"classId":"e_2","part":"s4v1","offsets":[{"start":1064,"text":"E. Payment Terms and Schedule\n\nThe contract price of this First Amendment shall not exceed $2,500,000."}],"coordinates":[],"confidence":{"state":"","who":["ml:nalaf"],"prob":0.911457910223658},"fields":{},"normalizations":{}},{"classId":"e_5","part":"s4v1","offsets":[{"start":1064,"text":"E"}],"coordinates":[],"confidence":{"state":"","who":["ml:nalaf"],"prob":0.9891685606657038},"fields":{},"normalizations":{}},{"classId":"e_8","part":"s4v1","offsets":[{"start":1165,"text":"."}],"coordinates":[],"confidence":{"state":"pre-removed","who":["ml:nalaf","ml:regex"],"prob":0.5},"fields":{},"normalizations":{}},{"classId":"e_8","part":"s4v1","offsets":[{"start":1434,"text":"."}],"coordinates":[],"confidence":{"state":"pre-removed","who":["ml:nalaf","ml:regex"],"prob":0.5},"fields":{},"normalizations":{}},{"classId":"e_2","part":"s4v1","offsets":[{"start":1436,"text":"The contract price of this First Amendment shall comply with the following budget, which shall remain in effect throughout the term of this First Amendment"}],"coordinates":[],"confidence":{"state":"","who":["ml:nalaf"],"prob":0.8944207267405803},"fields":{},"normalizations":{}},{"classId":"e_5","part":"s4v1","offsets":[{"start":1436,"text":"The"}],"coordinates":[],"confidence":{"state":"","who":["ml:nalaf"],"prob":0.9974701968997438},"fields":{},"normalizations":{}},{"classId":"e_5","part":"s4v1","offsets":[{"start":1848,"text":"!"}],"coordinates":[],"confidence":{"state":"","who":["ml:nalaf"],"prob":0.8973533433649614},"fields":{},"normalizations":{}},{"classId":"e_6","part":"s4v1","offsets":[{"start":1848,"text":"!2lies,COf2't)nq,traininq costs) Financial Assistance"}],"coordinates":[],"confidence":{"state":"","who":["ml:nalaf"],"prob":0.8859187129758122},"fields":{},"normalizations":{}},{"classId":"e_2","part":"s4v1","offsets":[{"start":1976,"text":"Total\n\n$2,023,000 Indirect (10% federal de minimis rate) $227,273 Total $2,500,000"}],"coordinates":[],"confidence":{"state":"","who":["ml:nalaf"],"prob":0.8350475833133087},"fields":{},"normalizations":{}},{"classId":"e_4","part":"s5v1","offsets":[{"start":0,"text":"ATTACHM \"A\"\n\nScope of Work"}],"coordinates":[],"confidence":{"state":"","who":["ml:nalaf"],"prob":0.6925857740166178},"fields":{},"normalizations":{}},{"classId":"e_6","part":"s5v1","offsets":[{"start":0,"text":"ATTACHM \"A\"\n\nScope of Work\n\nF. Term\n\nThe term of this First Amendment shall be from the Effective Date of this First Amendment through August 31, 2022."}],"coordinates":[],"confidence":{"state":"","who":["ml:nalaf"],"prob":0.9113648557654197},"fields":{},"normalizations":{}},{"classId":"e_8","part":"s5v1","offsets":[{"start":28,"text":"F. Term\n\nThe term of this First Amendment shall be from the Effective Date of this First Amendment through August 31, 2022."}],"coordinates":[],"confidence":{"state":"","who":["ml:nalaf"],"prob":0.9232597481458452},"fields":{},"normalizations":{}},{"classId":"e_5","part":"s5v1","offsets":[{"start":152,"text":"All"}],"coordinates":[],"confidence":{"state":"pre-removed","who":["ml:nalaf","ml:regex"],"prob":0.5},"fields":{},"normalizations":{}},{"classId":"e_8","part":"s5v1","offsets":[{"start":233,"text":"."}],"coordinates":[],"confidence":{"state":"pre-removed","who":["ml:nalaf","ml:regex"],"prob":0.5},"fields":{},"normalizations":{}},{"classId":"e_5","part":"s5v1","offsets":[{"start":236,"text":"G"}],"coordinates":[],"confidence":{"state":"","who":["ml:nalaf"],"prob":0.9748156317188824},"fields":{},"normalizations":{}},{"classId":"e_8","part":"s5v1","offsets":[{"start":429,"text":"."}],"coordinates":[],"confidence":{"state":"pre-removed","who":["ml:nalaf","ml:regex"],"prob":0.5},"fields":{},"normalizations":{}},{"classId":"e_3","part":"s5v1","offsets":[{"start":432,"text":"Attachment A\n\n- 3 -\n\nCAO: 1/22/2021 First Amendment to Subrecipient Agreement"}],"coordinates":[],"confidence":{"state":"","who":["ml:nalaf"],"prob":0.8200771209873075},"fields":{},"normalizations":{}},{"classId":"e_4","part":"s5v1","offsets":[{"start":432,"text":"Attachment A\n\n- 3 -\n\nCAO: 1/22/2021 First Amendment to Subrecipient Agreement"}],"coordinates":[],"confidence":{"state":"","who":["ml:nalaf"],"prob":0.6807802447874836},"fields":{},"normalizations":{}},{"classId":"e_5","part":"s5v1","offsets":[{"start":432,"text":"Attachment"}],"coordinates":[],"confidence":{"state":"","who":["ml:nalaf"],"prob":0.9809653169043783},"fields":{},"normalizations":{}},{"classId":"e_6","part":"s5v1","offsets":[{"start":432,"text":"Attachment A\n\n- 3 -\n\nCAO: 1/22/2021 First Amendment to Subrecipient Agreement"}],"coordinates":[],"confidence":{"state":"","who":["ml:nalaf"],"prob":0.7650191645826133},"fields":{},"normalizations":{}}],"relations":[]}