{"annotatable":{"parts":["s1p1"]},"anncomplete":true,"sources":[{"name":"ORIG","id":"Copy_of_Executed_Agreement_CDBG_ICS.pdf","url":""}],"metas":{"m_23":{"value":"city and CDBG funds","confidence":{"state":"pre-added","who":["user:SDTEF"],"prob":1}},"m_24":{"value":"$6,707","confidence":{"state":"pre-added","who":["user:SDTEF"],"prob":1}},"m_22":{"value":"temp housing and bridge housing","confidence":{"state":"pre-added","who":["user:SDTEF"],"prob":1}}},"entities":[{"classId":"e_19","part":"s1p1","offsets":[{"start":0,"text":"AGREEMENT BETWEEN THE CITY OF ENCINITAS AND Interfaith Community Services FOR THE USE OF COMMUNITY DEVELOPMENT BLOCK GRANT FUNDS"}],"coordinates":[],"confidence":{"state":"pre-added","who":["user:SDTEF"],"prob":1},"fields":{},"normalizations":{}},{"classId":"e_7","part":"s1p1","offsets":[{"start":22,"text":"CITY OF ENCINITAS"}],"coordinates":[],"confidence":{"state":"pre-added","who":["user:SDTEF"],"prob":1},"fields":{},"normalizations":{}},{"classId":"e_7","part":"s1p1","offsets":[{"start":89,"text":"COMMUNITY DEVELOPMENT BLOCK GRANT"}],"coordinates":[],"confidence":{"state":"pre-added","who":["ml:regex"],"prob":0.5},"fields":{},"normalizations":{}},{"classId":"e_4","part":"s1p1","offsets":[{"start":130,"text":"Project: Alliance for Solutions Bridge to Housing Network"}],"coordinates":[],"confidence":{"state":"pre-added","who":["user:SDTEF"],"prob":1},"fields":{},"normalizations":{}},{"classId":"e_4","part":"s1p1","offsets":[{"start":139,"text":"Alliance for Solutions Bridge to Housing Network"}],"coordinates":[],"confidence":{"state":"pre-added","who":["user:SDTEF"],"prob":1},"fields":{},"normalizations":{}},{"classId":"e_7","part":"s1p1","offsets":[{"start":236,"text":"CITY of Encinitas"}],"coordinates":[],"confidence":{"state":"pre-added","who":["ml:regex"],"prob":0.5},"fields":{},"normalizations":{}},{"classId":"e_1","part":"s1p1","offsets":[{"start":347,"text":"Interfaith Community Services"}],"coordinates":[],"confidence":{"state":"","who":["ml:nalaf"],"prob":0.7012001928077605},"fields":{},"normalizations":{}},{"classId":"e_19","part":"s1p1","offsets":[{"start":450,"text":"July 1, 2018"}],"coordinates":[],"confidence":{"state":"pre-added","who":["user:SDTEF"],"prob":1},"fields":{},"normalizations":{}},{"classId":"e_7","part":"s1p1","offsets":[{"start":759,"text":"Community Development Block Grant"}],"coordinates":[],"confidence":{"state":"pre-added","who":["user:SDTEF"],"prob":1},"fields":{},"normalizations":{}},{"classId":"e_7","part":"s1p1","offsets":[{"start":795,"text":"CDBG"}],"coordinates":[],"confidence":{"state":"pre-added","who":["user:SDTEF"],"prob":1},"fields":{},"normalizations":{}},{"classId":"e_7","part":"s1p1","offsets":[{"start":1194,"text":"CDBG"}],"coordinates":[],"confidence":{"state":"pre-added","who":["ml:regex"],"prob":0.5},"fields":{},"normalizations":{}},{"classId":"e_7","part":"s1p1","offsets":[{"start":1283,"text":"CDBG"}],"coordinates":[],"confidence":{"state":"pre-added","who":["ml:regex"],"prob":0.5},"fields":{},"normalizations":{}},{"classId":"e_7","part":"s1p1","offsets":[{"start":2514,"text":"CDBG"}],"coordinates":[],"confidence":{"state":"pre-added","who":["ml:regex"],"prob":0.5},"fields":{},"normalizations":{}},{"classId":"e_2","part":"s1p1","offsets":[{"start":3841,"text":"CITY shall pay to SUBRECIPIENT from CDBG funds, when, if and to the extent received from HUD, amounts to reimburse SUBRECIPIENT far expenditures incurred in carrying out this Agreement, up to a maximum, aggregate amount of six thousand, seven hundred seven ($6,707) dollars."}],"coordinates":[],"confidence":{"state":"pre-added","who":["user:SDTEF"],"prob":1},"fields":{},"normalizations":{}},{"classId":"e_7","part":"s1p1","offsets":[{"start":4140,"text":"Community Development Block Grant"}],"coordinates":[],"confidence":{"state":"pre-added","who":["ml:regex"],"prob":0.5},"fields":{},"normalizations":{}},{"classId":"e_7","part":"s1p1","offsets":[{"start":4549,"text":"CDBG"}],"coordinates":[],"confidence":{"state":"pre-added","who":["ml:regex"],"prob":0.5},"fields":{},"normalizations":{}},{"classId":"e_7","part":"s1p1","offsets":[{"start":6589,"text":"Community Development Block Grant"}],"coordinates":[],"confidence":{"state":"pre-added","who":["ml:regex"],"prob":0.5},"fields":{},"normalizations":{}},{"classId":"e_19","part":"s1p1","offsets":[{"start":6851,"text":"July 1, 2018"}],"coordinates":[],"confidence":{"state":"pre-added","who":["ml:regex"],"prob":0.5},"fields":{},"normalizations":{}},{"classId":"e_7","part":"s1p1","offsets":[{"start":7128,"text":"Community Development Block Grant"}],"coordinates":[],"confidence":{"state":"pre-added","who":["ml:regex"],"prob":0.5},"fields":{},"normalizations":{}},{"classId":"e_7","part":"s1p1","offsets":[{"start":8796,"text":"Community Development Block Grant"}],"coordinates":[],"confidence":{"state":"pre-added","who":["ml:regex"],"prob":0.5},"fields":{},"normalizations":{}},{"classId":"e_7","part":"s1p1","offsets":[{"start":10059,"text":"CDBG"}],"coordinates":[],"confidence":{"state":"pre-added","who":["ml:regex"],"prob":0.5},"fields":{},"normalizations":{}},{"classId":"e_7","part":"s1p1","offsets":[{"start":10331,"text":"CITY of Encinitas"}],"coordinates":[],"confidence":{"state":"pre-added","who":["ml:regex"],"prob":0.5},"fields":{},"normalizations":{}},{"classId":"e_7","part":"s1p1","offsets":[{"start":11630,"text":"CITY of Encinitas"}],"coordinates":[],"confidence":{"state":"pre-added","who":["ml:regex"],"prob":0.5},"fields":{},"normalizations":{}},{"classId":"e_7","part":"s1p1","offsets":[{"start":13876,"text":"Community Development Block Grant"}],"coordinates":[],"confidence":{"state":"pre-added","who":["ml:regex"],"prob":0.5},"fields":{},"normalizations":{}},{"classId":"e_7","part":"s1p1","offsets":[{"start":14518,"text":"CDBG"}],"coordinates":[],"confidence":{"state":"pre-added","who":["ml:regex"],"prob":0.5},"fields":{},"normalizations":{}},{"classId":"e_7","part":"s1p1","offsets":[{"start":15264,"text":"CITY of Encinitas"}],"coordinates":[],"confidence":{"state":"pre-added","who":["ml:regex"],"prob":0.5},"fields":{},"normalizations":{}},{"classId":"e_7","part":"s1p1","offsets":[{"start":15967,"text":"Community Development Block Grant"}],"coordinates":[],"confidence":{"state":"pre-added","who":["ml:regex"],"prob":0.5},"fields":{},"normalizations":{}},{"classId":"e_7","part":"s1p1","offsets":[{"start":18737,"text":"Community Development Block Grant"}],"coordinates":[],"confidence":{"state":"pre-added","who":["ml:regex"],"prob":0.5},"fields":{},"normalizations":{}},{"classId":"e_7","part":"s1p1","offsets":[{"start":21459,"text":"Community Development Block Grant"}],"coordinates":[],"confidence":{"state":"pre-added","who":["ml:regex"],"prob":0.5},"fields":{},"normalizations":{}},{"classId":"e_7","part":"s1p1","offsets":[{"start":22297,"text":"CDBG"}],"coordinates":[],"confidence":{"state":"pre-added","who":["ml:regex"],"prob":0.5},"fields":{},"normalizations":{}},{"classId":"e_7","part":"s1p1","offsets":[{"start":22397,"text":"CDBG"}],"coordinates":[],"confidence":{"state":"pre-added","who":["ml:regex"],"prob":0.5},"fields":{},"normalizations":{}},{"classId":"e_7","part":"s1p1","offsets":[{"start":22724,"text":"CDBG"}],"coordinates":[],"confidence":{"state":"pre-added","who":["ml:regex"],"prob":0.5},"fields":{},"normalizations":{}},{"classId":"e_7","part":"s1p1","offsets":[{"start":23071,"text":"CDBG"}],"coordinates":[],"confidence":{"state":"pre-added","who":["ml:regex"],"prob":0.5},"fields":{},"normalizations":{}},{"classId":"e_7","part":"s1p1","offsets":[{"start":23275,"text":"CDBG"}],"coordinates":[],"confidence":{"state":"pre-added","who":["ml:regex"],"prob":0.5},"fields":{},"normalizations":{}},{"classId":"e_7","part":"s1p1","offsets":[{"start":23328,"text":"CDBG"}],"coordinates":[],"confidence":{"state":"pre-added","who":["ml:regex"],"prob":0.5},"fields":{},"normalizations":{}},{"classId":"e_7","part":"s1p1","offsets":[{"start":23554,"text":"CDBG"}],"coordinates":[],"confidence":{"state":"pre-added","who":["ml:regex"],"prob":0.5},"fields":{},"normalizations":{}},{"classId":"e_7","part":"s1p1","offsets":[{"start":24312,"text":"CDBG"}],"coordinates":[],"confidence":{"state":"pre-added","who":["ml:regex"],"prob":0.5},"fields":{},"normalizations":{}},{"classId":"e_7","part":"s1p1","offsets":[{"start":24466,"text":"CDBG"}],"coordinates":[],"confidence":{"state":"pre-added","who":["ml:regex"],"prob":0.5},"fields":{},"normalizations":{}},{"classId":"e_7","part":"s1p1","offsets":[{"start":26485,"text":"Community Development Block Grant"}],"coordinates":[],"confidence":{"state":"pre-added","who":["ml:regex"],"prob":0.5},"fields":{},"normalizations":{}},{"classId":"e_7","part":"s1p1","offsets":[{"start":29196,"text":"Community Development Block Grant"}],"coordinates":[],"confidence":{"state":"pre-added","who":["ml:regex"],"prob":0.5},"fields":{},"normalizations":{}},{"classId":"e_7","part":"s1p1","offsets":[{"start":29559,"text":"CDBG"}],"coordinates":[],"confidence":{"state":"pre-added","who":["ml:regex"],"prob":0.5},"fields":{},"normalizations":{}},{"classId":"e_7","part":"s1p1","offsets":[{"start":29660,"text":"CDBG"}],"coordinates":[],"confidence":{"state":"pre-added","who":["ml:regex"],"prob":0.5},"fields":{},"normalizations":{}},{"classId":"e_7","part":"s1p1","offsets":[{"start":31316,"text":"CDBG"}],"coordinates":[],"confidence":{"state":"pre-added","who":["ml:regex"],"prob":0.5},"fields":{},"normalizations":{}},{"classId":"e_7","part":"s1p1","offsets":[{"start":31555,"text":"Community Development Block Grant"}],"coordinates":[],"confidence":{"state":"pre-added","who":["ml:regex"],"prob":0.5},"fields":{},"normalizations":{}},{"classId":"e_7","part":"s1p1","offsets":[{"start":31854,"text":"CDBG"}],"coordinates":[],"confidence":{"state":"pre-added","who":["ml:regex"],"prob":0.5},"fields":{},"normalizations":{}},{"classId":"e_7","part":"s1p1","offsets":[{"start":32229,"text":"CDBG"}],"coordinates":[],"confidence":{"state":"pre-added","who":["ml:regex"],"prob":0.5},"fields":{},"normalizations":{}},{"classId":"e_7","part":"s1p1","offsets":[{"start":32581,"text":"CDBG"}],"coordinates":[],"confidence":{"state":"pre-added","who":["ml:regex"],"prob":0.5},"fields":{},"normalizations":{}},{"classId":"e_7","part":"s1p1","offsets":[{"start":33639,"text":"CDBG"}],"coordinates":[],"confidence":{"state":"pre-added","who":["ml:regex"],"prob":0.5},"fields":{},"normalizations":{}},{"classId":"e_7","part":"s1p1","offsets":[{"start":36701,"text":"Community Development Block Grant"}],"coordinates":[],"confidence":{"state":"pre-added","who":["ml:regex"],"prob":0.5},"fields":{},"normalizations":{}},{"classId":"e_7","part":"s1p1","offsets":[{"start":39383,"text":"Community Development Block Grant"}],"coordinates":[],"confidence":{"state":"pre-added","who":["ml:regex"],"prob":0.5},"fields":{},"normalizations":{}},{"classId":"e_7","part":"s1p1","offsets":[{"start":41768,"text":"Community Development Block Grant"}],"coordinates":[],"confidence":{"state":"pre-added","who":["ml:regex"],"prob":0.5},"fields":{},"normalizations":{}},{"classId":"e_1","part":"s1p1","offsets":[{"start":42776,"text":"Contact: Nicole Piano-Jones, MaryLynn McCorkle Man"}],"coordinates":[],"confidence":{"state":"pre-added","who":["user:SDTEF"],"prob":1},"fields":{},"normalizations":{}},{"classId":"e_7","part":"s1p1","offsets":[{"start":42856,"text":"City of Encinitas"}],"coordinates":[],"confidence":{"state":"pre-added","who":["ml:regex"],"prob":0.5},"fields":{},"normalizations":{}},{"classId":"e_1","part":"s1p1","offsets":[{"start":42913,"text":"505 S. Vulcan Ave, Encinitas, 550 W. Washington Ave, CA 92024 Escondido, CA 92025 Tele hone: 760 943-2237 760-529-9979 Email: npiano@encinitasca.gov mmccorkle@interfaithservices.org"}],"coordinates":[],"confidence":{"state":"pre-added","who":["user:SDTEF"],"prob":1},"fields":{},"normalizations":{}},{"classId":"e_7","part":"s1p1","offsets":[{"start":43284,"text":"CDBG"}],"coordinates":[],"confidence":{"state":"pre-added","who":["ml:regex"],"prob":0.5},"fields":{},"normalizations":{}},{"classId":"e_7","part":"s1p1","offsets":[{"start":44126,"text":"Community Development Block Grant"}],"coordinates":[],"confidence":{"state":"pre-added","who":["ml:regex"],"prob":0.5},"fields":{},"normalizations":{}},{"classId":"e_7","part":"s1p1","offsets":[{"start":44184,"text":"CITY OF ENCINITAS"}],"coordinates":[],"confidence":{"state":"pre-added","who":["ml:regex"],"prob":0.5},"fields":{},"normalizations":{}},{"classId":"e_19","part":"s1p1","offsets":[{"start":44427,"text":"July 1, 2018"}],"coordinates":[],"confidence":{"state":"pre-added","who":["ml:regex"],"prob":0.5},"fields":{},"normalizations":{}},{"classId":"e_1","part":"s1p1","offsets":[{"start":44463,"text":"Interfaith Community Services"}],"coordinates":[],"confidence":{"state":"","who":["ml:nalaf"],"prob":0.5228101455586015},"fields":{},"normalizations":{}},{"classId":"e_4","part":"s1p1","offsets":[{"start":44599,"text":"Project Name: Alliance for Solutions Bridge to Housing Network"}],"coordinates":[],"confidence":{"state":"pre-added","who":["user:SDTEF"],"prob":1},"fields":{},"normalizations":{}},{"classId":"e_3","part":"s1p1","offsets":[{"start":44662,"text":"Target: Homeless"}],"coordinates":[],"confidence":{"state":"pre-added","who":["user:SDTEF"],"prob":1},"fields":{},"normalizations":{}},{"classId":"e_6","part":"s1p1","offsets":[{"start":44679,"text":"PROJECT GOALS AND OBJECTIVES Project description: The Bridge to Housing Network works towards bridging clients out of homelessness and into their own permanent homes. Goal: The goal of the Bridge to Housing Network over the next year will be to provide 30 homeless Encinitas community members with not only a safe haven, but also with the tools and motivation necessary to move them towards self-sufficiency and their maximum level of independent and responsible functioning"}],"coordinates":[],"confidence":{"state":"pre-added","who":["user:SDTEF"],"prob":1},"fields":{},"normalizations":{}},{"classId":"e_4","part":"s1p1","offsets":[{"start":44846,"text":"Goal: The goal of the Bridge to Housing Network over the next year will be to provide 30 homeless Encinitas community members with not only a safe haven, but also with the tools and motivation necessary to move them towards self-sufficiency and their maximum level of independent and responsible functioning."}],"coordinates":[],"confidence":{"state":"pre-added","who":["user:SDTEF"],"prob":1},"fields":{},"normalizations":{}},{"classId":"e_6","part":"s1p1","offsets":[{"start":45155,"text":"Objective 1: The objectives of the Alliance's Bridge Housing Network are to provide emergency shelter for 30 homeless Encinitas community members."}],"coordinates":[],"confidence":{"state":"pre-added","who":["user:SDTEF"],"prob":1},"fields":{},"normalizations":{}},{"classId":"e_6","part":"s1p1","offsets":[{"start":45302,"text":"Objective 2: 90% of these community members wi(I be connected to case managed social services, medical assessment, and employment development"}],"coordinates":[],"confidence":{"state":"pre-added","who":["user:SDTEF"],"prob":1},"fields":{},"normalizations":{}},{"classId":"e_6","part":"s1p1","offsets":[{"start":45445,"text":"Objective 3: At least 60% of these community members will successfully overcame homelessness upon exiting the shelter"}],"coordinates":[],"confidence":{"state":"pre-added","who":["user:SDTEF"],"prob":1},"fields":{},"normalizations":{}},{"classId":"e_6","part":"s1p1","offsets":[{"start":45564,"text":"PRQJECT TIMELINE October 15, 2018"}],"coordinates":[],"confidence":{"state":"pre-added","who":["user:SDTEF"],"prob":1},"fields":{},"normalizations":{}},{"classId":"e_6","part":"s1p1","offsets":[{"start":45599,"text":"Quarterly Report and Invoice Due (Approximately 25% program accomplishments and grant amount) January 14, 2019"}],"coordinates":[],"confidence":{"state":"pre-added","who":["user:SDTEF"],"prob":1},"fields":{},"normalizations":{}},{"classId":"e_6","part":"s1p1","offsets":[{"start":45711,"text":"Quarterly Report and Invoice Due (Approximately 50% program accomplishments and grant amount} April 8, 2019"}],"coordinates":[],"confidence":{"state":"pre-added","who":["user:SDTEF"],"prob":1},"fields":{},"normalizations":{}},{"classId":"e_6","part":"s1p1","offsets":[{"start":45820,"text":"Quarterly Report and Invoice Due (Approximately 75% program accomplishments and grant amount) June 24, 2019"}],"coordinates":[],"confidence":{"state":"pre-added","who":["user:SDTEF"],"prob":1},"fields":{},"normalizations":{}},{"classId":"e_6","part":"s1p1","offsets":[{"start":45930,"text":"uarterly Report, Year-End Report, and Invoice Due (Approximately 100% program accomplishments and grant amount)"}],"coordinates":[],"confidence":{"state":"pre-added","who":["user:SDTEF"],"prob":1},"fields":{},"normalizations":{}},{"classId":"e_7","part":"s1p1","offsets":[{"start":46042,"text":"Community Development Block Grant"}],"coordinates":[],"confidence":{"state":"pre-added","who":["ml:regex"],"prob":0.5},"fields":{},"normalizations":{}},{"classId":"e_6","part":"s1p1","offsets":[{"start":46110,"text":"Demographic reporting: Provide quarterly, and year-end, summary demographic reports on number of persons served by the project and related demographic data on a City provided reporting form."}],"coordinates":[],"confidence":{"state":"pre-added","who":["user:SDTEF"],"prob":1},"fields":{},"normalizations":{}},{"classId":"e_6","part":"s1p1","offsets":[{"start":46301,"text":"2. Progress reporting: Provide quarterly, and year-end, summary narrative reports on progress made in achieving the project goal and performance objectives described above on a City provided reporting farm."}],"coordinates":[],"confidence":{"state":"pre-added","who":["user:SDTEF"],"prob":1},"fields":{},"normalizations":{}},{"classId":"e_7","part":"s1p1","offsets":[{"start":46508,"text":"Community Development Block Grant"}],"coordinates":[],"confidence":{"state":"pre-added","who":["ml:regex"],"prob":0.5},"fields":{},"normalizations":{}},{"classId":"e_7","part":"s1p1","offsets":[{"start":46644,"text":"CDBG"}],"coordinates":[],"confidence":{"state":"pre-added","who":["ml:regex"],"prob":0.5},"fields":{},"normalizations":{}}],"relations":[]}