{"annotatable":{"parts":["s1v1","s2v1","s3v1","s4v1","s5v1","s6v1","s7v1","s8v1","s9v1","s10v1","s11v1","s12v1","s13v1","s14v1","s15v1","s16v1","s17v1","s18v1","s19v1","s20v1","s21v1","s22v1","s23v1","s24v1","s25v1","s26v1"]},"anncomplete":true,"sources":[{"name":"ORIG","id":"Copy_of_19_20_Agreement___CH_HVAC_replacements_project.pdf","url":""}],"metas":{"m_24":{"value":"$48,500","confidence":{"state":"pre-added","who":["user:SDTEF"],"prob":1}},"m_23":{"value":"city and CDBG funds","confidence":{"state":"pre-added","who":["user:SDTEF"],"prob":1}},"m_22":{"value":"HVAC replacement ","confidence":{"state":"pre-added","who":["user:SDTEF"],"prob":1}},"m_20":{"value":"saviors of DV and their children, homeless individuals and families ","confidence":{"state":"pre-added","who":["user:SDTEF"],"prob":1}}},"entities":[{"classId":"e_19","part":"s1v1","offsets":[{"start":0,"text":"AGREEMENT BETWEEN THE CITY OF EL CAJON AND Crisis House"}],"coordinates":[{"x":"272.89","y":"60.20"},{"x":"333.29","y":"88.55"}],"confidence":{"state":"pre-added","who":["user:SDTEF"],"prob":1},"fields":{},"normalizations":{}},{"classId":"e_7","part":"s1v1","offsets":[{"start":22,"text":"CITY OF EL CAJON"}],"coordinates":[],"confidence":{"state":"","who":["ml:nalaf"],"prob":0.9934406316706906},"fields":{},"normalizations":{}},{"classId":"e_1","part":"s1v1","offsets":[{"start":41,"text":"D Crisis House"}],"coordinates":[{"x":"390.85","y":"71.49"},{"x":"333.29","y":"88.55"}],"confidence":{"state":"pre-added","who":["user:SDTEF"],"prob":1},"fields":{},"normalizations":{}},{"classId":"e_7","part":"s1v1","offsets":[{"start":150,"text":"CITY OF EL CAJON"}],"coordinates":[],"confidence":{"state":"","who":["ml:nalaf"],"prob":0.9647456129369801},"fields":{},"normalizations":{}},{"classId":"e_1","part":"s1v1","offsets":[{"start":231,"text":"Crisis House,"}],"coordinates":[{"x":"480.01","y":"112.01"},{"x":"542.06","y":"117.60"}],"confidence":{"state":"pre-added","who":["user:SDTEF"],"prob":1},"fields":{},"normalizations":{}},{"classId":"e_7","part":"s1v1","offsets":[{"start":397,"text":"City of El Cajon"}],"coordinates":[],"confidence":{"state":"","who":["ml:nalaf"],"prob":0.9897991104767072},"fields":{},"normalizations":{}},{"classId":"e_5","part":"s1v1","offsets":[{"start":670,"text":"HVAC Replacements at 1034 N. Magnolia Avenue"}],"coordinates":[],"confidence":{"state":"pre-added","who":["ml:regex"],"prob":0.5},"fields":{},"normalizations":{}},{"classId":"e_4","part":"s1v1","offsets":[{"start":670,"text":"HVAC Replacements at 1034 N. Magnolia Avenue\""}],"coordinates":[{"x":"152.06","y":"181.61"},{"x":"385.93","y":"187.20"}],"confidence":{"state":"pre-added","who":["user:SDTEF"],"prob":1},"fields":{},"normalizations":{}},{"classId":"e_5","part":"s1v1","offsets":[{"start":711,"text":"n"}],"coordinates":[{"x":"364.76","y":"181.61"},{"x":"370.50","y":"187.20"}],"confidence":{"state":"pre-added","who":["user:SDTEF"],"prob":1},"fields":{},"normalizations":{}},{"classId":"e_5","part":"s1v1","offsets":[{"start":1334,"text":"HVAC Replacements at 1034 N. Magnolia Avenue"}],"coordinates":[{"x":"228.72","y":"298.01"},{"x":"460.20","y":"303.60"}],"confidence":{"state":"pre-added","who":["user:SDTEF"],"prob":1},"fields":{},"normalizations":{}},{"classId":"e_7","part":"s1v1","offsets":[{"start":1675,"text":"City of El Cajon"}],"coordinates":[],"confidence":{"state":"","who":["ml:nalaf"],"prob":0.9809802570445243},"fields":{},"normalizations":{}},{"classId":"e_4","part":"s1v1","offsets":[{"start":1775,"text":"project"}],"coordinates":[],"confidence":{"state":"pre-added","who":["ml:regex"],"prob":0.5},"fields":{},"normalizations":{}},{"classId":"e_8","part":"s1v1","offsets":[{"start":1950,"text":"Time of Performance:\n\n6.\n\n7.\n\nSaid services of the Subrecipient are to commence no sooner than July 1, 2019, and shall be completed no later than June 30, 2020"}],"coordinates":[{"x":"91.44","y":"467.01"},{"x":"213.87","y":"501.35"}],"confidence":{"state":"pre-added","who":["user:SDTEF"],"prob":1},"fields":{},"normalizations":{}},{"classId":"e_2","part":"s1v1","offsets":[{"start":2112,"text":"Compensation and Method of Payment:\n\nThe City shall reimburse the Subrecipient for allowable costs incurred under the scope of the Agreement and applicable Federal regulations, which have not been paid for or reimbursed in any other manner by any other Agency or private source of funding. The total of all reimbursements shall not exceed Forty Eight Thousand Five Hundred and no/100s dollars ($48,500.00)."}],"coordinates":[{"x":"91.68","y":"513.57"},{"x":"415.92","y":"570.96"}],"confidence":{"state":"pre-added","who":["user:SDTEF"],"prob":1},"fields":{},"normalizations":{}},{"classId":"e_4","part":"s3v1","offsets":[{"start":36,"text":"project"}],"coordinates":[],"confidence":{"state":"pre-added","who":["ml:regex"],"prob":0.5},"fields":{},"normalizations":{}},{"classId":"e_7","part":"s3v1","offsets":[{"start":1611,"text":"CDBG"}],"coordinates":[],"confidence":{"state":"","who":["ml:nalaf"],"prob":0.6533146317744225},"fields":{},"normalizations":{}},{"classId":"e_7","part":"s3v1","offsets":[{"start":2242,"text":"CDBG"}],"coordinates":[],"confidence":{"state":"","who":["ml:nalaf"],"prob":0.830287063872913},"fields":{},"normalizations":{}},{"classId":"e_7","part":"s3v1","offsets":[{"start":4203,"text":"CDBG"}],"coordinates":[],"confidence":{"state":"","who":["ml:nalaf"],"prob":0.821991284190546},"fields":{},"normalizations":{}},{"classId":"e_7","part":"s3v1","offsets":[{"start":5011,"text":"CDBG funds"}],"coordinates":[],"confidence":{"state":"","who":["ml:nalaf"],"prob":0.8387292620841013},"fields":{},"normalizations":{}},{"classId":"e_7","part":"s4v1","offsets":[{"start":79,"text":"CDBG funds"}],"coordinates":[],"confidence":{"state":"","who":["ml:nalaf"],"prob":0.8085830915397876},"fields":{},"normalizations":{}},{"classId":"e_7","part":"s4v1","offsets":[{"start":608,"text":"CDBG funds"}],"coordinates":[],"confidence":{"state":"","who":["ml:nalaf"],"prob":0.8468476439372461},"fields":{},"normalizations":{}},{"classId":"e_7","part":"s4v1","offsets":[{"start":728,"text":"CDBG funds"}],"coordinates":[],"confidence":{"state":"","who":["ml:nalaf"],"prob":0.8850213760872905},"fields":{},"normalizations":{}},{"classId":"e_7","part":"s4v1","offsets":[{"start":905,"text":"CDBG funds"}],"coordinates":[],"confidence":{"state":"","who":["ml:nalaf"],"prob":0.8635659804957876},"fields":{},"normalizations":{}},{"classId":"e_7","part":"s4v1","offsets":[{"start":1438,"text":"CDBG funds"}],"coordinates":[],"confidence":{"state":"","who":["ml:nalaf"],"prob":0.8525526108787357},"fields":{},"normalizations":{}},{"classId":"e_7","part":"s5v1","offsets":[{"start":2762,"text":"CDBG funds"}],"coordinates":[],"confidence":{"state":"","who":["ml:nalaf"],"prob":0.848191224461804},"fields":{},"normalizations":{}},{"classId":"e_7","part":"s5v1","offsets":[{"start":3673,"text":"CDBG funds"}],"coordinates":[],"confidence":{"state":"","who":["ml:nalaf"],"prob":0.8591299204607268},"fields":{},"normalizations":{}},{"classId":"e_7","part":"s6v1","offsets":[{"start":1433,"text":"CDBG funds"}],"coordinates":[],"confidence":{"state":"","who":["ml:nalaf"],"prob":0.896965704715085},"fields":{},"normalizations":{}},{"classId":"e_7","part":"s6v1","offsets":[{"start":2067,"text":"CDBG funds"}],"coordinates":[],"confidence":{"state":"","who":["ml:nalaf"],"prob":0.8592622958021741},"fields":{},"normalizations":{}},{"classId":"e_7","part":"s6v1","offsets":[{"start":3391,"text":"CDBG funds"}],"coordinates":[],"confidence":{"state":"","who":["ml:nalaf"],"prob":0.8516694738223728},"fields":{},"normalizations":{}},{"classId":"e_7","part":"s6v1","offsets":[{"start":4440,"text":"CDBG funds"}],"coordinates":[],"confidence":{"state":"","who":["ml:nalaf"],"prob":0.9021320243029383},"fields":{},"normalizations":{}},{"classId":"e_7","part":"s7v1","offsets":[{"start":93,"text":"CDBG funds"}],"coordinates":[],"confidence":{"state":"","who":["ml:nalaf"],"prob":0.8468061697015727},"fields":{},"normalizations":{}},{"classId":"e_7","part":"s7v1","offsets":[{"start":1901,"text":"CDBG funds"}],"coordinates":[],"confidence":{"state":"","who":["ml:nalaf"],"prob":0.7906461817204682},"fields":{},"normalizations":{}},{"classId":"e_7","part":"s7v1","offsets":[{"start":2443,"text":"CDBG funds"}],"coordinates":[],"confidence":{"state":"","who":["ml:nalaf"],"prob":0.8696226515731731},"fields":{},"normalizations":{}},{"classId":"e_7","part":"s7v1","offsets":[{"start":2873,"text":"CDBG funds"}],"coordinates":[],"confidence":{"state":"","who":["ml:nalaf"],"prob":0.8508579451844689},"fields":{},"normalizations":{}},{"classId":"e_7","part":"s7v1","offsets":[{"start":3435,"text":"CDBG"}],"coordinates":[],"confidence":{"state":"","who":["ml:nalaf"],"prob":0.8319235360677791},"fields":{},"normalizations":{}},{"classId":"e_7","part":"s8v1","offsets":[{"start":4308,"text":"CDBG funds"}],"coordinates":[],"confidence":{"state":"","who":["ml:nalaf"],"prob":0.8663641163454858},"fields":{},"normalizations":{}},{"classId":"e_7","part":"s9v1","offsets":[{"start":1079,"text":"CDBG funds"}],"coordinates":[],"confidence":{"state":"","who":["ml:nalaf"],"prob":0.7133960481633084},"fields":{},"normalizations":{}},{"classId":"e_7","part":"s9v1","offsets":[{"start":1335,"text":"CDBG funds"}],"coordinates":[],"confidence":{"state":"","who":["ml:nalaf"],"prob":0.8550146892616324},"fields":{},"normalizations":{}},{"classId":"e_7","part":"s9v1","offsets":[{"start":1850,"text":"CDBG"}],"coordinates":[],"confidence":{"state":"","who":["ml:nalaf"],"prob":0.6512971535068967},"fields":{},"normalizations":{}},{"classId":"e_7","part":"s9v1","offsets":[{"start":2442,"text":"City of El Cajon"}],"coordinates":[],"confidence":{"state":"","who":["ml:nalaf"],"prob":0.9608991126618945},"fields":{},"normalizations":{}},{"classId":"e_1","part":"s9v1","offsets":[{"start":2517,"text":"Crisis House Attn: Mary Case, Executive Director 1034 N. Magnolia Avenue El Cajon, CA 92020"}],"coordinates":[{"x":"311.29","y":"507.27"},{"x":"400.88","y":"558.96"}],"confidence":{"state":"pre-added","who":["user:SDTEF"],"prob":1},"fields":{},"normalizations":{}},{"classId":"e_5","part":"s9v1","offsets":[{"start":2571,"text":"N"}],"coordinates":[],"confidence":{"state":"pre-added","who":["ml:regex"],"prob":0.5},"fields":{},"normalizations":{}},{"classId":"e_7","part":"s10v1","offsets":[{"start":909,"text":"CITY OF EL CAJON"}],"coordinates":[],"confidence":{"state":"","who":["ml:nalaf"],"prob":0.9737233471198733},"fields":{},"normalizations":{}},{"classId":"e_4","part":"s11v1","offsets":[{"start":0,"text":"Project"}],"coordinates":[{"x":"57.36","y":"86.98"},{"x":"87.85","y":"92.64"}],"confidence":{"state":"pre-added","who":["user:SDTEF"],"prob":1},"fields":{},"normalizations":{}},{"classId":"e_4","part":"s11v1","offsets":[{"start":27,"text":"EXHIBIT \"A\" SCOPE OF WORK AND BUDGET"}],"coordinates":[{"x":"275.28","y":"40.31"},{"x":"381.04","y":"57.60"}],"confidence":{"state":"pre-added","who":["user:SDTEF"],"prob":1},"fields":{},"normalizations":{}},{"classId":"e_5","part":"s11v1","offsets":[{"start":65,"text":"HVAC Replacements at 1034 N. Magnolia Avenue"}],"coordinates":[],"confidence":{"state":"pre-added","who":["ml:regex"],"prob":0.5},"fields":{},"normalizations":{}},{"classId":"e_1","part":"s11v1","offsets":[{"start":111,"text":"Mary Case, Executive Director (619-444-3132)"}],"coordinates":[{"x":"164.40","y":"104.49"},{"x":"368.99","y":"110.15"}],"confidence":{"state":"pre-added","who":["user:SDTEF"],"prob":1},"fields":{},"normalizations":{}},{"classId":"e_4","part":"s11v1","offsets":[{"start":157,"text":"Statement of Work: The Subrecipient agrees to use the Community Development Block Grant funds allocated by the City for Fiscal Year 2019-2020 to provide the HVAC Replacements at 1034 N. Magnolia Avenue Program/Project in the City of El Cajon.\n\nSection 1 - Work Description:"}],"coordinates":[{"x":"57.13","y":"122.02"},{"x":"185.41","y":"168.24"}],"confidence":{"state":"pre-added","who":["user:SDTEF"],"prob":1},"fields":{},"normalizations":{}},{"classId":"e_7","part":"s11v1","offsets":[{"start":211,"text":"Community Development Block Grant funds"}],"coordinates":[],"confidence":{"state":"","who":["ml:nalaf"],"prob":0.6485264222035536},"fields":{},"normalizations":{}},{"classId":"e_3","part":"s11v1","offsets":[{"start":277,"text":"Fiscal Year 2019-2020"}],"coordinates":[{"x":"172.80","y":"133.54"},{"x":"275.10","y":"139.20"}],"confidence":{"state":"pre-added","who":["user:SDTEF"],"prob":1},"fields":{},"normalizations":{}},{"classId":"e_5","part":"s11v1","offsets":[{"start":314,"text":"HVAC Replacements at 1034 N. Magnolia Avenue"}],"coordinates":[],"confidence":{"state":"pre-added","who":["ml:regex"],"prob":0.5},"fields":{},"normalizations":{}},{"classId":"e_4","part":"s11v1","offsets":[{"start":367,"text":"Project"}],"coordinates":[],"confidence":{"state":"pre-added","who":["ml:regex"],"prob":0.5},"fields":{},"normalizations":{}},{"classId":"e_7","part":"s11v1","offsets":[{"start":382,"text":"City of El Cajon"}],"coordinates":[],"confidence":{"state":"","who":["ml:nalaf"],"prob":0.9807729507535563},"fields":{},"normalizations":{}},{"classId":"e_4","part":"s11v1","offsets":[{"start":1674,"text":"project"}],"coordinates":[],"confidence":{"state":"pre-added","who":["ml:regex"],"prob":0.5},"fields":{},"normalizations":{}},{"classId":"e_6","part":"s11v1","offsets":[{"start":1859,"text":"Section 3 - Key Program Goals and Timeline . In\n\n4:uClU·pe:opw·f5tt,A.<ftc'Ji\") ·t 7) J_>( t:1\\:,,4c1uLh11\\::d Yt1!,1\n\n~ ; /(\n\n•\n\n; c.--G{/L<. 'j.;, t_,[)1 [..,q l.A-<1\"\"' ()LLU!-:l-i:.-17) {' fjl\n\nservice& in t e City of El Cajon during the period of July 1, 2019 to Ju\n\nSection 4 - Budget addition, (__ _;\n\nCrisis House will individuals\n\n20."}],"coordinates":[{"x":"55.68","y":"547.54"},{"x":"420.29","y":"587.51"}],"confidence":{"state":"pre-added","who":["user:SDTEF"],"prob":1},"fields":{},"normalizations":{}},{"classId":"e_7","part":"s11v1","offsets":[{"start":2073,"text":"City of El Cajon"}],"coordinates":[],"confidence":{"state":"","who":["ml:nalaf"],"prob":0.9574004278847523},"fields":{},"normalizations":{}},{"classId":"e_8","part":"s11v1","offsets":[{"start":2090,"text":"during the period of July 1, 2019 to Ju\n\nSection 4 - Budget addition, (__ _;\n\nCrisis House will individuals\n\n20."}],"coordinates":[{"x":"193.68","y":"582.10"},{"x":"420.29","y":"587.51"}],"confidence":{"state":"pre-added","who":["user:SDTEF"],"prob":1},"fields":{},"normalizations":{}},{"classId":"e_2","part":"s11v1","offsets":[{"start":2131,"text":"Section 4 - Budget addition, (__ _;\n\nCrisis House will individuals\n\n20. provide with\n\nThe City agrees to pay Subrecipient a total sum of Forty Eight Thousand Five Hundred and no/100s ($48,500.00) to assist in the completion of improvements and provision of the above mentioned services. It is further agreed that no funding shall be disbursed unless the Subrecipient is in full compliance with the provisions of this Agreement. The City shall make payment of these funds on a reimbursement basis contingent upon a written request and submittal of receipts or appropriate proof of payment from the Subrecipient. Payments will not be paid unless and until periodic reports are current. Payments may be made on a monthly or quarterly basis, at the Subrecipient's option."}],"coordinates":[{"x":"55.68","y":"599.85"},{"x":"206.79","y":"691.68"}],"confidence":{"state":"pre-added","who":["user:SDTEF"],"prob":1},"fields":{},"normalizations":{}},{"classId":"e_4","part":"s12v1","offsets":[{"start":71,"text":"PROJECT"}],"coordinates":[],"confidence":{"state":"pre-added","who":["ml:regex"],"prob":0.5},"fields":{},"normalizations":{}},{"classId":"e_5","part":"s12v1","offsets":[{"start":85,"text":"HVAC Replacements at 1034 N. Magnolia Avenue"}],"coordinates":[],"confidence":{"state":"pre-added","who":["ml:regex"],"prob":0.5},"fields":{},"normalizations":{}},{"classId":"e_4","part":"s12v1","offsets":[{"start":189,"text":"project"}],"coordinates":[],"confidence":{"state":"pre-added","who":["ml:regex"],"prob":0.5},"fields":{},"normalizations":{}},{"classId":"e_4","part":"s12v1","offsets":[{"start":280,"text":"project"}],"coordinates":[],"confidence":{"state":"pre-added","who":["ml:regex"],"prob":0.5},"fields":{},"normalizations":{}},{"classId":"e_4","part":"s12v1","offsets":[{"start":675,"text":"Project"}],"coordinates":[],"confidence":{"state":"pre-added","who":["ml:regex"],"prob":0.5},"fields":{},"normalizations":{}},{"classId":"e_4","part":"s12v1","offsets":[{"start":1120,"text":"PROJECT"}],"coordinates":[],"confidence":{"state":"pre-added","who":["ml:regex"],"prob":0.5},"fields":{},"normalizations":{}},{"classId":"e_4","part":"s12v1","offsets":[{"start":1207,"text":"project"}],"coordinates":[],"confidence":{"state":"pre-added","who":["ml:regex"],"prob":0.5},"fields":{},"normalizations":{}},{"classId":"e_7","part":"s12v1","offsets":[{"start":1429,"text":"CDBG funds"}],"coordinates":[],"confidence":{"state":"","who":["ml:nalaf"],"prob":0.8983754483507393},"fields":{},"normalizations":{}},{"classId":"e_7","part":"s12v1","offsets":[{"start":1505,"text":"City of El Cajon"}],"coordinates":[],"confidence":{"state":"","who":["ml:nalaf"],"prob":0.9883356704941427},"fields":{},"normalizations":{}},{"classId":"e_4","part":"s12v1","offsets":[{"start":1543,"text":"project"}],"coordinates":[],"confidence":{"state":"pre-added","who":["ml:regex"],"prob":0.5},"fields":{},"normalizations":{}},{"classId":"e_4","part":"s12v1","offsets":[{"start":1685,"text":"project"}],"coordinates":[],"confidence":{"state":"pre-added","who":["ml:regex"],"prob":0.5},"fields":{},"normalizations":{}},{"classId":"e_7","part":"s13v1","offsets":[{"start":230,"text":"City of El Cajon"}],"coordinates":[],"confidence":{"state":"","who":["ml:nalaf"],"prob":0.9882190313623899},"fields":{},"normalizations":{}},{"classId":"e_4","part":"s13v1","offsets":[{"start":296,"text":"Project"}],"coordinates":[],"confidence":{"state":"pre-added","who":["ml:regex"],"prob":0.5},"fields":{},"normalizations":{}},{"classId":"e_4","part":"s13v1","offsets":[{"start":1195,"text":"PROJECT"}],"coordinates":[],"confidence":{"state":"pre-added","who":["ml:regex"],"prob":0.5},"fields":{},"normalizations":{}},{"classId":"e_4","part":"s13v1","offsets":[{"start":1671,"text":"project"}],"coordinates":[],"confidence":{"state":"pre-added","who":["ml:regex"],"prob":0.5},"fields":{},"normalizations":{}},{"classId":"e_7","part":"s14v1","offsets":[{"start":0,"text":"CITY OF EL CAJON"}],"coordinates":[],"confidence":{"state":"","who":["ml:nalaf"],"prob":0.9937592139126545},"fields":{},"normalizations":{}},{"classId":"e_8","part":"s14v1","offsets":[{"start":129,"text":"F_Y----=2:..=0---1.."}],"coordinates":[{"x":"153.13","y":"70.14"},{"x":"216.60","y":"74.64"}],"confidence":{"state":"pre-added","who":["user:SDTEF"],"prob":1},"fields":{},"normalizations":{}},{"classId":"e_7","part":"s14v1","offsets":[{"start":1169,"text":"CDBG"}],"coordinates":[],"confidence":{"state":"","who":["ml:nalaf"],"prob":0.5688413410919698},"fields":{},"normalizations":{}},{"classId":"e_7","part":"s15v1","offsets":[{"start":0,"text":"CDBG"}],"coordinates":[],"confidence":{"state":"","who":["ml:nalaf"],"prob":0.7550989722140762},"fields":{},"normalizations":{}},{"classId":"e_3","part":"s15v1","offsets":[{"start":69,"text":"FISCAL YEAR 2019-2020"}],"coordinates":[],"confidence":{"state":"pre-added","who":["ml:regex"],"prob":0.5},"fields":{},"normalizations":{}},{"classId":"e_4","part":"s15v1","offsets":[{"start":91,"text":"PROJECT"}],"coordinates":[],"confidence":{"state":"pre-added","who":["ml:regex"],"prob":0.5},"fields":{},"normalizations":{}},{"classId":"e_4","part":"s15v1","offsets":[{"start":183,"text":"project"}],"coordinates":[],"confidence":{"state":"pre-added","who":["ml:regex"],"prob":0.5},"fields":{},"normalizations":{}},{"classId":"e_7","part":"s15v1","offsets":[{"start":328,"text":"City of El Cajon"}],"coordinates":[],"confidence":{"state":"","who":["ml:nalaf"],"prob":0.959890193278554},"fields":{},"normalizations":{}},{"classId":"e_4","part":"s15v1","offsets":[{"start":460,"text":"PROJECT"}],"coordinates":[],"confidence":{"state":"pre-added","who":["ml:regex"],"prob":0.5},"fields":{},"normalizations":{}},{"classId":"e_4","part":"s15v1","offsets":[{"start":514,"text":"PROJECT"}],"coordinates":[],"confidence":{"state":"pre-added","who":["ml:regex"],"prob":0.5},"fields":{},"normalizations":{}},{"classId":"e_4","part":"s15v1","offsets":[{"start":551,"text":"PROJECT"}],"coordinates":[],"confidence":{"state":"pre-added","who":["ml:regex"],"prob":0.5},"fields":{},"normalizations":{}},{"classId":"e_7","part":"s16v1","offsets":[{"start":10,"text":"CITY OF EL CAJON"}],"coordinates":[],"confidence":{"state":"","who":["ml:nalaf"],"prob":0.9965417840251046},"fields":{},"normalizations":{}},{"classId":"e_4","part":"s16v1","offsets":[{"start":2102,"text":"project"}],"coordinates":[],"confidence":{"state":"pre-added","who":["ml:regex"],"prob":0.5},"fields":{},"normalizations":{}},{"classId":"e_7","part":"s17v1","offsets":[{"start":22,"text":"CITY OF EL CAJON"}],"coordinates":[],"confidence":{"state":"","who":["ml:nalaf"],"prob":0.9967764342273342},"fields":{},"normalizations":{}},{"classId":"e_4","part":"s17v1","offsets":[{"start":232,"text":"project"}],"coordinates":[],"confidence":{"state":"pre-added","who":["ml:regex"],"prob":0.5},"fields":{},"normalizations":{}},{"classId":"e_4","part":"s17v1","offsets":[{"start":283,"text":"project"}],"coordinates":[],"confidence":{"state":"pre-added","who":["ml:regex"],"prob":0.5},"fields":{},"normalizations":{}},{"classId":"e_4","part":"s17v1","offsets":[{"start":1181,"text":"project"}],"coordinates":[],"confidence":{"state":"pre-added","who":["ml:regex"],"prob":0.5},"fields":{},"normalizations":{}},{"classId":"e_7","part":"s18v1","offsets":[{"start":32,"text":"CITY OF EL CAJON"}],"coordinates":[],"confidence":{"state":"","who":["ml:nalaf"],"prob":0.9967738229482573},"fields":{},"normalizations":{}},{"classId":"e_7","part":"s19v1","offsets":[{"start":22,"text":"CITY OF EL CAJON"}],"coordinates":[],"confidence":{"state":"","who":["ml:nalaf"],"prob":0.9967764342273691},"fields":{},"normalizations":{}},{"classId":"e_7","part":"s20v1","offsets":[{"start":298,"text":"City of El Cajon"}],"coordinates":[],"confidence":{"state":"","who":["ml:nalaf"],"prob":0.9752529398639327},"fields":{},"normalizations":{}},{"classId":"e_7","part":"s20v1","offsets":[{"start":926,"text":"City of El Cajon"}],"coordinates":[],"confidence":{"state":"","who":["ml:nalaf"],"prob":0.9745091937212537},"fields":{},"normalizations":{}},{"classId":"e_7","part":"s21v1","offsets":[{"start":22,"text":"CITY OF EL CAJON"}],"coordinates":[],"confidence":{"state":"","who":["ml:nalaf"],"prob":0.996776434226778},"fields":{},"normalizations":{}},{"classId":"e_7","part":"s22v1","offsets":[{"start":22,"text":"CITY OF EL CAJON"}],"coordinates":[],"confidence":{"state":"","who":["ml:nalaf"],"prob":0.9967764342273687},"fields":{},"normalizations":{}},{"classId":"e_7","part":"s23v1","offsets":[{"start":22,"text":"CITY OF EL CAJON"}],"coordinates":[],"confidence":{"state":"","who":["ml:nalaf"],"prob":0.9967764342267482},"fields":{},"normalizations":{}},{"classId":"e_4","part":"s24v1","offsets":[{"start":203,"text":"project"}],"coordinates":[],"confidence":{"state":"pre-added","who":["ml:regex"],"prob":0.5},"fields":{},"normalizations":{}},{"classId":"e_4","part":"s24v1","offsets":[{"start":279,"text":"project"}],"coordinates":[],"confidence":{"state":"pre-added","who":["ml:regex"],"prob":0.5},"fields":{},"normalizations":{}},{"classId":"e_4","part":"s24v1","offsets":[{"start":937,"text":"project"}],"coordinates":[],"confidence":{"state":"pre-added","who":["ml:regex"],"prob":0.5},"fields":{},"normalizations":{}},{"classId":"e_7","part":"s25v1","offsets":[{"start":167,"text":"Community Development Block Grant"}],"coordinates":[],"confidence":{"state":"","who":["ml:nalaf"],"prob":0.7712785664752783},"fields":{},"normalizations":{}}],"relations":[]}