{"annotatable":{"parts":["s1p1","s1p2"]},"anncomplete":true,"sources":[{"name":"ORIG","id":"561438_Amendment_10082020.pdf","url":""}],"metas":{"m_24":{"value":"$1,049,607","confidence":{"state":"pre-added","who":["user:SDTEF"],"prob":1}},"m_22":{"value":"at-risk of homelessness and housing ","confidence":{"state":"pre-added","who":["user:SDTEF"],"prob":1}},"m_21":{"value":"low-income","confidence":{"state":"pre-added","who":["user:SDTEF"],"prob":1}},"m_23":{"value":"county, ESG, HEAP, CoC","confidence":{"state":"pre-added","who":["user:SDTEF"],"prob":1}},"m_20":{"value":"households ","confidence":{"state":"pre-added","who":["user:SDTEF"],"prob":1}}},"entities":[{"classId":"e_7","part":"s1p1","offsets":[{"start":0,"text":"COUNTY OF SAN DIEGO"}],"coordinates":[],"confidence":{"state":"pre-added","who":["ml:regex"],"prob":0.5},"fields":{},"normalizations":{}},{"classId":"e_19","part":"s1p1","offsets":[{"start":0,"text":"COUNTY OF SAN DIEGO - DEPARTMENT OF PURCHASING AND CONTRACTING CONTRACT NO. 561438 AMENDMENT NO. Ql"}],"coordinates":[],"confidence":{"state":"pre-added","who":["user:SDTEF"],"prob":1},"fields":{},"normalizations":{}},{"classId":"e_1","part":"s1p1","offsets":[{"start":100,"text":"Interfaith Community Services"}],"coordinates":[],"confidence":{"state":"","who":["ml:nalaf"],"prob":0.901540211592982},"fields":{},"normalizations":{}},{"classId":"e_7","part":"s1p1","offsets":[{"start":154,"text":"County of San Diego"}],"coordinates":[],"confidence":{"state":"pre-added","who":["user:SDTEF"],"prob":1},"fields":{},"normalizations":{}},{"classId":"e_4","part":"s1p1","offsets":[{"start":299,"text":"Title of Contract: Emergency Shelter and Rapid Re-Housing Amendment"}],"coordinates":[],"confidence":{"state":"pre-added","who":["user:SDTEF"],"prob":1},"fields":{},"normalizations":{}},{"classId":"e_4","part":"s1p1","offsets":[{"start":922,"text":"Ending San Diego Homelessness Project"}],"coordinates":[],"confidence":{"state":"pre-added","who":["ml:regex"],"prob":0.5},"fields":{},"normalizations":{}},{"classId":"e_2","part":"s1p1","offsets":[{"start":1053,"text":"Compensation: The total compensation due to Contractor for Fiscal Year 2019-2020 is amended to $220,378.62 and for FY2020-202 l is amended to a total price of$634,369.38 with a total contract price not to exceed $854,748.00 for the Ending San Diego Homelessness Project"}],"coordinates":[],"confidence":{"state":"pre-added","who":["user:SDTEF"],"prob":1},"fields":{},"normalizations":{}},{"classId":"e_2","part":"s1p1","offsets":[{"start":1148,"text":"$220,378.62"}],"coordinates":[],"confidence":{"state":"pre-added","who":["user:SDTEF"],"prob":1},"fields":{},"normalizations":{}},{"classId":"e_2","part":"s1p1","offsets":[{"start":1197,"text":"total price of$634,369.38 with a total contract price not to exceed $854,748.00"}],"coordinates":[],"confidence":{"state":"pre-added","who":["user:SDTEF"],"prob":1},"fields":{},"normalizations":{}},{"classId":"e_4","part":"s1p1","offsets":[{"start":1285,"text":"Ending San Diego Homelessness Project"}],"coordinates":[],"confidence":{"state":"pre-added","who":["user:SDTEF"],"prob":1},"fields":{},"normalizations":{}},{"classId":"e_7","part":"s1p1","offsets":[{"start":1339,"text":"Homeless Emergency Aid Program (HEAP)"}],"coordinates":[],"confidence":{"state":"pre-added","who":["user:SDTEF"],"prob":1},"fields":{},"normalizations":{}},{"classId":"e_2","part":"s1p1","offsets":[{"start":1422,"text":"total contract price ofSl,049,607.00. Contract Total Price remains $1,049,607"}],"coordinates":[],"confidence":{"state":"pre-added","who":["user:SDTEF"],"prob":1},"fields":{},"normalizations":{}},{"classId":"e_2","part":"s1p1","offsets":[{"start":1460,"text":"Contract Total Price remains $1,049,607"}],"coordinates":[],"confidence":{"state":"pre-added","who":["user:SDTEF"],"prob":1},"fields":{},"normalizations":{}},{"classId":"e_1","part":"s1p2","offsets":[{"start":0,"text":"Interfaith Community Services"}],"coordinates":[],"confidence":{"state":"","who":["ml:nalaf"],"prob":0.9138699707447483},"fields":{},"normalizations":{}},{"classId":"e_19","part":"s1p2","offsets":[{"start":312,"text":"County Contract Number 561438"}],"coordinates":[],"confidence":{"state":"pre-added","who":["ml:regex"],"prob":0.5},"fields":{},"normalizations":{}},{"classId":"e_7","part":"s1p2","offsets":[{"start":342,"text":"County of San Diego"}],"coordinates":[],"confidence":{"state":"pre-added","who":["ml:regex"],"prob":0.5},"fields":{},"normalizations":{}},{"classId":"e_1","part":"s1p2","offsets":[{"start":421,"text":"Interfaith Community Services"}],"coordinates":[],"confidence":{"state":"","who":["ml:nalaf"],"prob":0.612014853731708},"fields":{},"normalizations":{}},{"classId":"e_4","part":"s1p2","offsets":[{"start":502,"text":"I . Scope of Work/Purpose Exhibit A-Statement of Work The contractor shall provide housing and related support services for low-income Households. Services shall be provided in accordance with the regulations listed in Attachment I, such as the Homeless Emergency Assistance and Rapid Transition to Housing (HEARTH) Act of 2009, U.S. Department of Housing and Urban Development (HUD) Emergency Solutions Grant (ESG) Program regulations, State of California Department of Housing and Community Development (State HCD) ESG regulations, and the regions Continuum of Care (CoC) Community Standards. The region shall cover the entire Continuum of Care (CoC) Service Area."}],"coordinates":[],"confidence":{"state":"pre-added","who":["user:SDTEF"],"prob":1},"fields":{},"normalizations":{}},{"classId":"e_7","part":"s1p2","offsets":[{"start":886,"text":"Emergency Solutions Grant (ESG) Program"}],"coordinates":[],"confidence":{"state":"pre-added","who":["user:SDTEF"],"prob":1},"fields":{},"normalizations":{}},{"classId":"e_7","part":"s1p2","offsets":[{"start":1019,"text":"ESG"}],"coordinates":[],"confidence":{"state":"pre-added","who":["ml:regex"],"prob":0.5},"fields":{},"normalizations":{}},{"classId":"e_7","part":"s1p2","offsets":[{"start":1052,"text":"Continuum of Care (CoC) Community Standards"}],"coordinates":[],"confidence":{"state":"pre-added","who":["user:SDTEF"],"prob":1},"fields":{},"normalizations":{}},{"classId":"e_7","part":"s1p2","offsets":[{"start":1323,"text":"ESG"}],"coordinates":[],"confidence":{"state":"pre-added","who":["ml:regex"],"prob":0.5},"fields":{},"normalizations":{}},{"classId":"e_7","part":"s1p2","offsets":[{"start":1372,"text":"ESG"}],"coordinates":[],"confidence":{"state":"pre-added","who":["ml:regex"],"prob":0.5},"fields":{},"normalizations":{}},{"classId":"e_7","part":"s1p2","offsets":[{"start":1486,"text":"County of San Diego"}],"coordinates":[],"confidence":{"state":"pre-added","who":["ml:regex"],"prob":0.5},"fields":{},"normalizations":{}},{"classId":"e_7","part":"s1p2","offsets":[{"start":1676,"text":"Emergency Solutions Grant"}],"coordinates":[],"confidence":{"state":"pre-added","who":["ml:regex"],"prob":0.5},"fields":{},"normalizations":{}},{"classId":"e_7","part":"s1p2","offsets":[{"start":1703,"text":"ESG"}],"coordinates":[],"confidence":{"state":"pre-added","who":["ml:regex"],"prob":0.5},"fields":{},"normalizations":{}},{"classId":"e_7","part":"s1p2","offsets":[{"start":1854,"text":"ESG"}],"coordinates":[],"confidence":{"state":"pre-added","who":["ml:regex"],"prob":0.5},"fields":{},"normalizations":{}},{"classId":"e_7","part":"s1p2","offsets":[{"start":1877,"text":"ESG"}],"coordinates":[],"confidence":{"state":"pre-added","who":["ml:regex"],"prob":0.5},"fields":{},"normalizations":{}},{"classId":"e_7","part":"s1p2","offsets":[{"start":2208,"text":"ESG"}],"coordinates":[],"confidence":{"state":"pre-added","who":["ml:regex"],"prob":0.5},"fields":{},"normalizations":{}},{"classId":"e_7","part":"s1p2","offsets":[{"start":2330,"text":"ESG"}],"coordinates":[],"confidence":{"state":"pre-added","who":["ml:regex"],"prob":0.5},"fields":{},"normalizations":{}},{"classId":"e_7","part":"s1p2","offsets":[{"start":2431,"text":"ESG"}],"coordinates":[],"confidence":{"state":"pre-added","who":["ml:regex"],"prob":0.5},"fields":{},"normalizations":{}},{"classId":"e_7","part":"s1p2","offsets":[{"start":2710,"text":"County of San Diego"}],"coordinates":[],"confidence":{"state":"pre-added","who":["ml:regex"],"prob":0.5},"fields":{},"normalizations":{}},{"classId":"e_7","part":"s1p2","offsets":[{"start":2904,"text":"County of San Diego"}],"coordinates":[],"confidence":{"state":"pre-added","who":["ml:regex"],"prob":0.5},"fields":{},"normalizations":{}},{"classId":"e_19","part":"s1p2","offsets":[{"start":3826,"text":"County Contract Number 561438"}],"coordinates":[],"confidence":{"state":"pre-added","who":["ml:regex"],"prob":0.5},"fields":{},"normalizations":{}},{"classId":"e_7","part":"s1p2","offsets":[{"start":3856,"text":"County of San Diego"}],"coordinates":[],"confidence":{"state":"pre-added","who":["ml:regex"],"prob":0.5},"fields":{},"normalizations":{}},{"classId":"e_1","part":"s1p2","offsets":[{"start":3935,"text":"Interfaith Community Services"}],"coordinates":[],"confidence":{"state":"","who":["ml:nalaf"],"prob":0.6117691106326849},"fields":{},"normalizations":{}},{"classId":"e_6","part":"s1p2","offsets":[{"start":4047,"text":"Goals and Objectives 3 .1. Goals: Contractor shall provide the services described herein to accomplish the following goals 3.1.1. Rapid Re-housing (RRH) Goals 3 .1.1.1. Provide three core components of a successful rapid re-housing program as identified by the National Alliance to End Homelessness RRH Performance Benchmarks and Program Standards, as follows: 3 .1.1.1.1. Housing identification, 3 .1.1.1.2. Move-in and rental assistance, 3.1.1.1.3. Rapid re-housing case management and service referrals. 3.1.1.2. Reduce the length of time program participants spend homeless. 3.1.1.3. Exit Households to Permanent Housing. 3.1.1.4. Help program participants obtain housing stability and connections to support services. 3.1.2. Emergency Shelter (ES) Goals 3 .1.2.1. Provide a safe, secure, and clean place to stay for those who cannot be diverted from the homeless assistance system. 3.1.2.2. Provide a short-term bridge to placement in permanent or more long-term housing options. 3 .1.2.3. Provide support with accessing housing resources in the community. 3.2. Outcome Objectives - Contractor shall meet or exceed the following outcomes, as listed in the CoC Written Standards: 3.2.1. RRH Outcomes- (Ending San Diego County Homelessness Project). 3.2.1.1. At least 50% of RRH Households served will move into Permanent Housing within 45 days of RRH referral to agency. 3.2.1.1.1. The remaining 50% (100% of total) of Households served will move into housing within 90 days of RRH referral to agency. 3 .2.1.2. 69% of RRH Households of all referrals will exit to Permanent Housing (independent of the length of time in the program). 3.2.1.3. 84% of RRH Households will maintain or increase income. 3.2.2. ES Outcomes- (Ending San Diego County Homelessness Project). 3.2.2.1. 695 Households shall be served with bridge housing and shelter services focused on securing housing in the shortest amount of time possible. 3 .2.2.2. 100% of Households served shall have an updated standardized assessment tool and Match Initiation Form completed. 3.2.2.3. Contractor shall ensure they maintain current ES Outcomes, as listed m the RTFH Community Standards, as they become available."}],"coordinates":[],"confidence":{"state":"pre-added","who":["user:SDTEF"],"prob":1},"fields":{},"normalizations":{}},{"classId":"e_3","part":"s1p2","offsets":[{"start":6231,"text":"Target Population and Geographic Area 4.1. Target Population: Contractor shall serve low-income homeless Households, or those at-risk of homelessness as defined in 24 CFR 576.2."}],"coordinates":[],"confidence":{"state":"pre-added","who":["user:SDTEF"],"prob":1},"fields":{},"normalizations":{}},{"classId":"e_5","part":"s1p2","offsets":[{"start":6414,"text":"Geographical/Regional Service Area(s):"}],"coordinates":[],"confidence":{"state":"pre-added","who":["user:SDTEF"],"prob":1},"fields":{},"normalizations":{}},{"classId":"e_5","part":"s1p2","offsets":[{"start":6453,"text":"Contractor shall provide the service(s) countywide"}],"coordinates":[],"confidence":{"state":"pre-added","who":["user:SDTEF"],"prob":1},"fields":{},"normalizations":{}},{"classId":"e_19","part":"s1p2","offsets":[{"start":6573,"text":"County Contract Number 561438"}],"coordinates":[],"confidence":{"state":"pre-added","who":["ml:regex"],"prob":0.5},"fields":{},"normalizations":{}},{"classId":"e_7","part":"s1p2","offsets":[{"start":6603,"text":"County of San Diego"}],"coordinates":[],"confidence":{"state":"pre-added","who":["ml:regex"],"prob":0.5},"fields":{},"normalizations":{}},{"classId":"e_1","part":"s1p2","offsets":[{"start":6682,"text":"Interfaith Community Services"}],"coordinates":[],"confidence":{"state":"","who":["ml:nalaf"],"prob":0.6117688687395018},"fields":{},"normalizations":{}},{"classId":"e_7","part":"s1p2","offsets":[{"start":6988,"text":"ESG"}],"coordinates":[],"confidence":{"state":"pre-added","who":["ml:regex"],"prob":0.5},"fields":{},"normalizations":{}},{"classId":"e_7","part":"s1p2","offsets":[{"start":8385,"text":"ESG"}],"coordinates":[],"confidence":{"state":"pre-added","who":["ml:regex"],"prob":0.5},"fields":{},"normalizations":{}},{"classId":"e_7","part":"s1p2","offsets":[{"start":8766,"text":"ESG"}],"coordinates":[],"confidence":{"state":"pre-added","who":["ml:regex"],"prob":0.5},"fields":{},"normalizations":{}},{"classId":"e_7","part":"s1p2","offsets":[{"start":9317,"text":"County of San Diego"}],"coordinates":[],"confidence":{"state":"pre-added","who":["ml:regex"],"prob":0.5},"fields":{},"normalizations":{}},{"classId":"e_7","part":"s1p2","offsets":[{"start":9367,"text":"ESG"}],"coordinates":[],"confidence":{"state":"pre-added","who":["ml:regex"],"prob":0.5},"fields":{},"normalizations":{}},{"classId":"e_7","part":"s1p2","offsets":[{"start":9452,"text":"ESG"}],"coordinates":[],"confidence":{"state":"pre-added","who":["ml:regex"],"prob":0.5},"fields":{},"normalizations":{}},{"classId":"e_7","part":"s1p2","offsets":[{"start":9569,"text":"Emergency Solutions Grant"}],"coordinates":[],"confidence":{"state":"pre-added","who":["user:SDTEF"],"prob":1},"fields":{},"normalizations":{}},{"classId":"e_7","part":"s1p2","offsets":[{"start":9596,"text":"ESG"}],"coordinates":[],"confidence":{"state":"pre-added","who":["user:SDTEF"],"prob":1},"fields":{},"normalizations":{}},{"classId":"e_7","part":"s1p2","offsets":[{"start":9781,"text":"ESG"}],"coordinates":[],"confidence":{"state":"pre-added","who":["ml:regex"],"prob":0.5},"fields":{},"normalizations":{}},{"classId":"e_7","part":"s1p2","offsets":[{"start":9911,"text":"ESG"}],"coordinates":[],"confidence":{"state":"pre-added","who":["ml:regex"],"prob":0.5},"fields":{},"normalizations":{}},{"classId":"e_7","part":"s1p2","offsets":[{"start":9989,"text":"ESG"}],"coordinates":[],"confidence":{"state":"pre-added","who":["ml:regex"],"prob":0.5},"fields":{},"normalizations":{}},{"classId":"e_7","part":"s1p2","offsets":[{"start":10096,"text":"ESG"}],"coordinates":[],"confidence":{"state":"pre-added","who":["ml:regex"],"prob":0.5},"fields":{},"normalizations":{}},{"classId":"e_19","part":"s1p2","offsets":[{"start":10231,"text":"County Contract Number 561438"}],"coordinates":[],"confidence":{"state":"pre-added","who":["ml:regex"],"prob":0.5},"fields":{},"normalizations":{}},{"classId":"e_7","part":"s1p2","offsets":[{"start":10261,"text":"County of San Diego"}],"coordinates":[],"confidence":{"state":"pre-added","who":["ml:regex"],"prob":0.5},"fields":{},"normalizations":{}},{"classId":"e_1","part":"s1p2","offsets":[{"start":10340,"text":"Interfaith Community Services"}],"coordinates":[],"confidence":{"state":"","who":["ml:nalaf"],"prob":0.61176888175201},"fields":{},"normalizations":{}},{"classId":"e_7","part":"s1p2","offsets":[{"start":10911,"text":"ESG"}],"coordinates":[],"confidence":{"state":"pre-added","who":["ml:regex"],"prob":0.5},"fields":{},"normalizations":{}},{"classId":"e_7","part":"s1p2","offsets":[{"start":11165,"text":"ESG"}],"coordinates":[],"confidence":{"state":"pre-added","who":["ml:regex"],"prob":0.5},"fields":{},"normalizations":{}},{"classId":"e_7","part":"s1p2","offsets":[{"start":12933,"text":"ESG"}],"coordinates":[],"confidence":{"state":"pre-added","who":["ml:regex"],"prob":0.5},"fields":{},"normalizations":{}},{"classId":"e_7","part":"s1p2","offsets":[{"start":12972,"text":"Emergency Solutions Grant"}],"coordinates":[],"confidence":{"state":"pre-added","who":["ml:regex"],"prob":0.5},"fields":{},"normalizations":{}},{"classId":"e_7","part":"s1p2","offsets":[{"start":13005,"text":"ESG"}],"coordinates":[],"confidence":{"state":"pre-added","who":["ml:regex"],"prob":0.5},"fields":{},"normalizations":{}},{"classId":"e_7","part":"s1p2","offsets":[{"start":13047,"text":"ESG"}],"coordinates":[],"confidence":{"state":"pre-added","who":["ml:regex"],"prob":0.5},"fields":{},"normalizations":{}},{"classId":"e_7","part":"s1p2","offsets":[{"start":13213,"text":"ESG"}],"coordinates":[],"confidence":{"state":"pre-added","who":["ml:regex"],"prob":0.5},"fields":{},"normalizations":{}},{"classId":"e_7","part":"s1p2","offsets":[{"start":13608,"text":"ESG"}],"coordinates":[],"confidence":{"state":"pre-added","who":["ml:regex"],"prob":0.5},"fields":{},"normalizations":{}},{"classId":"e_19","part":"s1p2","offsets":[{"start":13797,"text":"County Contract Number 561438"}],"coordinates":[],"confidence":{"state":"pre-added","who":["ml:regex"],"prob":0.5},"fields":{},"normalizations":{}},{"classId":"e_7","part":"s1p2","offsets":[{"start":13827,"text":"County of San Diego"}],"coordinates":[],"confidence":{"state":"pre-added","who":["ml:regex"],"prob":0.5},"fields":{},"normalizations":{}},{"classId":"e_1","part":"s1p2","offsets":[{"start":13906,"text":"Interfaith Community Services"}],"coordinates":[],"confidence":{"state":"","who":["ml:nalaf"],"prob":0.6117688736426399},"fields":{},"normalizations":{}},{"classId":"e_7","part":"s1p2","offsets":[{"start":14052,"text":"ESG"}],"coordinates":[],"confidence":{"state":"pre-added","who":["ml:regex"],"prob":0.5},"fields":{},"normalizations":{}},{"classId":"e_7","part":"s1p2","offsets":[{"start":14175,"text":"ESG"}],"coordinates":[],"confidence":{"state":"pre-added","who":["ml:regex"],"prob":0.5},"fields":{},"normalizations":{}},{"classId":"e_7","part":"s1p2","offsets":[{"start":14229,"text":"ESG"}],"coordinates":[],"confidence":{"state":"pre-added","who":["ml:regex"],"prob":0.5},"fields":{},"normalizations":{}},{"classId":"e_7","part":"s1p2","offsets":[{"start":14528,"text":"ESG"}],"coordinates":[],"confidence":{"state":"pre-added","who":["ml:regex"],"prob":0.5},"fields":{},"normalizations":{}},{"classId":"e_7","part":"s1p2","offsets":[{"start":15288,"text":"ESG"}],"coordinates":[],"confidence":{"state":"pre-added","who":["ml:regex"],"prob":0.5},"fields":{},"normalizations":{}},{"classId":"e_7","part":"s1p2","offsets":[{"start":15427,"text":"ESG"}],"coordinates":[],"confidence":{"state":"pre-added","who":["ml:regex"],"prob":0.5},"fields":{},"normalizations":{}},{"classId":"e_7","part":"s1p2","offsets":[{"start":15556,"text":"ESG"}],"coordinates":[],"confidence":{"state":"pre-added","who":["ml:regex"],"prob":0.5},"fields":{},"normalizations":{}},{"classId":"e_7","part":"s1p2","offsets":[{"start":15650,"text":"ESG"}],"coordinates":[],"confidence":{"state":"pre-added","who":["ml:regex"],"prob":0.5},"fields":{},"normalizations":{}},{"classId":"e_7","part":"s1p2","offsets":[{"start":16556,"text":"ESG"}],"coordinates":[],"confidence":{"state":"pre-added","who":["ml:regex"],"prob":0.5},"fields":{},"normalizations":{}},{"classId":"e_19","part":"s1p2","offsets":[{"start":17252,"text":"County Contract Number 561438"}],"coordinates":[],"confidence":{"state":"pre-added","who":["ml:regex"],"prob":0.5},"fields":{},"normalizations":{}},{"classId":"e_7","part":"s1p2","offsets":[{"start":17282,"text":"County of San Diego"}],"coordinates":[],"confidence":{"state":"pre-added","who":["ml:regex"],"prob":0.5},"fields":{},"normalizations":{}},{"classId":"e_1","part":"s1p2","offsets":[{"start":17361,"text":"Interfaith Community Services"}],"coordinates":[],"confidence":{"state":"","who":["ml:nalaf"],"prob":0.611768883412321},"fields":{},"normalizations":{}},{"classId":"e_7","part":"s1p2","offsets":[{"start":17480,"text":"ESG"}],"coordinates":[],"confidence":{"state":"pre-added","who":["ml:regex"],"prob":0.5},"fields":{},"normalizations":{}},{"classId":"e_3","part":"s1p2","offsets":[{"start":17755,"text":"Ensuring low-barrier, easily accessible assistance to all people, including, but not limited to, people with no income or income history, and people with active substance abuse or mental health issues"}],"coordinates":[],"confidence":{"state":"pre-added","who":["user:SDTEF"],"prob":1},"fields":{},"normalizations":{}},{"classId":"e_19","part":"s1p2","offsets":[{"start":20629,"text":"County Contract Number 561438"}],"coordinates":[],"confidence":{"state":"pre-added","who":["ml:regex"],"prob":0.5},"fields":{},"normalizations":{}},{"classId":"e_7","part":"s1p2","offsets":[{"start":20659,"text":"County of San Diego"}],"coordinates":[],"confidence":{"state":"pre-added","who":["ml:regex"],"prob":0.5},"fields":{},"normalizations":{}},{"classId":"e_1","part":"s1p2","offsets":[{"start":20738,"text":"Interfaith Community Services"}],"coordinates":[],"confidence":{"state":"","who":["ml:nalaf"],"prob":0.6117688540640048},"fields":{},"normalizations":{}},{"classId":"e_7","part":"s1p2","offsets":[{"start":21446,"text":"ESG"}],"coordinates":[],"confidence":{"state":"pre-added","who":["ml:regex"],"prob":0.5},"fields":{},"normalizations":{}},{"classId":"e_6","part":"s1p2","offsets":[{"start":21962,"text":"Contractor shall provide case management to clients including, but not limited to, referring clients to services, connecting them with housing and working with landlords to resolve any issues, including the following: 7.5. l.5.1. Contractor shall make client specific referrals to service providers that address issues such as substance abuse, mental illness, physical impairments and illness, financial management, housing, and other issues, as necessary for the Household. 7.5.1.5.2. Contractor shall refer participants to applicable service organizations, government agencies, supportive service providers, etc. that may provide Permanent Housing and other services, and properly document each referral and connection. 7.5.1.5.3. Contractor shall develop housing plan, provide additional support focused on applying for, identifying, and securing Permanent Housing for clients. 7.5.1.5.4. Contractor shall coordinate housing searches including researching available housing, working with potential landlords, supporting the client with application process, and any other applicable search assistance. 7.5.1.5.5. Contractor shall develop a case file for each Household, and shall include at minimum:"}],"coordinates":[],"confidence":{"state":"pre-added","who":["user:SDTEF"],"prob":1},"fields":{},"normalizations":{}},{"classId":"e_19","part":"s1p2","offsets":[{"start":23276,"text":"County Contract Number 561438"}],"coordinates":[],"confidence":{"state":"pre-added","who":["ml:regex"],"prob":0.5},"fields":{},"normalizations":{}},{"classId":"e_7","part":"s1p2","offsets":[{"start":23306,"text":"County of San Diego"}],"coordinates":[],"confidence":{"state":"pre-added","who":["ml:regex"],"prob":0.5},"fields":{},"normalizations":{}},{"classId":"e_1","part":"s1p2","offsets":[{"start":23385,"text":"Interfaith Community Services"}],"coordinates":[],"confidence":{"state":"","who":["ml:nalaf"],"prob":0.6117688540655083},"fields":{},"normalizations":{}},{"classId":"e_19","part":"s1p2","offsets":[{"start":25999,"text":"County Contract Number 561438"}],"coordinates":[],"confidence":{"state":"pre-added","who":["ml:regex"],"prob":0.5},"fields":{},"normalizations":{}},{"classId":"e_7","part":"s1p2","offsets":[{"start":26029,"text":"County of San Diego"}],"coordinates":[],"confidence":{"state":"pre-added","who":["ml:regex"],"prob":0.5},"fields":{},"normalizations":{}},{"classId":"e_1","part":"s1p2","offsets":[{"start":26108,"text":"Interfaith Community Services"}],"coordinates":[],"confidence":{"state":"","who":["ml:nalaf"],"prob":0.6117688540899114},"fields":{},"normalizations":{}},{"classId":"e_4","part":"s1p2","offsets":[{"start":26189,"text":"Exhibit A-Statement of Work 7.5.1.10.7. Identify specific goals for client (e.g. obtaining certain identification or documentation, contacting specific services or family members, etc.) with an agreed upon deadline for completion, 7.5.1.10.8. Complete hard copy case file with notes and documentation to support all of the above. 7.5.1.10.9. Regular contact (weekly or bi-weekly) with client to measure progress towards goals and program compliance. 7.5.1.10.10. Measure and document in case notes progress towards being housing ready (all documents collected, goals identified). 7 .5.1.10.11. Begin searching for available units that meet the needs of the client, and document as housing navigation duties. 7.5.1.10.12. Prepare the client/or landlord interviews. 7 .5 .1.10.13. Attend landlord interviews with client to provide context and explanation of incentives, resources, and assistance available to client and landlord (if offered) and document efforts within case notes, delineated from case management and housing navigation"}],"coordinates":[],"confidence":{"state":"pre-added","who":["user:SDTEF"],"prob":1},"fields":{},"normalizations":{}},{"classId":"e_7","part":"s1p2","offsets":[{"start":28180,"text":"ESG"}],"coordinates":[],"confidence":{"state":"pre-added","who":["ml:regex"],"prob":0.5},"fields":{},"normalizations":{}},{"classId":"e_19","part":"s1p2","offsets":[{"start":29086,"text":"County Contract Number 561438"}],"coordinates":[],"confidence":{"state":"pre-added","who":["user:SDTEF"],"prob":1},"fields":{},"normalizations":{}},{"classId":"e_7","part":"s1p2","offsets":[{"start":29116,"text":"County of San Diego"}],"coordinates":[],"confidence":{"state":"pre-added","who":["ml:regex"],"prob":0.5},"fields":{},"normalizations":{}},{"classId":"e_1","part":"s1p2","offsets":[{"start":29195,"text":"Interfaith Community Services"}],"coordinates":[],"confidence":{"state":"","who":["ml:nalaf"],"prob":0.6117689665399432},"fields":{},"normalizations":{}},{"classId":"e_4","part":"s1p2","offsets":[{"start":29276,"text":"Exhibit A- Statement of Work Additionally, the roster of the Board of Directors is required to be submitted to the COR if any changes or revisions are made to the Board of Directors during the contract period."}],"coordinates":[],"confidence":{"state":"pre-added","who":["user:SDTEF"],"prob":1},"fields":{},"normalizations":{}},{"classId":"e_7","part":"s1p2","offsets":[{"start":30869,"text":"ESG"}],"coordinates":[],"confidence":{"state":"pre-added","who":["ml:regex"],"prob":0.5},"fields":{},"normalizations":{}},{"classId":"e_7","part":"s1p2","offsets":[{"start":30905,"text":"ESG"}],"coordinates":[],"confidence":{"state":"pre-added","who":["ml:regex"],"prob":0.5},"fields":{},"normalizations":{}},{"classId":"e_7","part":"s1p2","offsets":[{"start":30999,"text":"ESG"}],"coordinates":[],"confidence":{"state":"pre-added","who":["ml:regex"],"prob":0.5},"fields":{},"normalizations":{}},{"classId":"e_7","part":"s1p2","offsets":[{"start":31949,"text":"County of San Diego"}],"coordinates":[],"confidence":{"state":"pre-added","who":["ml:regex"],"prob":0.5},"fields":{},"normalizations":{}},{"classId":"e_19","part":"s1p2","offsets":[{"start":32328,"text":"County Contract Number 561438"}],"coordinates":[],"confidence":{"state":"pre-added","who":["ml:regex"],"prob":0.5},"fields":{},"normalizations":{}},{"classId":"e_7","part":"s1p2","offsets":[{"start":32358,"text":"County of San Diego"}],"coordinates":[],"confidence":{"state":"pre-added","who":["ml:regex"],"prob":0.5},"fields":{},"normalizations":{}},{"classId":"e_1","part":"s1p2","offsets":[{"start":32437,"text":"Interfaith Community Services"}],"coordinates":[],"confidence":{"state":"","who":["ml:nalaf"],"prob":0.6117691262242898},"fields":{},"normalizations":{}},{"classId":"e_7","part":"s1p2","offsets":[{"start":33228,"text":"ESG"}],"coordinates":[],"confidence":{"state":"pre-added","who":["ml:regex"],"prob":0.5},"fields":{},"normalizations":{}},{"classId":"e_7","part":"s1p2","offsets":[{"start":33744,"text":"ESG"}],"coordinates":[],"confidence":{"state":"pre-added","who":["ml:regex"],"prob":0.5},"fields":{},"normalizations":{}},{"classId":"e_19","part":"s1p2","offsets":[{"start":34614,"text":"COUNTY CONTRACT NUMBER 561438"}],"coordinates":[],"confidence":{"state":"pre-added","who":["ml:regex"],"prob":0.5},"fields":{},"normalizations":{}},{"classId":"e_1","part":"s1p2","offsets":[{"start":34659,"text":"INTERFAITH COMMUNITY SERVICES FOR"}],"coordinates":[],"confidence":{"state":"","who":["ml:nalaf"],"prob":0.7513094074733161},"fields":{},"normalizations":{}},{"classId":"e_1","part":"s1p2","offsets":[{"start":34787,"text":"Interfaith Community Services"}],"coordinates":[],"confidence":{"state":"","who":["ml:nalaf"],"prob":0.7874160029349458},"fields":{},"normalizations":{}},{"classId":"e_4","part":"s1p2","offsets":[{"start":34834,"text":"Ending San Diego Homelessness Project"}],"coordinates":[],"confidence":{"state":"pre-added","who":["ml:regex"],"prob":0.5},"fields":{},"normalizations":{}},{"classId":"e_2","part":"s1p2","offsets":[{"start":34932,"text":"BUDGET LINE ITEM BUDGET MATCH REQUIREMENT Emergency Shelter Assistance $ 165,633.00 $ 165,633.00 Rapid Re-Housing Assistance $ 54,745.62 $ 54,745.62 HMIS $ 0.00 $ 0.00 $ $ $ TOTAL 331,266.00 109,491.24 0.00 BUDGET TOTAL FOR FY19-20 $ 220,378.62 $ 220,378.62 $ 440,757.24 FY2020-2021 BUDGET (July 1, 2020 through June 30, 2021 except where noted) BUDGET LINE ITEM BUDGET MATCH TOTAL REQUIREMENT Emergency Shelter Assistance FY20-21 $ 176,565.00 $ 176,565.00 $ 353,130.00 Rapid Re-Housing Assistance FY20-21 $ 263,906.00 $ 263,906.00 $ 527,812.00 Rapid Re-Housing Assistance Rolled over funds from FY19-20 to be used by $ 192,820.38 $ 192,820.38 $ 385,640.76 Aoril 30, 2021 HMIS FY20-2 I $ 598.00 $ 598.00 $ 1,196.00 HMIS Rolled overfundsfrom FY19-20 to be used by $ 480.00 $ 480.00 $ 960.00 Aoril 30, 2021 BUDGET TOTAL FOR FY20-21 $ 634,369.38 $ 634,369.38 $ 1,268,738.76"}],"coordinates":[],"confidence":{"state":"pre-added","who":["user:SDTEF"],"prob":1},"fields":{},"normalizations":{}},{"classId":"e_19","part":"s1p2","offsets":[{"start":36111,"text":"COUNTY CONTRACT NUMBER 561438"}],"coordinates":[],"confidence":{"state":"pre-added","who":["ml:regex"],"prob":0.5},"fields":{},"normalizations":{}},{"classId":"e_1","part":"s1p2","offsets":[{"start":36156,"text":"INTERFAITH COMMUNITY SERVICES FOR"}],"coordinates":[],"confidence":{"state":"","who":["ml:nalaf"],"prob":0.7513152679984177},"fields":{},"normalizations":{}}],"relations":[]}