{"annotatable":{"parts":["s1v1","s2v1","s3v1","s4v1","s5v1","s6v1","s7v1","s8v1","s9v1","s10v1","s11v1","s12v1","s13v1","s14v1","s15v1","s16v1","s17v1","s18v1","s19v1","s20v1","s21v1","s22v1","s23v1","s24v1","s25v1","s26v1","s27v1","s28v1","s29v1","s30v1","s31v1","s32v1","s33v1","s34v1","s35v1","s36v1","s37v1","s38v1","s39v1","s40v1","s41v1","s42v1"]},"anncomplete":true,"sources":[{"name":"ORIG","id":"HHI_19_21_FJV_Bridge_Shelter.pdf","url":""}],"metas":{"m_22":{"value":"temp housing and bridge housing","confidence":{"state":"pre-added","who":["user:SDTEF"],"prob":1}},"m_20":{"value":"single adult women and families","confidence":{"state":"pre-added","who":["user:SDTEF"],"prob":1}},"m_24":{"value":"$2,472,491.00","confidence":{"state":"pre-added","who":["user:SDTEF"],"prob":1}},"m_23":{"value":"city and Fed-HUD","confidence":{"state":"pre-added","who":["user:SDTEF"],"prob":1}}},"entities":[{"classId":"e_19","part":"s1v1","offsets":[{"start":56,"text":"SAN DIEGOHOUSING COMMISSION \n\n\n\nAGREEMENT FOR TEMPORARY BRIDGE SHELTER – OPERATION \n\n\n\nWITH \n\nST. VINCENT DE PAUL VILLAGE, INC. dba FATHER JOE’S VILLAGES \n\n\n\nContract No. HHI-19-21"}],"coordinates":[{"x":"202.61","y":"91.38"},{"x":"363.67","y":"206.90"}],"confidence":{"state":"pre-added","who":["user:SDTEF"],"prob":1},"fields":{},"normalizations":{}},{"classId":"e_7","part":"s1v1","offsets":[{"start":56,"text":"SAN DIEGOHOUSING COMMISSION"}],"coordinates":[{"x":"202.61","y":"91.38"},{"x":"409.75","y":"96.74"}],"confidence":{"state":"pre-added","who":["user:SDTEF"],"prob":1},"fields":{},"normalizations":{}},{"classId":"e_4","part":"s1v1","offsets":[{"start":102,"text":"TEMPORARY BRIDGE SHELTER"}],"coordinates":[{"x":"226.13","y":"118.98"},{"x":"411.43","y":"124.34"}],"confidence":{"state":"pre-added","who":["user:SDTEF"],"prob":1},"fields":{},"normalizations":{}},{"classId":"e_1","part":"s1v1","offsets":[{"start":150,"text":"ST. VINCENT DE PAUL VILLAGE, INC."}],"coordinates":[{"x":"111.38","y":"174.18"},{"x":"327.50","y":"179.54"}],"confidence":{"state":"pre-added","who":["user:SDTEF"],"prob":1},"fields":{},"normalizations":{}},{"classId":"e_1","part":"s1v1","offsets":[{"start":188,"text":"FATHER JOE’S VILLAGES"}],"coordinates":[{"x":"351.91","y":"174.18"},{"x":"500.90","y":"179.54"}],"confidence":{"state":"pre-added","who":["user:SDTEF"],"prob":1},"fields":{},"normalizations":{}},{"classId":"e_7","part":"s1v1","offsets":[{"start":369,"text":"SAN DIEGO HOUSING COMMISSION"}],"coordinates":[],"confidence":{"state":"pre-added","who":["ml:regex"],"prob":0.5},"fields":{},"normalizations":{}},{"classId":"e_1","part":"s1v1","offsets":[{"start":517,"text":"ST. VINCENTDE PAUL, INC. dba FATHER       JOE’S VILLAGES        3350 E. Street        San Diego, California 92102        (619) 446-2100"}],"coordinates":[{"x":"324.05","y":"339.48"},{"x":"397.15","y":"400.13"}],"confidence":{"state":"pre-added","who":["user:SDTEF"],"prob":1},"fields":{},"normalizations":{}},{"classId":"e_4","part":"s1v1","offsets":[{"start":724,"text":"Temporary Bridge Shelter"}],"coordinates":[],"confidence":{"state":"pre-added","who":["ml:regex"],"prob":0.5},"fields":{},"normalizations":{}},{"classId":"e_8","part":"s1v1","offsets":[{"start":1467,"text":"TIME OF PERFORMANCE  \n\nAll services required pursuant to this Agreement shall commence effective July 1, 2019 through June"}],"coordinates":[{"x":"108.02","y":"670.73"},{"x":"540.36","y":"703.77"}],"confidence":{"state":"pre-added","who":["user:SDTEF"],"prob":1},"fields":{},"normalizations":{}},{"classId":"e_8","part":"s2v1","offsets":[{"start":54,"text":"30, 2020."}],"coordinates":[{"x":"72.02","y":"91.05"},{"x":"115.94","y":"96.50"}],"confidence":{"state":"pre-added","who":["user:SDTEF"],"prob":1},"fields":{},"normalizations":{}},{"classId":"e_2","part":"s2v1","offsets":[{"start":331,"text":"Maximum Compensation \n\n\n\nThe total compensation for all services performed pursuant to this Agreement shall not exceed the sum of TWO MILLION FOUR HUNDRED SEVENTY-TWO THOUSAND FOUR HUNDRED NINETY-ONE AND NO/100 DOLLARS ($2,472,491.00). Contractor acknowledges that the Commission is under no obligation to compensate Contractor for services rendered or expenses accrued under this Agreement in excess of the maximum compensation specified above.  It shall be the responsibility of the Contractor to monitor its activities to ensure that the scope of services specified in Contract Attachment No. 2 (Specifications/Scope of Work) may be completed and no charges accrued in excess of the maximum compensation during the term of this Agreement.  In the event that the work required cannot be completed within the amount specified, or it appears that the maximum compensation provided may be exceeded before the term of the Agreement expires, Contractor shall promptly notify the Commission. Commission pre-approved line item budget adjustments are permitted given that in no event will the total compensation exceed the maximum compensation as set forth herein.  Further, in no event shall the revised line item exceed the amount that is reasonable for the line item."}],"coordinates":[{"x":"144.02","y":"229.05"},{"x":"233.09","y":"441.55"}],"confidence":{"state":"pre-added","who":["user:SDTEF"],"prob":1},"fields":{},"normalizations":{}},{"classId":"e_7","part":"s2v1","offsets":[{"start":1842,"text":"City of San Diego"}],"coordinates":[],"confidence":{"state":"pre-added","who":["ml:regex"],"prob":0.5},"fields":{},"normalizations":{}},{"classId":"e_7","part":"s3v1","offsets":[{"start":1038,"text":"City General Funds, unrestricted local funds, and federal funds to the extent available and permitted."}],"coordinates":[{"x":"358.87","y":"284.28"},{"x":"368.88","y":"303.53"}],"confidence":{"state":"pre-added","who":["user:SDTEF"],"prob":1},"fields":{},"normalizations":{}},{"classId":"e_4","part":"s4v1","offsets":[{"start":86,"text":"Temporary Bridge Shelter"}],"coordinates":[],"confidence":{"state":"pre-added","who":["ml:regex"],"prob":0.5},"fields":{},"normalizations":{}},{"classId":"e_1","part":"s4v1","offsets":[{"start":363,"text":"FATHER JOE’S VILLAGES"}],"coordinates":[],"confidence":{"state":"pre-added","who":["ml:regex"],"prob":0.5},"fields":{},"normalizations":{}},{"classId":"e_7","part":"s4v1","offsets":[{"start":534,"text":"SAN DIEGO HOUSING COMMISSION"}],"coordinates":[],"confidence":{"state":"pre-added","who":["ml:regex"],"prob":0.5},"fields":{},"normalizations":{}},{"classId":"e_7","part":"s4v1","offsets":[{"start":1055,"text":"San Diego Housing Commission"}],"coordinates":[],"confidence":{"state":"pre-added","who":["ml:regex"],"prob":0.5},"fields":{},"normalizations":{}},{"classId":"e_4","part":"s5v1","offsets":[{"start":1757,"text":"Temporary Bridge Shelter"}],"coordinates":[],"confidence":{"state":"pre-added","who":["ml:regex"],"prob":0.5},"fields":{},"normalizations":{}},{"classId":"e_3","part":"s5v1","offsets":[{"start":1786,"text":"Single Adult Women and Families"}],"coordinates":[{"x":"509.25","y":"477.50"},{"x":"204.94","y":"496.75"}],"confidence":{"state":"pre-added","who":["user:SDTEF"],"prob":1},"fields":{},"normalizations":{}},{"classId":"e_7","part":"s5v1","offsets":[{"start":2345,"text":"City of San Diego"}],"coordinates":[],"confidence":{"state":"pre-added","who":["ml:regex"],"prob":0.5},"fields":{},"normalizations":{}},{"classId":"e_7","part":"s6v1","offsets":[{"start":1542,"text":"City of San Diego"}],"coordinates":[],"confidence":{"state":"pre-added","who":["ml:regex"],"prob":0.5},"fields":{},"normalizations":{}},{"classId":"e_7","part":"s7v1","offsets":[{"start":430,"text":"City of San Diego"}],"coordinates":[],"confidence":{"state":"pre-added","who":["ml:regex"],"prob":0.5},"fields":{},"normalizations":{}},{"classId":"e_7","part":"s7v1","offsets":[{"start":1533,"text":"City of San Diego"}],"coordinates":[],"confidence":{"state":"pre-added","who":["ml:regex"],"prob":0.5},"fields":{},"normalizations":{}},{"classId":"e_7","part":"s7v1","offsets":[{"start":1822,"text":"City of San Diego"}],"coordinates":[],"confidence":{"state":"pre-added","who":["ml:regex"],"prob":0.5},"fields":{},"normalizations":{}},{"classId":"e_7","part":"s10v1","offsets":[{"start":937,"text":"City of San Diego"}],"coordinates":[],"confidence":{"state":"pre-added","who":["ml:regex"],"prob":0.5},"fields":{},"normalizations":{}},{"classId":"e_7","part":"s14v1","offsets":[{"start":708,"text":"City of San Diego"}],"coordinates":[],"confidence":{"state":"pre-added","who":["ml:regex"],"prob":0.5},"fields":{},"normalizations":{}},{"classId":"e_4","part":"s18v1","offsets":[{"start":115,"text":"PROGRAM OVERVIEW & OBJECTIVE\n\nAs part of the City of San Diego’s (the City) and the San Diego Housing Commission’s (the “Commission”) comprehensive approach to ending homelessness, St. Vincent de Paul Village (the “Contractor”) will operate the City of San Diego Temporary Bridge Shelter – Single Adult Women and Families (the “Program”). Utilizing the Housing First model, the Program’s objective is to provide safe, low-barrier bridge housing and emergency shelter, as well as stabilization and supportive services, to prepare individuals and families for the most appropriate permanent or other longer-term housing solutions, contributing to the regional goals of ensuring instances of homelessness are rare, brief, and non-recurring"}],"coordinates":[{"x":"90.02","y":"140.82"},{"x":"461.33","y":"273.05"}],"confidence":{"state":"pre-added","who":["user:SDTEF"],"prob":1},"fields":{},"normalizations":{}},{"classId":"e_7","part":"s18v1","offsets":[{"start":160,"text":"City of San Diego"}],"coordinates":[{"x":"160.42","y":"163.41"},{"x":"248.65","y":"168.86"}],"confidence":{"state":"pre-added","who":["user:SDTEF"],"prob":1},"fields":{},"normalizations":{}},{"classId":"e_7","part":"s18v1","offsets":[{"start":199,"text":"San Diego Housing Commission"}],"coordinates":[{"x":"349.96","y":"163.41"},{"x":"509.08","y":"168.86"}],"confidence":{"state":"pre-added","who":["user:SDTEF"],"prob":1},"fields":{},"normalizations":{}},{"classId":"e_1","part":"s18v1","offsets":[{"start":296,"text":"St. Vincent de Paul Village"}],"coordinates":[{"x":"409.63","y":"178.29"},{"x":"540.08","y":"183.74"}],"confidence":{"state":"pre-added","who":["user:SDTEF"],"prob":1},"fields":{},"normalizations":{}},{"classId":"e_7","part":"s18v1","offsets":[{"start":360,"text":"City of San Diego"}],"coordinates":[],"confidence":{"state":"pre-added","who":["ml:regex"],"prob":0.5},"fields":{},"normalizations":{}},{"classId":"e_4","part":"s18v1","offsets":[{"start":378,"text":"Temporary Bridge Shelter"}],"coordinates":[],"confidence":{"state":"pre-added","who":["ml:regex"],"prob":0.5},"fields":{},"normalizations":{}},{"classId":"e_3","part":"s18v1","offsets":[{"start":405,"text":"Single Adult Women and Families"}],"coordinates":[],"confidence":{"state":"pre-added","who":["ml:regex"],"prob":0.5},"fields":{},"normalizations":{}},{"classId":"e_5","part":"s18v1","offsets":[{"start":857,"text":"PROGRAM SITE LOCATION\n\nContractor will operate the Program at 202 C Street, San Diego, CA 92101 (“Golden Hall”). The Program will operate seven days per week, 24 hours per day, including holidays (Program Operating Schedule)."}],"coordinates":[{"x":"90.02","y":"290.85"},{"x":"191.89","y":"348.65"}],"confidence":{"state":"pre-added","who":["user:SDTEF"],"prob":1},"fields":{},"normalizations":{}},{"classId":"e_6","part":"s18v1","offsets":[{"start":1361,"text":"PROGRAM DESCRIPTION\n\nThe Programwill provide single adult women and families with children who are experiencing homelessness, and have not been successfully diverted from the homeless assistance system, with bridge housing, emergency shelter, and diverse onsite supportive services, including but not limited to, stabilization and housing relocation services. \n\nThe Program will utilize trauma-informed care, motivational interviewing, and a harm reduction model, which does not require sobriety and addresses heavy drinking and/or drug use and its consequences. The system design will effectively serve participants in a welcoming and solutions-focused environment. All services must be easily accessible and evaluated for effectiveness on a regular basis.  \n\nThe Contractor shall adhere to all Regional Task Force on the Homeless (RTFH) performance standards and requirements, including recommendations from the RTFH regional planning process for creation of a Homeless Crisis Response System. If adherence to such standards and"}],"coordinates":[{"x":"90.02","y":"442.07"},{"x":"539.78","y":"649.90"}],"confidence":{"state":"pre-added","who":["user:SDTEF"],"prob":1},"fields":{},"normalizations":{}},{"classId":"e_3","part":"s18v1","offsets":[{"start":1406,"text":"single adult women and families"}],"coordinates":[],"confidence":{"state":"pre-added","who":["ml:regex"],"prob":0.5},"fields":{},"normalizations":{}},{"classId":"e_6","part":"s19v1","offsets":[{"start":55,"text":"requirements necessitates additional funding, the Commission will work with the Contractor to adjust the budget accordingly.\n\nThe Program will participate in the Coordinated Entry System (CES) as appropriate and as established by RTFH community standards and policies. Intakes into the Programwill be made based on the agreed upon priorities outlined by the RTFH Community Standards. This service delivery model helps the Program to:\n\n Serve the community’s most vulnerable individuals from each of the intervention categories;\n\n Move participants into the most appropriate housing of their choice; and  Meet any and all participant needs as quickly as possible."}],"coordinates":[{"x":"90.02","y":"91.05"},{"x":"404.24","y":"246.50"}],"confidence":{"state":"pre-added","who":["user:SDTEF"],"prob":1},"fields":{},"normalizations":{}},{"classId":"e_3","part":"s19v1","offsets":[{"start":745,"text":"Target Population/Geographical Area\n\nThe Program will prioritize single adult women and families with children who have been enrolled in a permanent housing intervention and are waiting for permanent housing units to become available. Any support services provided will be short-term with a focus on the move to permanent housing. Additionally, the Program will provide emergency shelter beds for single adult women and families with children experiencing unsheltered homelessness who require immediate, short-term shelter with supportive services"}],"coordinates":[{"x":"108.02","y":"286.17"},{"x":"498.13","y":"388.61"}],"confidence":{"state":"pre-added","who":["user:SDTEF"],"prob":1},"fields":{},"normalizations":{}},{"classId":"e_3","part":"s19v1","offsets":[{"start":810,"text":"single adult women and families"}],"coordinates":[],"confidence":{"state":"pre-added","who":["ml:regex"],"prob":0.5},"fields":{},"normalizations":{}},{"classId":"e_3","part":"s19v1","offsets":[{"start":1142,"text":"single adult women and families"}],"coordinates":[],"confidence":{"state":"pre-added","who":["ml:regex"],"prob":0.5},"fields":{},"normalizations":{}},{"classId":"e_3","part":"s20v1","offsets":[{"start":1483,"text":"single adult women and families"}],"coordinates":[],"confidence":{"state":"pre-added","who":["ml:regex"],"prob":0.5},"fields":{},"normalizations":{}},{"classId":"e_6","part":"s25v1","offsets":[{"start":1616,"text":"PROGRAMOUTCOMES"}],"coordinates":[{"x":"90.02","y":"476.39"},{"x":"224.13","y":"481.75"}],"confidence":{"state":"pre-added","who":["user:SDTEF"],"prob":1},"fields":{},"normalizations":{}},{"classId":"e_3","part":"s25v1","offsets":[{"start":1627,"text":"O"}],"coordinates":[{"x":"189.26","y":"476.39"},{"x":"198.60","y":"481.75"}],"confidence":{"state":"pre-added","who":["user:SDTEF"],"prob":1},"fields":{},"normalizations":{}},{"classId":"e_7","part":"s33v1","offsets":[{"start":2270,"text":"City of San Diego"}],"coordinates":[],"confidence":{"state":"pre-added","who":["ml:regex"],"prob":0.5},"fields":{},"normalizations":{}},{"classId":"e_7","part":"s35v1","offsets":[{"start":444,"text":"San Diego Housing Commission"}],"coordinates":[],"confidence":{"state":"pre-added","who":["ml:regex"],"prob":0.5},"fields":{},"normalizations":{}},{"classId":"e_7","part":"s35v1","offsets":[{"start":489,"text":"San Diego Housing Commission"}],"coordinates":[],"confidence":{"state":"pre-added","who":["ml:regex"],"prob":0.5},"fields":{},"normalizations":{}},{"classId":"e_7","part":"s35v1","offsets":[{"start":688,"text":"City of San Diego"}],"coordinates":[],"confidence":{"state":"pre-added","who":["ml:regex"],"prob":0.5},"fields":{},"normalizations":{}},{"classId":"e_7","part":"s35v1","offsets":[{"start":2261,"text":"San Diego Housing Commission"}],"coordinates":[],"confidence":{"state":"pre-added","who":["ml:regex"],"prob":0.5},"fields":{},"normalizations":{}},{"classId":"e_7","part":"s35v1","offsets":[{"start":2301,"text":"San Diego Housing Commission"}],"coordinates":[],"confidence":{"state":"pre-added","who":["ml:regex"],"prob":0.5},"fields":{},"normalizations":{}},{"classId":"e_7","part":"s35v1","offsets":[{"start":2638,"text":"City of San Diego"}],"coordinates":[],"confidence":{"state":"pre-added","who":["ml:regex"],"prob":0.5},"fields":{},"normalizations":{}}],"relations":[]}