{"annotatable":{"parts":["s1v1","s2v1","s3v1"]},"anncomplete":true,"sources":[],"metas":{"m_24":{"value":"$25,000","confidence":{"state":"pre-added","who":["user:SDTEF"],"prob":1}},"m_22":{"value":"prepare, respond, prevent COVID for food, shelter, and case managment","confidence":{"state":"pre-added","who":["user:SDTEF"],"prob":1}},"m_23":{"value":"city and CDBG funds","confidence":{"state":"pre-added","who":["user:SDTEF"],"prob":1}}},"entities":[{"classId":"e_19","part":"s1v1","offsets":[{"start":0,"text":"AMENDMENT #1\n\nAGREEMENT BETWEEN THE CITY OF ENCINITAS AND INTERFAITH COMMUNITY SERVICES FOR THE USE OF COMMUNITY DEVELOPMENT BLOCK GRANT (CDBG) FUNDS"}],"coordinates":[{"x":"261.37","y":"83.80"},{"x":"325.18","y":"143.28"}],"confidence":{"state":"pre-added","who":["user:SDTEF"],"prob":1},"fields":{},"normalizations":{}},{"classId":"e_2","part":"s1v1","offsets":[{"start":0,"text":"A"}],"coordinates":[{"x":"261.37","y":"83.80"},{"x":"269.31","y":"90.35"}],"confidence":{"state":"pre-added","who":["user:SDTEF"],"prob":1},"fields":{},"normalizations":{}},{"classId":"e_8","part":"s1v1","offsets":[{"start":0,"text":"AMENDMENT #1\n\nAGREEMENT BETWEEN THE CITY OF ENCINITAS AND INTERFAITH COMMUNITY SERVICES FOR THE USE OF COMMUNITY DEVELOPMENT BLOCK GRANT (CDBG) FUNDS\n\nThis Extension and Amendment made and entered into as of the date of execution by the City of Encinitas, a municipal corporation, hereinafter referred to as CITY and Interfaith Community Services, a non-profit corporation, hereinafter referred to as SUBRECIPIENT.\n\nWHEREAS, the City of Encinitas is an entitlement jurisdiction, receives CDBG funds from HUD for community development and housing activities;\n\nWHEREAS, the CITY and SUBRECIPIENT entered into an Agreement on October 17, 2019 for a period of one-year, hereinafter referred to as AGREEMENT.\n\nWHEREAS, on March 16, 2020 the City Council ratified a proclamation of local emergency due to COVID-19;\n\nWHEREAS, in response to the COVID-19 pandemic, HUD published memorandums on March 31, 2020, April 9, 2020, and April 10, 2020, of available regulatory waivers related to the Consolidated Planning requirements applicable to the CDBG Program;\n\nWHEREAS, on June 24, 2020 the City Council adopted Resolution No. 2020-42, approving a Substantial Amendment to the FY 2019-20 Annual Action Plan, which reallocated FY 2019-20 funds to SUBRECIPIENT to prepare, prevent, and respond to the Coronavirus Pandemic; and,\n\nWHEREAS, the AGREEMENT must be amended to extend the term, include an additional budget and scope of work, and address applicable reporting requirements.\n\nNOW THEREFORE, IT IS MUTUALLY AGREED:\n\nSECTION 2.\n\nSection 2. \"Budget\" of the AGREEMENT shall be amended to include:\n\nCity Council Resolution 2020-42 approved an additional twenty-five thousand ($25,000) in CDBG funds to SUBRECIPIENT to prepare, prevent, and respond to the Coronavirus Pandemic. CITY shall reimburse SUBRECIPIENT for expenses incurred in carrying out this AMENDMENT.\n\nSECTION 5.\n\nSection 5. \"Term\" of the AGREEMENT shall be amended to include:\n\nThis AMENDMENT shall commence July 1, 2020 and shall continue in full force and effect until June 30, 2021, during which time SUBRECIPIENT shall perform the services provided herein. Alternatively, the agreement will be automatically terminated in the event that the United States Government terminates the Community Development Block Grant Program or terminates the"}],"coordinates":[{"x":"261.37","y":"83.80"},{"x":"539.10","y":"728.99"}],"confidence":{"state":"pre-added","who":["user:SDTEF"],"prob":1},"fields":{},"normalizations":{}},{"classId":"e_7","part":"s1v1","offsets":[{"start":36,"text":"CITY OF ENCINITAS"}],"coordinates":[{"x":"246.61","y":"110.09"},{"x":"354.49","y":"116.64"}],"confidence":{"state":"pre-added","who":["user:SDTEF"],"prob":1},"fields":{},"normalizations":{}},{"classId":"e_1","part":"s1v1","offsets":[{"start":58,"text":"INTERFAITH COMMUNITY SERVICES"}],"coordinates":[{"x":"388.81","y":"110.09"},{"x":"134.84","y":"129.96"}],"confidence":{"state":"pre-added","who":["user:SDTEF"],"prob":1},"fields":{},"normalizations":{}},{"classId":"e_7","part":"s1v1","offsets":[{"start":103,"text":"COMMUNITY DEVELOPMENT BLOCK GRANT"}],"coordinates":[{"x":"240.13","y":"123.41"},{"x":"487.67","y":"129.96"}],"confidence":{"state":"pre-added","who":["user:SDTEF"],"prob":1},"fields":{},"normalizations":{}},{"classId":"e_7","part":"s1v1","offsets":[{"start":138,"text":"CDBG)"}],"coordinates":[{"x":"496.15","y":"123.41"},{"x":"532.20","y":"129.96"}],"confidence":{"state":"pre-added","who":["user:SDTEF"],"prob":1},"fields":{},"normalizations":{}},{"classId":"e_7","part":"s1v1","offsets":[{"start":237,"text":"City of Encinitas"}],"coordinates":[],"confidence":{"state":"pre-added","who":["ml:regex"],"prob":0.5},"fields":{},"normalizations":{}},{"classId":"e_2","part":"s1v1","offsets":[{"start":256,"text":"a"}],"coordinates":[],"confidence":{"state":"pre-added","who":["ml:regex"],"prob":0.5},"fields":{},"normalizations":{}},{"classId":"e_1","part":"s1v1","offsets":[{"start":317,"text":"Interfaith Community Services"}],"coordinates":[],"confidence":{"state":"pre-added","who":["ml:regex"],"prob":0.5},"fields":{},"normalizations":{}},{"classId":"e_2","part":"s1v1","offsets":[{"start":348,"text":"a"}],"coordinates":[],"confidence":{"state":"pre-added","who":["ml:regex"],"prob":0.5},"fields":{},"normalizations":{}},{"classId":"e_7","part":"s1v1","offsets":[{"start":429,"text":"City of Encinitas"}],"coordinates":[],"confidence":{"state":"pre-added","who":["ml:regex"],"prob":0.5},"fields":{},"normalizations":{}},{"classId":"e_2","part":"s1v1","offsets":[{"start":644,"text":"a"}],"coordinates":[],"confidence":{"state":"pre-added","who":["ml:regex"],"prob":0.5},"fields":{},"normalizations":{}},{"classId":"e_2","part":"s1v1","offsets":[{"start":758,"text":"a"}],"coordinates":[],"confidence":{"state":"pre-added","who":["ml:regex"],"prob":0.5},"fields":{},"normalizations":{}},{"classId":"e_2","part":"s1v1","offsets":[{"start":1137,"text":"a"}],"coordinates":[],"confidence":{"state":"pre-added","who":["ml:regex"],"prob":0.5},"fields":{},"normalizations":{}},{"classId":"e_2","part":"s1v1","offsets":[{"start":1535,"text":"\"Budget\" of the AGREEMENT shall be amended to include:\n\nCity Council Resolution 2020-42 approved an additional twenty-five thousand ($25,000) in CDBG funds to SUBRECIPIENT to prepare, prevent, and respond to the Coronavirus Pandemic. CITY shall reimburse SUBRECIPIENT for expenses incurred in carrying out this AMENDMENT"}],"coordinates":[{"x":"120.61","y":"535.79"},{"x":"136.41","y":"608.75"}],"confidence":{"state":"pre-added","who":["user:SDTEF"],"prob":1},"fields":{},"normalizations":{}},{"classId":"e_7","part":"s1v1","offsets":[{"start":2242,"text":"Community Development Block Grant"}],"coordinates":[],"confidence":{"state":"pre-added","who":["ml:regex"],"prob":0.5},"fields":{},"normalizations":{}},{"classId":"e_2","part":"s2v1","offsets":[{"start":59,"text":"A"}],"coordinates":[],"confidence":{"state":"pre-added","who":["ml:regex"],"prob":0.5},"fields":{},"normalizations":{}},{"classId":"e_2","part":"s2v1","offsets":[{"start":71,"text":"A"}],"coordinates":[],"confidence":{"state":"pre-added","who":["ml:regex"],"prob":0.5},"fields":{},"normalizations":{}},{"classId":"e_2","part":"s2v1","offsets":[{"start":188,"text":"A"}],"coordinates":[],"confidence":{"state":"pre-added","who":["ml:regex"],"prob":0.5},"fields":{},"normalizations":{}},{"classId":"e_6","part":"s2v1","offsets":[{"start":211,"text":"SUBRECIPIENT is being provided with additional FY 2019-20 CDBG funds to prepare, respond, and prevent Coronavirus. SUBRECIPIENT shall administer and perform services including but not necessarily limited to, as specified below:\n\nPrepare, respond, and prevent Coronavlrus through additional Bridge to Housing Network Shelter Staffing, Personal GOAL\n\nProtective Equipment, and Food.\n\nAssist an additional 10 Encinitas households with food, shelter, and case management services.\n\nMEASURABLE 1: Additional 135 staffing hours for overtime and hazard pay at La Posada, Operation Hope North County, and Haven House Shelters. MEASURABLE 2: Provide an additional 1,607 meals for Haven House clients. Procure articles of Personal Protective Equipment (masks, gloves, MEASURABLE 3: no-touch thermometers, cleaning supplies) for Operation Hope Shelter Staff and Clients"}],"coordinates":[{"x":"76.68","y":"201.71"},{"x":"309.39","y":"408.23"}],"confidence":{"state":"pre-added","who":["user:SDTEF"],"prob":1},"fields":{},"normalizations":{}},{"classId":"e_2","part":"s2v1","offsets":[{"start":1425,"text":"a"}],"coordinates":[],"confidence":{"state":"pre-added","who":["ml:regex"],"prob":0.5},"fields":{},"normalizations":{}},{"classId":"e_2","part":"s2v1","offsets":[{"start":1633,"text":"a"}],"coordinates":[],"confidence":{"state":"pre-added","who":["ml:regex"],"prob":0.5},"fields":{},"normalizations":{}},{"classId":"e_2","part":"s2v1","offsets":[{"start":1687,"text":"A"}],"coordinates":[],"confidence":{"state":"pre-added","who":["ml:regex"],"prob":0.5},"fields":{},"normalizations":{}},{"classId":"e_2","part":"s3v1","offsets":[{"start":6,"text":"EXHIBIT B (BUDGET)\n\nHaven House. La Posada and Operation Hope - Additional StaffinQ Haven House- Additional Food/Meals Personal Protective Equipment (masks, gloves, no-touch thermometers, cleaning supplies for Operation Hope Shelter and Staff TOTAL\n\nAMOUNT\n\n$19,328\n\n$3,652\n\n$2,020\n\n$25.000"}],"coordinates":[{"x":"276.85","y":"82.91"},{"x":"465.64","y":"239.39"}],"confidence":{"state":"pre-added","who":["user:SDTEF"],"prob":1},"fields":{},"normalizations":{}},{"classId":"e_7","part":"s3v1","offsets":[{"start":555,"text":"CITY OF ENCINITAS"}],"coordinates":[],"confidence":{"state":"pre-added","who":["ml:regex"],"prob":0.5},"fields":{},"normalizations":{}},{"classId":"e_7","part":"s3v1","offsets":[{"start":717,"text":"Community Development Block Grant"}],"coordinates":[],"confidence":{"state":"pre-added","who":["ml:regex"],"prob":0.5},"fields":{},"normalizations":{}}],"relations":[]}