{"annotatable":{"parts":["s1v1","s2v1","s3v1","s4v1","s5v1","s6v1","s7v1","s8v1","s9v1","s10v1","s11v1","s12v1","s13v1","s14v1","s15v1","s16v1","s17v1","s18v1"]},"anncomplete":true,"sources":[],"metas":{"m_23":{"value":"city and District 76 Funds","confidence":{"state":"pre-added","who":["user:SDTEF"],"prob":1}},"m_24":{"value":"$237,500","confidence":{"state":"pre-added","who":["user:SDTEF"],"prob":1}},"m_20":{"value":"imminent risk (seniors, veterans, families)","confidence":{"state":"pre-added","who":["user:SDTEF"],"prob":1}},"m_22":{"value":"temp housing ","confidence":{"state":"pre-added","who":["user:SDTEF"],"prob":1}}},"entities":[{"classId":"e_19","part":"s1v1","offsets":[{"start":0,"text":"MEMORANDUM OF UNDERSTANDING\n\nFOR USE OF DISTRICT 76 HOMELESS PREVENTION AND INTERVENTION FUNDS BETWEEN CITY OF ENCINITAS AND COMMUNITY RESOURCE CENTER"}],"coordinates":[{"x":"169.69","y":"91.41"},{"x":"402.38","y":"172.22"}],"confidence":{"state":"pre-added","who":["user:SDTEF"],"prob":1},"fields":{},"normalizations":{}},{"classId":"e_7","part":"s1v1","offsets":[{"start":40,"text":"DISTRICT 76 HOMELESS PREVENTION AND INTERVENTION FUNDS"}],"coordinates":[{"x":"159.20","y":"125.46"},{"x":"532.46","y":"132.06"}],"confidence":{"state":"pre-added","who":["user:SDTEF"],"prob":1},"fields":{},"normalizations":{}},{"classId":"e_7","part":"s1v1","offsets":[{"start":103,"text":"CITY OF ENCINITAS"}],"coordinates":[{"x":"284.39","y":"138.84"},{"x":"393.04","y":"145.44"}],"confidence":{"state":"pre-added","who":["user:SDTEF"],"prob":1},"fields":{},"normalizations":{}},{"classId":"e_1","part":"s1v1","offsets":[{"start":125,"text":"COMMUNITY RESOURCE CENTER"}],"coordinates":[{"x":"214.20","y":"165.62"},{"x":"402.38","y":"172.22"}],"confidence":{"state":"pre-added","who":["user:SDTEF"],"prob":1},"fields":{},"normalizations":{}},{"classId":"e_7","part":"s1v1","offsets":[{"start":228,"text":"City of Encinitas"}],"coordinates":[],"confidence":{"state":"pre-added","who":["ml:regex"],"prob":0.5},"fields":{},"normalizations":{}},{"classId":"e_1","part":"s1v1","offsets":[{"start":284,"text":"Community Resource Center"}],"coordinates":[],"confidence":{"state":"pre-added","who":["ml:regex"],"prob":0.5},"fields":{},"normalizations":{}},{"classId":"e_7","part":"s1v1","offsets":[{"start":364,"text":"District 76 Homeless Prevention and Intervention Funds"}],"coordinates":[],"confidence":{"state":"pre-added","who":["ml:regex"],"prob":0.5},"fields":{},"normalizations":{}},{"classId":"e_7","part":"s1v1","offsets":[{"start":523,"text":"City of Encinitas"}],"coordinates":[],"confidence":{"state":"pre-added","who":["ml:regex"],"prob":0.5},"fields":{},"normalizations":{}},{"classId":"e_4","part":"s1v1","offsets":[{"start":559,"text":"who are homeless through intervention services and those who are at risk of imminent homelessness through prevention efforts"}],"coordinates":[{"x":"153.05","y":"268.91"},{"x":"320.30","y":"288.72"}],"confidence":{"state":"pre-added","who":["user:SDTEF"],"prob":1},"fields":{},"normalizations":{}},{"classId":"e_7","part":"s1v1","offsets":[{"start":757,"text":"City of Encinitas"}],"coordinates":[],"confidence":{"state":"pre-added","who":["ml:regex"],"prob":0.5},"fields":{},"normalizations":{}},{"classId":"e_1","part":"s1v1","offsets":[{"start":902,"text":"Community Resource Center"}],"coordinates":[],"confidence":{"state":"pre-added","who":["ml:regex"],"prob":0.5},"fields":{},"normalizations":{}},{"classId":"e_2","part":"s1v1","offsets":[{"start":1140,"text":"City is allocating $237,500 of its share of the District 76 Funds to CRC in furtherance of the Progra"}],"coordinates":[{"x":"522.10","y":"361.90"},{"x":"544.55","y":"381.34"}],"confidence":{"state":"pre-added","who":["user:SDTEF"],"prob":1},"fields":{},"normalizations":{}},{"classId":"e_7","part":"s2v1","offsets":[{"start":593,"text":"City of Encinitas"}],"coordinates":[],"confidence":{"state":"pre-added","who":["ml:regex"],"prob":0.5},"fields":{},"normalizations":{}},{"classId":"e_3","part":"s2v1","offsets":[{"start":1591,"text":"at imminent risk of homelessness, prioritizing seniors, veterans, and families."}],"coordinates":[],"confidence":{"state":"pre-added","who":["ml:regex"],"prob":0.5},"fields":{},"normalizations":{}},{"classId":"e_8","part":"s5v1","offsets":[{"start":1876,"text":"TERM:\n\nThis MOU will commence on the date of signature by both parties and shall remain in effect until June 30, 2021 or until terminated by either party with a 30 (thirty) day written notice, whichever is sooner, unless extended by mutual agreement."}],"coordinates":[{"x":"83.58","y":"529.60"},{"x":"302.69","y":"590.11"}],"confidence":{"state":"pre-added","who":["user:SDTEF"],"prob":1},"fields":{},"normalizations":{}},{"classId":"e_7","part":"s7v1","offsets":[{"start":74,"text":"City of Encinitas"}],"coordinates":[],"confidence":{"state":"pre-added","who":["ml:regex"],"prob":0.5},"fields":{},"normalizations":{}},{"classId":"e_1","part":"s7v1","offsets":[{"start":139,"text":"Community Resource Center"}],"coordinates":[],"confidence":{"state":"pre-added","who":["ml:regex"],"prob":0.5},"fields":{},"normalizations":{}},{"classId":"e_7","part":"s7v1","offsets":[{"start":346,"text":"City of Encinitas"}],"coordinates":[],"confidence":{"state":"pre-added","who":["ml:regex"],"prob":0.5},"fields":{},"normalizations":{}},{"classId":"e_6","part":"s8v1","offsets":[{"start":0,"text":"Intervention Goal and Performance Benchmark"}],"coordinates":[{"x":"77.43","y":"182.03"},{"x":"149.99","y":"217.44"}],"confidence":{"state":"pre-added","who":["user:SDTEF"],"prob":1},"fields":{},"normalizations":{}},{"classId":"e_4","part":"s8v1","offsets":[{"start":73,"text":"Types of Assistance"}],"coordinates":[{"x":"102.76","y":"501.14"},{"x":"151.12","y":"521.36"}],"confidence":{"state":"pre-added","who":["user:SDTEF"],"prob":1},"fields":{},"normalizations":{}},{"classId":"e_6","part":"s8v1","offsets":[{"start":119,"text":"CRC will provide homeless prevention assistance to thirty (30) households in City of Encinitas at imminent risk of homelessness, prioritizing seniors, veterans, and families. CRC will match flexible funds for housing and supportive assistance to be provided based on each household's need, reserving the steepest service interventions for those most in need"}],"coordinates":[{"x":"183.44","y":"162.13"},{"x":"297.00","y":"235.53"}],"confidence":{"state":"pre-added","who":["user:SDTEF"],"prob":1},"fields":{},"normalizations":{}},{"classId":"e_7","part":"s8v1","offsets":[{"start":196,"text":"City of Encinitas"}],"coordinates":[],"confidence":{"state":"pre-added","who":["ml:regex"],"prob":0.5},"fields":{},"normalizations":{}},{"classId":"e_3","part":"s8v1","offsets":[{"start":214,"text":"at imminent risk of homelessness, prioritizing seniors, veterans, and families."}],"coordinates":[{"x":"343.36","y":"175.15"},{"x":"396.37","y":"195.37"}],"confidence":{"state":"pre-added","who":["user:SDTEF"],"prob":1},"fields":{},"normalizations":{}},{"classId":"e_3","part":"s8v1","offsets":[{"start":479,"text":"1) Must be a resident of Encinitas 2) Meets the definition of at-risk of homelessness per HUD definition (24 CFR 576.2) 3) Individual or family will lose their primary nighttime residence provided that: (a) Residence will be lost within fourteen (14) days of the date of application for homelessness assistance, (b) No subsequent residence has been identified; and (c) The individual or family lacks the resources or support networks needed to obtain permanent housing"}],"coordinates":[{"x":"184.17","y":"286.23"},{"x":"406.11","y":"412.46"}],"confidence":{"state":"pre-added","who":["user:SDTEF"],"prob":1},"fields":{},"normalizations":{}},{"classId":"e_4","part":"s8v1","offsets":[{"start":952,"text":"Screening assessment to utilize Diversion as an initial strategy • Short-Term Rental Assistance (max. of 6 mos.) • Security Deposits • Landlord Mediation/Advocacy • Employment assistance (transportation, essential clothing, etc.) • Rental Arrears • Reunification/Relocation Expenses • Utility deposit and/or arrears • Late Fees"}],"coordinates":[{"x":"218.90","y":"447.60"},{"x":"270.57","y":"573.82"}],"confidence":{"state":"pre-added","who":["user:SDTEF"],"prob":1},"fields":{},"normalizations":{}},{"classId":"e_4","part":"s9v1","offsets":[{"start":0,"text":"H"}],"coordinates":[{"x":"184.89","y":"113.11"},{"x":"195.58","y":"121.92"}],"confidence":{"state":"pre-added","who":["user:SDTEF"],"prob":1},"fields":{},"normalizations":{}},{"classId":"e_6","part":"s9v1","offsets":[{"start":27,"text":"Using a progressive engagement & Housing First model, CRC will\n\nIntervention Goal facilitate the placement of ten (10) households in the City of Encinitas into permanent housing, prioritizing seniors, veterans, and families. and Performance CRC will also match flexible funds for housing and supportive Benchmark assistance to all eligible households in this Program and/or Opening Doors Program, to be provided based on each household's need, reserving the steepest service interventions for those most in need"}],"coordinates":[{"x":"181.99","y":"133.60"},{"x":"520.36","y":"219.61"}],"confidence":{"state":"pre-added","who":["user:SDTEF"],"prob":1},"fields":{},"normalizations":{}},{"classId":"e_7","part":"s9v1","offsets":[{"start":164,"text":"City of Encinitas"}],"coordinates":[],"confidence":{"state":"pre-added","who":["ml:regex"],"prob":0.5},"fields":{},"normalizations":{}},{"classId":"e_3","part":"s9v1","offsets":[{"start":544,"text":"Must be experiencing homelessness within the City of Encinitas or with ties to the City of Encinitas (i.e. job in Encinitas) 2) Meets the definition of homeless per HUD definition (24 CFR 576.2) 3) Individual or family who lacks a fixed, regular, and adequate nighttime residence, meaning: a) Has a primary nighttime residence that is a public or private place not meant for human habitation;\n\nBasic Eligibility b) Is living in a publicly or privately operated shelter designated to provide temporary living arrangements; (including congregate Criteria\n\nshelters, transitional housing, and hotels and motels paid by charitable organizations or by federal, state or local government programs); or c) Is exiting an institution where (s)he has resided for ninety (90) days or less and who resides in an emergency shelter or place not meant for human habitation immediately before entering that institution."}],"coordinates":[{"x":"201.53","y":"250.46"},{"x":"248.26","y":"459.85"}],"confidence":{"state":"pre-added","who":["user:SDTEF"],"prob":1},"fields":{},"normalizations":{}},{"classId":"e_7","part":"s9v1","offsets":[{"start":589,"text":"City of Encinitas"}],"coordinates":[],"confidence":{"state":"pre-added","who":["ml:regex"],"prob":0.5},"fields":{},"normalizations":{}},{"classId":"e_7","part":"s9v1","offsets":[{"start":627,"text":"City of Encinitas"}],"coordinates":[],"confidence":{"state":"pre-added","who":["ml:regex"],"prob":0.5},"fields":{},"normalizations":{}},{"classId":"e_4","part":"s9v1","offsets":[{"start":1451,"text":"Screening assessment to utilize Diversion as an initial strategy\n\n• Referrals for individuals who are identified as in crisis and needing clinical mental health assessment and/or substance abuse treatment to outside mental health providers or substance abuse treatment\n\n• Short-Term Rental Assistance (max. of 6 mos.)\n\n• Security Deposits\n\n• Landlord Mediation/Advocacy Types of Employment assistance (transportation, essential clothing, etc.)Assistance\n\n• • Transportation Assistance related to housing search activities\n\n• Reunification/Relocation Expenses\n\n• Utility deposit and/or arrears\n\n• New Move-in Expenses (movers, essential furniture, etc.)\n\n• Motel/Hotel Vouchers\n\n• Assistance with other costs related to household's ability to transition into permanent housinq"}],"coordinates":[{"x":"215.28","y":"495.77"},{"x":"385.13","y":"714.21"}],"confidence":{"state":"pre-added","who":["user:SDTEF"],"prob":1},"fields":{},"normalizations":{}},{"classId":"e_2","part":"s10v1","offsets":[{"start":376,"text":"Budget\n\n$ $ $ $ $\n\n$ $\n\n$\n\n$\n\n$\n\n$\n\n60,600.00 120,000.00\n\n17,063.00 25,823.00\n\n1,514.00\n\n225,000.00\n\n12,500.00\n\n237,500.00"}],"coordinates":[{"x":"285.47","y":"109.18"},{"x":"382.55","y":"439.59"}],"confidence":{"state":"pre-added","who":["user:SDTEF"],"prob":1},"fields":{},"normalizations":{}},{"classId":"e_7","part":"s11v1","offsets":[{"start":31,"text":"City of Encinitas"}],"coordinates":[],"confidence":{"state":"pre-added","who":["ml:regex"],"prob":0.5},"fields":{},"normalizations":{}},{"classId":"e_7","part":"s13v1","offsets":[{"start":58,"text":"City of Encinitas"}],"coordinates":[],"confidence":{"state":"pre-added","who":["ml:regex"],"prob":0.5},"fields":{},"normalizations":{}},{"classId":"e_7","part":"s13v1","offsets":[{"start":627,"text":"City of Encinitas"}],"coordinates":[],"confidence":{"state":"pre-added","who":["ml:regex"],"prob":0.5},"fields":{},"normalizations":{}},{"classId":"e_7","part":"s13v1","offsets":[{"start":995,"text":"City of Encinitas"}],"coordinates":[],"confidence":{"state":"pre-added","who":["ml:regex"],"prob":0.5},"fields":{},"normalizations":{}}],"relations":[]}