{"annotatable":{"parts":["s1v1","s2v1","s3v1","s4v1","s5v1","s6v1","s7v1","s8v1","s9v1","s10v1","s11v1","s12v1","s13v1","s14v1","s15v1","s16v1","s17v1","s18v1","s19v1","s20v1","s21v1","s22v1","s23v1","s24v1","s25v1","s26v1","s27v1","s28v1","s29v1","s30v1","s31v1","s32v1","s33v1","s34v1","s35v1","s36v1","s37v1","s38v1","s39v1","s40v1","s41v1","s42v1","s43v1","s44v1","s45v1","s46v1","s47v1"]},"anncomplete":true,"sources":[{"name":"ORIG","id":"CDBG_Emergency_Shelter_Subrecipient_Agreement_Executed_Contract_FY_18_19.pdf","url":""}],"metas":{"m_23":{"value":"city, CDBG funds, ARS, ESG, EFSP, private donations, other North County cities","confidence":{"state":"pre-added","who":["user:SDTEF"],"prob":1}},"m_24":{"value":"$45,000 (escondido); $74,963 (CDBG);$1,170,051","confidence":{"state":"pre-added","who":["user:SDTEF"],"prob":1}},"m_22":{"value":"temp housing and bridge housing","confidence":{"state":"pre-added","who":["user:SDTEF"],"prob":1}}},"entities":[{"classId":"e_19","part":"s1v1","offsets":[{"start":0,"text":"AGREEMENT\n\nBETWEEN THE CITY OF ESCONDIDO AND\n\nINTERFAITH COMMUNITY SERVICESFOR\n\nTHE ALLIANCE FOR REGIONAL SOLUTIONS\n\nCFDA 14.218"}],"coordinates":[{"x":"276.01","y":"89.80"},{"x":"327.61","y":"183.60"}],"confidence":{"state":"pre-added","who":["user:SDTEF"],"prob":1},"fields":{},"normalizations":{}},{"classId":"e_7","part":"s1v1","offsets":[{"start":23,"text":"CITY OF ESCONDIDO"}],"coordinates":[{"x":"280.57","y":"111.88"},{"x":"367.45","y":"116.88"}],"confidence":{"state":"pre-added","who":["user:SDTEF"],"prob":1},"fields":{},"normalizations":{}},{"classId":"e_1","part":"s1v1","offsets":[{"start":47,"text":"NTERFAITH COMMUNITY SERVICES"}],"coordinates":[{"x":"217.86","y":"134.20"},{"x":"372.96","y":"139.20"}],"confidence":{"state":"pre-added","who":["user:SDTEF"],"prob":1},"fields":{},"normalizations":{}},{"classId":"e_4","part":"s1v1","offsets":[{"start":84,"text":"ALLIANCE FOR REGIONAL SOLUTIONS"}],"coordinates":[{"x":"231.13","y":"156.51"},{"x":"393.17","y":"161.51"}],"confidence":{"state":"pre-added","who":["user:SDTEF"],"prob":1},"fields":{},"normalizations":{}},{"classId":"e_7","part":"s1v1","offsets":[{"start":145,"text":"COMMUNITY DEVELOPMENT BLOCKGRANT FUNDS"}],"coordinates":[{"x":"227.28","y":"223.00"},{"x":"451.33","y":"228.00"}],"confidence":{"state":"pre-added","who":["user:SDTEF"],"prob":1},"fields":{},"normalizations":{}},{"classId":"e_7","part":"s1v1","offsets":[{"start":241,"text":"City of Escondido"}],"coordinates":[],"confidence":{"state":"pre-added","who":["ml:regex"],"prob":0.5},"fields":{},"normalizations":{}},{"classId":"e_6","part":"s1v1","offsets":[{"start":260,"text":"a"}],"coordinates":[],"confidence":{"state":"pre-added","who":["ml:regex"],"prob":0.5},"fields":{},"normalizations":{}},{"classId":"e_1","part":"s1v1","offsets":[{"start":336,"text":"Interfaith Community Services"}],"coordinates":[{"x":"356.89","y":"264.33"},{"x":"491.08","y":"269.76"}],"confidence":{"state":"pre-added","who":["user:SDTEF"],"prob":1},"fields":{},"normalizations":{}},{"classId":"e_1","part":"s1v1","offsets":[{"start":376,"text":"Alliance for Regional Solutions"}],"coordinates":[],"confidence":{"state":"pre-added","who":["ml:regex"],"prob":0.5},"fields":{},"normalizations":{}},{"classId":"e_6","part":"s1v1","offsets":[{"start":865,"text":"A"}],"coordinates":[],"confidence":{"state":"pre-added","who":["ml:regex"],"prob":0.5},"fields":{},"normalizations":{}},{"classId":"e_1","part":"s1v1","offsets":[{"start":1345,"text":"B"}],"coordinates":[],"confidence":{"state":"pre-added","who":["ml:regex"],"prob":0.5},"fields":{},"normalizations":{}},{"classId":"e_8","part":"s1v1","offsets":[{"start":1698,"text":"The term of this Agreement shall be FY2018-2019 (July 1, 2018 -June 30, 2019)."}],"coordinates":[{"x":"128.16","y":"719.37"},{"x":"472.44","y":"724.80"}],"confidence":{"state":"pre-added","who":["user:SDTEF"],"prob":1},"fields":{},"normalizations":{}},{"classId":"e_6","part":"s2v1","offsets":[{"start":238,"text":"A"}],"coordinates":[],"confidence":{"state":"pre-added","who":["ml:regex"],"prob":0.5},"fields":{},"normalizations":{}},{"classId":"e_1","part":"s2v1","offsets":[{"start":688,"text":"B"}],"coordinates":[],"confidence":{"state":"pre-added","who":["ml:regex"],"prob":0.5},"fields":{},"normalizations":{}},{"classId":"e_6","part":"s2v1","offsets":[{"start":1532,"text":"a"}],"coordinates":[],"confidence":{"state":"pre-added","who":["ml:regex"],"prob":0.5},"fields":{},"normalizations":{}},{"classId":"e_6","part":"s2v1","offsets":[{"start":1560,"text":"a"}],"coordinates":[],"confidence":{"state":"pre-added","who":["ml:regex"],"prob":0.5},"fields":{},"normalizations":{}},{"classId":"e_6","part":"s2v1","offsets":[{"start":2119,"text":"A"}],"coordinates":[],"confidence":{"state":"pre-added","who":["ml:regex"],"prob":0.5},"fields":{},"normalizations":{}},{"classId":"e_6","part":"s2v1","offsets":[{"start":2264,"text":"a"}],"coordinates":[],"confidence":{"state":"pre-added","who":["ml:regex"],"prob":0.5},"fields":{},"normalizations":{}},{"classId":"e_6","part":"s3v1","offsets":[{"start":88,"text":"a"}],"coordinates":[],"confidence":{"state":"pre-added","who":["ml:regex"],"prob":0.5},"fields":{},"normalizations":{}},{"classId":"e_6","part":"s3v1","offsets":[{"start":539,"text":"a"}],"coordinates":[],"confidence":{"state":"pre-added","who":["ml:regex"],"prob":0.5},"fields":{},"normalizations":{}},{"classId":"e_6","part":"s3v1","offsets":[{"start":842,"text":"a"}],"coordinates":[],"confidence":{"state":"pre-added","who":["ml:regex"],"prob":0.5},"fields":{},"normalizations":{}},{"classId":"e_1","part":"s3v1","offsets":[{"start":854,"text":"b"}],"coordinates":[],"confidence":{"state":"pre-added","who":["ml:regex"],"prob":0.5},"fields":{},"normalizations":{}},{"classId":"e_6","part":"s3v1","offsets":[{"start":886,"text":"a"}],"coordinates":[],"confidence":{"state":"pre-added","who":["ml:regex"],"prob":0.5},"fields":{},"normalizations":{}},{"classId":"e_1","part":"s3v1","offsets":[{"start":1778,"text":"b"}],"coordinates":[],"confidence":{"state":"pre-added","who":["ml:regex"],"prob":0.5},"fields":{},"normalizations":{}},{"classId":"e_6","part":"s4v1","offsets":[{"start":99,"text":"A"}],"coordinates":[],"confidence":{"state":"pre-added","who":["ml:regex"],"prob":0.5},"fields":{},"normalizations":{}},{"classId":"e_1","part":"s4v1","offsets":[{"start":140,"text":"b"}],"coordinates":[],"confidence":{"state":"pre-added","who":["ml:regex"],"prob":0.5},"fields":{},"normalizations":{}},{"classId":"e_6","part":"s4v1","offsets":[{"start":571,"text":"a"}],"coordinates":[],"confidence":{"state":"pre-added","who":["ml:regex"],"prob":0.5},"fields":{},"normalizations":{}},{"classId":"e_6","part":"s4v1","offsets":[{"start":1076,"text":"a"}],"coordinates":[],"confidence":{"state":"pre-added","who":["ml:regex"],"prob":0.5},"fields":{},"normalizations":{}},{"classId":"e_1","part":"s4v1","offsets":[{"start":1194,"text":"b"}],"coordinates":[],"confidence":{"state":"pre-added","who":["ml:regex"],"prob":0.5},"fields":{},"normalizations":{}},{"classId":"e_1","part":"s4v1","offsets":[{"start":1711,"text":"b"}],"coordinates":[],"confidence":{"state":"pre-added","who":["ml:regex"],"prob":0.5},"fields":{},"normalizations":{}},{"classId":"e_7","part":"s4v1","offsets":[{"start":1757,"text":"City of Escondido"}],"coordinates":[],"confidence":{"state":"pre-added","who":["ml:regex"],"prob":0.5},"fields":{},"normalizations":{}},{"classId":"e_6","part":"s4v1","offsets":[{"start":2613,"text":"a"}],"coordinates":[],"confidence":{"state":"pre-added","who":["ml:regex"],"prob":0.5},"fields":{},"normalizations":{}},{"classId":"e_6","part":"s5v1","offsets":[{"start":74,"text":"a"}],"coordinates":[],"confidence":{"state":"pre-added","who":["ml:regex"],"prob":0.5},"fields":{},"normalizations":{}},{"classId":"e_6","part":"s5v1","offsets":[{"start":576,"text":"a"}],"coordinates":[],"confidence":{"state":"pre-added","who":["ml:regex"],"prob":0.5},"fields":{},"normalizations":{}},{"classId":"e_6","part":"s5v1","offsets":[{"start":653,"text":"a"}],"coordinates":[],"confidence":{"state":"pre-added","who":["ml:regex"],"prob":0.5},"fields":{},"normalizations":{}},{"classId":"e_6","part":"s5v1","offsets":[{"start":911,"text":"a"}],"coordinates":[],"confidence":{"state":"pre-added","who":["ml:regex"],"prob":0.5},"fields":{},"normalizations":{}},{"classId":"e_6","part":"s5v1","offsets":[{"start":1396,"text":"a"}],"coordinates":[],"confidence":{"state":"pre-added","who":["ml:regex"],"prob":0.5},"fields":{},"normalizations":{}},{"classId":"e_1","part":"s5v1","offsets":[{"start":1504,"text":"b"}],"coordinates":[],"confidence":{"state":"pre-added","who":["ml:regex"],"prob":0.5},"fields":{},"normalizations":{}},{"classId":"e_6","part":"s5v1","offsets":[{"start":1612,"text":"a"}],"coordinates":[],"confidence":{"state":"pre-added","who":["ml:regex"],"prob":0.5},"fields":{},"normalizations":{}},{"classId":"e_6","part":"s6v1","offsets":[{"start":377,"text":"a"}],"coordinates":[],"confidence":{"state":"pre-added","who":["ml:regex"],"prob":0.5},"fields":{},"normalizations":{}},{"classId":"e_6","part":"s6v1","offsets":[{"start":766,"text":"a"}],"coordinates":[],"confidence":{"state":"pre-added","who":["ml:regex"],"prob":0.5},"fields":{},"normalizations":{}},{"classId":"e_6","part":"s6v1","offsets":[{"start":1362,"text":"a"}],"coordinates":[],"confidence":{"state":"pre-added","who":["ml:regex"],"prob":0.5},"fields":{},"normalizations":{}},{"classId":"e_6","part":"s6v1","offsets":[{"start":1382,"text":"a"}],"coordinates":[],"confidence":{"state":"pre-added","who":["ml:regex"],"prob":0.5},"fields":{},"normalizations":{}},{"classId":"e_1","part":"s6v1","offsets":[{"start":1689,"text":"b"}],"coordinates":[],"confidence":{"state":"pre-added","who":["ml:regex"],"prob":0.5},"fields":{},"normalizations":{}},{"classId":"e_6","part":"s6v1","offsets":[{"start":1742,"text":"a"}],"coordinates":[],"confidence":{"state":"pre-added","who":["ml:regex"],"prob":0.5},"fields":{},"normalizations":{}},{"classId":"e_6","part":"s6v1","offsets":[{"start":1773,"text":"a"}],"coordinates":[],"confidence":{"state":"pre-added","who":["ml:regex"],"prob":0.5},"fields":{},"normalizations":{}},{"classId":"e_6","part":"s6v1","offsets":[{"start":1976,"text":"a"}],"coordinates":[],"confidence":{"state":"pre-added","who":["ml:regex"],"prob":0.5},"fields":{},"normalizations":{}},{"classId":"e_1","part":"s7v1","offsets":[{"start":0,"text":"b"}],"coordinates":[],"confidence":{"state":"pre-added","who":["ml:regex"],"prob":0.5},"fields":{},"normalizations":{}},{"classId":"e_6","part":"s7v1","offsets":[{"start":179,"text":"A"}],"coordinates":[],"confidence":{"state":"pre-added","who":["ml:regex"],"prob":0.5},"fields":{},"normalizations":{}},{"classId":"e_6","part":"s7v1","offsets":[{"start":547,"text":"A"}],"coordinates":[],"confidence":{"state":"pre-added","who":["ml:regex"],"prob":0.5},"fields":{},"normalizations":{}},{"classId":"e_6","part":"s7v1","offsets":[{"start":552,"text":"a"}],"coordinates":[],"confidence":{"state":"pre-added","who":["ml:regex"],"prob":0.5},"fields":{},"normalizations":{}},{"classId":"e_6","part":"s7v1","offsets":[{"start":879,"text":"a"}],"coordinates":[],"confidence":{"state":"pre-added","who":["ml:regex"],"prob":0.5},"fields":{},"normalizations":{}},{"classId":"e_6","part":"s7v1","offsets":[{"start":2170,"text":"a"}],"coordinates":[],"confidence":{"state":"pre-added","who":["ml:regex"],"prob":0.5},"fields":{},"normalizations":{}},{"classId":"e_6","part":"s8v1","offsets":[{"start":15,"text":"a"}],"coordinates":[],"confidence":{"state":"pre-added","who":["ml:regex"],"prob":0.5},"fields":{},"normalizations":{}},{"classId":"e_6","part":"s8v1","offsets":[{"start":1364,"text":"A"}],"coordinates":[],"confidence":{"state":"pre-added","who":["ml:regex"],"prob":0.5},"fields":{},"normalizations":{}},{"classId":"e_1","part":"s8v1","offsets":[{"start":1369,"text":"B"}],"coordinates":[],"confidence":{"state":"pre-added","who":["ml:regex"],"prob":0.5},"fields":{},"normalizations":{}},{"classId":"e_6","part":"s8v1","offsets":[{"start":1811,"text":"a"}],"coordinates":[],"confidence":{"state":"pre-added","who":["ml:regex"],"prob":0.5},"fields":{},"normalizations":{}},{"classId":"e_6","part":"s8v1","offsets":[{"start":1996,"text":"a"}],"coordinates":[],"confidence":{"state":"pre-added","who":["ml:regex"],"prob":0.5},"fields":{},"normalizations":{}},{"classId":"e_6","part":"s8v1","offsets":[{"start":2025,"text":"a"}],"coordinates":[],"confidence":{"state":"pre-added","who":["ml:regex"],"prob":0.5},"fields":{},"normalizations":{}},{"classId":"e_6","part":"s9v1","offsets":[{"start":531,"text":"a"}],"coordinates":[],"confidence":{"state":"pre-added","who":["ml:regex"],"prob":0.5},"fields":{},"normalizations":{}},{"classId":"e_6","part":"s9v1","offsets":[{"start":559,"text":"a"}],"coordinates":[],"confidence":{"state":"pre-added","who":["ml:regex"],"prob":0.5},"fields":{},"normalizations":{}},{"classId":"e_6","part":"s9v1","offsets":[{"start":573,"text":"a"}],"coordinates":[],"confidence":{"state":"pre-added","who":["ml:regex"],"prob":0.5},"fields":{},"normalizations":{}},{"classId":"e_6","part":"s9v1","offsets":[{"start":684,"text":"a"}],"coordinates":[],"confidence":{"state":"pre-added","who":["ml:regex"],"prob":0.5},"fields":{},"normalizations":{}},{"classId":"e_1","part":"s9v1","offsets":[{"start":849,"text":"b"}],"coordinates":[],"confidence":{"state":"pre-added","who":["ml:regex"],"prob":0.5},"fields":{},"normalizations":{}},{"classId":"e_6","part":"s9v1","offsets":[{"start":1019,"text":"a"}],"coordinates":[],"confidence":{"state":"pre-added","who":["ml:regex"],"prob":0.5},"fields":{},"normalizations":{}},{"classId":"e_6","part":"s9v1","offsets":[{"start":1249,"text":"a"}],"coordinates":[],"confidence":{"state":"pre-added","who":["ml:regex"],"prob":0.5},"fields":{},"normalizations":{}},{"classId":"e_6","part":"s9v1","offsets":[{"start":1337,"text":"a"}],"coordinates":[],"confidence":{"state":"pre-added","who":["ml:regex"],"prob":0.5},"fields":{},"normalizations":{}},{"classId":"e_6","part":"s9v1","offsets":[{"start":1384,"text":"a"}],"coordinates":[],"confidence":{"state":"pre-added","who":["ml:regex"],"prob":0.5},"fields":{},"normalizations":{}},{"classId":"e_6","part":"s9v1","offsets":[{"start":1456,"text":"a"}],"coordinates":[],"confidence":{"state":"pre-added","who":["ml:regex"],"prob":0.5},"fields":{},"normalizations":{}},{"classId":"e_6","part":"s9v1","offsets":[{"start":1468,"text":"a"}],"coordinates":[],"confidence":{"state":"pre-added","who":["ml:regex"],"prob":0.5},"fields":{},"normalizations":{}},{"classId":"e_6","part":"s9v1","offsets":[{"start":1635,"text":"a"}],"coordinates":[],"confidence":{"state":"pre-added","who":["ml:regex"],"prob":0.5},"fields":{},"normalizations":{}},{"classId":"e_6","part":"s9v1","offsets":[{"start":1650,"text":"a"}],"coordinates":[],"confidence":{"state":"pre-added","who":["ml:regex"],"prob":0.5},"fields":{},"normalizations":{}},{"classId":"e_6","part":"s10v1","offsets":[{"start":276,"text":"a"}],"coordinates":[],"confidence":{"state":"pre-added","who":["ml:regex"],"prob":0.5},"fields":{},"normalizations":{}},{"classId":"e_6","part":"s10v1","offsets":[{"start":815,"text":"a"}],"coordinates":[],"confidence":{"state":"pre-added","who":["ml:regex"],"prob":0.5},"fields":{},"normalizations":{}},{"classId":"e_6","part":"s10v1","offsets":[{"start":896,"text":"a"}],"coordinates":[],"confidence":{"state":"pre-added","who":["ml:regex"],"prob":0.5},"fields":{},"normalizations":{}},{"classId":"e_6","part":"s10v1","offsets":[{"start":989,"text":"a"}],"coordinates":[],"confidence":{"state":"pre-added","who":["ml:regex"],"prob":0.5},"fields":{},"normalizations":{}},{"classId":"e_6","part":"s10v1","offsets":[{"start":1033,"text":"a"}],"coordinates":[],"confidence":{"state":"pre-added","who":["ml:regex"],"prob":0.5},"fields":{},"normalizations":{}},{"classId":"e_6","part":"s10v1","offsets":[{"start":1093,"text":"a"}],"coordinates":[],"confidence":{"state":"pre-added","who":["ml:regex"],"prob":0.5},"fields":{},"normalizations":{}},{"classId":"e_6","part":"s10v1","offsets":[{"start":1135,"text":"a"}],"coordinates":[],"confidence":{"state":"pre-added","who":["ml:regex"],"prob":0.5},"fields":{},"normalizations":{}},{"classId":"e_6","part":"s10v1","offsets":[{"start":1322,"text":"a"}],"coordinates":[],"confidence":{"state":"pre-added","who":["ml:regex"],"prob":0.5},"fields":{},"normalizations":{}},{"classId":"e_6","part":"s10v1","offsets":[{"start":1350,"text":"a"}],"coordinates":[],"confidence":{"state":"pre-added","who":["ml:regex"],"prob":0.5},"fields":{},"normalizations":{}},{"classId":"e_6","part":"s10v1","offsets":[{"start":1569,"text":"a"}],"coordinates":[],"confidence":{"state":"pre-added","who":["ml:regex"],"prob":0.5},"fields":{},"normalizations":{}},{"classId":"e_6","part":"s10v1","offsets":[{"start":1745,"text":"a"}],"coordinates":[],"confidence":{"state":"pre-added","who":["ml:regex"],"prob":0.5},"fields":{},"normalizations":{}},{"classId":"e_6","part":"s11v1","offsets":[{"start":380,"text":"a"}],"coordinates":[],"confidence":{"state":"pre-added","who":["ml:regex"],"prob":0.5},"fields":{},"normalizations":{}},{"classId":"e_6","part":"s11v1","offsets":[{"start":1718,"text":"a"}],"coordinates":[],"confidence":{"state":"pre-added","who":["ml:regex"],"prob":0.5},"fields":{},"normalizations":{}},{"classId":"e_6","part":"s12v1","offsets":[{"start":4,"text":"a"}],"coordinates":[],"confidence":{"state":"pre-added","who":["ml:regex"],"prob":0.5},"fields":{},"normalizations":{}},{"classId":"e_1","part":"s12v1","offsets":[{"start":229,"text":"b"}],"coordinates":[],"confidence":{"state":"pre-added","who":["ml:regex"],"prob":0.5},"fields":{},"normalizations":{}},{"classId":"e_6","part":"s12v1","offsets":[{"start":247,"text":"a"}],"coordinates":[],"confidence":{"state":"pre-added","who":["ml:regex"],"prob":0.5},"fields":{},"normalizations":{}},{"classId":"e_6","part":"s12v1","offsets":[{"start":584,"text":"A"}],"coordinates":[],"confidence":{"state":"pre-added","who":["ml:regex"],"prob":0.5},"fields":{},"normalizations":{}},{"classId":"e_6","part":"s12v1","offsets":[{"start":589,"text":"a"}],"coordinates":[],"confidence":{"state":"pre-added","who":["ml:regex"],"prob":0.5},"fields":{},"normalizations":{}},{"classId":"e_7","part":"s12v1","offsets":[{"start":2345,"text":"City of Escondido"}],"coordinates":[],"confidence":{"state":"pre-added","who":["ml:regex"],"prob":0.5},"fields":{},"normalizations":{}},{"classId":"e_6","part":"s13v1","offsets":[{"start":309,"text":"a"}],"coordinates":[],"confidence":{"state":"pre-added","who":["ml:regex"],"prob":0.5},"fields":{},"normalizations":{}},{"classId":"e_6","part":"s13v1","offsets":[{"start":369,"text":"a"}],"coordinates":[],"confidence":{"state":"pre-added","who":["ml:regex"],"prob":0.5},"fields":{},"normalizations":{}},{"classId":"e_6","part":"s13v1","offsets":[{"start":616,"text":"a"}],"coordinates":[],"confidence":{"state":"pre-added","who":["ml:regex"],"prob":0.5},"fields":{},"normalizations":{}},{"classId":"e_1","part":"s13v1","offsets":[{"start":1221,"text":"b"}],"coordinates":[],"confidence":{"state":"pre-added","who":["ml:regex"],"prob":0.5},"fields":{},"normalizations":{}},{"classId":"e_6","part":"s13v1","offsets":[{"start":1756,"text":"a"}],"coordinates":[],"confidence":{"state":"pre-added","who":["ml:regex"],"prob":0.5},"fields":{},"normalizations":{}},{"classId":"e_1","part":"s13v1","offsets":[{"start":2258,"text":"b"}],"coordinates":[],"confidence":{"state":"pre-added","who":["ml:regex"],"prob":0.5},"fields":{},"normalizations":{}},{"classId":"e_1","part":"s14v1","offsets":[{"start":255,"text":"b"}],"coordinates":[],"confidence":{"state":"pre-added","who":["ml:regex"],"prob":0.5},"fields":{},"normalizations":{}},{"classId":"e_6","part":"s14v1","offsets":[{"start":307,"text":"a"}],"coordinates":[],"confidence":{"state":"pre-added","who":["ml:regex"],"prob":0.5},"fields":{},"normalizations":{}},{"classId":"e_6","part":"s14v1","offsets":[{"start":330,"text":"a"}],"coordinates":[],"confidence":{"state":"pre-added","who":["ml:regex"],"prob":0.5},"fields":{},"normalizations":{}},{"classId":"e_6","part":"s14v1","offsets":[{"start":407,"text":"a"}],"coordinates":[],"confidence":{"state":"pre-added","who":["ml:regex"],"prob":0.5},"fields":{},"normalizations":{}},{"classId":"e_6","part":"s14v1","offsets":[{"start":518,"text":"A"}],"coordinates":[],"confidence":{"state":"pre-added","who":["ml:regex"],"prob":0.5},"fields":{},"normalizations":{}},{"classId":"e_6","part":"s14v1","offsets":[{"start":988,"text":"A"}],"coordinates":[],"confidence":{"state":"pre-added","who":["ml:regex"],"prob":0.5},"fields":{},"normalizations":{}},{"classId":"e_6","part":"s14v1","offsets":[{"start":1079,"text":"a"}],"coordinates":[],"confidence":{"state":"pre-added","who":["ml:regex"],"prob":0.5},"fields":{},"normalizations":{}},{"classId":"e_6","part":"s14v1","offsets":[{"start":1222,"text":"a"}],"coordinates":[],"confidence":{"state":"pre-added","who":["ml:regex"],"prob":0.5},"fields":{},"normalizations":{}},{"classId":"e_6","part":"s14v1","offsets":[{"start":1450,"text":"a"}],"coordinates":[],"confidence":{"state":"pre-added","who":["ml:regex"],"prob":0.5},"fields":{},"normalizations":{}},{"classId":"e_6","part":"s15v1","offsets":[{"start":242,"text":"a"}],"coordinates":[],"confidence":{"state":"pre-added","who":["ml:regex"],"prob":0.5},"fields":{},"normalizations":{}},{"classId":"e_1","part":"s15v1","offsets":[{"start":332,"text":"B"}],"coordinates":[],"confidence":{"state":"pre-added","who":["ml:regex"],"prob":0.5},"fields":{},"normalizations":{}},{"classId":"e_2","part":"s15v1","offsets":[{"start":355,"text":"Payment of Funds. CITYshall pay to SUBRECIPIENTfrom CDBGfunds, when, if and to the extent received from HUD, amounts expended by SUBRECIPIENTin carrying out said program pursuant to this Agreement up to a maximum aggregate payment of $45,000 in installments determined by CITY. Payment shall be made to SUBRECIPIENTthrough the submission of monthly invoices, in a form prescribed by CITY,detailing such expenses. CITY shall pay such invoices within thirty (30) days after receipt thereof, provided CITYissatisfied that such expenses have been incurred within the scope of this Agreement and that\n\nSUBRECIPIENTis in compliance with the terms and conditions of this Agreement, including\n\n2 CFRPart 200 Subpart F"}],"coordinates":[{"x":"139.93","y":"207.97"},{"x":"246.89","y":"368.64"}],"confidence":{"state":"pre-added","who":["user:SDTEF"],"prob":1},"fields":{},"normalizations":{}},{"classId":"e_6","part":"s15v1","offsets":[{"start":717,"text":"a"}],"coordinates":[],"confidence":{"state":"pre-added","who":["ml:regex"],"prob":0.5},"fields":{},"normalizations":{}},{"classId":"e_6","part":"s15v1","offsets":[{"start":1177,"text":"A"}],"coordinates":[],"confidence":{"state":"pre-added","who":["ml:regex"],"prob":0.5},"fields":{},"normalizations":{}},{"classId":"e_6","part":"s15v1","offsets":[{"start":1886,"text":"a"}],"coordinates":[],"confidence":{"state":"pre-added","who":["ml:regex"],"prob":0.5},"fields":{},"normalizations":{}},{"classId":"e_6","part":"s15v1","offsets":[{"start":2027,"text":"A"}],"coordinates":[],"confidence":{"state":"pre-added","who":["ml:regex"],"prob":0.5},"fields":{},"normalizations":{}},{"classId":"e_6","part":"s15v1","offsets":[{"start":2234,"text":"a"}],"coordinates":[],"confidence":{"state":"pre-added","who":["ml:regex"],"prob":0.5},"fields":{},"normalizations":{}},{"classId":"e_1","part":"s16v1","offsets":[{"start":0,"text":"b"}],"coordinates":[{"x":"141.13","y":"84.14"},{"x":"146.30","y":"89.52"}],"confidence":{"state":"pre-added","who":["user:SDTEF"],"prob":1},"fields":{},"normalizations":{}},{"classId":"e_6","part":"s16v1","offsets":[{"start":129,"text":"a"}],"coordinates":[],"confidence":{"state":"pre-added","who":["ml:regex"],"prob":0.5},"fields":{},"normalizations":{}},{"classId":"e_6","part":"s16v1","offsets":[{"start":192,"text":"a"}],"coordinates":[],"confidence":{"state":"pre-added","who":["ml:regex"],"prob":0.5},"fields":{},"normalizations":{}},{"classId":"e_6","part":"s16v1","offsets":[{"start":255,"text":"a"}],"coordinates":[],"confidence":{"state":"pre-added","who":["ml:regex"],"prob":0.5},"fields":{},"normalizations":{}},{"classId":"e_7","part":"s16v1","offsets":[{"start":600,"text":"City of Escondido"}],"coordinates":[],"confidence":{"state":"pre-added","who":["ml:regex"],"prob":0.5},"fields":{},"normalizations":{}},{"classId":"e_1","part":"s16v1","offsets":[{"start":698,"text":"Alliance for Regional Solutions"}],"coordinates":[],"confidence":{"state":"pre-added","who":["ml:regex"],"prob":0.5},"fields":{},"normalizations":{}},{"classId":"e_1","part":"s16v1","offsets":[{"start":698,"text":"Alliance for Regional Solutions"}],"coordinates":[{"x":"252.00","y":"324.62"},{"x":"380.49","y":"330.00"}],"confidence":{"state":"pre-added","who":["user:SDTEF"],"prob":1},"fields":{},"normalizations":{}},{"classId":"e_1","part":"s16v1","offsets":[{"start":730,"text":"550 West Washington Ave Escondido, CA92025"}],"coordinates":[{"x":"252.49","y":"337.58"},{"x":"341.21","y":"355.68"}],"confidence":{"state":"pre-added","who":["user:SDTEF"],"prob":1},"fields":{},"normalizations":{}},{"classId":"e_6","part":"s19v1","offsets":[{"start":40,"text":"a"}],"coordinates":[],"confidence":{"state":"pre-added","who":["ml:regex"],"prob":0.5},"fields":{},"normalizations":{}},{"classId":"e_1","part":"s19v1","offsets":[{"start":211,"text":"Interfaith Community Services"}],"coordinates":[],"confidence":{"state":"pre-added","who":["ml:regex"],"prob":0.5},"fields":{},"normalizations":{}},{"classId":"e_1","part":"s20v1","offsets":[{"start":205,"text":"Interfaith Community Services"}],"coordinates":[],"confidence":{"state":"pre-added","who":["ml:regex"],"prob":0.5},"fields":{},"normalizations":{}},{"classId":"e_6","part":"s21v1","offsets":[{"start":0,"text":"A"}],"coordinates":[{"x":"258.01","y":"98.69"},{"x":"265.52","y":"104.88"}],"confidence":{"state":"pre-added","who":["user:SDTEF"],"prob":1},"fields":{},"normalizations":{}},{"classId":"e_6","part":"s21v1","offsets":[{"start":11,"text":"A"}],"coordinates":[],"confidence":{"state":"pre-added","who":["ml:regex"],"prob":0.5},"fields":{},"normalizations":{}},{"classId":"e_4","part":"s21v1","offsets":[{"start":55,"text":"Alliance for Regional Solutions"}],"coordinates":[{"x":"159.60","y":"166.54"},{"x":"263.18","y":"170.88"}],"confidence":{"state":"pre-added","who":["ml:regex","user:SDTEF"],"prob":1},"fields":{},"normalizations":{}},{"classId":"e_1","part":"s21v1","offsets":[{"start":55,"text":"Alliance for Regional Solutions"}],"coordinates":[{"x":"159.60","y":"166.54"},{"x":"263.18","y":"170.88"}],"confidence":{"state":"pre-added","who":["user:SDTEF"],"prob":1},"fields":{},"normalizations":{}},{"classId":"e_4","part":"s21v1","offsets":[{"start":171,"text":"_____________________"}],"coordinates":[{"x":"152.41","y":"187.46"},{"x":"251.11","y":"192.71"}],"confidence":{"state":"pre-added","who":["user:SDTEF"],"prob":1},"fields":{},"normalizations":{}},{"classId":"e_6","part":"s21v1","offsets":[{"start":228,"text":"To provide 180 homeless individuals with not only a safe haven, buy also with the tools and motivation necessary to move them towards self-sufficiency and their maximum level of independent and responsible functioning.\n\nBy doing this, the Bridge to Housing Network works towards bridging clients out of homelessness and into their own permanent homes."}],"coordinates":[{"x":"169.93","y":"206.00"},{"x":"480.45","y":"246.96"}],"confidence":{"state":"pre-added","who":["user:SDTEF"],"prob":1},"fields":{},"normalizations":{}},{"classId":"e_6","part":"s21v1","offsets":[{"start":590,"text":"Three: By June 30, 2019, 50% of these homeless community members will exit to a stable housing destination. t] JJecn ve: _______________________"}],"coordinates":[{"x":"141.13","y":"262.39"},{"x":"242.79","y":"270.24"}],"confidence":{"state":"pre-added","who":["user:SDTEF"],"prob":1},"fields":{},"normalizations":{}},{"classId":"e_4","part":"s21v1","offsets":[{"start":745,"text":"Key Activities"}],"coordinates":[{"x":"166.33","y":"334.15"},{"x":"222.56","y":"339.12"}],"confidence":{"state":"pre-added","who":["user:SDTEF"],"prob":1},"fields":{},"normalizations":{}},{"classId":"e_4","part":"s21v1","offsets":[{"start":762,"text":"Provide weekly case management and supportive services -Assist clients with obtaining all required identification documents for housing -Follow up weekly on client's individualized service plan, and monitor progress towards client goals around housing and self-sufficiency -Provide referrals/placement to long term housing programs and advocate and help facilitate successful housing placement -Provide referrals to community resources and supports as needed -Provide access/referrals to employment services -Provide job search assistance -Conduct weekly case conferencing with all shelter staff to review client's barriers to achieving housing goals"}],"coordinates":[{"x":"94.49","y":"356.50"},{"x":"220.46","y":"592.80"}],"confidence":{"state":"pre-added","who":["user:SDTEF"],"prob":1},"fields":{},"normalizations":{}},{"classId":"e_4","part":"s22v1","offsets":[{"start":0,"text":"A"}],"coordinates":[{"x":"259.69","y":"92.25"},{"x":"267.99","y":"98.88"}],"confidence":{"state":"pre-added","who":["user:SDTEF"],"prob":1},"fields":{},"normalizations":{}},{"classId":"e_1","part":"s22v1","offsets":[{"start":53,"text":"Alliance for Regional Solutions"}],"coordinates":[],"confidence":{"state":"pre-added","who":["ml:regex"],"prob":0.5},"fields":{},"normalizations":{}},{"classId":"e_6","part":"s22v1","offsets":[{"start":189,"text":"To provide 180 homeless individuals with not only a safe haven, buy also with the tools and motivation necessary to move them towards self-sufficiency and their maximum level of independent and responsible functioning.\n\nBy doing this, the Bridge to Housing Network works towards bridging clients out of homelessness and into their own permanent homes."}],"coordinates":[],"confidence":{"state":"pre-added","who":["ml:regex"],"prob":0.5},"fields":{},"normalizations":{}},{"classId":"e_6","part":"s22v1","offsets":[{"start":555,"text":"One: By June 30, 2019, the Bridge to Housing Network will provide shelter for a minimum of 180 homeless\n\nJl)Jectne: community members"}],"coordinates":[{"x":"142.80","y":"256.64"},{"x":"165.58","y":"280.32"}],"confidence":{"state":"pre-added","who":["user:SDTEF"],"prob":1},"fields":{},"normalizations":{}},{"classId":"e_6","part":"s22v1","offsets":[{"start":633,"text":"a"}],"coordinates":[],"confidence":{"state":"pre-added","who":["ml:regex"],"prob":0.5},"fields":{},"normalizations":{}},{"classId":"e_4","part":"s22v1","offsets":[{"start":691,"text":"Key Activities"}],"coordinates":[],"confidence":{"state":"pre-added","who":["ml:regex"],"prob":0.5},"fields":{},"normalizations":{}},{"classId":"e_4","part":"s22v1","offsets":[{"start":707,"text":"Outreach to homeless populations and providers serving the homeless\n\nScreen all applicants for eligibility\n\nComplete VI-SPDA T Assessments and CES coordination for all clients\n\nProvide shelter orientation and offer all eligible-related services"}],"coordinates":[{"x":"92.16","y":"350.68"},{"x":"205.06","y":"471.35"}],"confidence":{"state":"pre-added","who":["user:SDTEF"],"prob":1},"fields":{},"normalizations":{}},{"classId":"e_6","part":"s23v1","offsets":[{"start":186,"text":"Goal Sea I t.' menr: To provide 180 homeless individuals with not only a safe haven, buy also with the tools\n\n----------------------------\n\nand motivation necessary to move them towards self-sufficiency and their maximum level of independent and responsible functioning.\n\nBy doing this, the Bridge to Housing Network works towards bridging clients out of homelessness and into their own permanent homes.\n\n{. \\ 1 .\n\n. Two: By June 30, 2019, 90% of these homeless community members will be connected to case-managedj,)Ject1ve: _____________________________\n\n_ social services focused on permanent housing."}],"coordinates":[{"x":"85.92","y":"204.29"},{"x":"269.26","y":"286.55"}],"confidence":{"state":"pre-added","who":["user:SDTEF"],"prob":1},"fields":{},"normalizations":{}},{"classId":"e_6","part":"s23v1","offsets":[{"start":257,"text":"a"}],"coordinates":[],"confidence":{"state":"pre-added","who":["ml:regex"],"prob":0.5},"fields":{},"normalizations":{}},{"classId":"e_4","part":"s23v1","offsets":[{"start":791,"text":"Key Activities"}],"coordinates":[],"confidence":{"state":"pre-added","who":["ml:regex"],"prob":0.5},"fields":{},"normalizations":{}},{"classId":"e_4","part":"s23v1","offsets":[{"start":807,"text":"-Offer weekly case management and supportive services -Develop individualized service plan, identifying client goals around housing and self-sufficiency -Assist clients with obtaining all required identification documents for housing -Provide referrals/placement to long term housing programs -Provide referrals to community resources and supports as needed -Provide access/referrals to employment services -Provide job search assistance -Conduct weekly case conferencing with all shelter staff to review client's barriers to achieving housing goals"}],"coordinates":[{"x":"90.96","y":"356.74"},{"x":"220.21","y":"567.35"}],"confidence":{"state":"pre-added","who":["user:SDTEF"],"prob":1},"fields":{},"normalizations":{}},{"classId":"e_6","part":"s23v1","offsets":[{"start":1659,"text":"a"}],"coordinates":[],"confidence":{"state":"pre-added","who":["ml:regex"],"prob":0.5},"fields":{},"normalizations":{}},{"classId":"e_6","part":"s23v1","offsets":[{"start":1734,"text":"a"}],"coordinates":[],"confidence":{"state":"pre-added","who":["ml:regex"],"prob":0.5},"fields":{},"normalizations":{}},{"classId":"e_1","part":"s24v1","offsets":[{"start":35,"text":"Alliance for Regional Solutions"}],"coordinates":[{"x":"139.45","y":"130.71"},{"x":"273.18","y":"136.32"}],"confidence":{"state":"pre-added","who":["ml:regex","user:SDTEF"],"prob":1},"fields":{},"normalizations":{}},{"classId":"e_4","part":"s24v1","offsets":[{"start":83,"text":"Bridge to Shelter Network"}],"coordinates":[{"x":"133.93","y":"150.87"},{"x":"247.01","y":"156.48"}],"confidence":{"state":"pre-added","who":["user:SDTEF"],"prob":1},"fields":{},"normalizations":{}},{"classId":"e_7","part":"s24v1","offsets":[{"start":349,"text":"Alliance for 2. Regional2,610\n\n49,590\n\n52,200 5% for 12 months= $ 2,610\n\nSolutions {ARS),\n\n3. Resident Coordinator{s),\n\nState ESG,EFSP,\n\n$2,435/month @ 55% for 12 months 16,071\n\n13,149\n\nprivate\n\n29,220 donations, = $16,071\n\nFunding from\n\n4. CaseManager, $3,120/month@ 25 9,360\n\n28,080\n\nother North\n\n37,440\n\n%@ for 12 months=$9,360\n\nCounty cities"}],"coordinates":[{"x":"408.01","y":"278.86"},{"x":"451.68","y":"384.48"}],"confidence":{"state":"pre-added","who":["user:SDTEF"],"prob":1},"fields":{},"normalizations":{}},{"classId":"e_2","part":"s24v1","offsets":[{"start":1305,"text":"Total\n\n$45,000\n\n$1,125,051\n\n$1,170,051"}],"coordinates":[{"x":"78.24","y":"675.70"},{"x":"523.85","y":"680.40"}],"confidence":{"state":"pre-added","who":["user:SDTEF"],"prob":1},"fields":{},"normalizations":{}},{"classId":"e_2","part":"s25v1","offsets":[{"start":44,"text":"The total cost of providing bridge housing and related services through the Alliance for Regional\n\nSolutions and Haven House is $1,171,051. This proposal respectfully requests $74,963 in CDBGfunding from the City of Escondido. Alliance for Regional Solutions"}],"coordinates":[{"x":"67.44","y":"136.46"},{"x":"324.78","y":"182.40"}],"confidence":{"state":"pre-added","who":["user:SDTEF"],"prob":1},"fields":{},"normalizations":{}},{"classId":"e_7","part":"s25v1","offsets":[{"start":252,"text":"City of Escondido"}],"coordinates":[],"confidence":{"state":"pre-added","who":["ml:regex"],"prob":0.5},"fields":{},"normalizations":{}},{"classId":"e_1","part":"s25v1","offsets":[{"start":271,"text":"Alliance for Regional Solutions"}],"coordinates":[],"confidence":{"state":"pre-added","who":["ml:regex"],"prob":0.5},"fields":{},"normalizations":{}},{"classId":"e_7","part":"s25v1","offsets":[{"start":424,"text":"Haven House isalso funded by State ESG,San Diego Emergency Food and Shelter Program (EFSP),and private donations to\n\nInterfaith Community Services."}],"coordinates":[{"x":"436.80","y":"196.95"},{"x":"205.97","y":"242.63"}],"confidence":{"state":"pre-added","who":["user:SDTEF"],"prob":1},"fields":{},"normalizations":{}},{"classId":"e_1","part":"s25v1","offsets":[{"start":541,"text":"Interfaith Community Services"}],"coordinates":[],"confidence":{"state":"pre-added","who":["ml:regex"],"prob":0.5},"fields":{},"normalizations":{}},{"classId":"e_6","part":"s25v1","offsets":[{"start":710,"text":"a"}],"coordinates":[],"confidence":{"state":"pre-added","who":["ml:regex"],"prob":0.5},"fields":{},"normalizations":{}},{"classId":"e_2","part":"s26v1","offsets":[{"start":0,"text":"Operating Expenses:\n\n1. Direct Client Supportive Services (meals, hygiene, bus passes)- $71,543 is the full annual cost for this line item.\n\n2. Occupancy expenses and insurance - $215,786 is the full annual cost for this line item.\n\n3. Other expenses - $5,666 is the full annual cost for the Bridge to Housing Network annual report.\n\nProfessional Services\n\n1. Technology consulting - $2,100 is the full annual cost for this line item"}],"coordinates":[{"x":"65.76","y":"81.23"},{"x":"409.71","y":"246.96"}],"confidence":{"state":"pre-added","who":["user:SDTEF"],"prob":1},"fields":{},"normalizations":{}},{"classId":"e_2","part":"s27v1","offsets":[{"start":0,"text":"A"}],"coordinates":[{"x":"228.72","y":"61.67"},{"x":"236.01","y":"67.68"}],"confidence":{"state":"pre-added","who":["user:SDTEF"],"prob":1},"fields":{},"normalizations":{}},{"classId":"e_1","part":"s27v1","offsets":[{"start":39,"text":".::!v:d-u:GA·+k,, (.I>Y'V'-\\/V\\~7) ~ ~~ ::t,u"}],"coordinates":[{"x":"203.29","y":"94.64"},{"x":"493.27","y":"104.40"}],"confidence":{"state":"pre-added","who":["user:SDTEF"],"prob":1},"fields":{},"normalizations":{}},{"classId":"e_1","part":"s27v1","offsets":[{"start":105,"text":"5Sb \\,,var::\\.vah1\"o~ A~y..L"}],"coordinates":[{"x":"214.21","y":"120.46"},{"x":"456.73","y":"128.16"}],"confidence":{"state":"pre-added","who":["user:SDTEF"],"prob":1},"fields":{},"normalizations":{}},{"classId":"e_6","part":"s27v1","offsets":[{"start":127,"text":"A"}],"coordinates":[],"confidence":{"state":"pre-added","who":["ml:regex"],"prob":0.5},"fields":{},"normalizations":{}},{"classId":"e_1","part":"s27v1","offsets":[{"start":158,"text":"(es to ,-.,Q I J.o (!_A-::'1?.o 2 <"}],"coordinates":[{"x":"221.05","y":"144.03"},{"x":"391.66","y":"150.96"}],"confidence":{"state":"pre-added","who":["user:SDTEF"],"prob":1},"fields":{},"normalizations":{}},{"classId":"e_1","part":"s27v1","offsets":[{"start":213,"text":"7 ~ - '-t9q - &; 3$-'()"}],"coordinates":[{"x":"237.13","y":"164.53"},{"x":"382.18","y":"174.24"}],"confidence":{"state":"pre-added","who":["user:SDTEF"],"prob":1},"fields":{},"normalizations":{}},{"classId":"e_6","part":"s27v1","offsets":[{"start":313,"text":"a"}],"coordinates":[],"confidence":{"state":"pre-added","who":["ml:regex"],"prob":0.5},"fields":{},"normalizations":{}},{"classId":"e_6","part":"s27v1","offsets":[{"start":705,"text":"a"}],"coordinates":[],"confidence":{"state":"pre-added","who":["ml:regex"],"prob":0.5},"fields":{},"normalizations":{}},{"classId":"e_6","part":"s27v1","offsets":[{"start":728,"text":"a"}],"coordinates":[],"confidence":{"state":"pre-added","who":["ml:regex"],"prob":0.5},"fields":{},"normalizations":{}},{"classId":"e_6","part":"s27v1","offsets":[{"start":1184,"text":"a"}],"coordinates":[],"confidence":{"state":"pre-added","who":["ml:regex"],"prob":0.5},"fields":{},"normalizations":{}},{"classId":"e_1","part":"s27v1","offsets":[{"start":1310,"text":"b"}],"coordinates":[],"confidence":{"state":"pre-added","who":["ml:regex"],"prob":0.5},"fields":{},"normalizations":{}},{"classId":"e_6","part":"s27v1","offsets":[{"start":1336,"text":"a"}],"coordinates":[],"confidence":{"state":"pre-added","who":["ml:regex"],"prob":0.5},"fields":{},"normalizations":{}},{"classId":"e_6","part":"s27v1","offsets":[{"start":1587,"text":"a"}],"coordinates":[],"confidence":{"state":"pre-added","who":["ml:regex"],"prob":0.5},"fields":{},"normalizations":{}},{"classId":"e_6","part":"s27v1","offsets":[{"start":1641,"text":"a"}],"coordinates":[],"confidence":{"state":"pre-added","who":["ml:regex"],"prob":0.5},"fields":{},"normalizations":{}},{"classId":"e_6","part":"s27v1","offsets":[{"start":2274,"text":"a"}],"coordinates":[],"confidence":{"state":"pre-added","who":["ml:regex"],"prob":0.5},"fields":{},"normalizations":{}},{"classId":"e_6","part":"s27v1","offsets":[{"start":2345,"text":"a"}],"coordinates":[],"confidence":{"state":"pre-added","who":["ml:regex"],"prob":0.5},"fields":{},"normalizations":{}},{"classId":"e_1","part":"s28v1","offsets":[{"start":562,"text":"b"}],"coordinates":[],"confidence":{"state":"pre-added","who":["ml:regex"],"prob":0.5},"fields":{},"normalizations":{}},{"classId":"e_6","part":"s28v1","offsets":[{"start":1087,"text":"a"}],"coordinates":[],"confidence":{"state":"pre-added","who":["ml:regex"],"prob":0.5},"fields":{},"normalizations":{}},{"classId":"e_6","part":"s28v1","offsets":[{"start":1706,"text":"A"}],"coordinates":[],"confidence":{"state":"pre-added","who":["ml:regex"],"prob":0.5},"fields":{},"normalizations":{}},{"classId":"e_6","part":"s29v1","offsets":[{"start":125,"text":"a"}],"coordinates":[],"confidence":{"state":"pre-added","who":["ml:regex"],"prob":0.5},"fields":{},"normalizations":{}},{"classId":"e_6","part":"s29v1","offsets":[{"start":612,"text":"a"}],"coordinates":[],"confidence":{"state":"pre-added","who":["ml:regex"],"prob":0.5},"fields":{},"normalizations":{}},{"classId":"e_6","part":"s29v1","offsets":[{"start":1080,"text":"a"}],"coordinates":[],"confidence":{"state":"pre-added","who":["ml:regex"],"prob":0.5},"fields":{},"normalizations":{}},{"classId":"e_6","part":"s29v1","offsets":[{"start":1336,"text":"a"}],"coordinates":[],"confidence":{"state":"pre-added","who":["ml:regex"],"prob":0.5},"fields":{},"normalizations":{}},{"classId":"e_6","part":"s30v1","offsets":[{"start":253,"text":"A"}],"coordinates":[],"confidence":{"state":"pre-added","who":["ml:regex"],"prob":0.5},"fields":{},"normalizations":{}},{"classId":"e_1","part":"s30v1","offsets":[{"start":760,"text":"B"}],"coordinates":[],"confidence":{"state":"pre-added","who":["ml:regex"],"prob":0.5},"fields":{},"normalizations":{}},{"classId":"e_6","part":"s30v1","offsets":[{"start":1210,"text":"a"}],"coordinates":[],"confidence":{"state":"pre-added","who":["ml:regex"],"prob":0.5},"fields":{},"normalizations":{}},{"classId":"e_6","part":"s30v1","offsets":[{"start":1275,"text":"a"}],"coordinates":[],"confidence":{"state":"pre-added","who":["ml:regex"],"prob":0.5},"fields":{},"normalizations":{}},{"classId":"e_6","part":"s30v1","offsets":[{"start":2175,"text":"a"}],"coordinates":[],"confidence":{"state":"pre-added","who":["ml:regex"],"prob":0.5},"fields":{},"normalizations":{}},{"classId":"e_1","part":"s31v1","offsets":[{"start":108,"text":"b"}],"coordinates":[],"confidence":{"state":"pre-added","who":["ml:regex"],"prob":0.5},"fields":{},"normalizations":{}},{"classId":"e_1","part":"s31v1","offsets":[{"start":262,"text":"b"}],"coordinates":[],"confidence":{"state":"pre-added","who":["ml:regex"],"prob":0.5},"fields":{},"normalizations":{}},{"classId":"e_1","part":"s31v1","offsets":[{"start":627,"text":"b"}],"coordinates":[],"confidence":{"state":"pre-added","who":["ml:regex"],"prob":0.5},"fields":{},"normalizations":{}},{"classId":"e_1","part":"s31v1","offsets":[{"start":744,"text":"b"}],"coordinates":[],"confidence":{"state":"pre-added","who":["ml:regex"],"prob":0.5},"fields":{},"normalizations":{}},{"classId":"e_1","part":"s32v1","offsets":[{"start":209,"text":"Interfaith Community Services"}],"coordinates":[],"confidence":{"state":"pre-added","who":["ml:regex"],"prob":0.5},"fields":{},"normalizations":{}},{"classId":"e_6","part":"s33v1","offsets":[{"start":702,"text":"a"}],"coordinates":[],"confidence":{"state":"pre-added","who":["ml:regex"],"prob":0.5},"fields":{},"normalizations":{}},{"classId":"e_6","part":"s33v1","offsets":[{"start":1169,"text":"a"}],"coordinates":[],"confidence":{"state":"pre-added","who":["ml:regex"],"prob":0.5},"fields":{},"normalizations":{}},{"classId":"e_6","part":"s33v1","offsets":[{"start":1363,"text":"a"}],"coordinates":[],"confidence":{"state":"pre-added","who":["ml:regex"],"prob":0.5},"fields":{},"normalizations":{}},{"classId":"e_6","part":"s33v1","offsets":[{"start":1582,"text":"a"}],"coordinates":[],"confidence":{"state":"pre-added","who":["ml:regex"],"prob":0.5},"fields":{},"normalizations":{}},{"classId":"e_6","part":"s33v1","offsets":[{"start":1586,"text":"a"}],"coordinates":[],"confidence":{"state":"pre-added","who":["ml:regex"],"prob":0.5},"fields":{},"normalizations":{}},{"classId":"e_6","part":"s33v1","offsets":[{"start":2093,"text":"a"}],"coordinates":[],"confidence":{"state":"pre-added","who":["ml:regex"],"prob":0.5},"fields":{},"normalizations":{}},{"classId":"e_6","part":"s33v1","offsets":[{"start":2308,"text":"a"}],"coordinates":[],"confidence":{"state":"pre-added","who":["ml:regex"],"prob":0.5},"fields":{},"normalizations":{}},{"classId":"e_6","part":"s33v1","offsets":[{"start":2333,"text":"a"}],"coordinates":[],"confidence":{"state":"pre-added","who":["ml:regex"],"prob":0.5},"fields":{},"normalizations":{}},{"classId":"e_6","part":"s33v1","offsets":[{"start":2786,"text":"a"}],"coordinates":[],"confidence":{"state":"pre-added","who":["ml:regex"],"prob":0.5},"fields":{},"normalizations":{}},{"classId":"e_6","part":"s33v1","offsets":[{"start":2873,"text":"a"}],"coordinates":[],"confidence":{"state":"pre-added","who":["ml:regex"],"prob":0.5},"fields":{},"normalizations":{}},{"classId":"e_1","part":"s33v1","offsets":[{"start":2917,"text":"b"}],"coordinates":[],"confidence":{"state":"pre-added","who":["ml:regex"],"prob":0.5},"fields":{},"normalizations":{}},{"classId":"e_6","part":"s33v1","offsets":[{"start":3026,"text":"a"}],"coordinates":[],"confidence":{"state":"pre-added","who":["ml:regex"],"prob":0.5},"fields":{},"normalizations":{}},{"classId":"e_6","part":"s33v1","offsets":[{"start":3038,"text":"a"}],"coordinates":[],"confidence":{"state":"pre-added","who":["ml:regex"],"prob":0.5},"fields":{},"normalizations":{}},{"classId":"e_6","part":"s33v1","offsets":[{"start":3180,"text":"a"}],"coordinates":[],"confidence":{"state":"pre-added","who":["ml:regex"],"prob":0.5},"fields":{},"normalizations":{}},{"classId":"e_1","part":"s33v1","offsets":[{"start":5098,"text":"B"}],"coordinates":[],"confidence":{"state":"pre-added","who":["ml:regex"],"prob":0.5},"fields":{},"normalizations":{}},{"classId":"e_6","part":"s33v1","offsets":[{"start":5422,"text":"A"}],"coordinates":[],"confidence":{"state":"pre-added","who":["ml:regex"],"prob":0.5},"fields":{},"normalizations":{}},{"classId":"e_6","part":"s33v1","offsets":[{"start":5503,"text":"a"}],"coordinates":[],"confidence":{"state":"pre-added","who":["ml:regex"],"prob":0.5},"fields":{},"normalizations":{}},{"classId":"e_6","part":"s33v1","offsets":[{"start":5528,"text":"a"}],"coordinates":[],"confidence":{"state":"pre-added","who":["ml:regex"],"prob":0.5},"fields":{},"normalizations":{}},{"classId":"e_6","part":"s33v1","offsets":[{"start":5629,"text":"a"}],"coordinates":[],"confidence":{"state":"pre-added","who":["ml:regex"],"prob":0.5},"fields":{},"normalizations":{}},{"classId":"e_6","part":"s34v1","offsets":[{"start":133,"text":"A"}],"coordinates":[],"confidence":{"state":"pre-added","who":["ml:regex"],"prob":0.5},"fields":{},"normalizations":{}},{"classId":"e_6","part":"s34v1","offsets":[{"start":385,"text":"A"}],"coordinates":[],"confidence":{"state":"pre-added","who":["ml:regex"],"prob":0.5},"fields":{},"normalizations":{}},{"classId":"e_6","part":"s34v1","offsets":[{"start":714,"text":"A"}],"coordinates":[],"confidence":{"state":"pre-added","who":["ml:regex"],"prob":0.5},"fields":{},"normalizations":{}},{"classId":"e_1","part":"s34v1","offsets":[{"start":1081,"text":"Interfaith Community Services"}],"coordinates":[],"confidence":{"state":"pre-added","who":["ml:regex"],"prob":0.5},"fields":{},"normalizations":{}},{"classId":"e_1","part":"s34v1","offsets":[{"start":1184,"text":"B"}],"coordinates":[],"confidence":{"state":"pre-added","who":["ml:regex"],"prob":0.5},"fields":{},"normalizations":{}},{"classId":"e_6","part":"s34v1","offsets":[{"start":1826,"text":"A"}],"coordinates":[],"confidence":{"state":"pre-added","who":["ml:regex"],"prob":0.5},"fields":{},"normalizations":{}},{"classId":"e_6","part":"s34v1","offsets":[{"start":2002,"text":"A"}],"coordinates":[],"confidence":{"state":"pre-added","who":["ml:regex"],"prob":0.5},"fields":{},"normalizations":{}},{"classId":"e_6","part":"s34v1","offsets":[{"start":2357,"text":"A"}],"coordinates":[],"confidence":{"state":"pre-added","who":["ml:regex"],"prob":0.5},"fields":{},"normalizations":{}},{"classId":"e_6","part":"s34v1","offsets":[{"start":2626,"text":"A"}],"coordinates":[],"confidence":{"state":"pre-added","who":["ml:regex"],"prob":0.5},"fields":{},"normalizations":{}},{"classId":"e_6","part":"s34v1","offsets":[{"start":2893,"text":"A"}],"coordinates":[],"confidence":{"state":"pre-added","who":["ml:regex"],"prob":0.5},"fields":{},"normalizations":{}},{"classId":"e_6","part":"s34v1","offsets":[{"start":3017,"text":"A"}],"coordinates":[],"confidence":{"state":"pre-added","who":["ml:regex"],"prob":0.5},"fields":{},"normalizations":{}},{"classId":"e_1","part":"s34v1","offsets":[{"start":3084,"text":"B"}],"coordinates":[],"confidence":{"state":"pre-added","who":["ml:regex"],"prob":0.5},"fields":{},"normalizations":{}},{"classId":"e_7","part":"s34v1","offsets":[{"start":3474,"text":"City of Escondido"}],"coordinates":[],"confidence":{"state":"pre-added","who":["ml:regex"],"prob":0.5},"fields":{},"normalizations":{}},{"classId":"e_7","part":"s35v1","offsets":[{"start":497,"text":"City of Escondido"}],"coordinates":[],"confidence":{"state":"pre-added","who":["ml:regex"],"prob":0.5},"fields":{},"normalizations":{}},{"classId":"e_6","part":"s35v1","offsets":[{"start":687,"text":"A"}],"coordinates":[],"confidence":{"state":"pre-added","who":["ml:regex"],"prob":0.5},"fields":{},"normalizations":{}},{"classId":"e_6","part":"s35v1","offsets":[{"start":1378,"text":"a"}],"coordinates":[],"confidence":{"state":"pre-added","who":["ml:regex"],"prob":0.5},"fields":{},"normalizations":{}},{"classId":"e_1","part":"s35v1","offsets":[{"start":1576,"text":"B"}],"coordinates":[],"confidence":{"state":"pre-added","who":["ml:regex"],"prob":0.5},"fields":{},"normalizations":{}},{"classId":"e_6","part":"s35v1","offsets":[{"start":2276,"text":"a"}],"coordinates":[],"confidence":{"state":"pre-added","who":["ml:regex"],"prob":0.5},"fields":{},"normalizations":{}},{"classId":"e_6","part":"s35v1","offsets":[{"start":2291,"text":"a"}],"coordinates":[],"confidence":{"state":"pre-added","who":["ml:regex"],"prob":0.5},"fields":{},"normalizations":{}},{"classId":"e_6","part":"s37v1","offsets":[{"start":130,"text":"A"}],"coordinates":[],"confidence":{"state":"pre-added","who":["ml:regex"],"prob":0.5},"fields":{},"normalizations":{}},{"classId":"e_6","part":"s37v1","offsets":[{"start":382,"text":"A"}],"coordinates":[],"confidence":{"state":"pre-added","who":["ml:regex"],"prob":0.5},"fields":{},"normalizations":{}},{"classId":"e_6","part":"s37v1","offsets":[{"start":748,"text":"A"}],"coordinates":[],"confidence":{"state":"pre-added","who":["ml:regex"],"prob":0.5},"fields":{},"normalizations":{}},{"classId":"e_1","part":"s37v1","offsets":[{"start":1039,"text":"b"}],"coordinates":[],"confidence":{"state":"pre-added","who":["ml:regex"],"prob":0.5},"fields":{},"normalizations":{}},{"classId":"e_6","part":"s37v1","offsets":[{"start":2475,"text":"A"}],"coordinates":[],"confidence":{"state":"pre-added","who":["ml:regex"],"prob":0.5},"fields":{},"normalizations":{}},{"classId":"e_6","part":"s37v1","offsets":[{"start":2697,"text":"A"}],"coordinates":[],"confidence":{"state":"pre-added","who":["ml:regex"],"prob":0.5},"fields":{},"normalizations":{}},{"classId":"e_7","part":"s37v1","offsets":[{"start":3290,"text":"CITY OF ESCONDIDO"}],"coordinates":[],"confidence":{"state":"pre-added","who":["ml:regex"],"prob":0.5},"fields":{},"normalizations":{}},{"classId":"e_6","part":"s37v1","offsets":[{"start":3408,"text":"a"}],"coordinates":[],"confidence":{"state":"pre-added","who":["ml:regex"],"prob":0.5},"fields":{},"normalizations":{}},{"classId":"e_1","part":"s38v1","offsets":[{"start":122,"text":"INTERFAITH COMMUNITY SERVICES"}],"coordinates":[],"confidence":{"state":"pre-added","who":["ml:regex"],"prob":0.5},"fields":{},"normalizations":{}},{"classId":"e_6","part":"s38v1","offsets":[{"start":659,"text":"a"}],"coordinates":[],"confidence":{"state":"pre-added","who":["ml:regex"],"prob":0.5},"fields":{},"normalizations":{}},{"classId":"e_6","part":"s38v1","offsets":[{"start":752,"text":"a"}],"coordinates":[],"confidence":{"state":"pre-added","who":["ml:regex"],"prob":0.5},"fields":{},"normalizations":{}},{"classId":"e_6","part":"s38v1","offsets":[{"start":807,"text":"a"}],"coordinates":[],"confidence":{"state":"pre-added","who":["ml:regex"],"prob":0.5},"fields":{},"normalizations":{}},{"classId":"e_6","part":"s38v1","offsets":[{"start":866,"text":"a"}],"coordinates":[],"confidence":{"state":"pre-added","who":["ml:regex"],"prob":0.5},"fields":{},"normalizations":{}},{"classId":"e_1","part":"s38v1","offsets":[{"start":881,"text":"b"}],"coordinates":[],"confidence":{"state":"pre-added","who":["ml:regex"],"prob":0.5},"fields":{},"normalizations":{}},{"classId":"e_6","part":"s38v1","offsets":[{"start":1561,"text":"a"}],"coordinates":[],"confidence":{"state":"pre-added","who":["ml:regex"],"prob":0.5},"fields":{},"normalizations":{}},{"classId":"e_1","part":"s39v1","offsets":[{"start":0,"text":"INTERFAITH COMMUNITY SERVICES"}],"coordinates":[],"confidence":{"state":"pre-added","who":["ml:regex"],"prob":0.5},"fields":{},"normalizations":{}},{"classId":"e_1","part":"s40v1","offsets":[{"start":729,"text":"Interfaith Community Services"}],"coordinates":[],"confidence":{"state":"pre-added","who":["ml:regex"],"prob":0.5},"fields":{},"normalizations":{}},{"classId":"e_1","part":"s41v1","offsets":[{"start":159,"text":"Interfaith Community Services"}],"coordinates":[],"confidence":{"state":"pre-added","who":["ml:regex"],"prob":0.5},"fields":{},"normalizations":{}},{"classId":"e_6","part":"s41v1","offsets":[{"start":480,"text":"a"}],"coordinates":[],"confidence":{"state":"pre-added","who":["ml:regex"],"prob":0.5},"fields":{},"normalizations":{}},{"classId":"e_7","part":"s44v1","offsets":[{"start":18,"text":"CITY OF ESCONDIDO"}],"coordinates":[],"confidence":{"state":"pre-added","who":["ml:regex"],"prob":0.5},"fields":{},"normalizations":{}},{"classId":"e_7","part":"s45v1","offsets":[{"start":878,"text":"City of Escondido"}],"coordinates":[],"confidence":{"state":"pre-added","who":["ml:regex"],"prob":0.5},"fields":{},"normalizations":{}},{"classId":"e_6","part":"s46v1","offsets":[{"start":150,"text":"a"}],"coordinates":[],"confidence":{"state":"pre-added","who":["ml:regex"],"prob":0.5},"fields":{},"normalizations":{}},{"classId":"e_6","part":"s46v1","offsets":[{"start":263,"text":"a"}],"coordinates":[],"confidence":{"state":"pre-added","who":["ml:regex"],"prob":0.5},"fields":{},"normalizations":{}},{"classId":"e_6","part":"s46v1","offsets":[{"start":939,"text":"a"}],"coordinates":[],"confidence":{"state":"pre-added","who":["ml:regex"],"prob":0.5},"fields":{},"normalizations":{}},{"classId":"e_6","part":"s46v1","offsets":[{"start":974,"text":"a"}],"coordinates":[],"confidence":{"state":"pre-added","who":["ml:regex"],"prob":0.5},"fields":{},"normalizations":{}},{"classId":"e_7","part":"s46v1","offsets":[{"start":1077,"text":"City of Escondido"}],"coordinates":[],"confidence":{"state":"pre-added","who":["ml:regex"],"prob":0.5},"fields":{},"normalizations":{}},{"classId":"e_6","part":"s47v1","offsets":[{"start":0,"text":"A"}],"coordinates":[],"confidence":{"state":"pre-added","who":["ml:regex"],"prob":0.5},"fields":{},"normalizations":{}},{"classId":"e_6","part":"s47v1","offsets":[{"start":98,"text":"A"}],"coordinates":[],"confidence":{"state":"pre-added","who":["ml:regex"],"prob":0.5},"fields":{},"normalizations":{}},{"classId":"e_1","part":"s47v1","offsets":[{"start":167,"text":"B"}],"coordinates":[],"confidence":{"state":"pre-added","who":["ml:regex"],"prob":0.5},"fields":{},"normalizations":{}},{"classId":"e_6","part":"s47v1","offsets":[{"start":306,"text":"a"}],"coordinates":[],"confidence":{"state":"pre-added","who":["ml:regex"],"prob":0.5},"fields":{},"normalizations":{}},{"classId":"e_7","part":"s47v1","offsets":[{"start":797,"text":"City of Escondido"}],"coordinates":[],"confidence":{"state":"pre-added","who":["ml:regex"],"prob":0.5},"fields":{},"normalizations":{}}],"relations":[]}