{"annotatable":{"parts":["s1p1"]},"anncomplete":true,"sources":[],"metas":{"m_24":{"value":"$20,061","confidence":{"state":"pre-added","who":["user:SDTEF"],"prob":1}},"m_22":{"value":"at-risk of homelessness and rental housing assistance","confidence":{"state":"pre-added","who":["user:SDTEF"],"prob":1}},"m_23":{"value":"city and CDBG funds","confidence":{"state":"pre-added","who":["user:SDTEF"],"prob":1}}},"entities":[{"classId":"e_19","part":"s1p1","offsets":[{"start":0,"text":"AGREEMENT BETWEEN THE CITY OF CARLSBAD AND INTERFAITH COMMUNITY SERVICES FOR FEDERAL COMMUNITY DEVELOPMENT BLOCK GRANT FUNDS"}],"coordinates":[],"confidence":{"state":"pre-added","who":["user:SDTEF"],"prob":1},"fields":{},"normalizations":{}},{"classId":"e_7","part":"s1p1","offsets":[{"start":22,"text":"CITY OF CARLSBAD"}],"coordinates":[],"confidence":{"state":"pre-added","who":["user:SDTEF"],"prob":1},"fields":{"f_13":{"value":"city","confidence":{"state":"pre-added","who":["user:SDTEF"],"prob":1}}},"normalizations":{}},{"classId":"e_1","part":"s1p1","offsets":[{"start":44,"text":"NTERFAITH COMMUNITY SERVICES"}],"coordinates":[],"confidence":{"state":"pre-added","who":["user:SDTEF"],"prob":1},"fields":{},"normalizations":{}},{"classId":"e_7","part":"s1p1","offsets":[{"start":77,"text":"FEDERAL COMMUNITY DEVELOPMENT BLOCK GRANT FUNDS"}],"coordinates":[],"confidence":{"state":"pre-added","who":["user:SDTEF"],"prob":1},"fields":{"f_13":{"value":"fed hud","confidence":{"state":"pre-added","who":["user:SDTEF"],"prob":1}}},"normalizations":{}},{"classId":"e_7","part":"s1p1","offsets":[{"start":239,"text":"CITY OF CARLSBAD"}],"coordinates":[],"confidence":{"state":"pre-added","who":["ml:regex"],"prob":0.5},"fields":{"f_13":{"value":"city","confidence":{"state":"pre-added","who":["user:SDTEF"],"prob":1}}},"normalizations":{}},{"classId":"e_7","part":"s1p1","offsets":[{"start":1503,"text":"federal community development block grant (\"CDBG\") funds"}],"coordinates":[],"confidence":{"state":"pre-added","who":["user:SDTEF"],"prob":1},"fields":{},"normalizations":{}},{"classId":"e_2","part":"s1p1","offsets":[{"start":1613,"text":"$20,061"}],"coordinates":[],"confidence":{"state":"pre-added","who":["user:SDTEF"],"prob":1},"fields":{},"normalizations":{}},{"classId":"e_1","part":"s1p1","offsets":[{"start":1701,"text":"550 West Washington Avenue, Escondido, CA 92025"}],"coordinates":[],"confidence":{"state":"pre-added","who":["user:SDTEF"],"prob":1},"fields":{},"normalizations":{}},{"classId":"e_8","part":"s1p1","offsets":[{"start":1757,"text":"period beginning July 1, 2018 and ending June 30, 2019."}],"coordinates":[],"confidence":{"state":"pre-added","who":["user:SDTEF"],"prob":1},"fields":{"f_12":{"value":"1","confidence":{"state":"pre-added","who":["user:SDTEF"],"prob":1}}},"normalizations":{}},{"classId":"e_2","part":"s1p1","offsets":[{"start":2961,"text":"$20,061"}],"coordinates":[],"confidence":{"state":"pre-added","who":["ml:regex"],"prob":0.5},"fields":{},"normalizations":{}},{"classId":"e_2","part":"s1p1","offsets":[{"start":5425,"text":"$20,061"}],"coordinates":[],"confidence":{"state":"pre-added","who":["ml:regex"],"prob":0.5},"fields":{},"normalizations":{}},{"classId":"e_7","part":"s1p1","offsets":[{"start":9331,"text":"City of Carlsbad"}],"coordinates":[],"confidence":{"state":"pre-added","who":["ml:regex"],"prob":0.5},"fields":{"f_13":{"value":"city","confidence":{"state":"pre-added","who":["user:SDTEF"],"prob":1}}},"normalizations":{}},{"classId":"e_7","part":"s1p1","offsets":[{"start":16616,"text":"CITY OF CARLSBAD"}],"coordinates":[],"confidence":{"state":"pre-added","who":["ml:regex"],"prob":0.5},"fields":{"f_13":{"value":"city","confidence":{"state":"pre-added","who":["user:SDTEF"],"prob":1}}},"normalizations":{}},{"classId":"e_7","part":"s1p1","offsets":[{"start":17577,"text":"CITY OF CARLSBAD"}],"coordinates":[],"confidence":{"state":"pre-added","who":["ml:regex"],"prob":0.5},"fields":{"f_13":{"value":"city","confidence":{"state":"pre-added","who":["user:SDTEF"],"prob":1}}},"normalizations":{}},{"classId":"e_7","part":"s1p1","offsets":[{"start":18280,"text":"CITY OF CARLSBAD"}],"coordinates":[],"confidence":{"state":"pre-added","who":["ml:regex"],"prob":0.5},"fields":{"f_13":{"value":"city","confidence":{"state":"pre-added","who":["user:SDTEF"],"prob":1}}},"normalizations":{}},{"classId":"e_1","part":"s1p1","offsets":[{"start":18456,"text":"550 West Washington Avenue, Escondido, CA 92025"}],"coordinates":[],"confidence":{"state":"pre-added","who":["ml:regex"],"prob":0.5},"fields":{},"normalizations":{}},{"classId":"e_4","part":"s1p1","offsets":[{"start":18504,"text":"Project Description"}],"coordinates":[],"confidence":{"state":"pre-added","who":["user:SDTEF"],"prob":1},"fields":{},"normalizations":{}},{"classId":"e_4","part":"s1p1","offsets":[{"start":18525,"text":"Rental Housing Assistance Program Project Goals & Objectives"}],"coordinates":[],"confidence":{"state":"pre-added","who":["user:SDTEF"],"prob":1},"fields":{},"normalizations":{}},{"classId":"e_4","part":"s1p1","offsets":[{"start":18591,"text":"DBG funds will be used to fund the following activities in compliance with the project description outlined and in conformance with the Federal regulations for the CDBG program: Funds will be used to provide emergency rental assistance to prevent homelessness."}],"coordinates":[],"confidence":{"state":"pre-added","who":["user:SDTEF"],"prob":1},"fields":{},"normalizations":{}},{"classId":"e_4","part":"s1p1","offsets":[{"start":18852,"text":"2. Project objectives to be accomplished during the contract period: Interfaith will provide emergency rental assistance to add in the prevention and end homelessness, as well as empower residents to achieve self-sufficiency and independence."}],"coordinates":[],"confidence":{"state":"pre-added","who":["user:SDTEF"],"prob":1},"fields":{"f_11":{"value":"at-risk of homelessness","confidence":{"state":"pre-added","who":["user:SDTEF"],"prob":1}}},"normalizations":{}},{"classId":"e_6","part":"s1p1","offsets":[{"start":19098,"text":"Project objectives performance measures: a. Provide quarterly performance reports to the City of Carlsbad"}],"coordinates":[],"confidence":{"state":"pre-added","who":["user:SDTEF"],"prob":1},"fields":{},"normalizations":{}},{"classId":"e_7","part":"s1p1","offsets":[{"start":19187,"text":"City of Carlsbad"}],"coordinates":[],"confidence":{"state":"pre-added","who":["ml:regex"],"prob":0.5},"fields":{"f_13":{"value":"city","confidence":{"state":"pre-added","who":["user:SDTEF"],"prob":1}}},"normalizations":{}},{"classId":"e_6","part":"s1p1","offsets":[{"start":19205,"text":"Housing and Neighborhood Services Department on the CDBG Quarterly Performance Report form as provided"}],"coordinates":[],"confidence":{"state":"pre-added","who":["user:SDTEF"],"prob":1},"fields":{},"normalizations":{}},{"classId":"e_6","part":"s1p1","offsets":[{"start":19309,"text":"b. Maintain records, invoices, and relevant statistics supporting the quarterly reports"}],"coordinates":[],"confidence":{"state":"pre-added","who":["user:SDTEF"],"prob":1},"fields":{},"normalizations":{}},{"classId":"e_6","part":"s1p1","offsets":[{"start":19399,"text":". Provide a final performance report, including an evaluation report of the program's success in meeting established goals, to the City of Carlsbad Housing and Neighborhood Services within 15 days of termination of the contract date on the CDBG Annual Performance Report form as provided"}],"coordinates":[],"confidence":{"state":"pre-added","who":["user:SDTEF"],"prob":1},"fields":{},"normalizations":{}},{"classId":"e_7","part":"s1p1","offsets":[{"start":19530,"text":"City of Carlsbad"}],"coordinates":[],"confidence":{"state":"pre-added","who":["ml:regex"],"prob":0.5},"fields":{"f_13":{"value":"city","confidence":{"state":"pre-added","who":["user:SDTEF"],"prob":1}}},"normalizations":{}},{"classId":"e_6","part":"s1p1","offsets":[{"start":19689,"text":". Provide notification to the City of any audits or investigations including results, findings, and/or liens"}],"coordinates":[],"confidence":{"state":"pre-added","who":["user:SDTEF"],"prob":1},"fields":{},"normalizations":{}},{"classId":"e_7","part":"s1p1","offsets":[{"start":19824,"text":"CITY OF CARLSBAD"}],"coordinates":[],"confidence":{"state":"pre-added","who":["ml:regex"],"prob":0.5},"fields":{"f_13":{"value":"city","confidence":{"state":"pre-added","who":["user:SDTEF"],"prob":1}}},"normalizations":{}},{"classId":"e_4","part":"s1p1","offsets":[{"start":20041,"text":"Project Description"}],"coordinates":[],"confidence":{"state":"pre-added","who":["ml:regex"],"prob":0.5},"fields":{},"normalizations":{}},{"classId":"e_4","part":"s1p1","offsets":[{"start":20112,"text":"Funds will be used to provide emergency rental assistance to prevent homelessness"}],"coordinates":[],"confidence":{"state":"pre-added","who":["user:SDTEF"],"prob":1},"fields":{},"normalizations":{}},{"classId":"e_7","part":"s1p1","offsets":[{"start":24378,"text":"City of Carlsbad"}],"coordinates":[],"confidence":{"state":"pre-added","who":["ml:regex"],"prob":0.5},"fields":{"f_13":{"value":"city","confidence":{"state":"pre-added","who":["user:SDTEF"],"prob":1}}},"normalizations":{}},{"classId":"e_7","part":"s1p1","offsets":[{"start":25143,"text":"City of Carlsbad"}],"coordinates":[],"confidence":{"state":"pre-added","who":["ml:regex"],"prob":0.5},"fields":{"f_13":{"value":"city","confidence":{"state":"pre-added","who":["user:SDTEF"],"prob":1}}},"normalizations":{}},{"classId":"e_7","part":"s1p1","offsets":[{"start":29853,"text":"CITY OF CARLSBAD"}],"coordinates":[],"confidence":{"state":"pre-added","who":["ml:regex"],"prob":0.5},"fields":{"f_13":{"value":"city","confidence":{"state":"pre-added","who":["user:SDTEF"],"prob":1}}},"normalizations":{}}],"relations":[]}