{"annotatable":{"parts":["s1v1","s2v1","s3v1","s4v1","s5v1"]},"anncomplete":true,"sources":[],"metas":{"m_22":{"value":"temp housing ","confidence":{"state":"pre-added","who":["user:SDTEF"],"prob":1}},"m_24":{"value":"$1,232,490","confidence":{"state":"pre-added","who":["user:SDTEF"],"prob":1}},"m_23":{"value":"county and ESG-CV","confidence":{"state":"pre-added","who":["user:SDTEF"],"prob":1}},"m_21":{"value":"at risk of homelessness and COVID","confidence":{"state":"pre-added","who":["user:SDTEF"],"prob":1}},"m_20":{"value":"individuals and families","confidence":{"state":"pre-added","who":["user:SDTEF"],"prob":1}}},"entities":[{"classId":"e_19","part":"s1v1","offsets":[{"start":0,"text":"COUNTY OF SAN DIEGO - DEPARTMENTOF PURCHASING AND CONTRACTING\n\nCONTRACT NO. 560717 AMENDMENT NO. __Q.L"}],"coordinates":[{"x":"101.43","y":"63.40"},{"x":"434.19","y":"80.20"}],"confidence":{"state":"pre-added","who":["user:SDTEF"],"prob":1},"fields":{},"normalizations":{}},{"classId":"e_1","part":"s1v1","offsets":[{"start":104,"text":"lnlcrfofth Shelter Network or Snn Diego"}],"coordinates":[{"x":"82.36","y":"105.16"},{"x":"227.42","y":"111.77"}],"confidence":{"state":"pre-added","who":["user:SDTEF"],"prob":1},"fields":{},"normalizations":{}},{"classId":"e_7","part":"s1v1","offsets":[{"start":168,"text":"County of Snn Diego"}],"coordinates":[{"x":"314.01","y":"105.14"},{"x":"390.79","y":"111.75"}],"confidence":{"state":"pre-added","who":["user:SDTEF"],"prob":1},"fields":{},"normalizations":{}},{"classId":"e_4","part":"s1v1","offsets":[{"start":366,"text":"Emergency Solutions Ornnl f'rogrom toAssht Persons Exrcricncing or At Risk ofHomelessness"}],"coordinates":[{"x":"209.51","y":"134.52"},{"x":"528.82","y":"141.14"}],"confidence":{"state":"pre-added","who":["user:SDTEF"],"prob":1},"fields":{},"normalizations":{}},{"classId":"e_2","part":"s1v1","offsets":[{"start":845,"text":"Compensation: The compensation due to Contmctor under this cont met is Increased by o maximum amount of$925,000 for on rimended tolal contrnct price not to exceed $1,232,490 with nn amended Fiscal Year 2020 -2001 priceofS986,498. See alluch.ed revised Exhibit C, Pnymcnl Schedule marke<l Amendment 02. Revised Co11trnct Total Price is S l,232,�90."}],"coordinates":[{"x":"97.72","y":"257.88"},{"x":"237.80","y":"303.61"}],"confidence":{"state":"pre-added","who":["user:SDTEF"],"prob":1},"fields":{},"normalizations":{}},{"classId":"e_4","part":"s2v1","offsets":[{"start":247,"text":"Scope of Work/Purpose 1.1. Contractor shall provide hotel/motel assistance and administer a Rapid Re-Housing (RRH) Program for\n\npersons experiencing homeless or at-risk of homelessness and are at imminent risk of contracting coronavirus within the Urban County. Contractor shall establish relationships with area hotel or motel operators to provide hotel/motel stays, RRH assistance and case management services during this period."}],"coordinates":[{"x":"67.47","y":"105.25"},{"x":"459.84","y":"161.38"}],"confidence":{"state":"pre-added","who":["user:SDTEF"],"prob":1},"fields":{},"normalizations":{}},{"classId":"e_3","part":"s2v1","offsets":[{"start":408,"text":"at-risk of homelessness and are at imminent risk of contracting coronavirus within the Urban County."}],"coordinates":[{"x":"239.28","y":"130.78"},{"x":"200.19","y":"148.75"}],"confidence":{"state":"pre-added","who":["user:SDTEF"],"prob":1},"fields":{},"normalizations":{}},{"classId":"e_7","part":"s2v1","offsets":[{"start":929,"text":"Emergency Solutions Grant COVID-19"}],"coordinates":[{"x":"181.36","y":"219.39"},{"x":"355.65","y":"224.76"}],"confidence":{"state":"pre-added","who":["user:SDTEF"],"prob":1},"fields":{},"normalizations":{}},{"classId":"e_7","part":"s2v1","offsets":[{"start":965,"text":"ESG-CV"}],"coordinates":[{"x":"361.90","y":"219.39"},{"x":"401.76","y":"224.76"}],"confidence":{"state":"pre-added","who":["user:SDTEF"],"prob":1},"fields":{},"normalizations":{}},{"classId":"e_6","part":"s2v1","offsets":[{"start":1116,"text":"Goals and Outcomes\n\n3.1. Goals: Contractor shall provide the services described herein to accomplish the following goals:\n\n3. I. I.Provide hotel/motel stays for individuals at high risk of COVID-19 infection who are experiencing homelessness.\n\n3.1.2.Administer an RRH Program and provide with RRH assistance and case management services to fifteen (15) homeless individuals and families participating in the program."}],"coordinates":[{"x":"67.25","y":"257.05"},{"x":"411.63","y":"343.89"}],"confidence":{"state":"pre-added","who":["user:SDTEF"],"prob":1},"fields":{},"normalizations":{}},{"classId":"e_4","part":"s2v1","offsets":[{"start":1539,"text":"Objectives: Contractor shall achieve the following objectives:\n\n3.2.1.Contractor shall provide hotel/motel stays for up to sixty (60) individuals/households annually.\n\n3.2.2.Contractor shall provide a minimum of thirty (30) beds per month for a maximum of 5,783 bed nights annually utilizing hotel vouchers.\n\n3.2.3.Provide with RRH assistance and case management services to fifteen (15) homeless individuals and families participating in the program.\n\n3.2.4.Contractor shall provide rental assistance and case management to participating individuals/households."}],"coordinates":[{"x":"89.04","y":"357.21"},{"x":"567.39","y":"462.28"}],"confidence":{"state":"pre-added","who":["user:SDTEF"],"prob":1},"fields":{},"normalizations":{}},{"classId":"e_4","part":"s2v1","offsets":[{"start":2106,"text":"Service Delivery Requirements\n\n4.1. Contractor shall provide emergency shelter to those at high risk of COVID-19 infection by offering hotel/motel assistance to those who are experiencing homelessness via hotel vouchers.\n\n4.2. Contractor shall provide RRH services tailored to meet the needs of each household as determined by\n\nContractor. Services shall include but not be limited to housing search assistance, financial assistance, and\n\npost-housing case management.\n\n4.3. Contractor will provide a maximum of twelve (12) weeks of hotel stay per individual. Stay may be extended if preparing for housing through Contractor's RRH plan."}],"coordinates":[{"x":"67.47","y":"475.62"},{"x":"338.77","y":"587.46"}],"confidence":{"state":"pre-added","who":["user:SDTEF"],"prob":1},"fields":{},"normalizations":{}},{"classId":"e_3","part":"s2v1","offsets":[{"start":2747,"text":"Target Population and the Geographic Service Areas\n\n5.1. Contractor shall provide services to persons experiencing homelessness within the Urban County. The Urban County includes communities located in the unincorporated area of San Diego County and the cities of Coronado, Del Mar, Imperial Beach, Lemon Grove, Poway, and Solana Beach."}],"coordinates":[{"x":"67.56","y":"601.03"},{"x":"437.48","y":"650.22"}],"confidence":{"state":"pre-added","who":["user:SDTEF"],"prob":1},"fields":{},"normalizations":{}},{"classId":"e_2","part":"s4v1","offsets":[{"start":609,"text":"Total Contract Maximum"}],"coordinates":[{"x":"150.57","y":"282.74"},{"x":"272.12","y":"287.65"}],"confidence":{"state":"pre-added","who":["user:SDTEF"],"prob":1},"fields":{},"normalizations":{}},{"classId":"e_2","part":"s4v1","offsets":[{"start":633,"text":"$1,232,490"}],"coordinates":[{"x":"356.19","y":"282.66"},{"x":"405.71","y":"287.57"}],"confidence":{"state":"pre-added","who":["user:SDTEF"],"prob":1},"fields":{},"normalizations":{}}],"relations":[]}