{"annotatable":{"parts":["s1v1","s2v1","s3v1","s4v1","s5v1","s6v1","s7v1","s8v1","s9v1","s10v1","s11v1","s12v1","s13v1","s14v1","s15v1","s16v1","s17v1","s18v1","s19v1","s20v1","s21v1","s22v1"]},"anncomplete":true,"sources":[],"metas":{"m_22":{"value":"at risk of homelessness","confidence":{"state":"pre-added","who":["user:SDTEF"],"prob":1}},"m_23":{"value":"city and CDBG funds","confidence":{"state":"pre-added","who":["user:SDTEF"],"prob":1}},"m_20":{"value":"youth, seniors, others","confidence":{"state":"pre-added","who":["user:SDTEF"],"prob":1}},"m_21":{"value":"low income","confidence":{"state":"pre-added","who":["user:SDTEF"],"prob":1}},"m_24":{"value":"$13,407; $908,756","confidence":{"state":"pre-added","who":["user:SDTEF"],"prob":1}}},"entities":[{"classId":"e_19","part":"s1v1","offsets":[{"start":0,"text":"AGREEMENT BETWEEN THE CITY OF EIdCINITAS AND Community Resource Center FOR THE USE OF COMMUNITY DEVELOPMENT BLOCK GRANT FUNDS"}],"coordinates":[{"x":"73.55","y":"92.49"},{"x":"496.63","y":"112.32"}],"confidence":{"state":"pre-added","who":["user:SDTEF"],"prob":1},"fields":{},"normalizations":{}},{"classId":"e_7","part":"s1v1","offsets":[{"start":22,"text":"CITY OF EIdCINITAS"}],"coordinates":[{"x":"235.40","y":"92.49"},{"x":"344.72","y":"98.64"}],"confidence":{"state":"pre-added","who":["user:SDTEF"],"prob":1},"fields":{},"normalizations":{}},{"classId":"e_1","part":"s1v1","offsets":[{"start":45,"text":"Community Resource Center"}],"coordinates":[{"x":"374.80","y":"93.21"},{"x":"532.33","y":"98.64"}],"confidence":{"state":"pre-added","who":["user:SDTEF"],"prob":1},"fields":{},"normalizations":{}},{"classId":"e_7","part":"s1v1","offsets":[{"start":86,"text":"COMMUNITY DEVELOPMENT BLOCK GRANT FUNDS"}],"coordinates":[{"x":"207.21","y":"105.93"},{"x":"496.63","y":"112.32"}],"confidence":{"state":"pre-added","who":["user:SDTEF"],"prob":1},"fields":{},"normalizations":{}},{"classId":"e_1","part":"s1v1","offsets":[{"start":286,"text":"Community Resource Center"}],"coordinates":[],"confidence":{"state":"pre-added","who":["ml:regex"],"prob":0.5},"fields":{},"normalizations":{}},{"classId":"e_1","part":"s1v1","offsets":[{"start":1243,"text":"F"}],"coordinates":[],"confidence":{"state":"pre-added","who":["ml:regex"],"prob":0.5},"fields":{},"normalizations":{}},{"classId":"e_1","part":"s3v1","offsets":[{"start":1642,"text":"f"}],"coordinates":[],"confidence":{"state":"pre-added","who":["ml:regex"],"prob":0.5},"fields":{},"normalizations":{}},{"classId":"e_8","part":"s4v1","offsets":[{"start":176,"text":"TERM.\n\nThis agreement shall commence July 1, 2018 and shall continue in full force and effect until June 30,2019,during which time SUBREGIPIENT shall perform the services provided herein. Alternatively,the agreement will be automatically terminated in the event that the United States Government terminates the Community Development Block Grant Program or terminates the Projects, which is the subject of the agreement."}],"coordinates":[{"x":"142.72","y":"151.22"},{"x":"336.09","y":"250.08"}],"confidence":{"state":"pre-added","who":["user:SDTEF"],"prob":1},"fields":{},"normalizations":{}},{"classId":"e_1","part":"s5v1","offsets":[{"start":1370,"text":"f"}],"coordinates":[],"confidence":{"state":"pre-added","who":["ml:regex"],"prob":0.5},"fields":{},"normalizations":{}},{"classId":"e_1","part":"s6v1","offsets":[{"start":505,"text":"92024"}],"coordinates":[],"confidence":{"state":"pre-added","who":["ml:regex"],"prob":0.5},"fields":{},"normalizations":{}},{"classId":"e_1","part":"s7v1","offsets":[{"start":694,"text":"F"}],"coordinates":[],"confidence":{"state":"pre-added","who":["ml:regex"],"prob":0.5},"fields":{},"normalizations":{}},{"classId":"e_1","part":"s9v1","offsets":[{"start":1416,"text":"f"}],"coordinates":[],"confidence":{"state":"pre-added","who":["ml:regex"],"prob":0.5},"fields":{},"normalizations":{}},{"classId":"e_1","part":"s10v1","offsets":[{"start":510,"text":"F"}],"coordinates":[],"confidence":{"state":"pre-added","who":["ml:regex"],"prob":0.5},"fields":{},"normalizations":{}},{"classId":"e_1","part":"s10v1","offsets":[{"start":1718,"text":"f"}],"coordinates":[],"confidence":{"state":"pre-added","who":["ml:regex"],"prob":0.5},"fields":{},"normalizations":{}},{"classId":"e_1","part":"s11v1","offsets":[{"start":1694,"text":"F"}],"coordinates":[],"confidence":{"state":"pre-added","who":["ml:regex"],"prob":0.5},"fields":{},"normalizations":{}},{"classId":"e_1","part":"s13v1","offsets":[{"start":1462,"text":"f"}],"coordinates":[],"confidence":{"state":"pre-added","who":["ml:regex"],"prob":0.5},"fields":{},"normalizations":{}},{"classId":"e_1","part":"s16v1","offsets":[{"start":1463,"text":"F"}],"coordinates":[],"confidence":{"state":"pre-added","who":["ml:regex"],"prob":0.5},"fields":{},"normalizations":{}},{"classId":"e_1","part":"s17v1","offsets":[{"start":23,"text":"F"}],"coordinates":[],"confidence":{"state":"pre-added","who":["ml:regex"],"prob":0.5},"fields":{},"normalizations":{}},{"classId":"e_1","part":"s18v1","offsets":[{"start":0,"text":"f"}],"coordinates":[{"x":"142.52","y":"91.29"},{"x":"147.46","y":"97.44"}],"confidence":{"state":"pre-added","who":["user:SDTEF"],"prob":1},"fields":{},"normalizations":{}},{"classId":"e_1","part":"s18v1","offsets":[{"start":983,"text":"Rebecca Palmer"}],"coordinates":[{"x":"361.68","y":"344.25"},{"x":"446.65","y":"350.40"}],"confidence":{"state":"pre-added","who":["user:SDTEF"],"prob":1},"fields":{},"normalizations":{}},{"classId":"e_1","part":"s18v1","offsets":[{"start":1050,"text":"Community Resource Center"}],"coordinates":[],"confidence":{"state":"pre-added","who":["ml:regex"],"prob":0.5},"fields":{},"normalizations":{}},{"classId":"e_1","part":"s18v1","offsets":[{"start":1115,"text":"650 Second St, Encinitas, GA"}],"coordinates":[{"x":"360.31","y":"385.05"},{"x":"540.14","y":"391.68"}],"confidence":{"state":"pre-added","who":["user:SDTEF"],"prob":1},"fields":{},"normalizations":{}},{"classId":"e_1","part":"s18v1","offsets":[{"start":1147,"text":"92024"}],"coordinates":[],"confidence":{"state":"pre-added","who":["ml:regex"],"prob":0.5},"fields":{},"normalizations":{}},{"classId":"e_1","part":"s18v1","offsets":[{"start":1154,"text":"92024"}],"coordinates":[{"x":"360.54","y":"398.25"},{"x":"393.83","y":"404.40"}],"confidence":{"state":"pre-added","who":["user:SDTEF"],"prob":1},"fields":{},"normalizations":{}},{"classId":"e_1","part":"s18v1","offsets":[{"start":1186,"text":"760-230-6310"}],"coordinates":[{"x":"361.03","y":"412.17"},{"x":"433.13","y":"418.32"}],"confidence":{"state":"pre-added","who":["user:SDTEF"],"prob":1},"fields":{},"normalizations":{}},{"classId":"e_1","part":"s18v1","offsets":[{"start":1230,"text":"rpalmer@crcncc.ar"}],"coordinates":[{"x":"361.52","y":"426.09"},{"x":"458.37","y":"432.24"}],"confidence":{"state":"pre-added","who":["user:SDTEF"],"prob":1},"fields":{},"normalizations":{}},{"classId":"e_8","part":"s20v1","offsets":[{"start":16,"text":"Term of Contract: July 1, 2018-June 30,2019"}],"coordinates":[{"x":"69.59","y":"141.69"},{"x":"307.07","y":"148.32"}],"confidence":{"state":"pre-added","who":["user:SDTEF"],"prob":1},"fields":{},"normalizations":{}},{"classId":"e_1","part":"s20v1","offsets":[{"start":69,"text":"Community Resource Center"}],"coordinates":[],"confidence":{"state":"pre-added","who":["ml:regex"],"prob":0.5},"fields":{},"normalizations":{}},{"classId":"e_1","part":"s20v1","offsets":[{"start":132,"text":"92024"}],"coordinates":[],"confidence":{"state":"pre-added","who":["ml:regex"],"prob":0.5},"fields":{},"normalizations":{}},{"classId":"e_1","part":"s20v1","offsets":[{"start":175,"text":"760-230-6310"}],"coordinates":[],"confidence":{"state":"pre-added","who":["ml:regex"],"prob":0.5},"fields":{},"normalizations":{}},{"classId":"e_4","part":"s20v1","offsets":[{"start":189,"text":"Project Name: Homeless Preventian &Intervention"}],"coordinates":[{"x":"69.58","y":"240.57"},{"x":"326.45","y":"246.96"}],"confidence":{"state":"pre-added","who":["user:SDTEF"],"prob":1},"fields":{},"normalizations":{}},{"classId":"e_3","part":"s20v1","offsets":[{"start":238,"text":"Target: Homeless,Youth, Seniors, Others"}],"coordinates":[{"x":"69.44","y":"265.29"},{"x":"281.70","y":"271.92"}],"confidence":{"state":"pre-added","who":["user:SDTEF"],"prob":1},"fields":{},"normalizations":{}},{"classId":"e_4","part":"s20v1","offsets":[{"start":309,"text":"Project description: CRC works with homeless and at-risk far homeless populations to provide them with the tools, resources and support to emerge from homelessness, or avoid homelessness altogether. Services and supports include but are not limited to case managementand assessmentof lifeskilis deficiencies,temporary housing vouchers,emergency food and nutrition assistance, and employment retention and readiness support."}],"coordinates":[{"x":"69.58","y":"314.97"},{"x":"473.85","y":"374.88"}],"confidence":{"state":"pre-added","who":["user:SDTEF"],"prob":1},"fields":{},"normalizations":{}},{"classId":"e_6","part":"s20v1","offsets":[{"start":734,"text":"Goal: Provide approximately 810 low-income and episodically homeless Encinitas households/individuals, including seniors, with the tools and resources necessary to gain food security, mental health, housing stability and financial independence"}],"coordinates":[{"x":"69.48","y":"393.93"},{"x":"411.35","y":"427.44"}],"confidence":{"state":"pre-added","who":["user:SDTEF"],"prob":1},"fields":{},"normalizations":{}},{"classId":"e_6","part":"s20v1","offsets":[{"start":980,"text":"Objective 1: 80% of the total number of households, including seniors, that participate in integrative case management service's wi(I work with a case manager to develop a personalised self-sufficiency plan focused on eliminating barriers to self-sufficiency.\n\nObjective 2: Ofthose who indicate a need and desire for mental health services, 90°lo will be offered referrals for those services.\n\nObjective 3: 1d0% of households that receive supportive shelter or rental assistance will engage CRC's case management services,financial independence counseling and housing search assistance"}],"coordinates":[{"x":"69.46","y":"445.53"},{"x":"202.44","y":"570.96"}],"confidence":{"state":"pre-added","who":["user:SDTEF"],"prob":1},"fields":{},"normalizations":{}}],"relations":[]}