{"annotatable":{"parts":["s1v1","s2v1","s3v1","s4v1","s5v1","s6v1","s7v1","s8v1","s9v1","s10v1","s11v1","s12v1","s13v1","s14v1","s15v1","s16v1","s17v1","s18v1"]},"anncomplete":true,"sources":[],"metas":{"m_24":{"value":"$10,000","confidence":{"state":"pre-added","who":["user:SDTEF"],"prob":1}},"m_22":{"value":"reunification","confidence":{"state":"pre-added","who":["user:SDTEF"],"prob":1}},"m_23":{"value":"city","confidence":{"state":"pre-added","who":["user:SDTEF"],"prob":1}}},"entities":[{"classId":"e_19","part":"s1v1","offsets":[{"start":0,"text":"PROJECT \"A WAY BACK HOME\" GRANT AGREEMENT"}],"coordinates":[{"x":"178.32","y":"114.41"},{"x":"463.74","y":"120.72"}],"confidence":{"state":"pre-added","who":["user:SDTEF"],"prob":1},"fields":{},"normalizations":{}},{"classId":"e_4","part":"s1v1","offsets":[{"start":9,"text":"A WAY BACK HOME"}],"coordinates":[{"x":"238.30","y":"114.41"},{"x":"345.00","y":"120.72"}],"confidence":{"state":"pre-added","who":["user:SDTEF"],"prob":1},"fields":{},"normalizations":{}},{"classId":"e_1","part":"s1v1","offsets":[{"start":39,"text":"N"}],"coordinates":[{"x":"449.60","y":"114.41"},{"x":"457.25","y":"120.72"}],"confidence":{"state":"pre-added","who":["user:SDTEF"],"prob":1},"fields":{},"normalizations":{}},{"classId":"e_7","part":"s1v1","offsets":[{"start":134,"text":"CITY OF EL CAJON,"}],"coordinates":[{"x":"174.73","y":"151.38"},{"x":"276.62","y":"157.68"}],"confidence":{"state":"pre-added","who":["user:SDTEF"],"prob":1},"fields":{},"normalizations":{}},{"classId":"e_1","part":"s1v1","offsets":[{"start":205,"text":"THE SALVATION ARMY"}],"coordinates":[{"x":"90.96","y":"164.34"},{"x":"217.26","y":"170.64"}],"confidence":{"state":"pre-added","who":["user:SDTEF"],"prob":1},"fields":{},"normalizations":{}},{"classId":"e_4","part":"s1v1","offsets":[{"start":478,"text":"A WAY BACK HOME"}],"coordinates":[],"confidence":{"state":"pre-added","who":["ml:regex"],"prob":0.5},"fields":{},"normalizations":{}},{"classId":"e_4","part":"s1v1","offsets":[{"start":478,"text":"A WAY BACK HOME' REUNIFICATION PROJECT"}],"coordinates":[{"x":"145.16","y":"226.97"},{"x":"409.91","y":"233.27"}],"confidence":{"state":"pre-added","who":["user:SDTEF"],"prob":1},"fields":{},"normalizations":{}},{"classId":"e_2","part":"s1v1","offsets":[{"start":532,"text":"in the amount of not to exceed TEN THOUSAND DOLLARS ($10,000.00) (the \"Grant Awardu) to Grant Recipien"}],"coordinates":[{"x":"490.32","y":"226.97"},{"x":"251.20","y":"258.72"}],"confidence":{"state":"pre-added","who":["user:SDTEF"],"prob":1},"fields":{},"normalizations":{}},{"classId":"e_4","part":"s1v1","offsets":[{"start":641,"text":"Grant Recipient has proposed a project that reunifies homeless individuals currently residing in El Cajon with families or friends outside of the San Diego County region (the \"Project\"). The Project works with family members and homeless individuals to determine if reunification would be beneficial. The Project also pays for eligible costs associated with transportation, lodging, food and re­ settlement"}],"coordinates":[{"x":"123.36","y":"270.90"},{"x":"172.68","y":"341.52"}],"confidence":{"state":"pre-added","who":["user:SDTEF"],"prob":1},"fields":{},"normalizations":{}},{"classId":"e_6","part":"s1v1","offsets":[{"start":1053,"text":"As of February 28, 2019, the initial Grant Award has been fully expended and thirty­ nine (39) individuals have been successfully reunited with family or friends outside of the region. Based on the success of the Project, the Parties desire to renew the agreement for continuation of the \"'A WAY BACK HOME' REUNIFICATION PROJECT\" services, with a new Grant Award in the amount of not to exceed TEN THOUSAND DOLLARS ($10,000.00)."}],"coordinates":[{"x":"121.92","y":"353.69"},{"x":"307.37","y":"423.83"}],"confidence":{"state":"pre-added","who":["user:SDTEF"],"prob":1},"fields":{},"normalizations":{}},{"classId":"e_4","part":"s1v1","offsets":[{"start":1343,"text":"A WAY BACK HOME"}],"coordinates":[],"confidence":{"state":"pre-added","who":["ml:regex"],"prob":0.5},"fields":{},"normalizations":{}},{"classId":"e_6","part":"s1v1","offsets":[{"start":1612,"text":"with the intent to serve a minimum of twenty (20) locally residing hom~less individuals"}],"coordinates":[{"x":"350.64","y":"448.97"},{"x":"368.64","y":"467.99"}],"confidence":{"state":"pre-added","who":["user:SDTEF"],"prob":1},"fields":{},"normalizations":{}},{"classId":"e_2","part":"s1v1","offsets":[{"start":1909,"text":"The GrantAward. The City hereby awards to Grant Recipient, for the purpose of the Project, the Grant Award in the amount of not to exceed TEN THOUSAND DOLLARS ($10,000.00), according to the terms and conditions set forth below"}],"coordinates":[{"x":"189.85","y":"553.10"},{"x":"117.03","y":"598.56"}],"confidence":{"state":"pre-added","who":["user:SDTEF"],"prob":1},"fields":{},"normalizations":{}},{"classId":"e_7","part":"s1v1","offsets":[{"start":2433,"text":"City of El Cajon,"}],"coordinates":[],"confidence":{"state":"pre-added","who":["ml:regex"],"prob":0.5},"fields":{},"normalizations":{}},{"classId":"e_7","part":"s2v1","offsets":[{"start":2489,"text":"City of El Cajon,"}],"coordinates":[],"confidence":{"state":"pre-added","who":["ml:regex"],"prob":0.5},"fields":{},"normalizations":{}},{"classId":"e_1","part":"s5v1","offsets":[{"start":368,"text":"N"}],"coordinates":[],"confidence":{"state":"pre-added","who":["ml:regex"],"prob":0.5},"fields":{},"normalizations":{}},{"classId":"e_7","part":"s8v1","offsets":[{"start":228,"text":"CITYOFELCAJON"}],"coordinates":[{"x":"103.92","y":"249.07"},{"x":"204.78","y":"255.83"}],"confidence":{"state":"pre-added","who":["user:SDTEF"],"prob":1},"fields":{},"normalizations":{}},{"classId":"e_1","part":"s8v1","offsets":[{"start":342,"text":"THESALVATIONARMY"}],"coordinates":[{"x":"325.20","y":"249.07"},{"x":"445.65","y":"255.83"}],"confidence":{"state":"pre-added","who":["user:SDTEF"],"prob":1},"fields":{},"normalizations":{}},{"classId":"e_1","part":"s9v1","offsets":[{"start":457,"text":"THESALVATIONARMY"}],"coordinates":[],"confidence":{"state":"pre-added","who":["ml:regex"],"prob":0.5},"fields":{},"normalizations":{}},{"classId":"e_1","part":"s9v1","offsets":[{"start":676,"text":"n"}],"coordinates":[],"confidence":{"state":"pre-added","who":["ml:regex"],"prob":0.5},"fields":{},"normalizations":{}},{"classId":"e_1","part":"s13v1","offsets":[{"start":1340,"text":"n"}],"coordinates":[],"confidence":{"state":"pre-added","who":["ml:regex"],"prob":0.5},"fields":{},"normalizations":{}}],"relations":[]}