{"annotatable":{"parts":["s1v1","s2v1","s3v1","s4v1","s5v1","s6v1","s7v1","s8v1","s9v1","s10v1","s11v1","s12v1","s13v1","s14v1","s15v1","s16v1","s17v1","s18v1","s19v1","s20v1","s21v1","s22v1","s23v1","s24v1","s25v1","s26v1","s27v1","s28v1","s29v1","s30v1","s31v1","s32v1","s33v1"]},"anncomplete":true,"sources":[],"metas":{"m_23":{"value":"city and CDBG funds","confidence":{"state":"pre-added","who":["user:SDTEF"],"prob":1}},"m_20":{"value":"families and single woman","confidence":{"state":"pre-added","who":["user:SDTEF"],"prob":1}},"m_22":{"value":"temp housing and case management","confidence":{"state":"pre-added","who":["user:SDTEF"],"prob":1}},"m_24":{"value":"$32,105","confidence":{"state":"pre-added","who":["user:SDTEF"],"prob":1}}},"entities":[{"classId":"e_7","part":"s1v1","offsets":[{"start":0,"text":"COMMUNITY DEVELOPMENT BLOCK GRANT"}],"coordinates":[{"x":"183.37","y":"77.63"},{"x":"421.56","y":"84.00"}],"confidence":{"state":"pre-added","who":["user:SDTEF"],"prob":1},"fields":{},"normalizations":{}},{"classId":"e_19","part":"s1v1","offsets":[{"start":0,"text":"COMMUNITY DEVELOPMENT BLOCK GRANT AGREEMENT BETWEEN THE CHARTERED CITY OF VISTA AND OPERATION HOPE-NORTH COUNTY"}],"coordinates":[{"x":"183.37","y":"77.63"},{"x":"412.86","y":"109.43"}],"confidence":{"state":"pre-added","who":["user:SDTEF"],"prob":1},"fields":{},"normalizations":{}},{"classId":"e_7","part":"s1v1","offsets":[{"start":66,"text":"CITY OF VISTA"}],"coordinates":[{"x":"378.24","y":"90.59"},{"x":"455.84","y":"96.96"}],"confidence":{"state":"pre-added","who":["user:SDTEF"],"prob":1},"fields":{},"normalizations":{}},{"classId":"e_1","part":"s1v1","offsets":[{"start":84,"text":"OPERATION HOPE-NORTH COUNTY"}],"coordinates":[{"x":"219.37","y":"103.06"},{"x":"412.86","y":"109.43"}],"confidence":{"state":"pre-added","who":["user:SDTEF"],"prob":1},"fields":{},"normalizations":{}},{"classId":"e_7","part":"s1v1","offsets":[{"start":118,"text":"COMMUNITY DEVELOPMENT BLOCK GRANT"}],"coordinates":[],"confidence":{"state":"pre-added","who":["ml:regex"],"prob":0.5},"fields":{},"normalizations":{}},{"classId":"e_7","part":"s1v1","offsets":[{"start":239,"text":"CITY OF VISTA"}],"coordinates":[],"confidence":{"state":"pre-added","who":["ml:regex"],"prob":0.5},"fields":{},"normalizations":{}},{"classId":"e_1","part":"s1v1","offsets":[{"start":301,"text":"OPERATION HOPE-NORTH COUNTY"}],"coordinates":[],"confidence":{"state":"pre-added","who":["ml:regex"],"prob":0.5},"fields":{},"normalizations":{}},{"classId":"e_7","part":"s1v1","offsets":[{"start":628,"text":"Community Development Block Grant"}],"coordinates":[],"confidence":{"state":"pre-added","who":["ml:regex"],"prob":0.5},"fields":{},"normalizations":{}},{"classId":"e_1","part":"s1v1","offsets":[{"start":2728,"text":"OPERATION HOPE-NORTH COUNTY"}],"coordinates":[],"confidence":{"state":"pre-added","who":["ml:regex"],"prob":0.5},"fields":{},"normalizations":{}},{"classId":"e_1","part":"s2v1","offsets":[{"start":3231,"text":"OPERATION HOPE-NORTH COUNTY"}],"coordinates":[],"confidence":{"state":"pre-added","who":["ml:regex"],"prob":0.5},"fields":{},"normalizations":{}},{"classId":"e_7","part":"s3v1","offsets":[{"start":746,"text":"City of Vista"}],"coordinates":[],"confidence":{"state":"pre-added","who":["ml:regex"],"prob":0.5},"fields":{},"normalizations":{}},{"classId":"e_7","part":"s3v1","offsets":[{"start":1317,"text":"City of Vista"}],"coordinates":[],"confidence":{"state":"pre-added","who":["ml:regex"],"prob":0.5},"fields":{},"normalizations":{}},{"classId":"e_7","part":"s3v1","offsets":[{"start":1780,"text":"City of Vista"}],"coordinates":[],"confidence":{"state":"pre-added","who":["ml:regex"],"prob":0.5},"fields":{},"normalizations":{}},{"classId":"e_7","part":"s3v1","offsets":[{"start":1989,"text":"City of Vista"}],"coordinates":[],"confidence":{"state":"pre-added","who":["ml:regex"],"prob":0.5},"fields":{},"normalizations":{}},{"classId":"e_7","part":"s3v1","offsets":[{"start":2157,"text":"City of Vista"}],"coordinates":[],"confidence":{"state":"pre-added","who":["ml:regex"],"prob":0.5},"fields":{},"normalizations":{}},{"classId":"e_7","part":"s4v1","offsets":[{"start":1826,"text":"City of Vista"}],"coordinates":[],"confidence":{"state":"pre-added","who":["ml:regex"],"prob":0.5},"fields":{},"normalizations":{}},{"classId":"e_7","part":"s4v1","offsets":[{"start":1942,"text":"City of Vista"}],"coordinates":[],"confidence":{"state":"pre-added","who":["ml:regex"],"prob":0.5},"fields":{},"normalizations":{}},{"classId":"e_2","part":"s5v1","offsets":[{"start":2380,"text":"budget"}],"coordinates":[],"confidence":{"state":"pre-added","who":["ml:regex"],"prob":0.5},"fields":{},"normalizations":{}},{"classId":"e_2","part":"s5v1","offsets":[{"start":2491,"text":"budget"}],"coordinates":[],"confidence":{"state":"pre-added","who":["ml:regex"],"prob":0.5},"fields":{},"normalizations":{}},{"classId":"e_2","part":"s5v1","offsets":[{"start":2663,"text":"budget"}],"coordinates":[],"confidence":{"state":"pre-added","who":["ml:regex"],"prob":0.5},"fields":{},"normalizations":{}},{"classId":"e_2","part":"s5v1","offsets":[{"start":2719,"text":"budget"}],"coordinates":[],"confidence":{"state":"pre-added","who":["ml:regex"],"prob":0.5},"fields":{},"normalizations":{}},{"classId":"e_7","part":"s6v1","offsets":[{"start":409,"text":"City of Vista"}],"coordinates":[],"confidence":{"state":"pre-added","who":["ml:regex"],"prob":0.5},"fields":{},"normalizations":{}},{"classId":"e_7","part":"s6v1","offsets":[{"start":487,"text":"City of Vista"}],"coordinates":[],"confidence":{"state":"pre-added","who":["ml:regex"],"prob":0.5},"fields":{},"normalizations":{}},{"classId":"e_8","part":"s6v1","offsets":[{"start":777,"text":"Term. Unless earlier terminated in accordance with Section 7.4 of this Agreement, the term of this Agreement shall be from July 1, 2020, to June 30, 2021"}],"coordinates":[{"x":"139.21","y":"254.21"},{"x":"414.25","y":"272.64"}],"confidence":{"state":"pre-added","who":["user:SDTEF"],"prob":1},"fields":{},"normalizations":{}},{"classId":"e_1","part":"s6v1","offsets":[{"start":3582,"text":"OPERATION HOPE-NORTH COUNTY"}],"coordinates":[],"confidence":{"state":"pre-added","who":["ml:regex"],"prob":0.5},"fields":{},"normalizations":{}},{"classId":"e_7","part":"s7v1","offsets":[{"start":1960,"text":"City of Vista"}],"coordinates":[],"confidence":{"state":"pre-added","who":["ml:regex"],"prob":0.5},"fields":{},"normalizations":{}},{"classId":"e_1","part":"s7v1","offsets":[{"start":3808,"text":"OPERATION HOPE-NORTH COUNTY"}],"coordinates":[],"confidence":{"state":"pre-added","who":["ml:regex"],"prob":0.5},"fields":{},"normalizations":{}},{"classId":"e_7","part":"s8v1","offsets":[{"start":1691,"text":"City of Vista"}],"coordinates":[],"confidence":{"state":"pre-added","who":["ml:regex"],"prob":0.5},"fields":{},"normalizations":{}},{"classId":"e_1","part":"s8v1","offsets":[{"start":2916,"text":"OPERATION HOPE-NORTH COUNTY"}],"coordinates":[],"confidence":{"state":"pre-added","who":["ml:regex"],"prob":0.5},"fields":{},"normalizations":{}},{"classId":"e_7","part":"s9v1","offsets":[{"start":2131,"text":"City of Vista"}],"coordinates":[],"confidence":{"state":"pre-added","who":["ml:regex"],"prob":0.5},"fields":{},"normalizations":{}},{"classId":"e_7","part":"s9v1","offsets":[{"start":2416,"text":"City of Vista"}],"coordinates":[],"confidence":{"state":"pre-added","who":["ml:regex"],"prob":0.5},"fields":{},"normalizations":{}},{"classId":"e_1","part":"s9v1","offsets":[{"start":2697,"text":"OPERATION HOPE-NORTH COUNTY"}],"coordinates":[],"confidence":{"state":"pre-added","who":["ml:regex"],"prob":0.5},"fields":{},"normalizations":{}},{"classId":"e_7","part":"s10v1","offsets":[{"start":775,"text":"City of Vista"}],"coordinates":[],"confidence":{"state":"pre-added","who":["ml:regex"],"prob":0.5},"fields":{},"normalizations":{}},{"classId":"e_7","part":"s10v1","offsets":[{"start":940,"text":"City of Vista"}],"coordinates":[],"confidence":{"state":"pre-added","who":["ml:regex"],"prob":0.5},"fields":{},"normalizations":{}},{"classId":"e_7","part":"s10v1","offsets":[{"start":1152,"text":"City of Vista"}],"coordinates":[],"confidence":{"state":"pre-added","who":["ml:regex"],"prob":0.5},"fields":{},"normalizations":{}},{"classId":"e_7","part":"s10v1","offsets":[{"start":1280,"text":"City of Vista"}],"coordinates":[],"confidence":{"state":"pre-added","who":["ml:regex"],"prob":0.5},"fields":{},"normalizations":{}},{"classId":"e_7","part":"s10v1","offsets":[{"start":1624,"text":"City of Vista"}],"coordinates":[],"confidence":{"state":"pre-added","who":["ml:regex"],"prob":0.5},"fields":{},"normalizations":{}},{"classId":"e_7","part":"s10v1","offsets":[{"start":1825,"text":"City of Vista"}],"coordinates":[],"confidence":{"state":"pre-added","who":["ml:regex"],"prob":0.5},"fields":{},"normalizations":{}},{"classId":"e_7","part":"s10v1","offsets":[{"start":1957,"text":"City of Vista"}],"coordinates":[],"confidence":{"state":"pre-added","who":["ml:regex"],"prob":0.5},"fields":{},"normalizations":{}},{"classId":"e_1","part":"s12v1","offsets":[{"start":3758,"text":"OPERATION HOPE-NORTH COUNTY"}],"coordinates":[],"confidence":{"state":"pre-added","who":["ml:regex"],"prob":0.5},"fields":{},"normalizations":{}},{"classId":"e_7","part":"s13v1","offsets":[{"start":335,"text":"City of Vista"}],"coordinates":[],"confidence":{"state":"pre-added","who":["ml:regex"],"prob":0.5},"fields":{},"normalizations":{}},{"classId":"e_1","part":"s13v1","offsets":[{"start":435,"text":"Operation HOPE-North County"}],"coordinates":[],"confidence":{"state":"pre-added","who":["ml:regex"],"prob":0.5},"fields":{},"normalizations":{}},{"classId":"e_1","part":"s13v1","offsets":[{"start":463,"text":"859 East Vista Way Vista, CA 92084 Attn: Executive Director"}],"coordinates":[{"x":"285.12","y":"217.13"},{"x":"399.15","y":"248.64"}],"confidence":{"state":"pre-added","who":["user:SDTEF"],"prob":1},"fields":{},"normalizations":{}},{"classId":"e_1","part":"s13v1","offsets":[{"start":3227,"text":"OPERATION HOPE-NORTH COUNTY"}],"coordinates":[],"confidence":{"state":"pre-added","who":["ml:regex"],"prob":0.5},"fields":{},"normalizations":{}},{"classId":"e_7","part":"s14v1","offsets":[{"start":301,"text":"CITY OF VISTA"}],"coordinates":[],"confidence":{"state":"pre-added","who":["ml:regex"],"prob":0.5},"fields":{},"normalizations":{}},{"classId":"e_1","part":"s14v1","offsets":[{"start":615,"text":"OPERATION HOPE-NORTH COUNTY"}],"coordinates":[],"confidence":{"state":"pre-added","who":["ml:regex"],"prob":0.5},"fields":{},"normalizations":{}},{"classId":"e_1","part":"s14v1","offsets":[{"start":681,"text":"OPERATION HOPE-NORTH COUNTY"}],"coordinates":[],"confidence":{"state":"pre-added","who":["ml:regex"],"prob":0.5},"fields":{},"normalizations":{}},{"classId":"e_1","part":"s15v1","offsets":[{"start":0,"text":"Agency:"}],"coordinates":[{"x":"67.68","y":"128.70"},{"x":"106.33","y":"134.88"}],"confidence":{"state":"pre-added","who":["user:SDTEF"],"prob":1},"fields":{},"normalizations":{}},{"classId":"e_1","part":"s15v1","offsets":[{"start":49,"text":"Operation HOPE-North County"}],"coordinates":[],"confidence":{"state":"pre-added","who":["ml:regex"],"prob":0.5},"fields":{},"normalizations":{}},{"classId":"e_1","part":"s15v1","offsets":[{"start":78,"text":"859 E. Vista Way Vista, CA 92084"}],"coordinates":[{"x":"176.65","y":"152.22"},{"x":"343.20","y":"158.40"}],"confidence":{"state":"pre-added","who":["user:SDTEF"],"prob":1},"fields":{},"normalizations":{}},{"classId":"e_1","part":"s15v1","offsets":[{"start":112,"text":"Contact Person: Nicole Ketcher, Director of Resource Development\n\n760.536.3880 ext. 303"}],"coordinates":[{"x":"68.16","y":"174.30"},{"x":"285.70","y":"204.00"}],"confidence":{"state":"pre-added","who":["user:SDTEF"],"prob":1},"fields":{},"normalizations":{}},{"classId":"e_4","part":"s15v1","offsets":[{"start":207,"text":"Project Name:\n\nGoal:\n\nObjective:\n\nOperation HOPE Emergency Shelter"}],"coordinates":[{"x":"68.16","y":"220.37"},{"x":"355.01","y":"227.04"}],"confidence":{"state":"pre-added","who":["user:SDTEF"],"prob":1},"fields":{},"normalizations":{}},{"classId":"e_4","part":"s15v1","offsets":[{"start":275,"text":"PROJECT GOALS AND OBJECTIVES\n\nReduce the number of families experiencing homelessness.\n\nProvide emergency shelter to families and single woman and provide weekly case management support and classes to build client skill sets in order to prepare them for success in independence."}],"coordinates":[{"x":"205.93","y":"258.65"},{"x":"280.92","y":"340.32"}],"confidence":{"state":"pre-added","who":["user:SDTEF"],"prob":1},"fields":{},"normalizations":{}},{"classId":"e_6","part":"s15v1","offsets":[{"start":555,"text":"PERFORMANCE MEASURES\n\n1. Provide shelter, food, and classes to a minimum of 65 individuals.\n\n2. Provide weekly case management to all families and single women in the shelter program.\n\n3. Ensure 100% of school- aged children at the shelter will be enrolled in school and attending regularly.\n\n4. A minimum of 65% of families that complete their case management plan will move into transitional shelter or permanent housing upon exiting the program"}],"coordinates":[{"x":"226.57","y":"363.29"},{"x":"427.19","y":"493.43"}],"confidence":{"state":"pre-added","who":["user:SDTEF"],"prob":1},"fields":{},"normalizations":{}},{"classId":"e_1","part":"s15v1","offsets":[{"start":1869,"text":"OPERATION HOPE-NORTH COUNTY"}],"coordinates":[],"confidence":{"state":"pre-added","who":["ml:regex"],"prob":0.5},"fields":{},"normalizations":{}},{"classId":"e_1","part":"s16v1","offsets":[{"start":0,"text":"Agency:"}],"coordinates":[],"confidence":{"state":"pre-added","who":["ml:regex"],"prob":0.5},"fields":{},"normalizations":{}},{"classId":"e_2","part":"s16v1","offsets":[{"start":30,"text":"BUDGET"}],"coordinates":[{"x":"280.33","y":"101.69"},{"x":"325.09","y":"108.00"}],"confidence":{"state":"pre-added","who":["user:SDTEF"],"prob":1},"fields":{},"normalizations":{}},{"classId":"e_1","part":"s16v1","offsets":[{"start":38,"text":"Operation HOPE-North County"}],"coordinates":[],"confidence":{"state":"pre-added","who":["ml:regex"],"prob":0.5},"fields":{},"normalizations":{}},{"classId":"e_1","part":"s16v1","offsets":[{"start":67,"text":"859 E. Vista Way Vista, CA 92084"}],"coordinates":[],"confidence":{"state":"pre-added","who":["ml:regex"],"prob":0.5},"fields":{},"normalizations":{}},{"classId":"e_2","part":"s16v1","offsets":[{"start":247,"text":"Budget"}],"coordinates":[],"confidence":{"state":"pre-added","who":["ml:regex"],"prob":0.5},"fields":{},"normalizations":{}},{"classId":"e_2","part":"s16v1","offsets":[{"start":264,"text":"Amount a. Salaries and Wages\n\n$27,605.00\n\nb. Fringe Benefits\n\n$3,000.00\n\nC. Consultant/Contract Services\n\n$1,500.00\n\nTotal Personnel Budget\n\n$32,105.00 d. Office Rent\n\n$0.00 e. Utilities\n\n$0.00 f. Telephone\n\n$0.00 g. Office Supplies\n\n$0.00 h. Equipment\n\n$0.00 i. Printing/Duplication\n\n$0.00 j. Travel/Conferences\n\n$0.00 k. Other\n\n$0.00\n\nTotal Non-Personnel Budget\n\n$0.00\n\nTOTAL PROJECT BUDGET\n\n$32,105.00"}],"coordinates":[{"x":"423.85","y":"284.09"},{"x":"505.77","y":"600.96"}],"confidence":{"state":"pre-added","who":["user:SDTEF"],"prob":1},"fields":{},"normalizations":{}},{"classId":"e_2","part":"s16v1","offsets":[{"start":397,"text":"Budget"}],"coordinates":[],"confidence":{"state":"pre-added","who":["ml:regex"],"prob":0.5},"fields":{},"normalizations":{}},{"classId":"e_2","part":"s16v1","offsets":[{"start":621,"text":"Budget"}],"coordinates":[],"confidence":{"state":"pre-added","who":["ml:regex"],"prob":0.5},"fields":{},"normalizations":{}},{"classId":"e_2","part":"s16v1","offsets":[{"start":650,"text":"BUDGET"}],"coordinates":[],"confidence":{"state":"pre-added","who":["ml:regex"],"prob":0.5},"fields":{},"normalizations":{}},{"classId":"e_1","part":"s16v1","offsets":[{"start":685,"text":"OPERATION HOPE-NORTH COUNTY"}],"coordinates":[],"confidence":{"state":"pre-added","who":["ml:regex"],"prob":0.5},"fields":{},"normalizations":{}},{"classId":"e_7","part":"s17v1","offsets":[{"start":3760,"text":"City of Vista"}],"coordinates":[],"confidence":{"state":"pre-added","who":["ml:regex"],"prob":0.5},"fields":{},"normalizations":{}},{"classId":"e_7","part":"s17v1","offsets":[{"start":3972,"text":"City of Vista"}],"coordinates":[],"confidence":{"state":"pre-added","who":["ml:regex"],"prob":0.5},"fields":{},"normalizations":{}},{"classId":"e_1","part":"s18v1","offsets":[{"start":41,"text":"Operation Hope-North County"}],"coordinates":[],"confidence":{"state":"pre-added","who":["ml:regex"],"prob":0.5},"fields":{},"normalizations":{}},{"classId":"e_1","part":"s19v1","offsets":[{"start":41,"text":"Operation Hope-North County"}],"coordinates":[],"confidence":{"state":"pre-added","who":["ml:regex"],"prob":0.5},"fields":{},"normalizations":{}},{"classId":"e_1","part":"s23v1","offsets":[{"start":63,"text":"Operation Hope-North County"}],"coordinates":[],"confidence":{"state":"pre-added","who":["ml:regex"],"prob":0.5},"fields":{},"normalizations":{}}],"relations":[]}