{"annotatable":{"parts":["s1v1","s2v1","s3v1","s4v1","s5v1","s6v1","s7v1","s8v1","s9v1","s10v1","s11v1","s12v1","s13v1","s14v1","s15v1","s16v1","s17v1","s18v1","s19v1"]},"anncomplete":true,"sources":[{"name":"ORIG","id":"Copy_of_1142_CV_Alpha_FY21_Agmt___Ex.pdf","url":""}],"metas":{"m_23":{"value":"city and CDBG funds","confidence":{"state":"pre-added","who":["user:SDTEF"],"prob":1}},"m_24":{"value":"$100,000","confidence":{"state":"pre-added","who":["user:SDTEF"],"prob":1}},"m_22":{"value":"employment training","confidence":{"state":"pre-added","who":["user:SDTEF"],"prob":1}},"m_21":{"value":"LMI","confidence":{"state":"pre-added","who":["user:SDTEF"],"prob":1}}},"entities":[{"classId":"e_6","part":"s1v1","offsets":[{"start":0,"text":"2020-2021 CDBG Agreement No."}],"coordinates":[],"confidence":{"state":"pre-removed","who":["ml:nalaf","ml:regex"],"prob":0.5},"fields":{},"normalizations":{}},{"classId":"e_19","part":"s1v1","offsets":[{"start":65,"text":"CONTRACT FOR MANAGEMENT AND IMPLEMENTATION OF A COMMUNITY DEVELOPMENT BLOCK GRANT PROJECT 2020-2021"}],"coordinates":[{"x":"281.04","y":"46.66"},{"x":"330.09","y":"120.71"}],"confidence":{"state":"pre-added","who":["user:SDTEF"],"prob":1},"fields":{},"normalizations":{}},{"classId":"e_7","part":"s1v1","offsets":[{"start":113,"text":"COMMUNITY DEVELOPMENT BLOCK GRANT PROJECT"}],"coordinates":[{"x":"184.45","y":"100.30"},{"x":"427.62","y":"107.28"}],"confidence":{"state":"pre-added","who":["user:SDTEF"],"prob":1},"fields":{},"normalizations":{}},{"classId":"e_8","part":"s1v1","offsets":[{"start":155,"text":"2020-2021"}],"coordinates":[{"x":"282.01","y":"113.73"},{"x":"330.09","y":"120.71"}],"confidence":{"state":"pre-added","who":["user:SDTEF"],"prob":1},"fields":{},"normalizations":{}},{"classId":"e_4","part":"s1v1","offsets":[{"start":262,"text":"Alpha Project"}],"coordinates":[],"confidence":{"state":"pre-added","who":["ml:regex"],"prob":0.5},"fields":{},"normalizations":{}},{"classId":"e_7","part":"s1v1","offsets":[{"start":302,"text":"City of Chula Vista"}],"coordinates":[{"x":"176.14","y":"180.94"},{"x":"260.02","y":"187.92"}],"confidence":{"state":"pre-added","who":["user:SDTEF"],"prob":1},"fields":{},"normalizations":{}},{"classId":"e_8","part":"s1v1","offsets":[{"start":442,"text":"2020-2021"}],"coordinates":[{"x":"327.84","y":"194.38"},{"x":"375.92","y":"201.36"}],"confidence":{"state":"pre-added","who":["ml:regex","user:SDTEF"],"prob":1},"fields":{},"normalizations":{}},{"classId":"e_1","part":"s1v1","offsets":[{"start":453,"text":"Take Back the Streets - Job Training,"}],"coordinates":[{"x":"382.92","y":"194.38"},{"x":"553.67","y":"201.36"}],"confidence":{"state":"pre-added","who":["user:SDTEF"],"prob":1},"fields":{},"normalizations":{}},{"classId":"e_1","part":"s1v1","offsets":[{"start":491,"text":"Project Number: 1142"}],"coordinates":[{"x":"58.56","y":"207.82"},{"x":"157.40","y":"214.80"}],"confidence":{"state":"pre-added","who":["user:SDTEF"],"prob":1},"fields":{},"normalizations":{}},{"classId":"e_1","part":"s1v1","offsets":[{"start":507,"text":"1142"}],"coordinates":[{"x":"135.00","y":"207.82"},{"x":"157.40","y":"214.80"}],"confidence":{"state":"pre-added","who":["user:SDTEF"],"prob":1},"fields":{},"normalizations":{}},{"classId":"e_19","part":"s1v1","offsets":[{"start":772,"text":"U"}],"coordinates":[],"confidence":{"state":"pre-added","who":["ml:regex"],"prob":0.5},"fields":{},"normalizations":{}},{"classId":"e_19","part":"s1v1","offsets":[{"start":776,"text":"C"}],"coordinates":[],"confidence":{"state":"pre-added","who":["ml:regex"],"prob":0.5},"fields":{},"normalizations":{}},{"classId":"e_7","part":"s1v1","offsets":[{"start":954,"text":"Community Development Block Grant"}],"coordinates":[],"confidence":{"state":"","who":["ml:nalaf"],"prob":0.8949186539442833},"fields":{},"normalizations":{}},{"classId":"e_7","part":"s1v1","offsets":[{"start":1111,"text":"Community Development Block Grant"}],"coordinates":[],"confidence":{"state":"","who":["ml:nalaf"],"prob":0.7997370698612072},"fields":{},"normalizations":{}},{"classId":"e_7","part":"s1v1","offsets":[{"start":1309,"text":"Community Development Block Grant"}],"coordinates":[],"confidence":{"state":"","who":["ml:nalaf"],"prob":0.8172430444433563},"fields":{},"normalizations":{}},{"classId":"e_19","part":"s1v1","offsets":[{"start":1442,"text":"U"}],"coordinates":[],"confidence":{"state":"pre-added","who":["ml:regex"],"prob":0.5},"fields":{},"normalizations":{}},{"classId":"e_7","part":"s1v1","offsets":[{"start":1560,"text":"Community Development Block Grant"}],"coordinates":[],"confidence":{"state":"","who":["ml:nalaf"],"prob":0.6741505778102319},"fields":{},"normalizations":{}},{"classId":"e_7","part":"s1v1","offsets":[{"start":1894,"text":"Community Development Block Grant"}],"coordinates":[],"confidence":{"state":"","who":["ml:nalaf"],"prob":0.8852827769978856},"fields":{},"normalizations":{}},{"classId":"e_4","part":"s2v1","offsets":[{"start":180,"text":"scope of work"}],"coordinates":[],"confidence":{"state":"pre-added","who":["ml:regex"],"prob":0.5},"fields":{},"normalizations":{}},{"classId":"e_4","part":"s2v1","offsets":[{"start":196,"text":"Scope of Work"}],"coordinates":[],"confidence":{"state":"pre-added","who":["ml:regex"],"prob":0.5},"fields":{},"normalizations":{}},{"classId":"e_19","part":"s2v1","offsets":[{"start":1185,"text":"c"}],"coordinates":[],"confidence":{"state":"pre-added","who":["ml:regex"],"prob":0.5},"fields":{},"normalizations":{}},{"classId":"e_7","part":"s2v1","offsets":[{"start":1425,"text":"d"}],"coordinates":[],"confidence":{"state":"pre-added","who":["ml:regex"],"prob":0.5},"fields":{},"normalizations":{}},{"classId":"e_7","part":"s2v1","offsets":[{"start":1967,"text":"e"}],"coordinates":[],"confidence":{"state":"pre-added","who":["ml:regex"],"prob":0.5},"fields":{},"normalizations":{}},{"classId":"e_19","part":"s2v1","offsets":[{"start":2045,"text":"U"}],"coordinates":[],"confidence":{"state":"pre-added","who":["ml:regex"],"prob":0.5},"fields":{},"normalizations":{}},{"classId":"e_19","part":"s2v1","offsets":[{"start":2049,"text":"C"}],"coordinates":[],"confidence":{"state":"pre-added","who":["ml:regex"],"prob":0.5},"fields":{},"normalizations":{}},{"classId":"e_19","part":"s2v1","offsets":[{"start":2327,"text":"U"}],"coordinates":[],"confidence":{"state":"pre-added","who":["ml:regex"],"prob":0.5},"fields":{},"normalizations":{}},{"classId":"e_19","part":"s2v1","offsets":[{"start":2331,"text":"C"}],"coordinates":[],"confidence":{"state":"pre-added","who":["ml:regex"],"prob":0.5},"fields":{},"normalizations":{}},{"classId":"e_6","part":"s3v1","offsets":[{"start":0,"text":"2020-2021 CDBG Agreement No."}],"coordinates":[],"confidence":{"state":"pre-removed","who":["ml:nalaf","ml:regex"],"prob":0.5},"fields":{},"normalizations":{}},{"classId":"e_19","part":"s3v1","offsets":[{"start":2014,"text":"7"}],"coordinates":[],"confidence":{"state":"pre-added","who":["ml:regex"],"prob":0.5},"fields":{},"normalizations":{}},{"classId":"e_19","part":"s3v1","offsets":[{"start":2085,"text":"U"}],"coordinates":[],"confidence":{"state":"pre-added","who":["ml:regex"],"prob":0.5},"fields":{},"normalizations":{}},{"classId":"e_19","part":"s3v1","offsets":[{"start":2089,"text":"C"}],"coordinates":[],"confidence":{"state":"pre-added","who":["ml:regex"],"prob":0.5},"fields":{},"normalizations":{}},{"classId":"e_19","part":"s3v1","offsets":[{"start":2168,"text":"7"}],"coordinates":[],"confidence":{"state":"pre-added","who":["ml:regex"],"prob":0.5},"fields":{},"normalizations":{}},{"classId":"e_19","part":"s3v1","offsets":[{"start":2533,"text":"7"}],"coordinates":[],"confidence":{"state":"pre-added","who":["ml:regex"],"prob":0.5},"fields":{},"normalizations":{}},{"classId":"e_19","part":"s3v1","offsets":[{"start":2650,"text":"7"}],"coordinates":[],"confidence":{"state":"pre-added","who":["ml:regex"],"prob":0.5},"fields":{},"normalizations":{}},{"classId":"e_8","part":"s3v1","offsets":[{"start":2837,"text":"g"}],"coordinates":[],"confidence":{"state":"pre-added","who":["ml:regex"],"prob":0.5},"fields":{},"normalizations":{}},{"classId":"e_7","part":"s3v1","offsets":[{"start":3580,"text":"E"}],"coordinates":[],"confidence":{"state":"pre-added","who":["ml:regex"],"prob":0.5},"fields":{},"normalizations":{}},{"classId":"e_6","part":"s4v1","offsets":[{"start":0,"text":"2020-2021 CDBG Agreement No."}],"coordinates":[],"confidence":{"state":"pre-removed","who":["ml:nalaf","ml:regex"],"prob":0.5},"fields":{},"normalizations":{}},{"classId":"e_19","part":"s4v1","offsets":[{"start":510,"text":"c"}],"coordinates":[{"x":"466.69","y":"100.30"},{"x":"471.36","y":"107.28"}],"confidence":{"state":"pre-added","who":["user:SDTEF"],"prob":1},"fields":{},"normalizations":{}},{"classId":"e_19","part":"s4v1","offsets":[{"start":514,"text":"r"}],"coordinates":[{"x":"486.73","y":"100.30"},{"x":"490.58","y":"107.28"}],"confidence":{"state":"pre-added","who":["user:SDTEF"],"prob":1},"fields":{},"normalizations":{}},{"classId":"e_7","part":"s4v1","offsets":[{"start":980,"text":"Community Development Block Grant"}],"coordinates":[],"confidence":{"state":"","who":["ml:nalaf"],"prob":0.8156370822241599},"fields":{},"normalizations":{}},{"classId":"e_7","part":"s4v1","offsets":[{"start":1109,"text":"Community Development Block Grant"}],"coordinates":[],"confidence":{"state":"","who":["ml:nalaf"],"prob":0.8779999966051658},"fields":{},"normalizations":{}},{"classId":"e_7","part":"s4v1","offsets":[{"start":1245,"text":"Community Development Block Grant"}],"coordinates":[],"confidence":{"state":"","who":["ml:nalaf"],"prob":0.8189411080349851},"fields":{},"normalizations":{}},{"classId":"e_19","part":"s4v1","offsets":[{"start":1361,"text":"o"}],"coordinates":[{"x":"326.36","y":"261.41"},{"x":"332.18","y":"268.39"}],"confidence":{"state":"pre-added","who":["user:SDTEF"],"prob":1},"fields":{},"normalizations":{}},{"classId":"e_7","part":"s4v1","offsets":[{"start":1683,"text":"Community Development Block Grant"}],"coordinates":[],"confidence":{"state":"","who":["ml:nalaf"],"prob":0.684622664524098},"fields":{},"normalizations":{}},{"classId":"e_2","part":"s4v1","offsets":[{"start":1777,"text":"Reimbursement is not required after the five-year period pursuant to 24 CFR 570.505."}],"coordinates":[],"confidence":{"state":"","who":["ml:nalaf"],"prob":0.8262010978223927},"fields":{},"normalizations":{}},{"classId":"e_2","part":"s4v1","offsets":[{"start":2566,"text":"n"}],"coordinates":[],"confidence":{"state":"pre-added","who":["ml:regex"],"prob":0.5},"fields":{},"normalizations":{}},{"classId":"e_19","part":"s4v1","offsets":[{"start":2634,"text":"U"}],"coordinates":[],"confidence":{"state":"pre-added","who":["ml:regex"],"prob":0.5},"fields":{},"normalizations":{}},{"classId":"e_19","part":"s4v1","offsets":[{"start":2709,"text":"U"}],"coordinates":[],"confidence":{"state":"pre-added","who":["ml:regex"],"prob":0.5},"fields":{},"normalizations":{}},{"classId":"e_19","part":"s4v1","offsets":[{"start":2983,"text":"U"}],"coordinates":[],"confidence":{"state":"pre-added","who":["ml:regex"],"prob":0.5},"fields":{},"normalizations":{}},{"classId":"e_19","part":"s4v1","offsets":[{"start":3067,"text":"U"}],"coordinates":[],"confidence":{"state":"pre-added","who":["ml:regex"],"prob":0.5},"fields":{},"normalizations":{}},{"classId":"e_6","part":"s5v1","offsets":[{"start":0,"text":"2020-2021 CDBG Agreement No."}],"coordinates":[],"confidence":{"state":"pre-removed","who":["ml:nalaf","ml:regex"],"prob":0.5},"fields":{},"normalizations":{}},{"classId":"e_7","part":"s5v1","offsets":[{"start":289,"text":"t"}],"coordinates":[],"confidence":{"state":"pre-added","who":["ml:regex"],"prob":0.5},"fields":{},"normalizations":{}},{"classId":"e_19","part":"s5v1","offsets":[{"start":1009,"text":"u"}],"coordinates":[],"confidence":{"state":"pre-added","who":["ml:regex"],"prob":0.5},"fields":{},"normalizations":{}},{"classId":"e_6","part":"s5v1","offsets":[{"start":1711,"text":"ii."}],"coordinates":[],"confidence":{"state":"pre-removed","who":["ml:nalaf","ml:regex"],"prob":0.5},"fields":{},"normalizations":{}},{"classId":"e_19","part":"s5v1","offsets":[{"start":2217,"text":"U"}],"coordinates":[],"confidence":{"state":"pre-added","who":["ml:regex"],"prob":0.5},"fields":{},"normalizations":{}},{"classId":"e_2","part":"s5v1","offsets":[{"start":2243,"text":"w"}],"coordinates":[],"confidence":{"state":"pre-added","who":["ml:regex"],"prob":0.5},"fields":{},"normalizations":{}},{"classId":"e_19","part":"s5v1","offsets":[{"start":3487,"text":"U"}],"coordinates":[],"confidence":{"state":"pre-added","who":["ml:regex"],"prob":0.5},"fields":{},"normalizations":{}},{"classId":"e_6","part":"s6v1","offsets":[{"start":0,"text":"2020-2021 CDBG Agreement No."}],"coordinates":[],"confidence":{"state":"pre-removed","who":["ml:nalaf","ml:regex"],"prob":0.5},"fields":{},"normalizations":{}},{"classId":"e_19","part":"s6v1","offsets":[{"start":264,"text":"U"}],"coordinates":[],"confidence":{"state":"pre-added","who":["ml:regex"],"prob":0.5},"fields":{},"normalizations":{}},{"classId":"e_6","part":"s6v1","offsets":[{"start":286,"text":"z."}],"coordinates":[],"confidence":{"state":"","who":["ml:nalaf"],"prob":0.5260942868258143},"fields":{},"normalizations":{}},{"classId":"e_19","part":"s6v1","offsets":[{"start":488,"text":"u"}],"coordinates":[{"x":"219.59","y":"127.17"},{"x":"225.39","y":"134.15"}],"confidence":{"state":"pre-added","who":["user:SDTEF"],"prob":1},"fields":{},"normalizations":{}},{"classId":"e_19","part":"s6v1","offsets":[{"start":1438,"text":"7"}],"coordinates":[{"x":"289.30","y":"301.72"},{"x":"294.90","y":"308.70"}],"confidence":{"state":"pre-added","who":["user:SDTEF"],"prob":1},"fields":{},"normalizations":{}},{"classId":"e_7","part":"s6v1","offsets":[{"start":2073,"text":"City of Chula"}],"coordinates":[],"confidence":{"state":"pre-removed","who":["ml:nalaf","ml:regex"],"prob":0.5},"fields":{},"normalizations":{}},{"classId":"e_6","part":"s6v1","offsets":[{"start":2965,"text":"General."}],"coordinates":[],"confidence":{"state":"pre-removed","who":["ml:nalaf","ml:regex"],"prob":0.5},"fields":{},"normalizations":{}},{"classId":"e_6","part":"s6v1","offsets":[{"start":3512,"text":"DocuSign Envelope ID: D5B753D4-A429-4AF5-B428-BB8E47F43990"}],"coordinates":[],"confidence":{"state":"pre-removed","who":["ml:nalaf","ml:regex"],"prob":0.5},"fields":{},"normalizations":{}},{"classId":"e_6","part":"s7v1","offsets":[{"start":0,"text":"2020-2021 CDBG Agreement No."}],"coordinates":[],"confidence":{"state":"pre-removed","who":["ml:nalaf","ml:regex"],"prob":0.5},"fields":{},"normalizations":{}},{"classId":"e_6","part":"s7v1","offsets":[{"start":1245,"text":"ii."}],"coordinates":[],"confidence":{"state":"pre-removed","who":["ml:nalaf","ml:regex"],"prob":0.5},"fields":{},"normalizations":{}},{"classId":"e_6","part":"s7v1","offsets":[{"start":1354,"text":"iii."}],"coordinates":[],"confidence":{"state":"pre-removed","who":["ml:nalaf","ml:regex"],"prob":0.5},"fields":{},"normalizations":{}},{"classId":"e_4","part":"s7v1","offsets":[{"start":2079,"text":"5."}],"coordinates":[],"confidence":{"state":"pre-removed","who":["ml:nalaf","ml:regex"],"prob":0.5},"fields":{},"normalizations":{}},{"classId":"e_6","part":"s7v1","offsets":[{"start":2079,"text":"5."}],"coordinates":[],"confidence":{"state":"pre-removed","who":["ml:nalaf","ml:regex"],"prob":0.5},"fields":{},"normalizations":{}},{"classId":"e_6","part":"s7v1","offsets":[{"start":3069,"text":"DocuSign Envelope ID: D5B753D4-A429-4AF5-B428-BB8E47F43990"}],"coordinates":[],"confidence":{"state":"pre-removed","who":["ml:nalaf","ml:regex"],"prob":0.5},"fields":{},"normalizations":{}},{"classId":"e_6","part":"s8v1","offsets":[{"start":0,"text":"2020-2021 CDBG Agreement No."}],"coordinates":[],"confidence":{"state":"pre-removed","who":["ml:nalaf","ml:regex"],"prob":0.5},"fields":{},"normalizations":{}},{"classId":"e_8","part":"s8v1","offsets":[{"start":1617,"text":"g"}],"coordinates":[{"x":"198.95","y":"355.53"},{"x":"204.15","y":"362.51"}],"confidence":{"state":"pre-added","who":["user:SDTEF"],"prob":1},"fields":{},"normalizations":{}},{"classId":"e_6","part":"s8v1","offsets":[{"start":1815,"text":"(c) Cancellation."}],"coordinates":[],"confidence":{"state":"pre-removed","who":["ml:nalaf","ml:regex"],"prob":0.5},"fields":{},"normalizations":{}},{"classId":"e_6","part":"s8v1","offsets":[{"start":3320,"text":"DocuSign Envelope ID: D5B753D4-A429-4AF5-B428-BB8E47F43990"}],"coordinates":[],"confidence":{"state":"pre-removed","who":["ml:nalaf","ml:regex"],"prob":0.5},"fields":{},"normalizations":{}},{"classId":"e_6","part":"s9v1","offsets":[{"start":0,"text":"2020-2021 CDBG Agreement No."}],"coordinates":[],"confidence":{"state":"pre-removed","who":["ml:nalaf","ml:regex"],"prob":0.5},"fields":{},"normalizations":{}},{"classId":"e_2","part":"s9v1","offsets":[{"start":554,"text":"Compensation. \n\n1. Amounts.  City shall reimburse Sub-recipient for the costs it incurs for work performed under this Contract not to exceed a maximum reimbursement of $100,000.  Sub-recipient shall not submit claims to the City nor shall City reimburse Sub-recipient for costs for which Sub-recipient is reimbursed from a source other than the funds allocated for work under this Contract."}],"coordinates":[{"x":"72.71","y":"180.93"},{"x":"395.15","y":"255.00"}],"confidence":{"state":"pre-added","who":["user:SDTEF"],"prob":1},"fields":{},"normalizations":{}},{"classId":"e_4","part":"s9v1","offsets":[{"start":946,"text":"2."}],"coordinates":[],"confidence":{"state":"","who":["ml:nalaf"],"prob":0.5466873939464737},"fields":{},"normalizations":{}},{"classId":"e_6","part":"s9v1","offsets":[{"start":946,"text":"2."}],"coordinates":[],"confidence":{"state":"","who":["ml:nalaf"],"prob":0.6730990459797113},"fields":{},"normalizations":{}},{"classId":"e_6","part":"s9v1","offsets":[{"start":1336,"text":"3."}],"coordinates":[],"confidence":{"state":"pre-removed","who":["ml:nalaf","ml:regex"],"prob":0.5},"fields":{},"normalizations":{}},{"classId":"e_6","part":"s9v1","offsets":[{"start":2781,"text":"4."}],"coordinates":[],"confidence":{"state":"pre-removed","who":["ml:nalaf","ml:regex"],"prob":0.5},"fields":{},"normalizations":{}},{"classId":"e_4","part":"s9v1","offsets":[{"start":3029,"text":"5."}],"coordinates":[],"confidence":{"state":"pre-removed","who":["ml:nalaf","ml:regex"],"prob":0.5},"fields":{},"normalizations":{}},{"classId":"e_6","part":"s9v1","offsets":[{"start":3029,"text":"5."}],"coordinates":[],"confidence":{"state":"pre-removed","who":["ml:nalaf","ml:regex"],"prob":0.5},"fields":{},"normalizations":{}},{"classId":"e_6","part":"s10v1","offsets":[{"start":0,"text":"2020-2021 CDBG Agreement No."}],"coordinates":[],"confidence":{"state":"pre-removed","who":["ml:nalaf","ml:regex"],"prob":0.5},"fields":{},"normalizations":{}},{"classId":"e_2","part":"s10v1","offsets":[{"start":295,"text":"n"}],"coordinates":[{"x":"176.40","y":"73.53"},{"x":"182.20","y":"80.51"}],"confidence":{"state":"pre-added","who":["user:SDTEF"],"prob":1},"fields":{},"normalizations":{}},{"classId":"e_6","part":"s10v1","offsets":[{"start":448,"text":"Sub-recipient understands City may not reimburse project expenses that are outside the contract term."}],"coordinates":[],"confidence":{"state":"","who":["ml:nalaf"],"prob":0.9597785873166361},"fields":{},"normalizations":{}},{"classId":"e_2","part":"s10v1","offsets":[{"start":502,"text":"ct"}],"coordinates":[{"x":"166.43","y":"100.30"},{"x":"174.81","y":"107.28"}],"confidence":{"state":"pre-added","who":["user:SDTEF"],"prob":1},"fields":{},"normalizations":{}},{"classId":"e_2","part":"s10v1","offsets":[{"start":906,"text":"w"}],"coordinates":[{"x":"311.38","y":"167.49"},{"x":"319.27","y":"174.47"}],"confidence":{"state":"pre-added","who":["user:SDTEF"],"prob":1},"fields":{},"normalizations":{}},{"classId":"e_6","part":"s10v1","offsets":[{"start":1922,"text":"3."}],"coordinates":[],"confidence":{"state":"pre-removed","who":["ml:nalaf","ml:regex"],"prob":0.5},"fields":{},"normalizations":{}},{"classId":"e_6","part":"s11v1","offsets":[{"start":0,"text":"2020-2021 CDBG Agreement No."}],"coordinates":[],"confidence":{"state":"pre-removed","who":["ml:nalaf","ml:regex"],"prob":0.5},"fields":{},"normalizations":{}},{"classId":"e_2","part":"s11v1","offsets":[{"start":611,"text":"es"}],"coordinates":[{"x":"231.31","y":"154.04"},{"x":"241.15","y":"161.02"}],"confidence":{"state":"pre-added","who":["user:SDTEF"],"prob":1},"fields":{},"normalizations":{}},{"classId":"e_4","part":"s11v1","offsets":[{"start":2434,"text":"2."}],"coordinates":[],"confidence":{"state":"","who":["ml:nalaf"],"prob":0.5466873939464737},"fields":{},"normalizations":{}},{"classId":"e_6","part":"s11v1","offsets":[{"start":2434,"text":"2."}],"coordinates":[],"confidence":{"state":"","who":["ml:nalaf"],"prob":0.6730990459797113},"fields":{},"normalizations":{}},{"classId":"e_6","part":"s12v1","offsets":[{"start":0,"text":"2020-2021 CDBG Agreement No."}],"coordinates":[],"confidence":{"state":"pre-removed","who":["ml:nalaf","ml:regex"],"prob":0.5},"fields":{},"normalizations":{}},{"classId":"e_6","part":"s12v1","offsets":[{"start":750,"text":"3."}],"coordinates":[],"confidence":{"state":"pre-removed","who":["ml:nalaf","ml:regex"],"prob":0.5},"fields":{},"normalizations":{}},{"classId":"e_6","part":"s12v1","offsets":[{"start":1308,"text":"4."}],"coordinates":[],"confidence":{"state":"pre-removed","who":["ml:nalaf","ml:regex"],"prob":0.5},"fields":{},"normalizations":{}},{"classId":"e_4","part":"s12v1","offsets":[{"start":1465,"text":"5."}],"coordinates":[],"confidence":{"state":"pre-removed","who":["ml:nalaf","ml:regex"],"prob":0.5},"fields":{},"normalizations":{}},{"classId":"e_6","part":"s12v1","offsets":[{"start":1465,"text":"5."}],"coordinates":[],"confidence":{"state":"pre-removed","who":["ml:nalaf","ml:regex"],"prob":0.5},"fields":{},"normalizations":{}},{"classId":"e_6","part":"s12v1","offsets":[{"start":1776,"text":"7."}],"coordinates":[],"confidence":{"state":"pre-removed","who":["ml:nalaf","ml:regex"],"prob":0.5},"fields":{},"normalizations":{}},{"classId":"e_6","part":"s12v1","offsets":[{"start":2037,"text":"ARTICLE V. TERMINATION OF CONTRACT \n\nA."}],"coordinates":[],"confidence":{"state":"","who":["ml:nalaf"],"prob":0.861495709741787},"fields":{},"normalizations":{}},{"classId":"e_6","part":"s12v1","offsets":[{"start":3165,"text":"B."}],"coordinates":[],"confidence":{"state":"pre-removed","who":["ml:nalaf","ml:regex"],"prob":0.5},"fields":{},"normalizations":{}},{"classId":"e_8","part":"s12v1","offsets":[{"start":3598,"text":"option of the City, become City's sole and exclusive property."}],"coordinates":[],"confidence":{"state":"pre-removed","who":["ml:nalaf","ml:regex"],"prob":0.5},"fields":{},"normalizations":{}},{"classId":"e_6","part":"s13v1","offsets":[{"start":0,"text":"2020-2021 CDBG Agreement No."}],"coordinates":[],"confidence":{"state":"pre-removed","who":["ml:nalaf","ml:regex"],"prob":0.5},"fields":{},"normalizations":{}},{"classId":"e_6","part":"s13v1","offsets":[{"start":391,"text":"Sub-recipient hereby expressly waives any and all claims for damages or compensation arising under this Contract except as set forth herein."}],"coordinates":[],"confidence":{"state":"pre-removed","who":["ml:nalaf","ml:regex"],"prob":0.5},"fields":{},"normalizations":{}},{"classId":"e_7","part":"s13v1","offsets":[{"start":2034,"text":"City of Chula"}],"coordinates":[],"confidence":{"state":"pre-removed","who":["ml:nalaf","ml:regex"],"prob":0.5},"fields":{},"normalizations":{}},{"classId":"e_6","part":"s13v1","offsets":[{"start":2322,"text":"B."}],"coordinates":[],"confidence":{"state":"pre-removed","who":["ml:nalaf","ml:regex"],"prob":0.5},"fields":{},"normalizations":{}},{"classId":"e_6","part":"s14v1","offsets":[{"start":0,"text":"2020-2021 CDBG Agreement No."}],"coordinates":[],"confidence":{"state":"pre-removed","who":["ml:nalaf","ml:regex"],"prob":0.5},"fields":{},"normalizations":{}},{"classId":"e_6","part":"s14v1","offsets":[{"start":430,"text":"a."}],"coordinates":[],"confidence":{"state":"pre-removed","who":["ml:nalaf","ml:regex"],"prob":0.5},"fields":{},"normalizations":{}},{"classId":"e_6","part":"s14v1","offsets":[{"start":719,"text":"Project Completion."}],"coordinates":[],"confidence":{"state":"","who":["ml:nalaf"],"prob":0.573589288116115},"fields":{},"normalizations":{}},{"classId":"e_4","part":"s14v1","offsets":[{"start":740,"text":"Within ninety (90) calendar days following Project completion or termination by City, Sub-recipient agrees to submit a final certification of Project expenses and audit reports, as applicable."}],"coordinates":[],"confidence":{"state":"","who":["ml:nalaf"],"prob":0.84084054923077},"fields":{},"normalizations":{}},{"classId":"e_6","part":"s14v1","offsets":[{"start":740,"text":"Within ninety (90) calendar days following Project completion or termination by City, Sub-recipient agrees to submit a final certification of Project expenses and audit reports, as applicable."}],"coordinates":[],"confidence":{"state":"","who":["ml:nalaf"],"prob":0.9750642168018949},"fields":{},"normalizations":{}},{"classId":"e_8","part":"s14v1","offsets":[{"start":935,"text":"G"}],"coordinates":[],"confidence":{"state":"pre-added","who":["ml:regex"],"prob":0.5},"fields":{},"normalizations":{}},{"classId":"e_8","part":"s14v1","offsets":[{"start":2141,"text":"Term.  The term of this Contract shall start on the 4th day of August, 2020 and shall continue in effect until terminated as provided herein or until Sub-recipient has carried out all its obligations under the Contract.    Services of the Sub-recipient shall start on the issuance date of the Notice to Proceed from the City of Chula Vista and end on the 30th day of June 2021.  The term of this Contract shall not be extended."}],"coordinates":[{"x":"76.48","y":"532.33"},{"x":"483.15","y":"579.60"}],"confidence":{"state":"pre-added","who":["user:SDTEF"],"prob":1},"fields":{},"normalizations":{}},{"classId":"e_6","part":"s14v1","offsets":[{"start":3095,"text":"L. Assignability."}],"coordinates":[],"confidence":{"state":"","who":["ml:nalaf"],"prob":0.9222217219313062},"fields":{},"normalizations":{}},{"classId":"e_6","part":"s15v1","offsets":[{"start":0,"text":"2020-2021 CDBG Agreement No."}],"coordinates":[],"confidence":{"state":"pre-removed","who":["ml:nalaf","ml:regex"],"prob":0.5},"fields":{},"normalizations":{}},{"classId":"e_2","part":"s15v1","offsets":[{"start":760,"text":"N"}],"coordinates":[],"confidence":{"state":"pre-added","who":["ml:regex"],"prob":0.5},"fields":{},"normalizations":{}},{"classId":"e_7","part":"s15v1","offsets":[{"start":1011,"text":"d"}],"coordinates":[{"x":"223.42","y":"207.78"},{"x":"229.22","y":"214.76"}],"confidence":{"state":"pre-added","who":["user:SDTEF"],"prob":1},"fields":{},"normalizations":{}},{"classId":"e_7","part":"s15v1","offsets":[{"start":1015,"text":"e"}],"coordinates":[{"x":"244.78","y":"207.78"},{"x":"250.28","y":"214.76"}],"confidence":{"state":"pre-added","who":["user:SDTEF"],"prob":1},"fields":{},"normalizations":{}},{"classId":"e_7","part":"s15v1","offsets":[{"start":2181,"text":"t"}],"coordinates":[{"x":"226.65","y":"409.09"},{"x":"230.35","y":"416.07"}],"confidence":{"state":"pre-added","who":["user:SDTEF"],"prob":1},"fields":{},"normalizations":{}},{"classId":"e_7","part":"s15v1","offsets":[{"start":2458,"text":"City of Chula"}],"coordinates":[],"confidence":{"state":"pre-removed","who":["ml:nalaf","ml:regex"],"prob":0.5},"fields":{},"normalizations":{}},{"classId":"e_7","part":"s15v1","offsets":[{"start":3357,"text":"T"}],"coordinates":[],"confidence":{"state":"pre-added","who":["ml:regex"],"prob":0.5},"fields":{},"normalizations":{}},{"classId":"e_7","part":"s15v1","offsets":[{"start":3360,"text":"Acknowledgement of Funding.   Sub-recipient shall identify the City of Chula Vista as the source of funding, or, if applicable, one of the sources of funding in public announcements that are made regarding the Project.  Acknowledgement of the City’s funding roles, for example, should be included in publicity materials related to the Project.  In addition, Sub-recipient agrees that the City shall be apprised of any special events linked to the Project so that a review can be made on what role, if any, the City would assume."}],"coordinates":[{"x":"76.53","y":"623.96"},{"x":"469.37","y":"684.57"}],"confidence":{"state":"pre-added","who":["user:SDTEF"],"prob":1},"fields":{},"normalizations":{}},{"classId":"e_7","part":"s15v1","offsets":[{"start":3423,"text":"City of Chula"}],"coordinates":[],"confidence":{"state":"pre-removed","who":["ml:nalaf","ml:regex"],"prob":0.5},"fields":{},"normalizations":{}},{"classId":"e_6","part":"s16v1","offsets":[{"start":0,"text":"2020-2021 CDBG Agreement No."}],"coordinates":[],"confidence":{"state":"pre-removed","who":["ml:nalaf","ml:regex"],"prob":0.5},"fields":{},"normalizations":{}},{"classId":"e_2","part":"s16v1","offsets":[{"start":274,"text":"W"}],"coordinates":[],"confidence":{"state":"pre-added","who":["ml:regex"],"prob":0.5},"fields":{},"normalizations":{}},{"classId":"e_4","part":"s16v1","offsets":[{"start":823,"text":"Alpha Project"}],"coordinates":[],"confidence":{"state":"pre-added","who":["ml:regex"],"prob":0.5},"fields":{},"normalizations":{}},{"classId":"e_7","part":"s16v1","offsets":[{"start":910,"text":"City of Chula"}],"coordinates":[],"confidence":{"state":"pre-removed","who":["ml:nalaf","ml:regex"],"prob":0.5},"fields":{},"normalizations":{}},{"classId":"e_7","part":"s16v1","offsets":[{"start":1102,"text":"CITY OF CHULA"}],"coordinates":[],"confidence":{"state":"pre-removed","who":["ml:nalaf","ml:regex"],"prob":0.5},"fields":{},"normalizations":{}},{"classId":"e_7","part":"s16v1","offsets":[{"start":1151,"text":"City of Chula Vista"}],"coordinates":[],"confidence":{"state":"pre-added","who":["ml:regex"],"prob":0.5},"fields":{},"normalizations":{}},{"classId":"e_4","part":"s16v1","offsets":[{"start":1251,"text":"Alpha Project"}],"coordinates":[],"confidence":{"state":"pre-added","who":["ml:regex"],"prob":0.5},"fields":{},"normalizations":{}},{"classId":"e_5","part":"s17v1","offsets":[{"start":677,"text":"The income data is broken down into distinct income categories including a non"}],"coordinates":[],"confidence":{"state":"","who":["ml:nalaf"],"prob":0.6472989296941358},"fields":{},"normalizations":{}},{"classId":"e_6","part":"s17v1","offsets":[{"start":677,"text":"The income data is broken down into distinct income categories including a non-low/moderate category."}],"coordinates":[],"confidence":{"state":"","who":["ml:nalaf"],"prob":0.9724347949070985},"fields":{},"normalizations":{}},{"classId":"e_6","part":"s17v1","offsets":[{"start":799,"text":": 0-30% AMI\n\n: 30.1%-50% AMI\n\n: 50.1-80% AMI \n\n: 80.1%+ AMI\n\n\n\nDocuSign Envelope ID: D5B753D4-A429-4AF5-B428-BB8E47F43990"}],"coordinates":[],"confidence":{"state":"","who":["ml:nalaf"],"prob":0.9410299427192499},"fields":{},"normalizations":{}},{"classId":"e_4","part":"s18v1","offsets":[{"start":26,"text":"SCOPE OF WORK"}],"coordinates":[{"x":"262.80","y":"75.70"},{"x":"337.47","y":"82.44"}],"confidence":{"state":"pre-added","who":["user:SDTEF"],"prob":1},"fields":{},"normalizations":{}},{"classId":"e_7","part":"s18v1","offsets":[{"start":109,"text":"CITY OF CHULA VISTA"}],"coordinates":[],"confidence":{"state":"pre-added","who":["ml:regex"],"prob":0.5},"fields":{},"normalizations":{}},{"classId":"e_4","part":"s18v1","offsets":[{"start":133,"text":"ALPHA PROJECT"}],"coordinates":[{"x":"270.72","y":"142.78"},{"x":"341.33","y":"149.52"}],"confidence":{"state":"pre-added","who":["user:SDTEF"],"prob":1},"fields":{},"normalizations":{}},{"classId":"e_4","part":"s18v1","offsets":[{"start":184,"text":"ACTIVITIES \n\n1. General:  Alpha Project (hereinafter, “Subrecipient”) will be responsible for administering a Community Development Block Grant (CDBG) program (CFDA 14-218) entitled, Take Back the Streets - Job Training, in a manner satisfactory to the Grantee and consistent with any standards required as a condition of providing these funds consistent with regulations governing Public Services [(§570.201(e)] which applies specifically to services rendered to low/moderate income which could consist of  Homeless Individuals, Formally Homeless and/or low to moderate income individuals [HUD Eligibility Matrix Code 05H - Employment Training]"}],"coordinates":[{"x":"63.00","y":"196.54"},{"x":"523.60","y":"297.24"}],"confidence":{"state":"pre-added","who":["user:SDTEF"],"prob":1},"fields":{},"normalizations":{}},{"classId":"e_7","part":"s18v1","offsets":[{"start":294,"text":"Community Development Block Grant"}],"coordinates":[],"confidence":{"state":"","who":["ml:nalaf"],"prob":0.8938682616254952},"fields":{},"normalizations":{}},{"classId":"e_4","part":"s18v1","offsets":[{"start":834,"text":"2."}],"coordinates":[],"confidence":{"state":"","who":["ml:nalaf"],"prob":0.5466873939464737},"fields":{},"normalizations":{}},{"classId":"e_6","part":"s18v1","offsets":[{"start":834,"text":"2."}],"coordinates":[],"confidence":{"state":"","who":["ml:nalaf"],"prob":0.6730990459797113},"fields":{},"normalizations":{}},{"classId":"e_6","part":"s18v1","offsets":[{"start":837,"text":"ProgramDelivery:  The Subrecipient will carry out the following specific activities as part of the program: ensure that marketing material acknowledges the City of Chula Vista and the Department of Housing and Urban Development’s support; services to be provided are in compliance with the program Policies and Procedures Manual, attached hereto."}],"coordinates":[],"confidence":{"state":"","who":["ml:nalaf"],"prob":0.9822122016354367},"fields":{},"normalizations":{}},{"classId":"e_6","part":"s18v1","offsets":[{"start":1185,"text":"Additionally, the the program will provide the following outcomes: \n\nOutcome 1\n\nEmployment  Outcome 2 Community clean ups, including weed and brush abatement, encampment clean ups, litter removal Outcome 3 On the Job Training \n\n3."}],"coordinates":[],"confidence":{"state":"","who":["ml:nalaf"],"prob":0.837470601434126},"fields":{},"normalizations":{}},{"classId":"e_4","part":"s18v1","offsets":[{"start":1416,"text":"Income Benefit Goals:  It is anticipated that approximately 15 unduplicated low- to moderate-income persons will be served over the course of this 12 month Agreement."}],"coordinates":[],"confidence":{"state":"","who":["ml:nalaf"],"prob":0.9101630008255064},"fields":{},"normalizations":{}},{"classId":"e_6","part":"s18v1","offsets":[{"start":1416,"text":"Income Benefit Goals:  It is anticipated that approximately 15 unduplicated low- to moderate-income persons will be served over the course of this 12 month Agreement."}],"coordinates":[],"confidence":{"state":"","who":["ml:nalaf"],"prob":0.97022166278262},"fields":{},"normalizations":{}},{"classId":"e_6","part":"s18v1","offsets":[{"start":1583,"text":"In addition to the required quarterly reports identified in Section 12 of this contract, the Subrecipient shall document all individuals served to ensure that at least 51 percent of those served are at or below 80 percent of the Area Median Income as established by the U.S. Department of Housing and Urban Development (HUD)."}],"coordinates":[],"confidence":{"state":"","who":["ml:nalaf"],"prob":0.9832156103949523},"fields":{},"normalizations":{}},{"classId":"e_4","part":"s18v1","offsets":[{"start":1910,"text":"This information is to be collected and compiled at the end of the each City of Chula Vista fiscal year (June 30th) for five (5) years, and shall be submitted to the City of Chula Vista Housing Department upon receipt of a written request and at the time of any monitoring of project records."}],"coordinates":[],"confidence":{"state":"","who":["ml:nalaf"],"prob":0.8450083830572411},"fields":{},"normalizations":{}},{"classId":"e_6","part":"s18v1","offsets":[{"start":1910,"text":"This information is to be collected and compiled at the end of the each City of Chula Vista fiscal year (June 30th) for five (5) years, and shall be submitted to the City of Chula Vista Housing Department upon receipt of a written request and at the time of any monitoring of project records."}],"coordinates":[],"confidence":{"state":"","who":["ml:nalaf"],"prob":0.9799442244538056},"fields":{},"normalizations":{}},{"classId":"e_6","part":"s18v1","offsets":[{"start":2206,"text":"B."}],"coordinates":[],"confidence":{"state":"pre-removed","who":["ml:nalaf","ml:regex"],"prob":0.5},"fields":{},"normalizations":{}},{"classId":"e_3","part":"s18v1","offsets":[{"start":2697,"text":"Additionally, the Activity will benefit a clientele who is generally presumed by HUD to be principally Low/Moderate income"}],"coordinates":[{"x":"63.00","y":"655.06"},{"x":"95.68","y":"675.23"}],"confidence":{"state":"pre-added","who":["user:SDTEF"],"prob":1},"fields":{},"normalizations":{}},{"classId":"e_6","part":"s18v1","offsets":[{"start":2821,"text":"The groups presumed by HUD to be made up principally of Low/Moderate income persons are: abused children; elderly persons; battered spouses; homeless persons; severely disabled adults; illiterate adults; persons living with AIDS; and, migrant farm workers [§570.208(a)(2)(i)(A)]."}],"coordinates":[],"confidence":{"state":"","who":["ml:nalaf"],"prob":0.99290810372438},"fields":{},"normalizations":{}},{"classId":"e_4","part":"s18v1","offsets":[{"start":2877,"text":"Low/Moderate income persons are: abused children; elderly persons; battered spouses; homeless persons; severely disabled adults; illiterate adults; persons living with AIDS; and, migrant farm workers [§570.208(a)(2)(i)(A)]."}],"coordinates":[],"confidence":{"state":"","who":["ml:nalaf"],"prob":0.8003924525234396},"fields":{},"normalizations":{}},{"classId":"e_3","part":"s18v1","offsets":[{"start":3017,"text":"adults"}],"coordinates":[],"confidence":{"state":"","who":["ml:nalaf"],"prob":0.49481883940436244},"fields":{},"normalizations":{}},{"classId":"e_7","part":"s19v1","offsets":[{"start":143,"text":"D"}],"coordinates":[],"confidence":{"state":"pre-added","who":["ml:regex"],"prob":0.5},"fields":{},"normalizations":{}},{"classId":"e_8","part":"s19v1","offsets":[{"start":146,"text":"ESTIMATED TIME SCHEDULE:  SUBRECIPIENT will make all good faith and reasonable efforts to fulfill the project by June 30, 2021, or earlier."}],"coordinates":[{"x":"63.00","y":"93.46"},{"x":"172.97","y":"113.64"}],"confidence":{"state":"pre-added","who":["user:SDTEF"],"prob":1},"fields":{},"normalizations":{}},{"classId":"e_8","part":"s19v1","offsets":[{"start":185,"text":"will make all good faith and reasonable efforts to fulfill the project by June 30, 2021"}],"coordinates":[],"confidence":{"state":"","who":["ml:nalaf"],"prob":0.8680893316613788},"fields":{},"normalizations":{}},{"classId":"e_7","part":"s19v1","offsets":[{"start":288,"text":"E"}],"coordinates":[],"confidence":{"state":"pre-added","who":["ml:regex"],"prob":0.5},"fields":{},"normalizations":{}},{"classId":"e_2","part":"s19v1","offsets":[{"start":291,"text":"BUDGET: SUBRECIPIENT shall make all good faith and reasonable efforts to complete the work under this contract within the following estimated budget.  In no case shall SUBRECIPIENT be entitled to, nor shall City reimburse SUBRECIPIENT, more than $100,000 to be budgeted as follows:"}],"coordinates":[{"x":"63.00","y":"134.15"},{"x":"440.44","y":"170.76"}],"confidence":{"state":"pre-added","who":["user:SDTEF"],"prob":1},"fields":{},"normalizations":{}},{"classId":"e_2","part":"s19v1","offsets":[{"start":833,"text":"Grant Contract total\n\n\n\n$        100,000.00"}],"coordinates":[{"x":"72.84","y":"355.67"},{"x":"507.32","y":"363.00"}],"confidence":{"state":"pre-added","who":["user:SDTEF"],"prob":1},"fields":{},"normalizations":{}}],"relations":[]}