{"annotatable":{"parts":["s1v1","s2v1","s3v1","s4v1","s5v1","s6v1","s7v1"]},"anncomplete":true,"sources":[],"metas":{"m_22":{"value":"safe parking program with case management, social distancing measures","confidence":{"state":"pre-added","who":["user:SDTEF"],"prob":1}},"m_23":{"value":"city","confidence":{"state":"pre-added","who":["user:SDTEF"],"prob":1}}},"entities":[{"classId":"e_19","part":"s1v1","offsets":[{"start":0,"text":"SECOND AMENDMENT TO THE AGREEMENT BETWEEN THE CITY OF SAN DIEGO AND JEWISH FAMILY SERVICES FOR THE EXPANDED SAFE PARKING PROGRAM"}],"coordinates":[{"x":"91.81","y":"106.88"},{"x":"333.60","y":"141.11"}],"confidence":{"state":"pre-added","who":["user:SDTEF"],"prob":1},"fields":{},"normalizations":{}},{"classId":"e_4","part":"s1v1","offsets":[{"start":0,"text":"S"}],"coordinates":[{"x":"91.81","y":"106.88"},{"x":"98.09","y":"113.39"}],"confidence":{"state":"pre-added","who":["user:SDTEF"],"prob":1},"fields":{},"normalizations":{}},{"classId":"e_7","part":"s1v1","offsets":[{"start":46,"text":"CITY OF SAN DIEGO"}],"coordinates":[{"x":"443.53","y":"106.88"},{"x":"121.20","y":"127.07"}],"confidence":{"state":"pre-added","who":["user:SDTEF"],"prob":1},"fields":{},"normalizations":{}},{"classId":"e_1","part":"s1v1","offsets":[{"start":68,"text":"JEWISH FAMILY SERVICES"}],"coordinates":[{"x":"153.73","y":"120.56"},{"x":"309.60","y":"127.07"}],"confidence":{"state":"pre-added","who":["user:SDTEF"],"prob":1},"fields":{},"normalizations":{}},{"classId":"e_4","part":"s1v1","offsets":[{"start":99,"text":"EXPANDED SAFE PARKING PROGRAM"}],"coordinates":[{"x":"369.73","y":"120.56"},{"x":"333.60","y":"141.11"}],"confidence":{"state":"pre-added","who":["user:SDTEF"],"prob":1},"fields":{},"normalizations":{}},{"classId":"e_7","part":"s1v1","offsets":[{"start":180,"text":"City of San Diego"}],"coordinates":[],"confidence":{"state":"pre-added","who":["ml:regex"],"prob":0.5},"fields":{},"normalizations":{}},{"classId":"e_1","part":"s1v1","offsets":[{"start":202,"text":"Jewish Family Services"}],"coordinates":[],"confidence":{"state":"pre-added","who":["ml:regex"],"prob":0.5},"fields":{},"normalizations":{}},{"classId":"e_4","part":"s1v1","offsets":[{"start":233,"text":"Expanded Safe Parking Program"}],"coordinates":[],"confidence":{"state":"pre-added","who":["ml:regex"],"prob":0.5},"fields":{},"normalizations":{}},{"classId":"e_7","part":"s1v1","offsets":[{"start":326,"text":"City of San Diego"}],"coordinates":[],"confidence":{"state":"pre-added","who":["ml:regex"],"prob":0.5},"fields":{},"normalizations":{}},{"classId":"e_1","part":"s1v1","offsets":[{"start":355,"text":"Jewish Family Services"}],"coordinates":[],"confidence":{"state":"pre-added","who":["ml:regex"],"prob":0.5},"fields":{},"normalizations":{}},{"classId":"e_7","part":"s1v1","offsets":[{"start":568,"text":"City of San Diego"}],"coordinates":[],"confidence":{"state":"pre-added","who":["ml:regex"],"prob":0.5},"fields":{},"normalizations":{}},{"classId":"e_1","part":"s1v1","offsets":[{"start":590,"text":"Jewish Family Services"}],"coordinates":[],"confidence":{"state":"pre-added","who":["ml:regex"],"prob":0.5},"fields":{},"normalizations":{}},{"classId":"e_4","part":"s1v1","offsets":[{"start":621,"text":"Expanded Safe Parking Program"}],"coordinates":[],"confidence":{"state":"pre-added","who":["ml:regex"],"prob":0.5},"fields":{},"normalizations":{}},{"classId":"e_7","part":"s1v1","offsets":[{"start":1098,"text":"City of San Diego"}],"coordinates":[],"confidence":{"state":"pre-added","who":["ml:regex"],"prob":0.5},"fields":{},"normalizations":{}},{"classId":"e_7","part":"s1v1","offsets":[{"start":1398,"text":"City of San Diego"}],"coordinates":[],"confidence":{"state":"pre-added","who":["ml:regex"],"prob":0.5},"fields":{},"normalizations":{}},{"classId":"e_4","part":"s1v1","offsets":[{"start":2313,"text":"JFS has agreed to aid the City in addressing this emergency by temporarily relocating operations of the City's Safe Parking Program in Mission Valley from the Mission Valley Property, as defined and identified in the First Amendment to the Agreement, to a portion of the parking lot at San Diego County Credit Union (SDCCU) Stadium (Stadium Lot) to implement"}],"coordinates":[{"x":"120.25","y":"614.27"},{"x":"538.02","y":"662.03"}],"confidence":{"state":"pre-added","who":["user:SDTEF"],"prob":1},"fields":{},"normalizations":{}},{"classId":"e_4","part":"s1v1","offsets":[{"start":2422,"text":"s"}],"coordinates":[],"confidence":{"state":"pre-added","who":["ml:regex"],"prob":0.5},"fields":{},"normalizations":{}},{"classId":"e_4","part":"s2v1","offsets":[{"start":0,"text":"social distancing and allow more unsheltered individuals to remain in their vehicles while parked in available parking lots with associated services"}],"coordinates":[{"x":"73.81","y":"106.09"},{"x":"306.58","y":"126.71"}],"confidence":{"state":"pre-added","who":["user:SDTEF"],"prob":1},"fields":{},"normalizations":{}},{"classId":"e_4","part":"s2v1","offsets":[{"start":1078,"text":"s"}],"coordinates":[],"confidence":{"state":"pre-added","who":["ml:regex"],"prob":0.5},"fields":{},"normalizations":{}},{"classId":"e_4","part":"s2v1","offsets":[{"start":1222,"text":"s"}],"coordinates":[],"confidence":{"state":"pre-added","who":["ml:regex"],"prob":0.5},"fields":{},"normalizations":{}},{"classId":"e_4","part":"s2v1","offsets":[{"start":1875,"text":"s"}],"coordinates":[],"confidence":{"state":"pre-added","who":["ml:regex"],"prob":0.5},"fields":{},"normalizations":{}},{"classId":"e_7","part":"s3v1","offsets":[{"start":31,"text":"City of San Diego"}],"coordinates":[],"confidence":{"state":"pre-added","who":["ml:regex"],"prob":0.5},"fields":{},"normalizations":{}},{"classId":"e_7","part":"s3v1","offsets":[{"start":505,"text":"City of San Diego"}],"coordinates":[],"confidence":{"state":"pre-added","who":["ml:regex"],"prob":0.5},"fields":{},"normalizations":{}},{"classId":"e_4","part":"s3v1","offsets":[{"start":1934,"text":"s"}],"coordinates":[],"confidence":{"state":"pre-added","who":["ml:regex"],"prob":0.5},"fields":{},"normalizations":{}},{"classId":"e_1","part":"s3v1","offsets":[{"start":1978,"text":"Stadium and JFS Contacts. The Stadium Manager is Mike McSweeney, who can be contacted at (619) 641-3126. JFS will provide the StadiumManager with contact information including onsite manager, anticipated gate opening and closing times, and clean up procedure"}],"coordinates":[{"x":"142.93","y":"506.60"},{"x":"252.70","y":"558.35"}],"confidence":{"state":"pre-added","who":["user:SDTEF"],"prob":1},"fields":{},"normalizations":{}},{"classId":"e_4","part":"s3v1","offsets":[{"start":2444,"text":"s"}],"coordinates":[],"confidence":{"state":"pre-added","who":["ml:regex"],"prob":0.5},"fields":{},"normalizations":{}},{"classId":"e_4","part":"s3v1","offsets":[{"start":2661,"text":"s"}],"coordinates":[],"confidence":{"state":"pre-added","who":["ml:regex"],"prob":0.5},"fields":{},"normalizations":{}},{"classId":"e_4","part":"s4v1","offsets":[{"start":175,"text":"s"}],"coordinates":[],"confidence":{"state":"pre-added","who":["ml:regex"],"prob":0.5},"fields":{},"normalizations":{}},{"classId":"e_4","part":"s4v1","offsets":[{"start":396,"text":"s"}],"coordinates":[],"confidence":{"state":"pre-added","who":["ml:regex"],"prob":0.5},"fields":{},"normalizations":{}},{"classId":"e_4","part":"s4v1","offsets":[{"start":2153,"text":"s"}],"coordinates":[],"confidence":{"state":"pre-added","who":["ml:regex"],"prob":0.5},"fields":{},"normalizations":{}},{"classId":"e_4","part":"s4v1","offsets":[{"start":2172,"text":"s"}],"coordinates":[],"confidence":{"state":"pre-added","who":["ml:regex"],"prob":0.5},"fields":{},"normalizations":{}},{"classId":"e_4","part":"s5v1","offsets":[{"start":338,"text":"s"}],"coordinates":[],"confidence":{"state":"pre-added","who":["ml:regex"],"prob":0.5},"fields":{},"normalizations":{}},{"classId":"e_4","part":"s5v1","offsets":[{"start":744,"text":"s"}],"coordinates":[],"confidence":{"state":"pre-added","who":["ml:regex"],"prob":0.5},"fields":{},"normalizations":{}},{"classId":"e_4","part":"s5v1","offsets":[{"start":887,"text":"s"}],"coordinates":[],"confidence":{"state":"pre-added","who":["ml:regex"],"prob":0.5},"fields":{},"normalizations":{}},{"classId":"e_4","part":"s5v1","offsets":[{"start":1037,"text":"s"}],"coordinates":[],"confidence":{"state":"pre-added","who":["ml:regex"],"prob":0.5},"fields":{},"normalizations":{}},{"classId":"e_4","part":"s5v1","offsets":[{"start":1631,"text":"s"}],"coordinates":[],"confidence":{"state":"pre-added","who":["ml:regex"],"prob":0.5},"fields":{},"normalizations":{}},{"classId":"e_4","part":"s5v1","offsets":[{"start":1788,"text":"s"}],"coordinates":[],"confidence":{"state":"pre-added","who":["ml:regex"],"prob":0.5},"fields":{},"normalizations":{}},{"classId":"e_7","part":"s7v1","offsets":[{"start":224,"text":"City of San Diego"}],"coordinates":[],"confidence":{"state":"pre-added","who":["ml:regex"],"prob":0.5},"fields":{},"normalizations":{}}],"relations":[]}