{"annotatable":{"parts":["s1v1","s2v1","s3v1","s4v1"]},"anncomplete":true,"sources":[{"name":"ORIG","id":"ESG__Second_Amendment_to_Subrecipient_Agreement_FY_19_20.pdf","url":""}],"metas":{"m_23":{"value":"city, ESG, private agency, CoC","confidence":{"state":"pre-added","who":["user:SDTEF"],"prob":1}},"m_24":{"value":"$136,216 (ESG); $108,443 (CoC); $276,432","confidence":{"state":"pre-added","who":["user:SDTEF"],"prob":1}},"m_22":{"value":"temp housing and outreach","confidence":{"state":"pre-added","who":["user:SDTEF"],"prob":1}}},"entities":[{"classId":"e_5","part":"s1v1","offsets":[{"start":0,"text":"CITY"}],"coordinates":[],"confidence":{"state":"","who":["ml:nalaf"],"prob":0.9760009249420174},"fields":{},"normalizations":{}},{"classId":"e_7","part":"s1v1","offsets":[{"start":0,"text":"CITY OF ESCONDIDO"}],"coordinates":[],"confidence":{"state":"","who":["ml:nalaf"],"prob":0.994934798571221},"fields":{},"normalizations":{}},{"classId":"e_19","part":"s1v1","offsets":[{"start":0,"text":"CITY OF ESCONDIDO SECOND AMENDMENT TO SUBRECIPIENT AGREEMENT\n\nThis \"Amendment\" is made this /7c/ day of July, 2020."}],"coordinates":[],"confidence":{"state":"pre-added","who":["ml:nalaf","user:SDTEF"],"prob":1},"fields":{},"normalizations":{}},{"classId":"e_19","part":"s1v1","offsets":[{"start":0,"text":"CITY OF ESCONDIDO"}],"coordinates":[{"x":"229.45","y":"101.93"},{"x":"344.90","y":"108.23"}],"confidence":{"state":"pre-added","who":["user:SDTEF"],"prob":1},"fields":{},"normalizations":{}},{"classId":"e_6","part":"s1v1","offsets":[{"start":114,"text":"."}],"coordinates":[],"confidence":{"state":"","who":["ml:nalaf"],"prob":0.32790926910454454},"fields":{},"normalizations":{}},{"classId":"e_5","part":"s1v1","offsets":[{"start":117,"text":"Between"}],"coordinates":[],"confidence":{"state":"","who":["ml:nalaf"],"prob":0.93609302376555},"fields":{},"normalizations":{}},{"classId":"e_7","part":"s1v1","offsets":[{"start":133,"text":"CITY OF ESCONDIDO"}],"coordinates":[],"confidence":{"state":"","who":["ml:nalaf"],"prob":0.9755791204555565},"fields":{},"normalizations":{}},{"classId":"e_1","part":"s1v1","offsets":[{"start":229,"text":"Interfaith Community Services 550 W. Washington Ave Escondido, CA 92025 [Attn: Greg Anglea (760) 489-6380"}],"coordinates":[],"confidence":{"state":"","who":["ml:nalaf"],"prob":0.5911776655288743},"fields":{},"normalizations":{}},{"classId":"e_8","part":"s1v1","offsets":[{"start":264,"text":"."}],"coordinates":[],"confidence":{"state":"","who":["ml:nalaf"],"prob":0.5336650221376826},"fields":{},"normalizations":{}},{"classId":"e_4","part":"s1v1","offsets":[{"start":376,"text":"A"}],"coordinates":[],"confidence":{"state":"","who":["ml:nalaf"],"prob":0.592745158396474},"fields":{},"normalizations":{}},{"classId":"e_4","part":"s1v1","offsets":[{"start":530,"text":"homeless services including Homeless Prevention, Emergency Shelter\n\nServices, and Homeless Outreach for the period of July 1, 2019 through June\n\n30, 2020, and\n\nB."}],"coordinates":[],"confidence":{"state":"","who":["ml:nalaf"],"prob":0.9295101706700789},"fields":{},"normalizations":{}},{"classId":"e_6","part":"s1v1","offsets":[{"start":567,"text":"Prevention, Emergency Shelter\n\nServices, and Homeless Outreach for the period of July 1, 2019 through June\n\n30, 2020, and\n\nB."}],"coordinates":[],"confidence":{"state":"","who":["ml:nalaf"],"prob":0.952595674154431},"fields":{},"normalizations":{}},{"classId":"e_8","part":"s1v1","offsets":[{"start":638,"text":"period of July 1, 2019 through June\n\n30, 2020"}],"coordinates":[],"confidence":{"state":"","who":["ml:nalaf"],"prob":0.947120102214135},"fields":{},"normalizations":{}},{"classId":"e_8","part":"s1v1","offsets":[{"start":691,"text":"."}],"coordinates":[],"confidence":{"state":"","who":["ml:nalaf"],"prob":0.8897632631762437},"fields":{},"normalizations":{}},{"classId":"e_3","part":"s1v1","offsets":[{"start":693,"text":"CITY and SUBRECIPIENT desire to amend the Agreement to modify the budget for these services, which is defined in \"Attachment A\" to this Amendment, which is incorporated by reference;\n\nNOW THEREFORE, it is mutually agreed by and between CITY and\n\nSUBRECIPIENT as follows:\n\n1."}],"coordinates":[],"confidence":{"state":"","who":["ml:nalaf"],"prob":0.7306432415250566},"fields":{},"normalizations":{}},{"classId":"e_5","part":"s1v1","offsets":[{"start":693,"text":"CITY"}],"coordinates":[],"confidence":{"state":"","who":["ml:nalaf"],"prob":0.9880295526846772},"fields":{},"normalizations":{}},{"classId":"e_6","part":"s1v1","offsets":[{"start":693,"text":"CITY and SUBRECIPIENT desire to amend the Agreement to modify the budget for these services, which is defined in \"Attachment A\" to this Amendment, which is incorporated by reference;\n\nNOW THEREFORE, it is mutually agreed by and between CITY and\n\nSUBRECIPIENT as follows:\n\n1."}],"coordinates":[],"confidence":{"state":"","who":["ml:nalaf"],"prob":0.49304704576989233},"fields":{},"normalizations":{}},{"classId":"e_1","part":"s1v1","offsets":[{"start":965,"text":"1"}],"coordinates":[],"confidence":{"state":"","who":["ml:nalaf"],"prob":0.6253960018070155},"fields":{},"normalizations":{}},{"classId":"e_8","part":"s1v1","offsets":[{"start":966,"text":"."}],"coordinates":[],"confidence":{"state":"","who":["ml:nalaf"],"prob":0.9193097500375941},"fields":{},"normalizations":{}},{"classId":"e_2","part":"s1v1","offsets":[{"start":968,"text":"The SUBRECIPIENT will furnish the services as agreed upon in the Agreement in accordance with the revised budget described in \"Attachment A\" to this\n\nAmendment."}],"coordinates":[],"confidence":{"state":"","who":["ml:nalaf"],"prob":0.9300542347132303},"fields":{},"normalizations":{}},{"classId":"e_3","part":"s1v1","offsets":[{"start":968,"text":"The SUBRECIPIENT will furnish the services as agreed upon in the Agreement in accordance with the revised budget described in \"Attachment A\" to this\n\nAmendment."}],"coordinates":[],"confidence":{"state":"","who":["ml:nalaf"],"prob":0.8050974827617262},"fields":{},"normalizations":{}},{"classId":"e_4","part":"s1v1","offsets":[{"start":968,"text":"The SUBRECIPIENT will furnish the services as agreed upon in the Agreement in accordance with the revised budget described in \"Attachment A\" to this\n\nAmendment."}],"coordinates":[],"confidence":{"state":"","who":["ml:nalaf"],"prob":0.9598091246795081},"fields":{},"normalizations":{}},{"classId":"e_5","part":"s1v1","offsets":[{"start":968,"text":"The"}],"coordinates":[],"confidence":{"state":"","who":["ml:nalaf"],"prob":0.9878057095368198},"fields":{},"normalizations":{}},{"classId":"e_6","part":"s1v1","offsets":[{"start":968,"text":"The SUBRECIPIENT will furnish the services as agreed upon in the Agreement in accordance with the revised budget described in \"Attachment A\" to this\n\nAmendment."}],"coordinates":[],"confidence":{"state":"","who":["ml:nalaf"],"prob":0.9873466558400971},"fields":{},"normalizations":{}},{"classId":"e_8","part":"s1v1","offsets":[{"start":1127,"text":"."}],"coordinates":[],"confidence":{"state":"","who":["ml:nalaf"],"prob":0.9865297067100114},"fields":{},"normalizations":{}},{"classId":"e_5","part":"s1v1","offsets":[{"start":1130,"text":"City"}],"coordinates":[],"confidence":{"state":"","who":["ml:nalaf"],"prob":0.6415745415514189},"fields":{},"normalizations":{}},{"classId":"e_2","part":"s1v1","offsets":[{"start":1147,"text":"1"}],"coordinates":[],"confidence":{"state":"","who":["ml:nalaf"],"prob":0.5409074722253178},"fields":{},"normalizations":{}},{"classId":"e_5","part":"s2v1","offsets":[{"start":0,"text":"Date"}],"coordinates":[],"confidence":{"state":"","who":["ml:nalaf"],"prob":0.9836317251332726},"fields":{},"normalizations":{}},{"classId":"e_6","part":"s2v1","offsets":[{"start":22,"text":"."}],"coordinates":[],"confidence":{"state":"","who":["ml:nalaf"],"prob":0.4541393678446761},"fields":{},"normalizations":{}},{"classId":"e_8","part":"s2v1","offsets":[{"start":22,"text":"."}],"coordinates":[],"confidence":{"state":"","who":["ml:nalaf"],"prob":0.9732622984946104},"fields":{},"normalizations":{}},{"classId":"e_5","part":"s2v1","offsets":[{"start":24,"text":"All"}],"coordinates":[],"confidence":{"state":"","who":["ml:nalaf"],"prob":0.9964935925946584},"fields":{},"normalizations":{}},{"classId":"e_6","part":"s2v1","offsets":[{"start":24,"text":"All additional terms under the Agreement between CITY and SUBRECIPIENT still apply to the additional work to be performed by SUBRECIPIENT under this\n\nAmendment."}],"coordinates":[],"confidence":{"state":"","who":["ml:nalaf"],"prob":0.9673247401997623},"fields":{},"normalizations":{}},{"classId":"e_8","part":"s2v1","offsets":[{"start":183,"text":"."}],"coordinates":[],"confidence":{"state":"","who":["ml:nalaf"],"prob":0.9159977383612384},"fields":{},"normalizations":{}},{"classId":"e_2","part":"s2v1","offsets":[{"start":185,"text":"If any of the terms of this Amendment conflict with the Agreement, this Amendment must prevail."}],"coordinates":[],"confidence":{"state":"","who":["ml:nalaf"],"prob":0.8534978816819766},"fields":{},"normalizations":{}},{"classId":"e_5","part":"s2v1","offsets":[{"start":185,"text":"If"}],"coordinates":[],"confidence":{"state":"","who":["ml:nalaf"],"prob":0.995201500020356},"fields":{},"normalizations":{}},{"classId":"e_6","part":"s2v1","offsets":[{"start":185,"text":"If any of the terms of this Amendment conflict with the Agreement, this Amendment must prevail."}],"coordinates":[],"confidence":{"state":"","who":["ml:nalaf"],"prob":0.9614488119050085},"fields":{},"normalizations":{}},{"classId":"e_8","part":"s2v1","offsets":[{"start":279,"text":"."}],"coordinates":[],"confidence":{"state":"","who":["ml:nalaf"],"prob":0.9284508303084097},"fields":{},"normalizations":{}},{"classId":"e_5","part":"s2v1","offsets":[{"start":282,"text":"IN"}],"coordinates":[],"confidence":{"state":"","who":["ml:nalaf"],"prob":0.9884569952934034},"fields":{},"normalizations":{}},{"classId":"e_8","part":"s2v1","offsets":[{"start":385,"text":"."}],"coordinates":[],"confidence":{"state":"","who":["ml:nalaf"],"prob":0.7639345549801384},"fields":{},"normalizations":{}},{"classId":"e_5","part":"s2v1","offsets":[{"start":388,"text":"CITY"}],"coordinates":[],"confidence":{"state":"","who":["ml:nalaf"],"prob":0.9757125072418555},"fields":{},"normalizations":{}},{"classId":"e_7","part":"s2v1","offsets":[{"start":388,"text":"CITY OF ESCONDIDO"}],"coordinates":[],"confidence":{"state":"","who":["ml:nalaf"],"prob":0.9940091653414288},"fields":{},"normalizations":{}},{"classId":"e_7","part":"s2v1","offsets":[{"start":728,"text":"CITY OF ESCONDIDO"}],"coordinates":[],"confidence":{"state":"","who":["ml:nalaf"],"prob":0.9871029456743571},"fields":{},"normalizations":{}},{"classId":"e_8","part":"s2v1","offsets":[{"start":811,"text":"."}],"coordinates":[],"confidence":{"state":"","who":["ml:nalaf"],"prob":0.9412064975326058},"fields":{},"normalizations":{}},{"classId":"e_5","part":"s2v1","offsets":[{"start":814,"text":"City"}],"coordinates":[],"confidence":{"state":"","who":["ml:nalaf"],"prob":0.6397283042284406},"fields":{},"normalizations":{}},{"classId":"e_8","part":"s3v1","offsets":[{"start":272,"text":"."}],"coordinates":[],"confidence":{"state":"","who":["ml:nalaf"],"prob":0.9733279030800731},"fields":{},"normalizations":{}},{"classId":"e_8","part":"s3v1","offsets":[{"start":347,"text":"."}],"coordinates":[],"confidence":{"state":"","who":["ml:nalaf"],"prob":0.962132472443771},"fields":{},"normalizations":{}},{"classId":"e_5","part":"s3v1","offsets":[{"start":348,"text":"!"}],"coordinates":[],"confidence":{"state":"","who":["ml:nalaf"],"prob":0.6276574515261913},"fields":{},"normalizations":{}},{"classId":"e_5","part":"s3v1","offsets":[{"start":395,"text":")"}],"coordinates":[],"confidence":{"state":"","who":["ml:nalaf"],"prob":0.6351102322381832},"fields":{},"normalizations":{}},{"classId":"e_8","part":"s3v1","offsets":[{"start":436,"text":"."}],"coordinates":[],"confidence":{"state":"","who":["ml:nalaf"],"prob":0.966743579188921},"fields":{},"normalizations":{}},{"classId":"e_5","part":"s3v1","offsets":[{"start":439,"text":"("}],"coordinates":[],"confidence":{"state":"","who":["ml:nalaf"],"prob":0.7962967643458596},"fields":{},"normalizations":{}},{"classId":"e_8","part":"s3v1","offsets":[{"start":746,"text":"s"}],"coordinates":[],"confidence":{"state":"","who":["ml:nalaf"],"prob":0.9893328277884682},"fields":{},"normalizations":{}},{"classId":"e_8","part":"s3v1","offsets":[{"start":760,"text":"s"}],"coordinates":[],"confidence":{"state":"","who":["ml:nalaf"],"prob":0.9841926098398579},"fields":{},"normalizations":{}},{"classId":"e_2","part":"s3v1","offsets":[{"start":840,"text":"1"}],"coordinates":[],"confidence":{"state":"","who":["ml:nalaf"],"prob":0.5965971239862803},"fields":{},"normalizations":{}},{"classId":"e_8","part":"s3v1","offsets":[{"start":947,"text":"s"}],"coordinates":[],"confidence":{"state":"","who":["ml:nalaf"],"prob":0.9925984695571193},"fields":{},"normalizations":{}},{"classId":"e_8","part":"s3v1","offsets":[{"start":979,"text":"s"}],"coordinates":[],"confidence":{"state":"","who":["ml:nalaf"],"prob":0.9876437213909003},"fields":{},"normalizations":{}},{"classId":"e_8","part":"s3v1","offsets":[{"start":1029,"text":"s"}],"coordinates":[],"confidence":{"state":"","who":["ml:nalaf"],"prob":0.9866493804879782},"fields":{},"normalizations":{}},{"classId":"e_8","part":"s3v1","offsets":[{"start":1062,"text":"."}],"coordinates":[],"confidence":{"state":"","who":["ml:nalaf"],"prob":0.9579050779353877},"fields":{},"normalizations":{}},{"classId":"e_3","part":"s3v1","offsets":[{"start":1065,"text":"I"}],"coordinates":[],"confidence":{"state":"","who":["ml:nalaf"],"prob":0.8342856489072223},"fields":{},"normalizations":{}},{"classId":"e_5","part":"s3v1","offsets":[{"start":1065,"text":"I"}],"coordinates":[],"confidence":{"state":"","who":["ml:nalaf"],"prob":0.9924559335232346},"fields":{},"normalizations":{}},{"classId":"e_8","part":"s3v1","offsets":[{"start":1188,"text":"."}],"coordinates":[],"confidence":{"state":"","who":["ml:nalaf"],"prob":0.9289447396194994},"fields":{},"normalizations":{}},{"classId":"e_2","part":"s3v1","offsets":[{"start":1191,"text":"WITNESSmy hand and official seal."}],"coordinates":[],"confidence":{"state":"","who":["ml:nalaf"],"prob":0.8636122789385733},"fields":{},"normalizations":{}},{"classId":"e_8","part":"s3v1","offsets":[{"start":1223,"text":"."}],"coordinates":[],"confidence":{"state":"","who":["ml:nalaf"],"prob":0.9504533567164183},"fields":{},"normalizations":{}},{"classId":"e_8","part":"s3v1","offsets":[{"start":1270,"text":"."}],"coordinates":[],"confidence":{"state":"","who":["ml:nalaf"],"prob":0.9813394266396746},"fields":{},"normalizations":{}},{"classId":"e_5","part":"s3v1","offsets":[{"start":1272,"text":"#"}],"coordinates":[],"confidence":{"state":"","who":["ml:nalaf"],"prob":0.748831717373792},"fields":{},"normalizations":{}},{"classId":"e_8","part":"s3v1","offsets":[{"start":1337,"text":"."}],"coordinates":[],"confidence":{"state":"","who":["ml:nalaf"],"prob":0.9556924155822745},"fields":{},"normalizations":{}},{"classId":"e_2","part":"s3v1","offsets":[{"start":1339,"text":"M"}],"coordinates":[],"confidence":{"state":"","who":["ml:nalaf"],"prob":0.8814354685171512},"fields":{},"normalizations":{}},{"classId":"e_5","part":"s3v1","offsets":[{"start":1339,"text":"M"}],"coordinates":[],"confidence":{"state":"","who":["ml:nalaf"],"prob":0.985685972526452},"fields":{},"normalizations":{}},{"classId":"e_8","part":"s3v1","offsets":[{"start":1607,"text":"."}],"coordinates":[],"confidence":{"state":"","who":["ml:nalaf"],"prob":0.93839343895975},"fields":{},"normalizations":{}},{"classId":"e_5","part":"s3v1","offsets":[{"start":1610,"text":"The"}],"coordinates":[],"confidence":{"state":"","who":["ml:nalaf"],"prob":0.9964011246908809},"fields":{},"normalizations":{}},{"classId":"e_8","part":"s3v1","offsets":[{"start":1788,"text":"s"}],"coordinates":[],"confidence":{"state":"","who":["ml:nalaf"],"prob":0.990592069226273},"fields":{},"normalizations":{}},{"classId":"e_8","part":"s3v1","offsets":[{"start":1838,"text":"s"}],"coordinates":[],"confidence":{"state":"","who":["ml:nalaf"],"prob":0.9923048805002925},"fields":{},"normalizations":{}},{"classId":"e_8","part":"s3v1","offsets":[{"start":1882,"text":"s"}],"coordinates":[],"confidence":{"state":"","who":["ml:nalaf"],"prob":0.9797621757138092},"fields":{},"normalizations":{}},{"classId":"e_8","part":"s3v1","offsets":[{"start":1972,"text":"s"}],"coordinates":[],"confidence":{"state":"","who":["ml:nalaf"],"prob":0.9759359426700494},"fields":{},"normalizations":{}},{"classId":"e_8","part":"s3v1","offsets":[{"start":1982,"text":"s"}],"coordinates":[],"confidence":{"state":"","who":["ml:nalaf"],"prob":0.9922945450043066},"fields":{},"normalizations":{}},{"classId":"e_8","part":"s3v1","offsets":[{"start":2069,"text":"s"}],"coordinates":[],"confidence":{"state":"","who":["ml:nalaf"],"prob":0.9810187114534431},"fields":{},"normalizations":{}},{"classId":"e_2","part":"s3v1","offsets":[{"start":2082,"text":"s"}],"coordinates":[],"confidence":{"state":"","who":["ml:nalaf"],"prob":0.5443900248495077},"fields":{},"normalizations":{}},{"classId":"e_8","part":"s3v1","offsets":[{"start":2082,"text":"s"}],"coordinates":[],"confidence":{"state":"","who":["ml:nalaf"],"prob":0.987253430366008},"fields":{},"normalizations":{}},{"classId":"e_8","part":"s3v1","offsets":[{"start":2183,"text":"s"}],"coordinates":[],"confidence":{"state":"","who":["ml:nalaf"],"prob":0.9918597046364932},"fields":{},"normalizations":{}},{"classId":"e_8","part":"s3v1","offsets":[{"start":2343,"text":"s"}],"coordinates":[],"confidence":{"state":"","who":["ml:nalaf"],"prob":0.9861069588413689},"fields":{},"normalizations":{}},{"classId":"e_8","part":"s3v1","offsets":[{"start":2355,"text":"s"}],"coordinates":[],"confidence":{"state":"","who":["ml:nalaf"],"prob":0.9917050494510877},"fields":{},"normalizations":{}},{"classId":"e_8","part":"s3v1","offsets":[{"start":2369,"text":"s"}],"coordinates":[],"confidence":{"state":"","who":["ml:nalaf"],"prob":0.9936862373000077},"fields":{},"normalizations":{}},{"classId":"e_6","part":"s3v1","offsets":[{"start":2510,"text":"."}],"coordinates":[],"confidence":{"state":"","who":["ml:nalaf"],"prob":0.5403790680447123},"fields":{},"normalizations":{}},{"classId":"e_8","part":"s3v1","offsets":[{"start":2510,"text":"."}],"coordinates":[],"confidence":{"state":"","who":["ml:nalaf"],"prob":0.9311467337283504},"fields":{},"normalizations":{}},{"classId":"e_5","part":"s3v1","offsets":[{"start":2512,"text":"Please"}],"coordinates":[],"confidence":{"state":"","who":["ml:nalaf"],"prob":0.9468539373946004},"fields":{},"normalizations":{}},{"classId":"e_5","part":"s4v1","offsets":[{"start":0,"text":"Attachment"}],"coordinates":[],"confidence":{"state":"","who":["ml:nalaf"],"prob":0.8909774550292394},"fields":{},"normalizations":{}},{"classId":"e_2","part":"s4v1","offsets":[{"start":0,"text":"Attachment \"A\"\n\nESG PROGRAM BUDGET 2019-2020"}],"coordinates":[{"x":"252.72","y":"37.74"},{"x":"421.42","y":"81.83"}],"confidence":{"state":"pre-added","who":["user:SDTEF"],"prob":1},"fields":{},"normalizations":{}},{"classId":"e_7","part":"s4v1","offsets":[{"start":16,"text":"ESG"}],"coordinates":[],"confidence":{"state":"","who":["ml:nalaf"],"prob":0.953238515401005},"fields":{},"normalizations":{}},{"classId":"e_1","part":"s4v1","offsets":[{"start":57,"text":"Interfaith Community Services"}],"coordinates":[],"confidence":{"state":"","who":["ml:nalaf"],"prob":0.9467582561451011},"fields":{},"normalizations":{}},{"classId":"e_4","part":"s4v1","offsets":[{"start":102,"text":"Escondido Ending Homelessness Project"}],"coordinates":[{"x":"171.37","y":"130.14"},{"x":"372.42","y":"136.32"}],"confidence":{"state":"pre-added","who":["user:SDTEF"],"prob":1},"fields":{},"normalizations":{}},{"classId":"e_7","part":"s4v1","offsets":[{"start":160,"text":"ESG Funds"}],"coordinates":[],"confidence":{"state":"","who":["ml:nalaf"],"prob":0.6229893921382097},"fields":{},"normalizations":{}},{"classId":"e_8","part":"s4v1","offsets":[{"start":181,"text":"s"}],"coordinates":[],"confidence":{"state":"","who":["ml:nalaf"],"prob":0.8492436231091498},"fields":{},"normalizations":{}},{"classId":"e_8","part":"s4v1","offsets":[{"start":314,"text":"."}],"coordinates":[],"confidence":{"state":"","who":["ml:nalaf"],"prob":0.5345787674119925},"fields":{},"normalizations":{}},{"classId":"e_8","part":"s4v1","offsets":[{"start":392,"text":"."}],"coordinates":[],"confidence":{"state":"","who":["ml:nalaf"],"prob":0.5717478223797141},"fields":{},"normalizations":{}},{"classId":"e_7","part":"s4v1","offsets":[{"start":662,"text":"HUD COC"}],"coordinates":[{"x":"404.40","y":"367.31"},{"x":"449.75","y":"372.96"}],"confidence":{"state":"pre-added","who":["user:SDTEF"],"prob":1},"fields":{},"normalizations":{}},{"classId":"e_7","part":"s4v1","offsets":[{"start":735,"text":"HUD COC"}],"coordinates":[],"confidence":{"state":"pre-added","who":["ml:regex"],"prob":0.5},"fields":{},"normalizations":{}},{"classId":"e_7","part":"s4v1","offsets":[{"start":866,"text":"HUD COC"}],"coordinates":[],"confidence":{"state":"pre-added","who":["ml:regex"],"prob":0.5},"fields":{},"normalizations":{}},{"classId":"e_7","part":"s4v1","offsets":[{"start":941,"text":"HUD COC"}],"coordinates":[],"confidence":{"state":"pre-added","who":["ml:regex"],"prob":0.5},"fields":{},"normalizations":{}},{"classId":"e_2","part":"s4v1","offsets":[{"start":1064,"text":"TOTAL:\n\n$138,216\n\n$29,773\n\n$108,443\n\n$276,432"}],"coordinates":[{"x":"50.40","y":"605.72"},{"x":"515.06","y":"611.04"}],"confidence":{"state":"pre-added","who":["user:SDTEF"],"prob":1},"fields":{},"normalizations":{}},{"classId":"e_2","part":"s4v1","offsets":[{"start":1111,"text":"1 : Limited up to 60% of the total fiscal year grant for street outreach and emergency shelter activities combined\n\n' Limited up to 60% of the total fiscal year grant for street outreach and emergency shelter activities combined.\n\n)"}],"coordinates":[],"confidence":{"state":"","who":["ml:nalaf"],"prob":0.9626709132664552},"fields":{},"normalizations":{}},{"classId":"e_6","part":"s4v1","offsets":[{"start":1111,"text":"1 : Limited up to 60% of the total fiscal year grant for street outreach and emergency shelter activities combined\n\n' Limited up to 60% of the total fiscal year grant for street outreach and emergency shelter activities combined.\n\n)"}],"coordinates":[],"confidence":{"state":"","who":["ml:nalaf"],"prob":0.9511207720300326},"fields":{},"normalizations":{}},{"classId":"e_4","part":"s4v1","offsets":[{"start":1168,"text":"street outreach and emergency shelter activities combined\n\n' Limited up to 60% of the total fiscal year grant for street outreach and emergency shelter activities combined.\n\n)"}],"coordinates":[],"confidence":{"state":"","who":["ml:nalaf"],"prob":0.9078950161995811},"fields":{},"normalizations":{}},{"classId":"e_8","part":"s4v1","offsets":[{"start":1339,"text":"."}],"coordinates":[],"confidence":{"state":"","who":["ml:nalaf"],"prob":0.6582391488245917},"fields":{},"normalizations":{}},{"classId":"e_5","part":"s4v1","offsets":[{"start":1344,"text":"HMIS participation is required by the Homeless Emergency Assistance and Rapid Transition to Housing Act of 2009 (HEARTH Act)."}],"coordinates":[],"confidence":{"state":"","who":["ml:nalaf"],"prob":0.9850314074638077},"fields":{},"normalizations":{}},{"classId":"e_6","part":"s4v1","offsets":[{"start":1344,"text":"HMIS participation is required by the Homeless Emergency Assistance and Rapid Transition to Housing Act of 2009 (HEARTH Act)."}],"coordinates":[],"confidence":{"state":"","who":["ml:nalaf"],"prob":0.58132047187567},"fields":{},"normalizations":{}},{"classId":"e_8","part":"s4v1","offsets":[{"start":1468,"text":"."}],"coordinates":[],"confidence":{"state":"","who":["ml:nalaf"],"prob":0.9233653535815708},"fields":{},"normalizations":{}}],"relations":[]}