{"annotatable":{"parts":["s1v1","s2v1","s3v1","s4v1","s5v1","s6v1","s7v1","s8v1","s9v1","s10v1","s11v1","s12v1","s13v1","s14v1","s15v1","s16v1","s17v1","s18v1","s19v1"]},"anncomplete":true,"sources":[{"name":"ORIG","id":"1164_MA_Agmt_FY21_Ex.pdf","url":""}],"metas":{"m_21":{"value":"LMI","confidence":{"state":"pre-added","who":["user:SDTEF"],"prob":1}},"m_22":{"value":"employment training","confidence":{"state":"pre-added","who":["user:SDTEF"],"prob":1}},"m_24":{"value":"$40,000","confidence":{"state":"pre-added","who":["user:SDTEF"],"prob":1}},"m_23":{"value":"city and CDBG funds","confidence":{"state":"pre-added","who":["user:SDTEF"],"prob":1}}},"entities":[{"classId":"e_19","part":"s1v1","offsets":[{"start":65,"text":"CONTRACT FOR MANAGEMENT AND IMPLEMENTATION OF A COMMUNITY DEVELOPMENT BLOCK GRANT PROJECT 2020-2021"}],"coordinates":[{"x":"281.04","y":"46.66"},{"x":"330.09","y":"120.71"}],"confidence":{"state":"pre-added","who":["user:SDTEF"],"prob":1},"fields":{},"normalizations":{}},{"classId":"e_7","part":"s1v1","offsets":[{"start":113,"text":"COMMUNITY DEVELOPMENT BLOCK GRANT"}],"coordinates":[{"x":"184.45","y":"100.30"},{"x":"385.38","y":"107.28"}],"confidence":{"state":"pre-added","who":["user:SDTEF"],"prob":1},"fields":{},"normalizations":{}},{"classId":"e_19","part":"s1v1","offsets":[{"start":200,"text":"Contract”), numbered 2020-094,"}],"coordinates":[{"x":"181.33","y":"167.50"},{"x":"326.87","y":"174.48"}],"confidence":{"state":"pre-added","who":["user:SDTEF"],"prob":1},"fields":{},"normalizations":{}},{"classId":"e_7","part":"s1v1","offsets":[{"start":227,"text":"9"}],"coordinates":[{"x":"312.85","y":"167.50"},{"x":"318.45","y":"174.48"}],"confidence":{"state":"pre-added","who":["user:SDTEF"],"prob":1},"fields":{},"normalizations":{}},{"classId":"e_1","part":"s1v1","offsets":[{"start":262,"text":"McAlister Institute"}],"coordinates":[{"x":"469.01","y":"167.50"},{"x":"553.77","y":"174.48"}],"confidence":{"state":"pre-added","who":["user:SDTEF"],"prob":1},"fields":{},"normalizations":{}},{"classId":"e_7","part":"s1v1","offsets":[{"start":308,"text":"City of Chula Vista"}],"coordinates":[{"x":"176.17","y":"180.94"},{"x":"260.04","y":"187.92"}],"confidence":{"state":"pre-added","who":["user:SDTEF"],"prob":1},"fields":{},"normalizations":{}},{"classId":"e_4","part":"s1v1","offsets":[{"start":448,"text":"2020-2021  Work For Hope"}],"coordinates":[{"x":"322.20","y":"194.38"},{"x":"445.85","y":"201.36"}],"confidence":{"state":"pre-added","who":["user:SDTEF"],"prob":1},"fields":{},"normalizations":{}},{"classId":"e_4","part":"s1v1","offsets":[{"start":474,"text":"Project Number: 1164,"}],"coordinates":[{"x":"451.44","y":"194.38"},{"x":"553.68","y":"201.36"}],"confidence":{"state":"pre-added","who":["user:SDTEF"],"prob":1},"fields":{},"normalizations":{}},{"classId":"e_7","part":"s1v1","offsets":[{"start":937,"text":"Community Development Block Grant"}],"coordinates":[],"confidence":{"state":"pre-added","who":["ml:regex"],"prob":0.5},"fields":{},"normalizations":{}},{"classId":"e_7","part":"s1v1","offsets":[{"start":1094,"text":"Community Development Block Grant"}],"coordinates":[],"confidence":{"state":"pre-added","who":["ml:regex"],"prob":0.5},"fields":{},"normalizations":{}},{"classId":"e_7","part":"s1v1","offsets":[{"start":1292,"text":"Community Development Block Grant"}],"coordinates":[],"confidence":{"state":"pre-added","who":["ml:regex"],"prob":0.5},"fields":{},"normalizations":{}},{"classId":"e_7","part":"s1v1","offsets":[{"start":1543,"text":"Community Development Block Grant"}],"coordinates":[],"confidence":{"state":"pre-added","who":["ml:regex"],"prob":0.5},"fields":{},"normalizations":{}},{"classId":"e_7","part":"s1v1","offsets":[{"start":1877,"text":"Community Development Block Grant"}],"coordinates":[],"confidence":{"state":"pre-added","who":["ml:regex"],"prob":0.5},"fields":{},"normalizations":{}},{"classId":"e_4","part":"s2v1","offsets":[{"start":180,"text":"scope of work"}],"coordinates":[],"confidence":{"state":"pre-added","who":["ml:regex"],"prob":0.5},"fields":{},"normalizations":{}},{"classId":"e_4","part":"s2v1","offsets":[{"start":196,"text":"Scope of Work"}],"coordinates":[],"confidence":{"state":"pre-added","who":["ml:regex"],"prob":0.5},"fields":{},"normalizations":{}},{"classId":"e_7","part":"s4v1","offsets":[{"start":980,"text":"Community Development Block Grant"}],"coordinates":[],"confidence":{"state":"pre-added","who":["ml:regex"],"prob":0.5},"fields":{},"normalizations":{}},{"classId":"e_7","part":"s4v1","offsets":[{"start":1109,"text":"Community Development Block Grant"}],"coordinates":[],"confidence":{"state":"pre-added","who":["ml:regex"],"prob":0.5},"fields":{},"normalizations":{}},{"classId":"e_7","part":"s4v1","offsets":[{"start":1245,"text":"Community Development Block Grant"}],"coordinates":[],"confidence":{"state":"pre-added","who":["ml:regex"],"prob":0.5},"fields":{},"normalizations":{}},{"classId":"e_7","part":"s4v1","offsets":[{"start":1683,"text":"Community Development Block Grant"}],"coordinates":[],"confidence":{"state":"pre-added","who":["ml:regex"],"prob":0.5},"fields":{},"normalizations":{}},{"classId":"e_7","part":"s4v1","offsets":[{"start":1984,"text":"Community Development Block grant"}],"coordinates":[],"confidence":{"state":"pre-added","who":["ml:regex"],"prob":0.5},"fields":{},"normalizations":{}},{"classId":"e_7","part":"s6v1","offsets":[{"start":2073,"text":"City of Chula Vista"}],"coordinates":[],"confidence":{"state":"pre-added","who":["ml:regex"],"prob":0.5},"fields":{},"normalizations":{}},{"classId":"e_7","part":"s9v1","offsets":[{"start":54,"text":"9"}],"coordinates":[],"confidence":{"state":"pre-added","who":["ml:regex"],"prob":0.5},"fields":{},"normalizations":{}},{"classId":"e_7","part":"s9v1","offsets":[{"start":67,"text":"9"}],"coordinates":[],"confidence":{"state":"pre-added","who":["ml:regex"],"prob":0.5},"fields":{},"normalizations":{}},{"classId":"e_7","part":"s13v1","offsets":[{"start":2034,"text":"City of Chula Vista"}],"coordinates":[],"confidence":{"state":"pre-added","who":["ml:regex"],"prob":0.5},"fields":{},"normalizations":{}},{"classId":"e_7","part":"s14v1","offsets":[{"start":2461,"text":"City of Chula Vista"}],"coordinates":[],"confidence":{"state":"pre-added","who":["ml:regex"],"prob":0.5},"fields":{},"normalizations":{}},{"classId":"e_7","part":"s15v1","offsets":[{"start":2458,"text":"City of Chula Vista"}],"coordinates":[],"confidence":{"state":"pre-added","who":["ml:regex"],"prob":0.5},"fields":{},"normalizations":{}},{"classId":"e_7","part":"s15v1","offsets":[{"start":2610,"text":"City of Chula Vista"}],"coordinates":[],"confidence":{"state":"pre-added","who":["ml:regex"],"prob":0.5},"fields":{},"normalizations":{}},{"classId":"e_7","part":"s15v1","offsets":[{"start":3423,"text":"City of Chula Vista"}],"coordinates":[],"confidence":{"state":"pre-added","who":["ml:regex"],"prob":0.5},"fields":{},"normalizations":{}},{"classId":"e_1","part":"s16v1","offsets":[{"start":823,"text":"McAlister Institute"}],"coordinates":[],"confidence":{"state":"pre-added","who":["ml:regex"],"prob":0.5},"fields":{},"normalizations":{}},{"classId":"e_1","part":"s16v1","offsets":[{"start":843,"text":"Jeanne McAlister, Founder and CEO 1400 N. Johnson Ave. Ste. 101 El Cajon, CA 92020"}],"coordinates":[{"x":"63.84","y":"221.38"},{"x":"148.52","y":"255.24"}],"confidence":{"state":"pre-added","who":["user:SDTEF"],"prob":1},"fields":{},"normalizations":{}},{"classId":"e_7","part":"s16v1","offsets":[{"start":927,"text":"City of Chula Vista"}],"coordinates":[],"confidence":{"state":"pre-added","who":["ml:regex"],"prob":0.5},"fields":{},"normalizations":{}},{"classId":"e_7","part":"s16v1","offsets":[{"start":1119,"text":"CITY OF CHULA VISTA"}],"coordinates":[],"confidence":{"state":"pre-added","who":["ml:regex"],"prob":0.5},"fields":{},"normalizations":{}},{"classId":"e_7","part":"s16v1","offsets":[{"start":1168,"text":"City of Chula Vista"}],"coordinates":[],"confidence":{"state":"pre-added","who":["ml:regex"],"prob":0.5},"fields":{},"normalizations":{}},{"classId":"e_1","part":"s16v1","offsets":[{"start":1268,"text":"McAlister Institute"}],"coordinates":[],"confidence":{"state":"pre-added","who":["ml:regex"],"prob":0.5},"fields":{},"normalizations":{}},{"classId":"e_4","part":"s18v1","offsets":[{"start":26,"text":"SCOPE OF WORK"}],"coordinates":[{"x":"262.80","y":"75.70"},{"x":"337.47","y":"82.44"}],"confidence":{"state":"pre-added","who":["user:SDTEF"],"prob":1},"fields":{},"normalizations":{}},{"classId":"e_7","part":"s18v1","offsets":[{"start":109,"text":"CITY OF CHULA VISTA"}],"coordinates":[],"confidence":{"state":"pre-added","who":["ml:regex"],"prob":0.5},"fields":{},"normalizations":{}},{"classId":"e_1","part":"s18v1","offsets":[{"start":133,"text":"MCALISTER INSTITUTE"}],"coordinates":[],"confidence":{"state":"pre-added","who":["ml:regex"],"prob":0.5},"fields":{},"normalizations":{}},{"classId":"e_1","part":"s18v1","offsets":[{"start":205,"text":"McAlister Institute"}],"coordinates":[],"confidence":{"state":"pre-added","who":["ml:regex"],"prob":0.5},"fields":{},"normalizations":{}},{"classId":"e_7","part":"s18v1","offsets":[{"start":295,"text":"Community Development Block Grant"}],"coordinates":[],"confidence":{"state":"pre-added","who":["ml:regex"],"prob":0.5},"fields":{},"normalizations":{}},{"classId":"e_4","part":"s18v1","offsets":[{"start":368,"text":"Work For Hope"}],"coordinates":[{"x":"377.28","y":"236.86"},{"x":"444.40","y":"243.60"}],"confidence":{"state":"pre-added","who":["user:SDTEF"],"prob":1},"fields":{},"normalizations":{}},{"classId":"e_3","part":"s18v1","offsets":[{"start":626,"text":"low/moderate income Homeless Persons"}],"coordinates":[{"x":"81.00","y":"277.06"},{"x":"262.62","y":"283.80"}],"confidence":{"state":"pre-added","who":["user:SDTEF"],"prob":1},"fields":{},"normalizations":{}},{"classId":"e_4","part":"s18v1","offsets":[{"start":698,"text":"Employment Training]"}],"coordinates":[{"x":"416.16","y":"277.06"},{"x":"514.00","y":"283.80"}],"confidence":{"state":"pre-added","who":["user:SDTEF"],"prob":1},"fields":{},"normalizations":{}},{"classId":"e_4","part":"s18v1","offsets":[{"start":726,"text":"ProgramDelivery:  The Subrecipient will carry out the following specific activities as part of the program: ensure that marketing material acknowledges the City of Chula Vista and the Department of Housing and Urban Development’s support; services to be provided are in compliance with the program Policies and Procedures Manual, attached hereto.  Additionally, the the program will provide the following outcomes: \n\nOutcome 1 Homeless individuals will receive screening and needed wraparound referrals.  Outcome 2 Homeless participants will receive paid job training. Outcome 3\n\nProgram participants will secure long-term employment."}],"coordinates":[{"x":"81.00","y":"303.94"},{"x":"430.86","y":"406.20"}],"confidence":{"state":"pre-added","who":["user:SDTEF"],"prob":1},"fields":{},"normalizations":{}},{"classId":"e_7","part":"s18v1","offsets":[{"start":882,"text":"City of Chula Vista"}],"coordinates":[],"confidence":{"state":"pre-added","who":["ml:regex"],"prob":0.5},"fields":{},"normalizations":{}},{"classId":"e_6","part":"s18v1","offsets":[{"start":1367,"text":"Income Benefit Goals:  It is anticipated that approximately 18 unduplicated low- to moderate-income persons will be served over the course of this 12-month Agreement. In addition to the required quarterly reports identified in Section 12 of this contract, the Subrecipient shall document all clients served to ensure that at least 51 percent of those served are at or below 80 percent of the Area Median Income as established by the U.S. Department of Housing and Urban Development (HUD).  This information is to be collected and compiled at the end of the each City of Chula Vista fiscal year (June 30th) for five (5) years, and shall be submitted to the City of Chula Vista Housing Department upon receipt of a written request and at the time of any monitoring of project records"}],"coordinates":[{"x":"81.00","y":"426.82"},{"x":"148.51","y":"527.51"}],"confidence":{"state":"pre-added","who":["user:SDTEF"],"prob":1},"fields":{},"normalizations":{}},{"classId":"e_7","part":"s18v1","offsets":[{"start":1929,"text":"City of Chula Vista"}],"coordinates":[],"confidence":{"state":"pre-added","who":["ml:regex"],"prob":0.5},"fields":{},"normalizations":{}},{"classId":"e_7","part":"s18v1","offsets":[{"start":2023,"text":"City of Chula Vista"}],"coordinates":[],"confidence":{"state":"pre-added","who":["ml:regex"],"prob":0.5},"fields":{},"normalizations":{}},{"classId":"e_3","part":"s18v1","offsets":[{"start":2607,"text":"low/moderate income Homeless Persons"}],"coordinates":[],"confidence":{"state":"pre-added","who":["ml:regex"],"prob":0.5},"fields":{},"normalizations":{}},{"classId":"e_2","part":"s19v1","offsets":[{"start":292,"text":"BUDGET: SUBRECIPIENT shall make all good faith and reasonable efforts to complete the work under this contract within the following estimated budget.  In no case shall SUBRECIPIENT be entitled to, nor shall City reimburse SUBRECIPIENT, more than $40,000 to be budgeted as follows:"}],"coordinates":[{"x":"58.92","y":"133.78"},{"x":"336.37","y":"167.40"}],"confidence":{"state":"pre-added","who":["user:SDTEF"],"prob":1},"fields":{},"normalizations":{}},{"classId":"e_2","part":"s19v1","offsets":[{"start":971,"text":"Total\n\n$ 40,000.00"}],"coordinates":[{"x":"68.64","y":"284.50"},{"x":"540.32","y":"291.24"}],"confidence":{"state":"pre-added","who":["user:SDTEF"],"prob":1},"fields":{},"normalizations":{}}],"relations":[]}