{"annotatable":{"parts":["s1v1","s2v1","s3v1","s4v1","s5v1","s6v1","s7v1","s8v1","s9v1","s10v1","s11v1","s12v1","s13v1","s14v1","s15v1","s16v1","s17v1","s18v1","s19v1","s20v1","s21v1","s22v1","s23v1","s24v1","s25v1","s26v1","s27v1","s28v1","s29v1","s30v1","s31v1","s32v1","s33v1","s34v1","s35v1","s36v1","s37v1","s38v1","s39v1","s40v1","s41v1","s42v1","s43v1","s44v1","s45v1","s46v1","s47v1","s48v1"]},"anncomplete":true,"sources":[],"metas":{"m_23":{"value":"city (san diego housing commission)","confidence":{"state":"pre-added","who":["user:SDTEF"],"prob":1}},"m_24":{"value":"$3,408,472","confidence":{"state":"pre-added","who":["user:SDTEF"],"prob":1}},"m_20":{"value":"veteran adults","confidence":{"state":"pre-added","who":["user:SDTEF"],"prob":1}},"m_22":{"value":"temp housing and bridge housing","confidence":{"state":"pre-added","who":["user:SDTEF"],"prob":1}}},"entities":[{"classId":"e_19","part":"s1v1","offsets":[{"start":60,"text":"SAN DIEGO HOUSING COMMISSION\n\nAGREEMENT FOR TEMPORARY BRIDGE SHELTER- OPERATION\n\nWITH\n\nVETERANS VILLAGE OF SAN DIEGO\n\nContract No. HHI-19-20"}],"coordinates":[{"x":"200.89","y":"93.09"},{"x":"359.98","y":"210.00"}],"confidence":{"state":"pre-added","who":["user:SDTEF"],"prob":1},"fields":{},"normalizations":{}},{"classId":"e_7","part":"s1v1","offsets":[{"start":60,"text":"SAN DIEGO HOUSING COMMISSION"}],"coordinates":[{"x":"200.89","y":"93.09"},{"x":"404.43","y":"99.60"}],"confidence":{"state":"pre-added","who":["user:SDTEF"],"prob":1},"fields":{},"normalizations":{}},{"classId":"e_4","part":"s1v1","offsets":[{"start":104,"text":"TEMPORARY BRIDGE SHELTER- OPERATION"}],"coordinates":[{"x":"223.69","y":"120.93"},{"x":"488.67","y":"127.44"}],"confidence":{"state":"pre-added","who":["user:SDTEF"],"prob":1},"fields":{},"normalizations":{}},{"classId":"e_1","part":"s1v1","offsets":[{"start":147,"text":"VETERANS VILLAGE OF SAN DIEGO"}],"coordinates":[{"x":"199.20","y":"176.12"},{"x":"406.56","y":"182.63"}],"confidence":{"state":"pre-added","who":["user:SDTEF"],"prob":1},"fields":{},"normalizations":{}},{"classId":"e_7","part":"s1v1","offsets":[{"start":297,"text":"SAN DIEGO HOUSING COMMISSION"}],"coordinates":[],"confidence":{"state":"pre-added","who":["ml:regex"],"prob":0.5},"fields":{},"normalizations":{}},{"classId":"e_1","part":"s1v1","offsets":[{"start":415,"text":"VETERANS VILLAGE OF SAN DIEGO"}],"coordinates":[],"confidence":{"state":"pre-added","who":["ml:regex"],"prob":0.5},"fields":{},"normalizations":{}},{"classId":"e_1","part":"s1v1","offsets":[{"start":445,"text":"4141 Pacific Highway is as follows:\n\n101. DESCRIPTION OF WORK\n\nSan Diego, California 92110 (619) 497-0142"}],"coordinates":[{"x":"321.37","y":"355.25"},{"x":"393.52","y":"389.28"}],"confidence":{"state":"pre-added","who":["user:SDTEF"],"prob":1},"fields":{},"normalizations":{}},{"classId":"e_8","part":"s1v1","offsets":[{"start":1313,"text":"TIME OF PERFORMANCE\n\nInitial Term All services required pursuant to this Agreement shall commence effective July 1, 2019 through June"}],"coordinates":[{"x":"105.36","y":"659.34"},{"x":"533.72","y":"707.04"}],"confidence":{"state":"pre-added","who":["user:SDTEF"],"prob":1},"fields":{},"normalizations":{}},{"classId":"e_8","part":"s2v1","offsets":[{"start":60,"text":"30, 2020."}],"coordinates":[{"x":"71.76","y":"97.25"},{"x":"114.26","y":"103.44"}],"confidence":{"state":"pre-added","who":["user:SDTEF"],"prob":1},"fields":{},"normalizations":{}},{"classId":"e_2","part":"s2v1","offsets":[{"start":327,"text":"Maximum Compensation\n\nThe total compensation for all services performed pursuant to this Agreement shall not exceed the sum of THREE MILLION FOUR HUNDRED EIGHT THOUSAND FOUR HUNDRED SEVENTY-TWO AND NO/100 DOLLARS ($3,408,472.00). Contractor acknowledges that the Commission is under no obligation to compensate Contractor for services rendered or expenses accrued under this Agreement in excess of the maximum compensation specified above. It shall be the responsibility of the Contractor to monitor its activities to ensure that the scope of services specified in Contract Attachment No. 2 (Specifications/Scope of Work) may be completed and no charges accrued in excess of the maximum compensation during the term of this Agreement. In the event that the work required cannot be completed within the amount specified, or it appears that the maximum compensation provided may be exceeded before the term of the Agreement expires, Contractor shall promptly notify the Commission. Commission pre-approved line item budget adjustments are permitted given that in no event will the total compensation exceed the maximum compensation as set forth herein. Further, in no event shall the revised line item exceed the amount that is reasonable for the line item.\n\nFurther, the Commission may cancel the Agreement, without cause, by written notice to the Contractor at any time during the term of the Agreement, or any extension thereto, in the event that the Commission and/or the Housing Authority of the City of San Diego (\"Housing Authority\") fails to appropriate funds for the rendition of services set forth in this Agreement. This right to cancel is in addition to the rights of the Commission to terminate the Agreement as set forth in Section 214 of this Agreement. Provided the Contractor is not in default under the terms of this Agreement, the Commission shall compensate Contractor for all accrued costs/expenses incurred pursuant to this Agreement up until the effective date of cancellation or tennination of this Agreement by the Commission."}],"coordinates":[{"x":"143.53","y":"235.96"},{"x":"129.70","y":"587.03"}],"confidence":{"state":"pre-added","who":["user:SDTEF"],"prob":1},"fields":{},"normalizations":{}},{"classId":"e_4","part":"s3v1","offsets":[{"start":870,"text":"d"}],"coordinates":[],"confidence":{"state":"pre-added","who":["ml:regex"],"prob":0.5},"fields":{},"normalizations":{}},{"classId":"e_7","part":"s3v1","offsets":[{"start":873,"text":"Funding Source\n\nDuring the initial term of this Agreement, Commission retains the right to modify the funding source(s) as necessary, including but not limited to, City General Funds, umestricted local funds, and federal funds to the extent available and permitted."}],"coordinates":[{"x":"142.81","y":"251.40"},{"x":"364.07","y":"312.96"}],"confidence":{"state":"pre-added","who":["user:SDTEF"],"prob":1},"fields":{},"normalizations":{}},{"classId":"e_1","part":"s4v1","offsets":[{"start":146,"text":"Veterans Village of San Diego"}],"coordinates":[],"confidence":{"state":"pre-added","who":["ml:regex"],"prob":0.5},"fields":{},"normalizations":{}},{"classId":"e_1","part":"s4v1","offsets":[{"start":331,"text":"VETERANS VILLAGE OF SAN DIEGO"}],"coordinates":[],"confidence":{"state":"pre-added","who":["ml:regex"],"prob":0.5},"fields":{},"normalizations":{}},{"classId":"e_7","part":"s4v1","offsets":[{"start":503,"text":"SAN DIEGO HOUSING COMMISSION"}],"coordinates":[],"confidence":{"state":"pre-added","who":["ml:regex"],"prob":0.5},"fields":{},"normalizations":{}},{"classId":"e_3","part":"s5v1","offsets":[{"start":1767,"text":"Veteran Adults"}],"coordinates":[],"confidence":{"state":"pre-added","who":["ml:regex"],"prob":0.5},"fields":{},"normalizations":{}},{"classId":"e_4","part":"s6v1","offsets":[{"start":174,"text":"d"}],"coordinates":[],"confidence":{"state":"pre-added","who":["ml:regex"],"prob":0.5},"fields":{},"normalizations":{}},{"classId":"e_4","part":"s7v1","offsets":[{"start":1124,"text":"d"}],"coordinates":[],"confidence":{"state":"pre-added","who":["ml:regex"],"prob":0.5},"fields":{},"normalizations":{}},{"classId":"e_4","part":"s8v1","offsets":[{"start":1282,"text":"d"}],"coordinates":[],"confidence":{"state":"pre-added","who":["ml:regex"],"prob":0.5},"fields":{},"normalizations":{}},{"classId":"e_4","part":"s9v1","offsets":[{"start":508,"text":"d"}],"coordinates":[],"confidence":{"state":"pre-added","who":["ml:regex"],"prob":0.5},"fields":{},"normalizations":{}},{"classId":"e_4","part":"s12v1","offsets":[{"start":1833,"text":"D"}],"coordinates":[],"confidence":{"state":"pre-added","who":["ml:regex"],"prob":0.5},"fields":{},"normalizations":{}},{"classId":"e_4","part":"s12v1","offsets":[{"start":1922,"text":"D"}],"coordinates":[],"confidence":{"state":"pre-added","who":["ml:regex"],"prob":0.5},"fields":{},"normalizations":{}},{"classId":"e_4","part":"s13v1","offsets":[{"start":1808,"text":"d"}],"coordinates":[],"confidence":{"state":"pre-added","who":["ml:regex"],"prob":0.5},"fields":{},"normalizations":{}},{"classId":"e_4","part":"s15v1","offsets":[{"start":693,"text":"d"}],"coordinates":[],"confidence":{"state":"pre-added","who":["ml:regex"],"prob":0.5},"fields":{},"normalizations":{}},{"classId":"e_4","part":"s16v1","offsets":[{"start":1648,"text":"d"}],"coordinates":[],"confidence":{"state":"pre-added","who":["ml:regex"],"prob":0.5},"fields":{},"normalizations":{}},{"classId":"e_4","part":"s18v1","offsets":[{"start":0,"text":"D"}],"coordinates":[{"x":"17.52","y":"18.36"},{"x":"23.37","y":"23.04"}],"confidence":{"state":"pre-added","who":["user:SDTEF"],"prob":1},"fields":{},"normalizations":{}},{"classId":"e_4","part":"s18v1","offsets":[{"start":119,"text":"PROGRAM OVERVIEW & OBJECTIVE\n\nAs part of the City of San Diego's (the City) and the San Diego Housing Commission's (the \"Commission\") comprehensive approach to ending homelessness, Veterans Village of San Diego (the \"Contractor\") will operate the City of San Diego Temporary Bridge Shelter - Veteran Adults (the \"Program\"). Utilizing the Housing First model, the Program's objective is to provide safe, low-barrier bridge housing and emergency shelter, as well as stabilization and supportive services, to prepare veterans for the most appropriate permanent or other longer­ term housing solutions, contributing to the regional goals of ensuring instances of homelessness are rare, brief, and non-recurring."}],"coordinates":[{"x":"90.00","y":"144.63"},{"x":"312.54","y":"279.11"}],"confidence":{"state":"pre-added","who":["user:SDTEF"],"prob":1},"fields":{},"normalizations":{}},{"classId":"e_7","part":"s18v1","offsets":[{"start":203,"text":"San Diego Housing Commission"}],"coordinates":[],"confidence":{"state":"pre-added","who":["ml:regex"],"prob":0.5},"fields":{},"normalizations":{}},{"classId":"e_1","part":"s18v1","offsets":[{"start":300,"text":"Veterans Village of San Diego"}],"coordinates":[],"confidence":{"state":"pre-added","who":["ml:regex"],"prob":0.5},"fields":{},"normalizations":{}},{"classId":"e_3","part":"s18v1","offsets":[{"start":411,"text":"Veteran Adults"}],"coordinates":[{"x":"89.52","y":"212.62"},{"x":"160.19","y":"218.87"}],"confidence":{"state":"pre-added","who":["user:SDTEF"],"prob":1},"fields":{},"normalizations":{}},{"classId":"e_5","part":"s18v1","offsets":[{"start":831,"text":"PROGRAM SITE LOCATION\n\nContractor will operate the Program at 2801 ½ Sports Arena Boulevard in San Diego, CA (\"Program Location\"). The Program will operate seven days per week, 24 hours per day, including holidays (\"Program Operating Schedule\")."}],"coordinates":[{"x":"89.76","y":"295.34"},{"x":"337.52","y":"354.24"}],"confidence":{"state":"pre-added","who":["user:SDTEF"],"prob":1},"fields":{},"normalizations":{}},{"classId":"e_4","part":"s18v1","offsets":[{"start":1362,"text":"PROGRAM DESCRIPTION\n\nThe Program will provide veterans experiencing homelessness, who have not been successfully diverted from the homeless assistance system, with bridge housing, emergency shelter, and diverse onsite supportive services, including but not limited to, stabilization and housing relocation services.\n\nThe Program will utilize trauma-informed care, motivational interviewing, and a harm reduction model, which does not require sobriety and addresses heavy drinking and/or drug use and its consequences. The system design will effectively serve participants in a welcoming and solutions-focused environment. All services must be easily accessible and evaluated for effectiveness on a regular basis.\n\nThe Contractor shall adhere to all Regional Task Force on the Homeless (RTFH) performance standards and requirements, including recommendations from the RTFH regional planning process for creation of a Homeless Crisis Response System. If adherence to such standards and"}],"coordinates":[{"x":"89.04","y":"446.06"},{"x":"533.62","y":"655.67"}],"confidence":{"state":"pre-added","who":["user:SDTEF"],"prob":1},"fields":{},"normalizations":{}},{"classId":"e_4","part":"s19v1","offsets":[{"start":61,"text":"requirements necessitates additional funding, the Commission will work with the Contractor to adjust the budget accordingly.\n\nThe Program will participate in the Coordinated Entry System (CES) as appropriate and as established by RTFH community standards and policies. Intakes into the Program will be made based on the agreed upon priorities of outlined by the RTFH Community Standards. This service delivery model helps the Program to:\n\n• Serve the community's most vulnerable individuals from each of the intervention categories; • Move participants into the most appropriate housing of their choice; and • Meet participant needs as quickly as possible"}],"coordinates":[{"x":"89.52","y":"95.58"},{"x":"341.78","y":"252.71"}],"confidence":{"state":"pre-added","who":["user:SDTEF"],"prob":1},"fields":{},"normalizations":{}},{"classId":"e_3","part":"s19v1","offsets":[{"start":742,"text":"Target Population/Geographical Area\n\nThe Program will prioritize single veterans who have been enrolled in a permanent housing intervention and are waiting for permanent housing units to become available. Any support services provided will be short-term with a focus on the move to permanent housing. Additionally, the Program will provide emergency shelter beds for single veterans experiencing unsheltered homelessness who require immediate, short-term shelter with light supportive services"}],"coordinates":[{"x":"107.76","y":"291.05"},{"x":"222.81","y":"394.56"}],"confidence":{"state":"pre-added","who":["user:SDTEF"],"prob":1},"fields":{},"normalizations":{}},{"classId":"e_4","part":"s19v1","offsets":[{"start":2073,"text":"d"}],"coordinates":[],"confidence":{"state":"pre-added","who":["ml:regex"],"prob":0.5},"fields":{},"normalizations":{}},{"classId":"e_4","part":"s20v1","offsets":[{"start":1774,"text":"d"}],"coordinates":[],"confidence":{"state":"pre-added","who":["ml:regex"],"prob":0.5},"fields":{},"normalizations":{}},{"classId":"e_4","part":"s21v1","offsets":[{"start":1091,"text":"d"}],"coordinates":[],"confidence":{"state":"pre-added","who":["ml:regex"],"prob":0.5},"fields":{},"normalizations":{}},{"classId":"e_4","part":"s21v1","offsets":[{"start":1981,"text":"d"}],"coordinates":[],"confidence":{"state":"pre-added","who":["ml:regex"],"prob":0.5},"fields":{},"normalizations":{}},{"classId":"e_4","part":"s24v1","offsets":[{"start":2281,"text":"d"}],"coordinates":[],"confidence":{"state":"pre-added","who":["ml:regex"],"prob":0.5},"fields":{},"normalizations":{}},{"classId":"e_6","part":"s25v1","offsets":[{"start":1789,"text":"PROGRAM OUTCOMES a. Contractor agrees to enter all data into the RTFH-approved HMIS for data collection and analytics. All Program progress will be documented to the Commission through monthly and term-end reports in a form, fo1mat, and submission timeline determined by the Commission and/or the City. Delays in responding to inquiries from the Commission regarding monthly and tenn-end reports may result in an action of noncompliance. b. If stated benchmarks are not met, Contractor may be required to submit a corrective action plan in a form and format detennined by the Commission. c. For the Agreement term, Contractor shall use good faith efforts to accomplish the following primary Program outcomes and targets:"}],"coordinates":[{"x":"88.56","y":"530.79"},{"x":"292.66","y":"686.16"}],"confidence":{"state":"pre-added","who":["user:SDTEF"],"prob":1},"fields":{},"normalizations":{}},{"classId":"e_4","part":"s28v1","offsets":[{"start":1890,"text":"d"}],"coordinates":[],"confidence":{"state":"pre-added","who":["ml:regex"],"prob":0.5},"fields":{},"normalizations":{}},{"classId":"e_7","part":"s34v1","offsets":[{"start":1534,"text":"San Diego Housing Commission"}],"coordinates":[],"confidence":{"state":"pre-added","who":["ml:regex"],"prob":0.5},"fields":{},"normalizations":{}},{"classId":"e_7","part":"s34v1","offsets":[{"start":2411,"text":"San Diego Housing Commission"}],"coordinates":[],"confidence":{"state":"pre-added","who":["ml:regex"],"prob":0.5},"fields":{},"normalizations":{}},{"classId":"e_7","part":"s34v1","offsets":[{"start":2451,"text":"San Diego Housing Commission"}],"coordinates":[],"confidence":{"state":"pre-added","who":["ml:regex"],"prob":0.5},"fields":{},"normalizations":{}},{"classId":"e_7","part":"s36v1","offsets":[{"start":143,"text":"SAN DIEGO HOUSING COMMISSION"}],"coordinates":[],"confidence":{"state":"pre-added","who":["ml:regex"],"prob":0.5},"fields":{},"normalizations":{}},{"classId":"e_4","part":"s36v1","offsets":[{"start":231,"text":"Project Name: Temporar; Brn:lge Shelter for Single Adults"}],"coordinates":[{"x":"47.53","y":"207.81"},{"x":"269.61","y":"212.63"}],"confidence":{"state":"pre-added","who":["user:SDTEF"],"prob":1},"fields":{},"normalizations":{}},{"classId":"e_1","part":"s36v1","offsets":[{"start":305,"text":"Veteran Village of San Diego"}],"coordinates":[{"x":"124.08","y":"221.20"},{"x":"222.32","y":"225.36"}],"confidence":{"state":"pre-added","who":["user:SDTEF"],"prob":1},"fields":{},"normalizations":{}},{"classId":"e_1","part":"s37v1","offsets":[{"start":187,"text":"Veteran Village of San Diego"}],"coordinates":[],"confidence":{"state":"pre-added","who":["ml:regex"],"prob":0.5},"fields":{},"normalizations":{}},{"classId":"e_1","part":"s38v1","offsets":[{"start":190,"text":"Veteran Village of San Diego"}],"coordinates":[],"confidence":{"state":"pre-added","who":["ml:regex"],"prob":0.5},"fields":{},"normalizations":{}},{"classId":"e_1","part":"s39v1","offsets":[{"start":187,"text":"Veteran Village of San Diego"}],"coordinates":[],"confidence":{"state":"pre-added","who":["ml:regex"],"prob":0.5},"fields":{},"normalizations":{}},{"classId":"e_1","part":"s40v1","offsets":[{"start":183,"text":"Veteran Village of San Diego"}],"coordinates":[],"confidence":{"state":"pre-added","who":["ml:regex"],"prob":0.5},"fields":{},"normalizations":{}},{"classId":"e_1","part":"s41v1","offsets":[{"start":180,"text":"Veteran Village of San Diego"}],"coordinates":[],"confidence":{"state":"pre-added","who":["ml:regex"],"prob":0.5},"fields":{},"normalizations":{}},{"classId":"e_1","part":"s42v1","offsets":[{"start":199,"text":"Veteran Village of San Diego"}],"coordinates":[],"confidence":{"state":"pre-added","who":["ml:regex"],"prob":0.5},"fields":{},"normalizations":{}},{"classId":"e_7","part":"s43v1","offsets":[{"start":733,"text":"San Diego Housing Commission"}],"coordinates":[],"confidence":{"state":"pre-added","who":["ml:regex"],"prob":0.5},"fields":{},"normalizations":{}},{"classId":"e_7","part":"s43v1","offsets":[{"start":903,"text":"San Diego Housing Commission"}],"coordinates":[],"confidence":{"state":"pre-added","who":["ml:regex"],"prob":0.5},"fields":{},"normalizations":{}},{"classId":"e_7","part":"s43v1","offsets":[{"start":1223,"text":"San Diego Housing Commission"}],"coordinates":[],"confidence":{"state":"pre-added","who":["ml:regex"],"prob":0.5},"fields":{},"normalizations":{}},{"classId":"e_7","part":"s43v1","offsets":[{"start":1575,"text":"San Diego Housing Commission"}],"coordinates":[],"confidence":{"state":"pre-added","who":["ml:regex"],"prob":0.5},"fields":{},"normalizations":{}},{"classId":"e_7","part":"s44v1","offsets":[{"start":322,"text":"San Diego Housing Commission"}],"coordinates":[],"confidence":{"state":"pre-added","who":["ml:regex"],"prob":0.5},"fields":{},"normalizations":{}},{"classId":"e_7","part":"s44v1","offsets":[{"start":688,"text":"San Diego Housing Commission"}],"coordinates":[],"confidence":{"state":"pre-added","who":["ml:regex"],"prob":0.5},"fields":{},"normalizations":{}},{"classId":"e_7","part":"s44v1","offsets":[{"start":1003,"text":"San Diego Housing Commission"}],"coordinates":[],"confidence":{"state":"pre-added","who":["ml:regex"],"prob":0.5},"fields":{},"normalizations":{}},{"classId":"e_7","part":"s46v1","offsets":[{"start":232,"text":"San Diego Housing Commission"}],"coordinates":[],"confidence":{"state":"pre-added","who":["ml:regex"],"prob":0.5},"fields":{},"normalizations":{}},{"classId":"e_7","part":"s47v1","offsets":[{"start":15,"text":"San Diego Housing Commission"}],"coordinates":[],"confidence":{"state":"pre-added","who":["ml:regex"],"prob":0.5},"fields":{},"normalizations":{}},{"classId":"e_7","part":"s47v1","offsets":[{"start":371,"text":"San Diego Housing Commission"}],"coordinates":[],"confidence":{"state":"pre-added","who":["ml:regex"],"prob":0.5},"fields":{},"normalizations":{}},{"classId":"e_7","part":"s47v1","offsets":[{"start":1018,"text":"San Diego Housing Commission"}],"coordinates":[],"confidence":{"state":"pre-added","who":["ml:regex"],"prob":0.5},"fields":{},"normalizations":{}},{"classId":"e_7","part":"s47v1","offsets":[{"start":1428,"text":"San Diego Housing Commission"}],"coordinates":[],"confidence":{"state":"pre-added","who":["ml:regex"],"prob":0.5},"fields":{},"normalizations":{}},{"classId":"e_7","part":"s48v1","offsets":[{"start":1383,"text":"San Diego Housing Commission"}],"coordinates":[],"confidence":{"state":"pre-added","who":["ml:regex"],"prob":0.5},"fields":{},"normalizations":{}},{"classId":"e_7","part":"s48v1","offsets":[{"start":1635,"text":"San Diego Housing Commission"}],"coordinates":[],"confidence":{"state":"pre-added","who":["ml:regex"],"prob":0.5},"fields":{},"normalizations":{}}],"relations":[]}