{"annotatable":{"parts":["s1v1","s2v1","s3v1","s4v1","s5v1","s6v1","s7v1","s8v1","s9v1","s10v1","s11v1","s12v1","s13v1","s14v1","s15v1","s16v1","s17v1","s18v1","s19v1","s20v1","s21v1","s22v1","s23v1","s24v1","s25v1","s26v1","s27v1"]},"anncomplete":true,"sources":[{"name":"ORIG","id":"Copy_of_18_19_Agreement___Crisis_House_CDBG.pdf","url":""}],"metas":{"m_24":{"value":"$19,725","confidence":{"state":"pre-added","who":["user:SDTEF"],"prob":1}},"m_22":{"value":"fencing ","confidence":{"state":"pre-added","who":["user:SDTEF"],"prob":1}},"m_23":{"value":"city and CDBG funds","confidence":{"state":"pre-added","who":["user:SDTEF"],"prob":1}},"m_20":{"value":"survivors of DV and their children, homeless individuals and families","confidence":{"state":"pre-added","who":["user:SDTEF"],"prob":1}}},"entities":[{"classId":"e_1","part":"s1v1","offsets":[{"start":43,"text":"MaryCase ExecutiveDirector CrisisHouse 1034N. MagnoliaAvenue El Cajon, CA92020"}],"coordinates":[{"x":"90.00","y":"216.99"},{"x":"194.56","y":"279.60"}],"confidence":{"state":"pre-added","who":["user:SDTEF"],"prob":1},"fields":{},"normalizations":{}},{"classId":"e_8","part":"s1v1","offsets":[{"start":136,"text":"FY 2018-2019"}],"coordinates":[{"x":"125.28","y":"314.24"},{"x":"199.94","y":"321.12"}],"confidence":{"state":"pre-added","who":["user:SDTEF"],"prob":1},"fields":{},"normalizations":{}},{"classId":"e_19","part":"s1v1","offsets":[{"start":136,"text":"FY 2018-2019Agreement for Use of CDBG Funds"}],"coordinates":[{"x":"125.28","y":"314.24"},{"x":"394.75","y":"321.12"}],"confidence":{"state":"pre-added","who":["user:SDTEF"],"prob":1},"fields":{},"normalizations":{}},{"classId":"e_7","part":"s1v1","offsets":[{"start":169,"text":"CDBG Funds"}],"coordinates":[{"x":"324.01","y":"314.24"},{"x":"394.75","y":"321.12"}],"confidence":{"state":"pre-added","who":["user:SDTEF"],"prob":1},"fields":{},"normalizations":{}},{"classId":"e_7","part":"s1v1","offsets":[{"start":287,"text":"CDBG funds"}],"coordinates":[],"confidence":{"state":"pre-added","who":["ml:regex"],"prob":0.5},"fields":{},"normalizations":{}},{"classId":"e_1","part":"s1v1","offsets":[{"start":554,"text":"Crisis House"}],"coordinates":[],"confidence":{"state":"pre-added","who":["ml:regex"],"prob":0.5},"fields":{},"normalizations":{}},{"classId":"e_19","part":"s2v1","offsets":[{"start":0,"text":"AGREEMENT BETWEEN THE CITY OF EL CAJON AND Crisis House"}],"coordinates":[{"x":"266.64","y":"57.87"},{"x":"327.51","y":"86.16"}],"confidence":{"state":"pre-added","who":["user:SDTEF"],"prob":1},"fields":{},"normalizations":{}},{"classId":"e_7","part":"s2v1","offsets":[{"start":151,"text":"CITY OF EL CAJON"}],"coordinates":[{"x":"110.16","y":"109.47"},{"x":"198.52","y":"114.96"}],"confidence":{"state":"pre-added","who":["user:SDTEF"],"prob":1},"fields":{},"normalizations":{}},{"classId":"e_1","part":"s2v1","offsets":[{"start":229,"text":"Crisis House"}],"coordinates":[{"x":"470.88","y":"109.12"},{"x":"530.07","y":"114.96"}],"confidence":{"state":"pre-added","who":["user:SDTEF"],"prob":1},"fields":{},"normalizations":{}},{"classId":"e_7","part":"s2v1","offsets":[{"start":395,"text":"City of El Cajon"}],"coordinates":[],"confidence":{"state":"pre-added","who":["ml:regex"],"prob":0.5},"fields":{},"normalizations":{}},{"classId":"e_4","part":"s2v1","offsets":[{"start":667,"text":"\"Improved Fencing at 1034 N. Magnolia Facility\""}],"coordinates":[{"x":"143.77","y":"178.71"},{"x":"364.30","y":"184.55"}],"confidence":{"state":"pre-added","who":["user:SDTEF"],"prob":1},"fields":{},"normalizations":{}},{"classId":"e_5","part":"s2v1","offsets":[{"start":668,"text":"Improved Fencing at 1034 N. Magnolia Facility\""}],"coordinates":[{"x":"147.36","y":"178.71"},{"x":"364.30","y":"184.55"}],"confidence":{"state":"pre-added","who":["user:SDTEF"],"prob":1},"fields":{},"normalizations":{}},{"classId":"e_5","part":"s2v1","offsets":[{"start":1333,"text":"Improved Fencing at 1034 N. Magnolia Facility"}],"coordinates":[{"x":"225.36","y":"294.63"},{"x":"438.94","y":"300.47"}],"confidence":{"state":"pre-added","who":["user:SDTEF"],"prob":1},"fields":{},"normalizations":{}},{"classId":"e_7","part":"s2v1","offsets":[{"start":1671,"text":"City of El Cajon"}],"coordinates":[],"confidence":{"state":"pre-added","who":["ml:regex"],"prob":0.5},"fields":{},"normalizations":{}},{"classId":"e_8","part":"s2v1","offsets":[{"start":1949,"text":"Time of Performance:\n\nSaid services of the Subrecipient are to commence no sooner than July 1, 2018, and shall be completed no later than June 30, 2019."}],"coordinates":[{"x":"90.72","y":"463.95"},{"x":"214.09","y":"498.24"}],"confidence":{"state":"pre-added","who":["user:SDTEF"],"prob":1},"fields":{},"normalizations":{}},{"classId":"e_2","part":"s2v1","offsets":[{"start":2106,"text":"Compensation and Method of Payment:\n\nThe City shall reimburse the Subrecipient for allowable costs incurred under the scope of the Agreement and applicable Federal regulations, which have not been paid for or reimbursed in any other manner by any other Agency or private source of funding. The total of all reimbursements shall not exceed Nineteen Thousand Seven Hundred and Twenty-Five Dollars and no/100s dollars ($19,725.00)."}],"coordinates":[{"x":"91.44","y":"510.26"},{"x":"524.52","y":"567.60"}],"confidence":{"state":"pre-added","who":["user:SDTEF"],"prob":1},"fields":{},"normalizations":{}},{"classId":"e_3","part":"s4v1","offsets":[{"start":1987,"text":"Beneficiary Qualification:\n\nThe Subrecipient agrees to guarantee that at least fifty-one percent (51%) of the beneficiaries of the program identified in Exhibit \"A,\" Scope of Work and Budget, are low and moderate income persons or households. Under the CDBG regulations, the following clienteles are presumed to be low and moderate income persons and can qualify for service regardless of income: abused children, elderly persons, battered spouses, homeless persons, disabled persons, illiterate persons, and migrant farm workers. Beneficiaries qualifying on the basis of income shall have an annual income equal to or less than the HUD Section 8 (of the United States Housing Act of 1937) Income Limits. HUD Section 8 Income Limits for the San Diego MSA, define the maximum family income for low and moderate income households. The Subrecipient is responsible for obtaining the current applicable HUD Section 8 Income Limits for each year of the Agreement term identified in Paragraph 6, Time of Performance. The Subrecipient shall retain these forms for three (3) years after conclusion of the Agreement."}],"coordinates":[{"x":"94.80","y":"323.31"},{"x":"377.90","y":"461.04"}],"confidence":{"state":"pre-added","who":["user:SDTEF"],"prob":1},"fields":{},"normalizations":{}},{"classId":"e_7","part":"s4v1","offsets":[{"start":5009,"text":"CDBG funds"}],"coordinates":[],"confidence":{"state":"pre-added","who":["ml:regex"],"prob":0.5},"fields":{},"normalizations":{}},{"classId":"e_7","part":"s5v1","offsets":[{"start":79,"text":"CDBG funds"}],"coordinates":[],"confidence":{"state":"pre-added","who":["ml:regex"],"prob":0.5},"fields":{},"normalizations":{}},{"classId":"e_7","part":"s5v1","offsets":[{"start":593,"text":"CDBG funds"}],"coordinates":[],"confidence":{"state":"pre-added","who":["ml:regex"],"prob":0.5},"fields":{},"normalizations":{}},{"classId":"e_7","part":"s5v1","offsets":[{"start":713,"text":"CDBG funds"}],"coordinates":[],"confidence":{"state":"pre-added","who":["ml:regex"],"prob":0.5},"fields":{},"normalizations":{}},{"classId":"e_7","part":"s5v1","offsets":[{"start":890,"text":"CDBG funds"}],"coordinates":[],"confidence":{"state":"pre-added","who":["ml:regex"],"prob":0.5},"fields":{},"normalizations":{}},{"classId":"e_7","part":"s5v1","offsets":[{"start":1423,"text":"CDBG funds"}],"coordinates":[],"confidence":{"state":"pre-added","who":["ml:regex"],"prob":0.5},"fields":{},"normalizations":{}},{"classId":"e_7","part":"s6v1","offsets":[{"start":2757,"text":"CDBG funds"}],"coordinates":[],"confidence":{"state":"pre-added","who":["ml:regex"],"prob":0.5},"fields":{},"normalizations":{}},{"classId":"e_7","part":"s6v1","offsets":[{"start":3668,"text":"CDBG funds"}],"coordinates":[],"confidence":{"state":"pre-added","who":["ml:regex"],"prob":0.5},"fields":{},"normalizations":{}},{"classId":"e_7","part":"s7v1","offsets":[{"start":1416,"text":"CDBG funds"}],"coordinates":[],"confidence":{"state":"pre-added","who":["ml:regex"],"prob":0.5},"fields":{},"normalizations":{}},{"classId":"e_7","part":"s7v1","offsets":[{"start":2050,"text":"CDBG funds"}],"coordinates":[],"confidence":{"state":"pre-added","who":["ml:regex"],"prob":0.5},"fields":{},"normalizations":{}},{"classId":"e_7","part":"s7v1","offsets":[{"start":3386,"text":"CDBG funds"}],"coordinates":[],"confidence":{"state":"pre-added","who":["ml:regex"],"prob":0.5},"fields":{},"normalizations":{}},{"classId":"e_7","part":"s7v1","offsets":[{"start":4436,"text":"CDBG funds"}],"coordinates":[],"confidence":{"state":"pre-added","who":["ml:regex"],"prob":0.5},"fields":{},"normalizations":{}},{"classId":"e_7","part":"s8v1","offsets":[{"start":93,"text":"CDBG funds"}],"coordinates":[],"confidence":{"state":"pre-added","who":["ml:regex"],"prob":0.5},"fields":{},"normalizations":{}},{"classId":"e_7","part":"s8v1","offsets":[{"start":1901,"text":"CDBG funds"}],"coordinates":[],"confidence":{"state":"pre-added","who":["ml:regex"],"prob":0.5},"fields":{},"normalizations":{}},{"classId":"e_7","part":"s8v1","offsets":[{"start":2443,"text":"CDBG funds"}],"coordinates":[],"confidence":{"state":"pre-added","who":["ml:regex"],"prob":0.5},"fields":{},"normalizations":{}},{"classId":"e_7","part":"s8v1","offsets":[{"start":2873,"text":"CDBG funds"}],"coordinates":[],"confidence":{"state":"pre-added","who":["ml:regex"],"prob":0.5},"fields":{},"normalizations":{}},{"classId":"e_7","part":"s9v1","offsets":[{"start":4309,"text":"CDBG funds"}],"coordinates":[],"confidence":{"state":"pre-added","who":["ml:regex"],"prob":0.5},"fields":{},"normalizations":{}},{"classId":"e_7","part":"s10v1","offsets":[{"start":1083,"text":"CDBG funds"}],"coordinates":[],"confidence":{"state":"pre-added","who":["ml:regex"],"prob":0.5},"fields":{},"normalizations":{}},{"classId":"e_7","part":"s10v1","offsets":[{"start":1339,"text":"CDBG funds"}],"coordinates":[],"confidence":{"state":"pre-added","who":["ml:regex"],"prob":0.5},"fields":{},"normalizations":{}},{"classId":"e_7","part":"s10v1","offsets":[{"start":2442,"text":"City of El Cajon"}],"coordinates":[],"confidence":{"state":"pre-added","who":["ml:regex"],"prob":0.5},"fields":{},"normalizations":{}},{"classId":"e_1","part":"s10v1","offsets":[{"start":2517,"text":"Crisis House"}],"coordinates":[],"confidence":{"state":"pre-added","who":["ml:regex"],"prob":0.5},"fields":{},"normalizations":{}},{"classId":"e_1","part":"s10v1","offsets":[{"start":2530,"text":"Attn: Mary Case, Executive Director 1034 N. Magnolia Avenue El Cajon, CA 92020"}],"coordinates":[{"x":"310.32","y":"516.37"},{"x":"398.33","y":"556.32"}],"confidence":{"state":"pre-added","who":["user:SDTEF"],"prob":1},"fields":{},"normalizations":{}},{"classId":"e_7","part":"s11v1","offsets":[{"start":910,"text":"CITY OF EL CAJON"}],"coordinates":[],"confidence":{"state":"pre-added","who":["ml:regex"],"prob":0.5},"fields":{},"normalizations":{}},{"classId":"e_1","part":"s11v1","offsets":[{"start":982,"text":"Crisis House"}],"coordinates":[],"confidence":{"state":"pre-added","who":["ml:regex"],"prob":0.5},"fields":{},"normalizations":{}},{"classId":"e_4","part":"s12v1","offsets":[{"start":0,"text":"EXHIBIT \"A\" SCOPE OF WORK AND BUDGET\n\nProject:\n\nContact Person:\n\nImproved Fencing at 1034 N. Magnolia Facility\n\nMary Case, Executive Director (619-444-3132)\n\nStatement of Work: The Subrecipient agrees to use the Community Development Block Grant funds allocated by the City for Fiscal Year 2018-2019 to provide the Improved Fencing at 1034 N. Magnolia Facility Program/Project in the City of El Cajon.\n\nSection 1 - Work Description:\n\n(To be completed by Subrecipient-should reflect work activities approved by City Council) During FY 18-19. Crisis House will use CDBG funds to purchase and install decorative wrought iron security fencing and gate access at 1034 N. Magnolia Avenue in areas that are not currently fenced. The new fencing will complement and match to the extent possible the existing fencing at 1034 N. Magnolia and the fencing surrounding the Home Depot facility to the west. Work will be completed by a licensed subcontractor(s) and Davis-Bacon requirements will be met."}],"coordinates":[{"x":"273.61","y":"36.65"},{"x":"225.84","y":"241.43"}],"confidence":{"state":"pre-added","who":["user:SDTEF"],"prob":1},"fields":{},"normalizations":{}},{"classId":"e_5","part":"s12v1","offsets":[{"start":65,"text":"Improved Fencing at 1034 N. Magnolia Facility"}],"coordinates":[],"confidence":{"state":"pre-added","who":["ml:regex"],"prob":0.5},"fields":{},"normalizations":{}},{"classId":"e_5","part":"s12v1","offsets":[{"start":315,"text":"Improved Fencing at 1034 N. Magnolia Facility"}],"coordinates":[],"confidence":{"state":"pre-added","who":["ml:regex"],"prob":0.5},"fields":{},"normalizations":{}},{"classId":"e_7","part":"s12v1","offsets":[{"start":384,"text":"City of El Cajon"}],"coordinates":[],"confidence":{"state":"pre-added","who":["ml:regex"],"prob":0.5},"fields":{},"normalizations":{}},{"classId":"e_1","part":"s12v1","offsets":[{"start":541,"text":"Crisis House"}],"coordinates":[],"confidence":{"state":"pre-added","who":["ml:regex"],"prob":0.5},"fields":{},"normalizations":{}},{"classId":"e_7","part":"s12v1","offsets":[{"start":563,"text":"CDBG funds"}],"coordinates":[],"confidence":{"state":"pre-added","who":["ml:regex"],"prob":0.5},"fields":{},"normalizations":{}},{"classId":"e_6","part":"s12v1","offsets":[{"start":2338,"text":"Section 3 - Key Program Goals and Timeline In addition, Crisis House will provide four thousand (4,000) individuals (survivors of domestic violence and their children, and homeless individuals and families) with comprehensive housing and social services in the City of El Cajon during the period of July 1, 2018 to June 30, 2019."}],"coordinates":[{"x":"60.00","y":"562.11"},{"x":"84.02","y":"602.63"}],"confidence":{"state":"pre-added","who":["user:SDTEF"],"prob":1},"fields":{},"normalizations":{}},{"classId":"e_1","part":"s12v1","offsets":[{"start":2394,"text":"Crisis House"}],"coordinates":[],"confidence":{"state":"pre-added","who":["ml:regex"],"prob":0.5},"fields":{},"normalizations":{}},{"classId":"e_7","part":"s12v1","offsets":[{"start":2599,"text":"City of El Cajon"}],"coordinates":[],"confidence":{"state":"pre-added","who":["ml:regex"],"prob":0.5},"fields":{},"normalizations":{}},{"classId":"e_8","part":"s12v1","offsets":[{"start":2616,"text":"during the period of July 1, 2018 to June 30, 2019."}],"coordinates":[{"x":"349.92","y":"585.14"},{"x":"84.02","y":"602.63"}],"confidence":{"state":"pre-added","who":["user:SDTEF"],"prob":1},"fields":{},"normalizations":{}},{"classId":"e_2","part":"s12v1","offsets":[{"start":2669,"text":"Section 4 - Budget\n\nThe City agrees to pay Subrecipient a total sum of Nineteen Thousand Seven Hundred and Twenty°Five Dollars and no/100s ($19,725.00) to assist in the completion of improvements and provision of the above mentioned services. It is further agreed that no funding shall be disbursed unless the Subrecipient is in full compliance with the provisions of this Agreement. The City shall make payment of these funds on a reimbursement basis contingent upon a written request and submittal of receipts or appropriate proof of payment from the Subrecipient. Payments will not be paid unless and until periodic reports are current. Payments may be made on a monthly or quarterly basis, at the Subrecipient's option."}],"coordinates":[{"x":"60.48","y":"620.19"},{"x":"306.20","y":"712.08"}],"confidence":{"state":"pre-added","who":["user:SDTEF"],"prob":1},"fields":{},"normalizations":{}},{"classId":"e_5","part":"s13v1","offsets":[{"start":84,"text":"Improved Fencing at 1034 N. Magnolia Facility"}],"coordinates":[],"confidence":{"state":"pre-added","who":["ml:regex"],"prob":0.5},"fields":{},"normalizations":{}},{"classId":"e_7","part":"s13v1","offsets":[{"start":1437,"text":"CDBG funds"}],"coordinates":[],"confidence":{"state":"pre-added","who":["ml:regex"],"prob":0.5},"fields":{},"normalizations":{}},{"classId":"e_7","part":"s13v1","offsets":[{"start":1513,"text":"City of El Cajon"}],"coordinates":[],"confidence":{"state":"pre-added","who":["ml:regex"],"prob":0.5},"fields":{},"normalizations":{}},{"classId":"e_7","part":"s14v1","offsets":[{"start":230,"text":"City of El Cajon"}],"coordinates":[],"confidence":{"state":"pre-added","who":["ml:regex"],"prob":0.5},"fields":{},"normalizations":{}},{"classId":"e_5","part":"s14v1","offsets":[{"start":1160,"text":"Improved Fencing at 1034 N. Magnolia Facility"}],"coordinates":[],"confidence":{"state":"pre-added","who":["ml:regex"],"prob":0.5},"fields":{},"normalizations":{}},{"classId":"e_7","part":"s15v1","offsets":[{"start":0,"text":"CITY OF EL CAJON"}],"coordinates":[],"confidence":{"state":"pre-added","who":["ml:regex"],"prob":0.5},"fields":{},"normalizations":{}},{"classId":"e_7","part":"s17v1","offsets":[{"start":10,"text":"CITY OF EL CAJON"}],"coordinates":[],"confidence":{"state":"pre-added","who":["ml:regex"],"prob":0.5},"fields":{},"normalizations":{}},{"classId":"e_7","part":"s18v1","offsets":[{"start":22,"text":"CITY OF EL CAJON"}],"coordinates":[],"confidence":{"state":"pre-added","who":["ml:regex"],"prob":0.5},"fields":{},"normalizations":{}},{"classId":"e_7","part":"s19v1","offsets":[{"start":32,"text":"CITY OF EL CAJON"}],"coordinates":[],"confidence":{"state":"pre-added","who":["ml:regex"],"prob":0.5},"fields":{},"normalizations":{}},{"classId":"e_7","part":"s20v1","offsets":[{"start":10,"text":"CITY OF EL CAJON"}],"coordinates":[],"confidence":{"state":"pre-added","who":["ml:regex"],"prob":0.5},"fields":{},"normalizations":{}},{"classId":"e_7","part":"s21v1","offsets":[{"start":10,"text":"CITY OF EL CAJON"}],"coordinates":[],"confidence":{"state":"pre-added","who":["ml:regex"],"prob":0.5},"fields":{},"normalizations":{}},{"classId":"e_7","part":"s21v1","offsets":[{"start":301,"text":"City of El Cajon"}],"coordinates":[],"confidence":{"state":"pre-added","who":["ml:regex"],"prob":0.5},"fields":{},"normalizations":{}},{"classId":"e_7","part":"s21v1","offsets":[{"start":928,"text":"City of El Cajon"}],"coordinates":[],"confidence":{"state":"pre-added","who":["ml:regex"],"prob":0.5},"fields":{},"normalizations":{}},{"classId":"e_7","part":"s22v1","offsets":[{"start":10,"text":"CITY OF EL CAJON"}],"coordinates":[],"confidence":{"state":"pre-added","who":["ml:regex"],"prob":0.5},"fields":{},"normalizations":{}},{"classId":"e_7","part":"s23v1","offsets":[{"start":10,"text":"CITY OF EL CAJON"}],"coordinates":[],"confidence":{"state":"pre-added","who":["ml:regex"],"prob":0.5},"fields":{},"normalizations":{}},{"classId":"e_7","part":"s24v1","offsets":[{"start":22,"text":"CITY OF EL CAJON"}],"coordinates":[],"confidence":{"state":"pre-added","who":["ml:regex"],"prob":0.5},"fields":{},"normalizations":{}},{"classId":"e_1","part":"s25v1","offsets":[{"start":1532,"text":"Crisis House"}],"coordinates":[],"confidence":{"state":"pre-added","who":["ml:regex"],"prob":0.5},"fields":{},"normalizations":{}},{"classId":"e_1","part":"s27v1","offsets":[{"start":508,"text":"Crisis House"}],"coordinates":[],"confidence":{"state":"pre-added","who":["ml:regex"],"prob":0.5},"fields":{},"normalizations":{}}],"relations":[]}