{"annotatable":{"parts":["s1v1","s2v1","s3v1","s4v1","s5v1","s6v1","s7v1","s8v1","s9v1","s10v1","s11v1","s12v1","s13v1","s14v1","s15v1","s16v1","s17v1","s18v1","s19v1","s20v1","s21v1","s22v1","s23v1","s24v1","s25v1","s26v1","s27v1","s28v1","s29v1","s30v1","s31v1","s32v1","s33v1","s34v1","s35v1","s36v1","s37v1","s38v1","s39v1","s40v1"]},"anncomplete":true,"sources":[],"metas":{"m_24":{"value":"$5,317,209","confidence":{"state":"pre-added","who":["user:SDTEF"],"prob":1}},"m_22":{"value":"temp housing and bridge housing","confidence":{"state":"pre-added","who":["user:SDTEF"],"prob":1}},"m_20":{"value":"single adults ","confidence":{"state":"pre-added","who":["user:SDTEF"],"prob":1}},"m_23":{"value":"city (san diego housing commission)","confidence":{"state":"pre-added","who":["user:SDTEF"],"prob":1}}},"entities":[{"classId":"e_7","part":"s1v1","offsets":[{"start":60,"text":"SAN DIEGO HOUSING COMMISSION"}],"coordinates":[{"x":"203.28","y":"76.70"},{"x":"407.03","y":"83.27"}],"confidence":{"state":"pre-added","who":["user:SDTEF"],"prob":1},"fields":{},"normalizations":{}},{"classId":"e_19","part":"s1v1","offsets":[{"start":60,"text":"SAN DIEGO HOUSING COMMISSION\n\nAGREEMENT FOR TEMPORARY BRIDGE SHELTER- OPERATION\n\nWITH\n\nALPHA PROJECT FOR THE HOMELESS\n\nContract No. HHI-19-19"}],"coordinates":[{"x":"203.28","y":"76.70"},{"x":"361.45","y":"193.92"}],"confidence":{"state":"pre-added","who":["user:SDTEF"],"prob":1},"fields":{},"normalizations":{}},{"classId":"e_4","part":"s1v1","offsets":[{"start":104,"text":"TEMPORARY BRIDGE SHELTER"}],"coordinates":[{"x":"226.08","y":"104.31"},{"x":"409.30","y":"110.88"}],"confidence":{"state":"pre-added","who":["user:SDTEF"],"prob":1},"fields":{},"normalizations":{}},{"classId":"e_1","part":"s1v1","offsets":[{"start":147,"text":"ALPHA PROJECT FOR THE HOMELESS"}],"coordinates":[{"x":"194.16","y":"159.75"},{"x":"415.12","y":"166.32"}],"confidence":{"state":"pre-added","who":["user:SDTEF"],"prob":1},"fields":{},"normalizations":{}},{"classId":"e_7","part":"s1v1","offsets":[{"start":295,"text":"SAN DIEGO HOUSING COMMISSION"}],"coordinates":[],"confidence":{"state":"pre-added","who":["ml:regex"],"prob":0.5},"fields":{},"normalizations":{}},{"classId":"e_1","part":"s1v1","offsets":[{"start":413,"text":"ALPHA PROJECT FOR THE HOMELESS"}],"coordinates":[],"confidence":{"state":"pre-added","who":["ml:regex"],"prob":0.5},"fields":{},"normalizations":{}},{"classId":"e_1","part":"s1v1","offsets":[{"start":444,"text":"3737 Fifth Avenue, Suite 203 San Diego, California 92103 (619) 542-1877"}],"coordinates":[{"x":"323.28","y":"339.47"},{"x":"394.83","y":"373.43"}],"confidence":{"state":"pre-added","who":["user:SDTEF"],"prob":1},"fields":{},"normalizations":{}},{"classId":"e_4","part":"s1v1","offsets":[{"start":583,"text":"Temporary Bridge Shelter"}],"coordinates":[],"confidence":{"state":"pre-added","who":["ml:regex"],"prob":0.5},"fields":{},"normalizations":{}},{"classId":"e_8","part":"s1v1","offsets":[{"start":1319,"text":"TIME OF PERFORMANCE a.\n\nInitial Term All services required pursuant to this Agreement shall commence effective July 1, 2019 through June 30, 2020"}],"coordinates":[{"x":"106.80","y":"643.07"},{"x":"110.64","y":"704.40"}],"confidence":{"state":"pre-added","who":["user:SDTEF"],"prob":1},"fields":{},"normalizations":{}},{"classId":"e_2","part":"s2v1","offsets":[{"start":307,"text":"Maximum Compensation\n\nThe total compensation for all services perfonned pursuant to this Agreement shall not exceed the sum of FIVE MILLION THREE HUNDRED SEVENTEEN THOUSAND TWO HUNDRED NINE AND NO/100 DOLLARS ($5,317,209.00). Contractor acknowledges that the Commission is under no obligation to compensate Contractor for services rendered or expenses accrued under this Agreement in excess of the maximum compensation specified above. It shall be the responsibility of the Contractor to monitor its activities to ensure that the scope of services specified in Contract Attachment No. 2 (Specifications/Scope of Work) may be completed and no charges accrued in excess of the maximum compensation during the tenn of this Agreement. In the event that the work required cannot be completed within the amount specified, or it appears that the maximum compensation provided may be exceeded before the tenn of the Agreement expires, Contractor shall promptly notify the Commission. Commission pre-approved line item budget adjustments are pennitted given that in no event will the total compensation exceed the maximum compensation as set forth herein. Further, in no event shall the revised line item exceed the amount that is reasonable for the line item.\n\nFurther, the Commission may cancel the Agreement, without cause, by written notice to the Contractor at any time during the tenn of the Agreement, or any extension thereto, in the event that the Commission and/or the Housing Authority of the City of San Diego (\"Housing Authority\") fails to appropriate funds for the rendition of services set forth in this Agreement. This right to cancel is in addition to the rights of the Commission to tenninate the Agreement as set forth in Section 214 of this Agreement. Provided the Contractor is not in default under the tenns of this Agreement, the Commission shall compensate Contractor for all accrued costs/expenses incurred pursuant to this Agreement up until the effective date of cancellation or termination of this Agreement by the Commission"}],"coordinates":[{"x":"144.01","y":"203.51"},{"x":"127.44","y":"554.88"}],"confidence":{"state":"pre-added","who":["user:SDTEF"],"prob":1},"fields":{},"normalizations":{}},{"classId":"e_7","part":"s3v1","offsets":[{"start":672,"text":"Funding Source\n\nDuring the initial term of this Agreement, Commission retains the right to modify the funding source(s) as necessary, including but not limited to, City General Funds, unrestricted local funds, and federal funds to the extent available and permitted"}],"coordinates":[{"x":"143.52","y":"203.57"},{"x":"362.09","y":"265.68"}],"confidence":{"state":"pre-added","who":["user:SDTEF"],"prob":1},"fields":{},"normalizations":{}},{"classId":"e_4","part":"s4v1","offsets":[{"start":92,"text":"Temporary Bridge Shelter"}],"coordinates":[],"confidence":{"state":"pre-added","who":["ml:regex"],"prob":0.5},"fields":{},"normalizations":{}},{"classId":"e_1","part":"s4v1","offsets":[{"start":142,"text":"Alpha Project For The Homeless"}],"coordinates":[],"confidence":{"state":"pre-added","who":["ml:regex"],"prob":0.5},"fields":{},"normalizations":{}},{"classId":"e_1","part":"s4v1","offsets":[{"start":328,"text":"ALPHA PROJECT FOR THE HOMELESS"}],"coordinates":[],"confidence":{"state":"pre-added","who":["ml:regex"],"prob":0.5},"fields":{},"normalizations":{}},{"classId":"e_7","part":"s4v1","offsets":[{"start":446,"text":"SAN DIEGO HOUSING COMMISSION"}],"coordinates":[],"confidence":{"state":"pre-added","who":["ml:regex"],"prob":0.5},"fields":{},"normalizations":{}},{"classId":"e_7","part":"s4v1","offsets":[{"start":1058,"text":"San Diego Housing Commission"}],"coordinates":[],"confidence":{"state":"pre-added","who":["ml:regex"],"prob":0.5},"fields":{},"normalizations":{}},{"classId":"e_4","part":"s5v1","offsets":[{"start":1738,"text":"Temporary Bridge Shelter"}],"coordinates":[],"confidence":{"state":"pre-added","who":["ml:regex"],"prob":0.5},"fields":{},"normalizations":{}},{"classId":"e_4","part":"s18v1","offsets":[{"start":86,"text":"SPECIFICATIONS/SCOPE OF WORK\n\n1. PROGRAM OVERVIEW & OBJECTIVE\n\nAs part of the City of San Diego's (the City) and the San Diego Housing Commission's (the \"Commission\") comprehensive approach to ending homelessness, Alpha Project for the Homeless (the \"Contractor\") will operate the City of San Diego Temporary Bridge Shelter - Single Adults (the \"Program\"). Utilizing the Housing First model, the Program's objective is to provide safe, low-barrier bridge housing and emergency shelter, as well as stabilization and supportive services, to prepare individuals and families for the most appropriate permanent or other longer-term housing solutions, contributing to the regional goals of ensuring instances of homelessness are rare, brief, and non-recurring"}],"coordinates":[{"x":"209.77","y":"93.72"},{"x":"311.09","y":"263.52"}],"confidence":{"state":"pre-added","who":["user:SDTEF"],"prob":1},"fields":{},"normalizations":{}},{"classId":"e_7","part":"s18v1","offsets":[{"start":203,"text":"San Diego Housing Commission"}],"coordinates":[],"confidence":{"state":"pre-added","who":["ml:regex"],"prob":0.5},"fields":{},"normalizations":{}},{"classId":"e_1","part":"s18v1","offsets":[{"start":300,"text":"Alpha Project for the Homeless"}],"coordinates":[],"confidence":{"state":"pre-added","who":["ml:regex"],"prob":0.5},"fields":{},"normalizations":{}},{"classId":"e_4","part":"s18v1","offsets":[{"start":385,"text":"Temporary Bridge Shelter"}],"coordinates":[],"confidence":{"state":"pre-added","who":["ml:regex"],"prob":0.5},"fields":{},"normalizations":{}},{"classId":"e_5","part":"s18v1","offsets":[{"start":846,"text":"PROGRAM SITE LOCATION\n\nContractor will operate the Program at the cul-de-sac of 16th Street and Newton Avenue in San Diego, CA (\"Program Location\"). The Program will operate seven days per week, 24 hours per day, including holidays (\"Program Operating Schedule\")."}],"coordinates":[{"x":"90.00","y":"280.05"},{"x":"380.22","y":"338.88"}],"confidence":{"state":"pre-added","who":["user:SDTEF"],"prob":1},"fields":{},"normalizations":{}},{"classId":"e_4","part":"s18v1","offsets":[{"start":1392,"text":"PROGRAM DESCRIPTION\n\nThe Program will provide single adults who are experiencing homelessness, and have not been successfully diverted from the homeless assistance system, with bridge housing, emergency shelter, and diverse onsite supportive services, including but not limited to, stabilization and housing relocation services.\n\nThe Program will utilize trauma-informed care, motivational interviewing, and a harm reduction model, which does not require sobriety and addresses heavy drinking and/or drug use and its consequences. The system design will effectively serve participants in a welcoming and solutions-focused environment. All services must be easily accessible and evaluated for effectiveness on a regular basis.\n\nThe Contractor shall adhere to all Regional Task Force on the Homeless (RTFH) performance standards and requirements, including recommendations from the RTFH regional planning process for creation of a Homeless Crisis Response System. If adherence to such standards and"}],"coordinates":[{"x":"89.76","y":"430.52"},{"x":"533.90","y":"639.83"}],"confidence":{"state":"pre-added","who":["user:SDTEF"],"prob":1},"fields":{},"normalizations":{}},{"classId":"e_4","part":"s19v1","offsets":[{"start":60,"text":"requirements necessitates additional funding, the Commission will work with the Contractor to adjust the budget accordingly.\n\nThe Program will participate in the Coordinated Entry System (CES) as appropriate and as established by RTFH community standards and policies."}],"coordinates":[{"x":"89.76","y":"81.34"},{"x":"357.09","y":"140.40"}],"confidence":{"state":"pre-added","who":["user:SDTEF"],"prob":1},"fields":{},"normalizations":{}},{"classId":"e_3","part":"s19v1","offsets":[{"start":353,"text":"Target Population/Geographical Area\n\nThe Program will plioritize single adults who have been enrolled in a permanent housing intervention and are waiting for permanent housing units to become available. Any support services provided will be short-term with a focus on the move to permanent housing. Additionally, the Program will provide emergency shelter beds for single adults experiencing unsheltered homelessness who require immediate, short-term shelter with supportive services"}],"coordinates":[{"x":"108.24","y":"180.16"},{"x":"197.13","y":"284.16"}],"confidence":{"state":"pre-added","who":["user:SDTEF"],"prob":1},"fields":{},"normalizations":{}},{"classId":"e_6","part":"s19v1","offsets":[{"start":1795,"text":"Program Components\n\n1) Housing First program with low ban-iers to entry and operations;"}],"coordinates":[{"x":"105.60","y":"662.09"},{"x":"428.97","y":"690.24"}],"confidence":{"state":"pre-added","who":["user:SDTEF"],"prob":1},"fields":{},"normalizations":{}},{"classId":"e_6","part":"s20v1","offsets":[{"start":60,"text":"2) Housing-focused program which aims to resolve participants' homelessness as quickly as possible while also meeting client's basic needs;\n\n3) Appropriate 24-hour residential services and staffing;\n\n4) Participation in intakes, screenings, assessments, and case conferencing or other integral components of CES as appropriate and established by RTFH community standards and policies;\n\n5) Goal of 120-day length of stay;\n\n6) Coordination with and referrals to County, State, and Federal programs, as well as nonprofits and social service agencies, as appropriate; including an area where supportive services and permanent housing staff from partner agencies can connect with participants;\n\n7) Assistance in locating safe and affordable permanent or other longer-term housing opportunities for participants; including determining diversion opportunities or housing interventions outside of CES when appropriate;\n\n8) Assistance with housing applications and supportive and subsidized housing paperwork;\n\n9) Basic Services, including but not limited to: a) A maximum of 324 beds for single adults experiencing homelessness in one (1) temporary Sprung structure that demonstrates compliance with all permitting and regulatory requirements; any adjustments to the bed count must be approved by the Commission and the City, and be in compliance with all permitting and regulatory requirements; b) At least two (2) meals per day; c) Maintain City-provided showers, wash stations, restrooms, laundry, and belongings storage for participants, in an ADA-compliant environment; d) Routine operating supplies, including but not limited to hygiene products; e) Telephone access and message services, including an ADA-compliant telephone as supplied by the Commission; f) Janitorial and routine maintenance services; g) Waste removal and disposal services; h) Regularly laundered linens i) Access to testing for communicable diseases provided directly by the City or County of San Diego (including but not limited to Hepatitis A); j) Any other services as set forth in the Budget attached to this Agreement as Contract Attachment No. 3 and made part hereof."}],"coordinates":[{"x":"108.00","y":"81.72"},{"x":"332.45","y":"693.60"}],"confidence":{"state":"pre-added","who":["user:SDTEF"],"prob":1},"fields":{},"normalizations":{}},{"classId":"e_6","part":"s21v1","offsets":[{"start":60,"text":"10) Coordinate outreach and engagement efforts in the geographic locations where individuals and families experiencing homelessness reside in the City, including but not limited to streets and parks, with the goals of: a) Building relationships, trust, and rapport over time with individuals and families experiencing homelessness to expedite access to housing resources and supportive services; b) Determining diversion opportunities or housing interventions outside of CES when appropriate; c) Administering the community triage and/or common assessment tool, as appropriate and as established by RTFH community standards and policies, or referring individuals to access sites; d) Make efforts to maintain contact with known individuals at least every three weeks; e) Addressing basic needs, including but not limited to, access to food, clothing, and safety; f) Providing access or referrals to medical care, transportation, mental health care, and substance abuse treatment as quickly as possible, when appropriate; and g) Maintaining documentation of outreach efforts and participants' choice to accept or refuse resource referrals/opportunities, in a form and format determined by the Commission or as established by RTFH community standards and policies.\n\n11) Community Outreach, including but not limited to: a) Host a minimum of two (2) community meetings to ensure community participation; b) Provide opportunities for electronic and/or written community feedback; and c) Demonstrate community input has been reviewed and incorporated into operations plan, as appropriate"}],"coordinates":[{"x":"108.72","y":"81.00"},{"x":"233.60","y":"506.88"}],"confidence":{"state":"pre-added","who":["user:SDTEF"],"prob":1},"fields":{},"normalizations":{}},{"classId":"e_6","part":"s25v1","offsets":[{"start":632,"text":"PROGRAMOUTCOMES\n\na. Contractor agrees to enter all data into the RTFH-approved HMIS for data collection and analytics. All Program progress will be documented to the Commission through monthly and term-end reports in a form, format, and submission timeline determined by the Commission and/or the City. Delays in responding to inquiries from the Commission regarding monthly and term-end reports may result in an action of noncompliance. b. If stated benchmarks are not met, Contractor may be required to submit a corrective action plan in a form and format determined by the Commission. c. For the Agreement term, Contractor shall use good faith efforts to accomplish the following primary Program outcomes and targets:"}],"coordinates":[{"x":"89.04","y":"226.25"},{"x":"292.66","y":"381.60"}],"confidence":{"state":"pre-added","who":["user:SDTEF"],"prob":1},"fields":{},"normalizations":{}},{"classId":"e_7","part":"s34v1","offsets":[{"start":93,"text":"San Diego Housing Commission"}],"coordinates":[],"confidence":{"state":"pre-added","who":["ml:regex"],"prob":0.5},"fields":{},"normalizations":{}},{"classId":"e_7","part":"s34v1","offsets":[{"start":2217,"text":"San Diego Housing Commission"}],"coordinates":[],"confidence":{"state":"pre-added","who":["ml:regex"],"prob":0.5},"fields":{},"normalizations":{}},{"classId":"e_7","part":"s34v1","offsets":[{"start":2257,"text":"San Diego Housing Commission"}],"coordinates":[],"confidence":{"state":"pre-added","who":["ml:regex"],"prob":0.5},"fields":{},"normalizations":{}},{"classId":"e_7","part":"s36v1","offsets":[{"start":140,"text":"SAN DIEGO HOUSING COMMISSION"}],"coordinates":[],"confidence":{"state":"pre-added","who":["ml:regex"],"prob":0.5},"fields":{},"normalizations":{}},{"classId":"e_2","part":"s36v1","offsets":[{"start":170,"text":"SUBRECIPIENT PROJECT BUDGET"}],"coordinates":[{"x":"236.16","y":"152.82"},{"x":"453.74","y":"159.60"}],"confidence":{"state":"pre-added","who":["user:SDTEF"],"prob":1},"fields":{},"normalizations":{}},{"classId":"e_4","part":"s36v1","offsets":[{"start":227,"text":"Project Name: TemporaryBridgeShelterfor SingleAdults"}],"coordinates":[{"x":"46.09","y":"201.39"},{"x":"273.90","y":"206.63"}],"confidence":{"state":"pre-added","who":["user:SDTEF"],"prob":1},"fields":{},"normalizations":{}},{"classId":"e_3","part":"s36v1","offsets":[{"start":267,"text":"SingleAdults"}],"coordinates":[{"x":"226.57","y":"201.77"},{"x":"273.90","y":"206.63"}],"confidence":{"state":"pre-added","who":["user:SDTEF"],"prob":1},"fields":{},"normalizations":{}},{"classId":"e_2","part":"s36v1","offsets":[{"start":1307,"text":"TOTALPROJECTBUDGET $\n\n5,317,209.00"}],"coordinates":[{"x":"95.04","y":"594.43"},{"x":"286.02","y":"600.24"}],"confidence":{"state":"pre-added","who":["user:SDTEF"],"prob":1},"fields":{},"normalizations":{}},{"classId":"e_4","part":"s37v1","offsets":[{"start":129,"text":"Temporary Bridge Shelter"}],"coordinates":[],"confidence":{"state":"pre-added","who":["ml:regex"],"prob":0.5},"fields":{},"normalizations":{}},{"classId":"e_1","part":"s37v1","offsets":[{"start":188,"text":"Alpha Project for the Homeless"}],"coordinates":[],"confidence":{"state":"pre-added","who":["ml:regex"],"prob":0.5},"fields":{},"normalizations":{}},{"classId":"e_4","part":"s38v1","offsets":[{"start":128,"text":"Temporary Bridge Shelter"}],"coordinates":[],"confidence":{"state":"pre-added","who":["ml:regex"],"prob":0.5},"fields":{},"normalizations":{}},{"classId":"e_1","part":"s38v1","offsets":[{"start":187,"text":"Alpha Project for the Homeless"}],"coordinates":[],"confidence":{"state":"pre-added","who":["ml:regex"],"prob":0.5},"fields":{},"normalizations":{}},{"classId":"e_4","part":"s39v1","offsets":[{"start":122,"text":"Temporary Bridge Shelter"}],"coordinates":[],"confidence":{"state":"pre-added","who":["ml:regex"],"prob":0.5},"fields":{},"normalizations":{}},{"classId":"e_1","part":"s39v1","offsets":[{"start":181,"text":"Alpha Project for the Homeless"}],"coordinates":[],"confidence":{"state":"pre-added","who":["ml:regex"],"prob":0.5},"fields":{},"normalizations":{}},{"classId":"e_4","part":"s40v1","offsets":[{"start":121,"text":"Temporary Bridge Shelter"}],"coordinates":[],"confidence":{"state":"pre-added","who":["ml:regex"],"prob":0.5},"fields":{},"normalizations":{}},{"classId":"e_1","part":"s40v1","offsets":[{"start":180,"text":"Alpha Project for the Homeless"}],"coordinates":[],"confidence":{"state":"pre-added","who":["ml:regex"],"prob":0.5},"fields":{},"normalizations":{}}],"relations":[]}