{"annotatable":{"parts":["s1v1","s2v1","s3v1","s4v1","s5v1","s6v1","s7v1","s8v1","s9v1","s10v1","s11v1","s12v1","s13v1","s14v1","s15v1","s16v1","s17v1","s18v1","s19v1","s20v1","s21v1","s22v1"]},"anncomplete":true,"sources":[{"name":"ORIG","id":"Copy_of_CDBG_Agreement___Crisis_House_PY17.pdf","url":""}],"metas":{"m_24":{"value":"$5,000","confidence":{"state":"pre-added","who":["user:SDTEF"],"prob":1}},"m_22":{"value":"at risk of homelessness","confidence":{"state":"pre-added","who":["user:SDTEF"],"prob":1}},"m_23":{"value":"city and CDBG funds","confidence":{"state":"pre-added","who":["user:SDTEF"],"prob":1}},"m_21":{"value":"low/moderate income","confidence":{"state":"pre-added","who":["user:SDTEF"],"prob":1}}},"entities":[{"classId":"e_19","part":"s1v1","offsets":[{"start":11,"text":"AN AGREEMENT BETWEEN THE CITY OF SANTEE, CALIFORNIA, AND CRISIS HOUSE FOR USE OF COMMUNITY DEVELOPMENT BLOCK GRANT FUNDS FISCAL YEAR 2017-2018"}],"coordinates":[{"x":"140.80","y":"103.89"},{"x":"364.50","y":"146.50"}],"confidence":{"state":"pre-added","who":["user:SDTEF"],"prob":1},"fields":{},"normalizations":{}},{"classId":"e_7","part":"s1v1","offsets":[{"start":36,"text":"CITY OF SANTEE"}],"coordinates":[],"confidence":{"state":"pre-added","who":["ml:regex"],"prob":0.5},"fields":{},"normalizations":{}},{"classId":"e_1","part":"s1v1","offsets":[{"start":68,"text":"CRISIS HOUSE"}],"coordinates":[],"confidence":{"state":"pre-added","who":["ml:regex"],"prob":0.5},"fields":{},"normalizations":{}},{"classId":"e_7","part":"s1v1","offsets":[{"start":197,"text":"City of Santee"}],"coordinates":[],"confidence":{"state":"pre-added","who":["ml:regex"],"prob":0.5},"fields":{},"normalizations":{}},{"classId":"e_1","part":"s1v1","offsets":[{"start":337,"text":"Crisis House"}],"coordinates":[],"confidence":{"state":"pre-added","who":["ml:regex"],"prob":0.5},"fields":{},"normalizations":{}},{"classId":"e_4","part":"s1v1","offsets":[{"start":790,"text":"SERVICES\n\nThe Subrecipient will be responsible for administering a homeless prevention project in a manner satisfactory to the Grantee and consistent with any standards required as a condition of providing these funds."}],"coordinates":[{"x":"113.10","y":"370.09"},{"x":"280.24","y":"424.50"}],"confidence":{"state":"pre-added","who":["user:SDTEF"],"prob":1},"fields":{},"normalizations":{}},{"classId":"e_4","part":"s1v1","offsets":[{"start":1009,"text":"Such program will include the following activities eligible under the Community Development Block Grant Program"}],"coordinates":[],"confidence":{"state":"","who":["ml:nalaf"],"prob":0.6919666699964906},"fields":{},"normalizations":{}},{"classId":"e_7","part":"s1v1","offsets":[{"start":1079,"text":"Community Development Block Grant"}],"coordinates":[],"confidence":{"state":"","who":["ml:nalaf"],"prob":0.9636509157369183},"fields":{"f_13":{"value":"fed hud","confidence":{"state":"pre-added","who":["user:SDTEF"],"prob":1}}},"normalizations":{}},{"classId":"e_4","part":"s1v1","offsets":[{"start":1126,"text":"Provide client services to meet the strategy of homelessness prevention or intervention through a case management process designed to assist needy people to avoid becoming homeless, or to assist those clients who are working toward becoming self-sufficient to return to mainstream society."}],"coordinates":[],"confidence":{"state":"pre-added","who":["ml:nalaf","user:SDTEF"],"prob":1},"fields":{},"normalizations":{}},{"classId":"e_6","part":"s1v1","offsets":[{"start":1700,"text":"C. Subrecipient shall document performance on a quarterly basis by submittal of a Quarterly Report, attached hereto as Exhibit “B” incorporated herein by reference."}],"coordinates":[],"confidence":{"state":"","who":["ml:nalaf"],"prob":0.9664383561561137},"fields":{},"normalizations":{}},{"classId":"e_3","part":"s1v1","offsets":[{"start":1956,"text":"Agreement will meet one or more of the CDBG program’s National Objectives, which include: 1) benefit low/moderate income persons, 2) aid in the prevention or elimination of slums or blight, 3) meet community development needs having a particular urgency -\n\nas defined in 24 CFR 570.208."}],"coordinates":[],"confidence":{"state":"","who":["ml:nalaf"],"prob":0.7470402189206312},"fields":{},"normalizations":{}},{"classId":"e_6","part":"s1v1","offsets":[{"start":2244,"text":"The Grantee will monitor the performance of the Subrecipient against goals and performance standards requited herein."}],"coordinates":[],"confidence":{"state":"","who":["ml:nalaf"],"prob":0.9547487491141708},"fields":{},"normalizations":{}},{"classId":"e_6","part":"s1v1","offsets":[{"start":2362,"text":"Substandard performance as determined by"}],"coordinates":[],"confidence":{"state":"","who":["ml:nalaf"],"prob":0.9430223922191743},"fields":{},"normalizations":{}},{"classId":"e_6","part":"s2v1","offsets":[{"start":0,"text":"the Grantee will constitute non-compliance with this Agreement."}],"coordinates":[],"confidence":{"state":"","who":["ml:nalaf"],"prob":0.9486980226404275},"fields":{},"normalizations":{}},{"classId":"e_6","part":"s2v1","offsets":[{"start":64,"text":"If action to correct such substandard performance is not taken by the Subrecipient within a reasonable period of time after being notified by the Grantee, contract suspension or termination procedures will be initiated."}],"coordinates":[],"confidence":{"state":"","who":["ml:nalaf"],"prob":0.9812302302812023},"fields":{},"normalizations":{}},{"classId":"e_6","part":"s2v1","offsets":[{"start":285,"text":"2."}],"coordinates":[],"confidence":{"state":"","who":["ml:nalaf"],"prob":0.770271412010882},"fields":{},"normalizations":{}},{"classId":"e_6","part":"s2v1","offsets":[{"start":288,"text":"TERM OF AGREEMENT AND TIME OF PERFORMANCE\n\nServices of the Subrecipient shall start on the 1st day of July 2017 and end on the 30th day of June 2018."}],"coordinates":[],"confidence":{"state":"","who":["ml:nalaf"],"prob":0.887578267721447},"fields":{},"normalizations":{}},{"classId":"e_8","part":"s2v1","offsets":[{"start":288,"text":"TERM OF AGREEMENT AND TIME OF PERFORMANCE\n\nServices of the Subrecipient shall start on the 1st day of July 2017 and end on the 30th day of June 2018."}],"coordinates":[],"confidence":{"state":"","who":["ml:nalaf"],"prob":0.7351684032650135},"fields":{},"normalizations":{}},{"classId":"e_8","part":"s2v1","offsets":[{"start":438,"text":"The term of this Agreement and the provisions herein shall be extended to cover any additional time period"}],"coordinates":[],"confidence":{"state":"","who":["ml:nalaf"],"prob":0.7461507354269353},"fields":{},"normalizations":{}},{"classId":"e_6","part":"s2v1","offsets":[{"start":652,"text":"3."}],"coordinates":[],"confidence":{"state":"","who":["ml:nalaf"],"prob":0.8133452094230098},"fields":{},"normalizations":{}},{"classId":"e_2","part":"s2v1","offsets":[{"start":655,"text":"BUDGET"}],"coordinates":[],"confidence":{"state":"","who":["ml:nalaf"],"prob":0.7493977256264208},"fields":{},"normalizations":{}},{"classId":"e_7","part":"s2v1","offsets":[{"start":663,"text":"CATEGORY\n\nAMOUNT\n\nProgram Administration\n\n$ 5,000\n\nTOTAL EXPENSES $ 5,000"}],"coordinates":[{"x":"153.10","y":"254.16"},{"x":"483.55","y":"298.20"}],"confidence":{"state":"pre-added","who":["user:SDTEF"],"prob":1},"fields":{},"normalizations":{}},{"classId":"e_6","part":"s2v1","offsets":[{"start":1188,"text":"4."}],"coordinates":[],"confidence":{"state":"","who":["ml:nalaf"],"prob":0.8307106393679129},"fields":{},"normalizations":{}},{"classId":"e_2","part":"s2v1","offsets":[{"start":1191,"text":"PAYMENT\n\nIt is expressly agreed and understood that the total amount to be paid by the Grantee under this contract shall not exceed $5,000."}],"coordinates":[],"confidence":{"state":"","who":["ml:nalaf"],"prob":0.7035433206720436},"fields":{},"normalizations":{}},{"classId":"e_7","part":"s3v1","offsets":[{"start":242,"text":"City of Santee"}],"coordinates":[{"x":"127.50","y":"191.89"},{"x":"192.93","y":"197.90"}],"confidence":{"state":"pre-added","who":["user:SDTEF"],"prob":1},"fields":{},"normalizations":{}},{"classId":"e_1","part":"s3v1","offsets":[{"start":258,"text":"Crisis House"}],"coordinates":[{"x":"291.80","y":"192.29"},{"x":"350.83","y":"198.20"}],"confidence":{"state":"pre-added","who":["user:SDTEF"],"prob":1},"fields":{},"normalizations":{}},{"classId":"e_7","part":"s3v1","offsets":[{"start":271,"text":"CDBG Program Administrato"}],"coordinates":[{"x":"127.40","y":"205.79"},{"x":"262.39","y":"211.80"}],"confidence":{"state":"pre-added","who":["user:SDTEF"],"prob":1},"fields":{},"normalizations":{}},{"classId":"e_1","part":"s3v1","offsets":[{"start":298,"text":"Mary Case, Executive Director"}],"coordinates":[{"x":"292.00","y":"206.09"},{"x":"434.32","y":"212.20"}],"confidence":{"state":"pre-added","who":["user:SDTEF"],"prob":1},"fields":{},"normalizations":{}},{"classId":"e_7","part":"s3v1","offsets":[{"start":328,"text":"10601 Magnolia Avenue"}],"coordinates":[{"x":"127.90","y":"219.69"},{"x":"240.45","y":"225.70"}],"confidence":{"state":"pre-added","who":["user:SDTEF"],"prob":1},"fields":{},"normalizations":{}},{"classId":"e_1","part":"s3v1","offsets":[{"start":351,"text":"1034 N. Magnolia Avenue"}],"coordinates":[{"x":"292.30","y":"219.99"},{"x":"412.65","y":"226.00"}],"confidence":{"state":"pre-added","who":["user:SDTEF"],"prob":1},"fields":{},"normalizations":{}},{"classId":"e_7","part":"s3v1","offsets":[{"start":375,"text":"Santee, CA 92071-1266"}],"coordinates":[{"x":"127.20","y":"233.69"},{"x":"239.40","y":"239.50"}],"confidence":{"state":"pre-added","who":["user:SDTEF"],"prob":1},"fields":{},"normalizations":{}},{"classId":"e_1","part":"s3v1","offsets":[{"start":398,"text":"El Cajon, CA 92020"}],"coordinates":[{"x":"291.90","y":"233.79"},{"x":"386.35","y":"239.90"}],"confidence":{"state":"pre-added","who":["user:SDTEF"],"prob":1},"fields":{},"normalizations":{}},{"classId":"e_7","part":"s3v1","offsets":[{"start":417,"text":"(619) 258-4100"}],"coordinates":[{"x":"127.50","y":"247.39"},{"x":"198.41","y":"253.30"}],"confidence":{"state":"pre-added","who":["user:SDTEF"],"prob":1},"fields":{},"normalizations":{}},{"classId":"e_1","part":"s3v1","offsets":[{"start":433,"text":"(619) 444-3132"}],"coordinates":[{"x":"291.70","y":"247.69"},{"x":"362.90","y":"253.60"}],"confidence":{"state":"pre-added","who":["user:SDTEF"],"prob":1},"fields":{},"normalizations":{}},{"classId":"e_7","part":"s3v1","offsets":[{"start":448,"text":"Fax (619) 562-9376"}],"coordinates":[{"x":"127.70","y":"261.39"},{"x":"219.10","y":"267.40"}],"confidence":{"state":"pre-added","who":["user:SDTEF"],"prob":1},"fields":{},"normalizations":{}},{"classId":"e_1","part":"s3v1","offsets":[{"start":468,"text":"Fax: Fax: (619) 444-1422"}],"coordinates":[{"x":"291.80","y":"261.69"},{"x":"410.08","y":"267.60"}],"confidence":{"state":"pre-added","who":["user:SDTEF"],"prob":1},"fields":{},"normalizations":{}},{"classId":"e_7","part":"s3v1","offsets":[{"start":700,"text":"CDBG)"}],"coordinates":[{"x":"186.13","y":"369.19"},{"x":"219.11","y":"375.10"}],"confidence":{"state":"pre-added","who":["user:SDTEF"],"prob":1},"fields":{},"normalizations":{}},{"classId":"e_6","part":"s3v1","offsets":[{"start":1022,"text":"B."}],"coordinates":[],"confidence":{"state":"pre-removed","who":["ml:nalaf","ml:regex"],"prob":0.5},"fields":{},"normalizations":{}},{"classId":"e_7","part":"s5v1","offsets":[{"start":2066,"text":"City of Santee"}],"coordinates":[],"confidence":{"state":"pre-added","who":["ml:regex"],"prob":0.5},"fields":{},"normalizations":{}},{"classId":"e_6","part":"s6v1","offsets":[{"start":137,"text":"B."}],"coordinates":[],"confidence":{"state":"pre-removed","who":["ml:nalaf","ml:regex"],"prob":0.5},"fields":{},"normalizations":{}},{"classId":"e_8","part":"s9v1","offsets":[{"start":2012,"text":"expiration of the five-year period, then such records must be retained until completion of the action and resolution of all issues, or the expiration of the five-year period, whichever occurs later."}],"coordinates":[],"confidence":{"state":"","who":["ml:nalaf"],"prob":0.8505241696665155},"fields":{},"normalizations":{}},{"classId":"e_2","part":"s12v1","offsets":[{"start":324,"text":"(24 CFR 570.502.)"}],"coordinates":[],"confidence":{"state":"pre-removed","who":["ml:nalaf","ml:regex"],"prob":0.5},"fields":{},"normalizations":{}},{"classId":"e_6","part":"s12v1","offsets":[{"start":324,"text":"(24 CFR 570.502.)"}],"coordinates":[],"confidence":{"state":"pre-removed","who":["ml:nalaf","ml:regex"],"prob":0.5},"fields":{},"normalizations":{}},{"classId":"e_6","part":"s12v1","offsets":[{"start":508,"text":"10."}],"coordinates":[],"confidence":{"state":"","who":["ml:nalaf"],"prob":0.43207816303408536},"fields":{},"normalizations":{}},{"classId":"e_6","part":"s12v1","offsets":[{"start":1505,"text":"11."}],"coordinates":[],"confidence":{"state":"","who":["ml:nalaf"],"prob":0.4313370710094102},"fields":{},"normalizations":{}},{"classId":"e_6","part":"s13v1","offsets":[{"start":1680,"text":"B."}],"coordinates":[],"confidence":{"state":"pre-removed","who":["ml:nalaf","ml:regex"],"prob":0.5},"fields":{},"normalizations":{}},{"classId":"e_6","part":"s17v1","offsets":[{"start":209,"text":"12."}],"coordinates":[],"confidence":{"state":"","who":["ml:nalaf"],"prob":0.47352721530095027},"fields":{},"normalizations":{}},{"classId":"e_6","part":"s17v1","offsets":[{"start":1048,"text":"B."}],"coordinates":[],"confidence":{"state":"pre-removed","who":["ml:nalaf","ml:regex"],"prob":0.5},"fields":{},"normalizations":{}},{"classId":"e_8","part":"s19v1","offsets":[{"start":46,"text":"July 1, 2017 through June 30, 2018"}],"coordinates":[],"confidence":{"state":"","who":["ml:nalaf"],"prob":0.8184030557610459},"fields":{},"normalizations":{}},{"classId":"e_1","part":"s19v1","offsets":[{"start":101,"text":"CRISIS HOUSE 1034 N. Magnolia Avenue El Cajon, CA 92020"}],"coordinates":[{"x":"221.20","y":"194.39"},{"x":"315.60","y":"224.60"}],"confidence":{"state":"pre-added","who":["user:SDTEF"],"prob":1},"fields":{},"normalizations":{}},{"classId":"e_1","part":"s19v1","offsets":[{"start":158,"text":"CONTACT PERSON: Mary Case"}],"coordinates":[{"x":"78.40","y":"242.99"},{"x":"271.21","y":"249.10"}],"confidence":{"state":"pre-added","who":["user:SDTEF"],"prob":1},"fields":{},"normalizations":{}},{"classId":"e_1","part":"s19v1","offsets":[{"start":185,"text":"PHONE:\n\n(619) 444-3132"}],"coordinates":[{"x":"78.80","y":"264.79"},{"x":"292.28","y":"270.80"}],"confidence":{"state":"pre-added","who":["user:SDTEF"],"prob":1},"fields":{},"normalizations":{}},{"classId":"e_1","part":"s19v1","offsets":[{"start":209,"text":"FAX:\n\nFax: Fax: (619) 444-1422"}],"coordinates":[{"x":"78.90","y":"286.69"},{"x":"339.40","y":"292.50"}],"confidence":{"state":"pre-added","who":["user:SDTEF"],"prob":1},"fields":{},"normalizations":{}},{"classId":"e_6","part":"s19v1","offsets":[{"start":241,"text":"PROJECT GOALS, OBJECTIVES AND"}],"coordinates":[{"x":"78.70","y":"320.59"},{"x":"262.96","y":"326.60"}],"confidence":{"state":"pre-added","who":["user:SDTEF"],"prob":1},"fields":{},"normalizations":{}},{"classId":"e_6","part":"s19v1","offsets":[{"start":271,"text":"PERFORMANCE MEASURES:\n\nSubrecipient agrees to provide the following services to City:\n\n1."}],"coordinates":[],"confidence":{"state":"","who":["ml:nalaf"],"prob":0.8044635652286},"fields":{},"normalizations":{}},{"classId":"e_4","part":"s19v1","offsets":[{"start":653,"text":"2."}],"coordinates":[],"confidence":{"state":"pre-removed","who":["ml:nalaf","ml:regex"],"prob":0.5},"fields":{},"normalizations":{}},{"classId":"e_6","part":"s19v1","offsets":[{"start":653,"text":"2."}],"coordinates":[],"confidence":{"state":"","who":["ml:nalaf"],"prob":0.770271412010882},"fields":{},"normalizations":{}},{"classId":"e_5","part":"s19v1","offsets":[{"start":860,"text":"The CDBG Program Administrator may approve an alternative schedule for the submission of performance and demographic data as warranted by the nature of the activity performed."}],"coordinates":[],"confidence":{"state":"","who":["ml:nalaf"],"prob":0.7357157487511976},"fields":{},"normalizations":{}},{"classId":"e_6","part":"s19v1","offsets":[{"start":860,"text":"The CDBG Program Administrator may approve an alternative schedule for the submission of performance and demographic data as warranted by the nature of the activity performed."}],"coordinates":[],"confidence":{"state":"","who":["ml:nalaf"],"prob":0.9660197695197975},"fields":{},"normalizations":{}},{"classId":"e_6","part":"s19v1","offsets":[{"start":1037,"text":"3."}],"coordinates":[],"confidence":{"state":"","who":["ml:nalaf"],"prob":0.8133452094230098},"fields":{},"normalizations":{}},{"classId":"e_5","part":"s19v1","offsets":[{"start":1040,"text":"Provide a Final Evaluation Report of program’s success meeting established goals."}],"coordinates":[],"confidence":{"state":"","who":["ml:nalaf"],"prob":0.7374922618185753},"fields":{},"normalizations":{}},{"classId":"e_6","part":"s19v1","offsets":[{"start":1040,"text":"Provide a Final Evaluation Report of program’s success meeting established goals."}],"coordinates":[],"confidence":{"state":"","who":["ml:nalaf"],"prob":0.9593940083095472},"fields":{},"normalizations":{}},{"classId":"e_6","part":"s19v1","offsets":[{"start":1123,"text":"4."}],"coordinates":[],"confidence":{"state":"","who":["ml:nalaf"],"prob":0.8307106393679129},"fields":{},"normalizations":{}},{"classId":"e_6","part":"s19v1","offsets":[{"start":1126,"text":"Provide notification to Grantee of any audits or investigations including results, findings, and/or liens."}],"coordinates":[],"confidence":{"state":"","who":["ml:nalaf"],"prob":0.9539931479781262},"fields":{},"normalizations":{}},{"classId":"e_6","part":"s20v1","offsets":[{"start":995,"text":"0.8."}],"coordinates":[],"confidence":{"state":"","who":["ml:nalaf"],"prob":0.8735208574771977},"fields":{},"normalizations":{}},{"classId":"e_6","part":"s21v1","offsets":[{"start":544,"text":"B."}],"coordinates":[],"confidence":{"state":"pre-removed","who":["ml:nalaf","ml:regex"],"prob":0.5},"fields":{},"normalizations":{}},{"classId":"e_6","part":"s21v1","offsets":[{"start":871,"text":"C. The contractor agrees to send each labor organization or representative of workers with which the contractor has a collective bargaining agreement or other understanding, if any, a notice advising the labor organization or workers’ representative of the contractor’s commitments under this Section 3 clause, and will post copies of the notice in conspicuous places at the work site where both employees and applicants for training and employment positions can see the notice."}],"coordinates":[],"confidence":{"state":"","who":["ml:nalaf"],"prob":0.9894055448941628},"fields":{},"normalizations":{}},{"classId":"e_6","part":"s21v1","offsets":[{"start":1350,"text":"The notice shall describe the Section 3 preference, shall set forth minimum number and job titles subject to hire, availability of apprenticeship and training positions, the qualifications for each; and the name and location of the person(s) taking applications for each of the positions; and the anticipated date the work shall begin."}],"coordinates":[],"confidence":{"state":"","who":["ml:nalaf"],"prob":0.9837475721539536},"fields":{},"normalizations":{}},{"classId":"e_6","part":"s21v1","offsets":[{"start":3015,"text":"450e) also applies to the work to be performed under this contract."}],"coordinates":[],"confidence":{"state":"","who":["ml:nalaf"],"prob":0.9295629672088559},"fields":{},"normalizations":{}},{"classId":"e_6","part":"s21v1","offsets":[{"start":3083,"text":"Section 7(b) requires that to the greatest extent feasible (i) preference and opportunities for training and employment subcontracts shall be given to Indians, and (ii) preference in the award of contracts and subcontracts shall be given to Indian organizations and"}],"coordinates":[],"confidence":{"state":"","who":["ml:nalaf"],"prob":0.9820204397871609},"fields":{},"normalizations":{}},{"classId":"e_6","part":"s22v1","offsets":[{"start":0,"text":"Indian-owned Economic Enterprises."}],"coordinates":[],"confidence":{"state":"","who":["ml:nalaf"],"prob":0.822792792093281},"fields":{},"normalizations":{}}],"relations":[]}