{"annotatable":{"parts":["s1v1","s2v1","s3v1","s4v1","s5v1","s6v1","s7v1","s8v1","s9v1","s10v1","s11v1","s12v1","s13v1","s14v1","s15v1","s16v1","s17v1","s18v1","s19v1","s20v1","s21v1","s22v1","s23v1","s24v1","s25v1","s26v1","s27v1","s28v1","s29v1"]},"anncomplete":true,"sources":[],"metas":{"m_21":{"value":"LMI","confidence":{"state":"pre-added","who":["user:SDTEF"],"prob":1}},"m_23":{"value":"city and CDBG funds","confidence":{"state":"pre-added","who":["user:SDTEF"],"prob":1}},"m_24":{"value":"$213,243","confidence":{"state":"pre-added","who":["user:SDTEF"],"prob":1}},"m_22":{"value":"rental assistance ","confidence":{"state":"pre-added","who":["user:SDTEF"],"prob":1}}},"entities":[{"classId":"e_19","part":"s1v1","offsets":[{"start":58,"text":"CONSULTANTSERVICESAGREEMENTNO. 6446 BETWEENCITYOFSANMARCOSANO NORTHCOUNTYLIFELINE,INC"}],"coordinates":[{"x":"194.88","y":"76.48"},{"x":"378.04","y":"110.40"}],"confidence":{"state":"pre-added","who":["user:SDTEF"],"prob":1},"fields":{},"normalizations":{}},{"classId":"e_7","part":"s1v1","offsets":[{"start":101,"text":"CITYOFSANMARCOS"}],"coordinates":[{"x":"268.33","y":"90.41"},{"x":"374.62","y":"96.48"}],"confidence":{"state":"pre-added","who":["user:SDTEF"],"prob":1},"fields":{},"normalizations":{}},{"classId":"e_1","part":"s1v1","offsets":[{"start":120,"text":"NORTHCOUNTYLIFELINE,INC"}],"coordinates":[{"x":"231.85","y":"104.33"},{"x":"378.04","y":"110.40"}],"confidence":{"state":"pre-added","who":["user:SDTEF"],"prob":1},"fields":{},"normalizations":{}},{"classId":"e_4","part":"s1v1","offsets":[{"start":165,"text":"COVID-19 Rental Assistance Program"}],"coordinates":[{"x":"179.04","y":"131.98"},{"x":"362.34","y":"137.76"}],"confidence":{"state":"pre-added","who":["user:SDTEF"],"prob":1},"fields":{},"normalizations":{}},{"classId":"e_7","part":"s1v1","offsets":[{"start":316,"text":"CITYof San Marcos"}],"coordinates":[{"x":"450.24","y":"145.89"},{"x":"537.74","y":"151.67"}],"confidence":{"state":"pre-added","who":["user:SDTEF"],"prob":1},"fields":{},"normalizations":{}},{"classId":"e_1","part":"s1v1","offsets":[{"start":383,"text":"North County Lifeline, Inc."}],"coordinates":[{"x":"304.80","y":"159.82"},{"x":"429.41","y":"165.60"}],"confidence":{"state":"pre-added","who":["user:SDTEF"],"prob":1},"fields":{},"normalizations":{}},{"classId":"e_7","part":"s1v1","offsets":[{"start":615,"text":"perform Community Grant Development Block Grant (CDBG)Program"}],"coordinates":[{"x":"410.40","y":"228.94"},{"x":"264.91","y":"248.64"}],"confidence":{"state":"pre-added","who":["user:SDTEF"],"prob":1},"fields":{},"normalizations":{}},{"classId":"e_3","part":"s1v1","offsets":[{"start":1016,"text":"low-income and moderate-income persons impacted by COVID-19"}],"coordinates":[{"x":"176.17","y":"339.82"},{"x":"481.48","y":"345.60"}],"confidence":{"state":"pre-added","who":["user:SDTEF"],"prob":1},"fields":{},"normalizations":{}},{"classId":"e_7","part":"s2v1","offsets":[{"start":532,"text":"Community Development Block Grant (CDBG)Funds"}],"coordinates":[{"x":"88.32","y":"201.16"},{"x":"323.68","y":"206.88"}],"confidence":{"state":"pre-added","who":["user:SDTEF"],"prob":1},"fields":{},"normalizations":{}},{"classId":"e_2","part":"s2v1","offsets":[{"start":625,"text":"Compensation and Reimbursement\n\nCITYshall reimburse and compensate CONSULTANT in accordance with their rate sheet, attached hereto as Exhibit \"C\", FeeSchedule, incorporated by reference and contingent upon the availability of funds from which payment for contract purposes can be made.\n\nFor the term of this Agreement, CITYwill reimburse and compensate CONSULTANTa i:gjNot to Exceed amount of two hundred thirteen thousand two hundred forty-three dollars and 00/100 ($213,243.00), unless amended."}],"coordinates":[{"x":"108.48","y":"228.83"},{"x":"148.18","y":"345.60"}],"confidence":{"state":"pre-added","who":["user:SDTEF"],"prob":1},"fields":{},"normalizations":{}},{"classId":"e_8","part":"s2v1","offsets":[{"start":2062,"text":"Term of Agreement\n\nThe term of this Agreement (\"Term\") shall be effective on the 15th day of September, 2020 and shall automatically continue in full force and effect for a period of one year, with one, one-year Option to Renew by mutually agreed upon written amendment executed by CITYand CONSULTANTor unless sooner terminated as provided in Termination Section of this Agreement, below."}],"coordinates":[{"x":"108.00","y":"533.15"},{"x":"438.06","y":"608.15"}],"confidence":{"state":"pre-added","who":["user:SDTEF"],"prob":1},"fields":{},"normalizations":{}},{"classId":"e_7","part":"s8v1","offsets":[{"start":1918,"text":"CITYof San Marcos"}],"coordinates":[],"confidence":{"state":"pre-added","who":["ml:regex"],"prob":0.5},"fields":{},"normalizations":{}},{"classId":"e_7","part":"s8v1","offsets":[{"start":2601,"text":"CITYof San Marcos"}],"coordinates":[],"confidence":{"state":"pre-added","who":["ml:regex"],"prob":0.5},"fields":{},"normalizations":{}},{"classId":"e_7","part":"s9v1","offsets":[{"start":2469,"text":"CITYof San Marcos"}],"coordinates":[],"confidence":{"state":"pre-added","who":["ml:regex"],"prob":0.5},"fields":{},"normalizations":{}},{"classId":"e_7","part":"s11v1","offsets":[{"start":2053,"text":"City of San Marcos Finance Department 1 Civic Center Drive San Marcos, CA 92069-2918 Phone: (760) 744-1050"}],"coordinates":[{"x":"216.49","y":"506.86"},{"x":"318.25","y":"567.84"}],"confidence":{"state":"pre-added","who":["user:SDTEF"],"prob":1},"fields":{},"normalizations":{}},{"classId":"e_1","part":"s11v1","offsets":[{"start":2161,"text":"North County Lifeline, Inc."}],"coordinates":[],"confidence":{"state":"pre-added","who":["ml:regex"],"prob":0.5},"fields":{},"normalizations":{}},{"classId":"e_1","part":"s11v1","offsets":[{"start":2189,"text":"Attn: Donald Stump 3142 Vista Way, Suite 400 Oceanside, CA92056 Phone: 760-842-6250 dstump@nclifeline.org"}],"coordinates":[{"x":"216.00","y":"603.34"},{"x":"315.56","y":"664.80"}],"confidence":{"state":"pre-added","who":["user:SDTEF"],"prob":1},"fields":{},"normalizations":{}},{"classId":"e_1","part":"s14v1","offsets":[{"start":563,"text":"North County Lifeline, Inc."}],"coordinates":[],"confidence":{"state":"pre-added","who":["ml:regex"],"prob":0.5},"fields":{},"normalizations":{}},{"classId":"e_4","part":"s15v1","offsets":[{"start":82,"text":"Overview Consultant shall implement and administer the COVID-19Rental Assistance Program {Program) for the City of San Marcos, CA.The purpose of the Program is to mitigate and assist qualified low-income residents to maintain housing stability as a result of the COVID-19pandemic. The Program is intended to assist qualified residents who are suffering from a temporary financial setback due to the COVID-19 public health emergency to make rent payments.\n\nThe CITYis awarding two separate contracts to administer the Program. CONSULTANTis responsible to coordinate with the other program administrator to verify that one household does not receive duplicate Program services"}],"coordinates":[{"x":"72.48","y":"104.39"},{"x":"196.52","y":"234.72"}],"confidence":{"state":"pre-added","who":["user:SDTEF"],"prob":1},"fields":{},"normalizations":{}},{"classId":"e_6","part":"s15v1","offsets":[{"start":759,"text":"Scopeof Services Program Administrator shall manage the application, verification, payment and reporting for the Program as follows: • Determine program eligibility and complete intake documentation required by the Department of Housing and Urban Development {HUD) for CDBG-CVfunds. • Provide technical assistance to individuals applying for rental assistance. • Distribute residential rental assistance payments. Payments will be made in the form of grants payable to the landlord. Up to a maximum of $5,000per household, for up to three months of past due, partial or full rent. • Assessingeligibility and amount of assistance required based on evaluation of family or individual's financial need. • Prepare, distribute and process Program application forms, surveys and reporting materials. • Provide outreach and circulate information of the availability of the Program in coordination with the CITY. • Verify details of the rental assistance program applications, including but not limited to: 1. Household size and income; 2. Most recent rental payment made immediately preceding emergency date; 3. Documented need for COVID-19Rental Assistance Program: Lossof income due to COVID-19;and 4. Tenant and Landlord self-certification (under penalty of perjury) that they are not receiving any other form of rental assistance. • Verify grant payment requirements with landlord: 1. Validity of lease between tenant and landlord; 2. Obtain a Landlord affidavit affirming the program terms; 3. Create template letters to tenant applicants confirming or denying rental assistance program grant payment; and 4. Issue rental assistance payments directly to the landlord and send an invoice to the CITY"}],"coordinates":[{"x":"72.48","y":"256.07"},{"x":"167.27","y":"659.51"}],"confidence":{"state":"pre-added","who":["user:SDTEF"],"prob":1},"fields":{},"normalizations":{}},{"classId":"e_7","part":"s16v1","offsets":[{"start":699,"text":"CITYof San Marcos"}],"coordinates":[],"confidence":{"state":"pre-added","who":["ml:regex"],"prob":0.5},"fields":{},"normalizations":{}},{"classId":"e_2","part":"s18v1","offsets":[{"start":70,"text":"FEESCHEDULE"}],"coordinates":[{"x":"270.73","y":"90.95"},{"x":"341.55","y":"96.48"}],"confidence":{"state":"pre-added","who":["user:SDTEF"],"prob":1},"fields":{},"normalizations":{}},{"classId":"e_2","part":"s18v1","offsets":[{"start":377,"text":"NOT-TO-EXCEED TOTALPROGRAM COSTS\n\n$213,243.00"}],"coordinates":[{"x":"118.56","y":"243.11"},{"x":"527.18","y":"248.64"}],"confidence":{"state":"pre-added","who":["user:SDTEF"],"prob":1},"fields":{},"normalizations":{}},{"classId":"e_7","part":"s19v1","offsets":[{"start":89,"text":"COMMUNITY DEVELOPMENT BLOCKGRANT (CDBG)"}],"coordinates":[{"x":"202.57","y":"118.19"},{"x":"446.14","y":"123.84"}],"confidence":{"state":"pre-added","who":["user:SDTEF"],"prob":1},"fields":{},"normalizations":{}},{"classId":"e_7","part":"s19v1","offsets":[{"start":250,"text":"Community Development Block Grant (CDBG)funds"}],"coordinates":[],"confidence":{"state":"pre-added","who":["ml:regex"],"prob":0.5},"fields":{},"normalizations":{}},{"classId":"e_1","part":"s22v1","offsets":[{"start":2380,"text":"North County Lifeline, Inc."}],"coordinates":[],"confidence":{"state":"pre-added","who":["ml:regex"],"prob":0.5},"fields":{},"normalizations":{}},{"classId":"e_1","part":"s26v1","offsets":[{"start":134,"text":"N~o_rt_h_C~o~un_ty~L_ife_·l_in_e~,I_n"}],"coordinates":[{"x":"211.68","y":"99.31"},{"x":"324.43","y":"105.11"}],"confidence":{"state":"pre-added","who":["user:SDTEF"],"prob":1},"fields":{},"normalizations":{}},{"classId":"e_1","part":"s26v1","offsets":[{"start":1967,"text":"North County Lifeline, Inc."}],"coordinates":[],"confidence":{"state":"pre-added","who":["ml:regex"],"prob":0.5},"fields":{},"normalizations":{}},{"classId":"e_1","part":"s27v1","offsets":[{"start":724,"text":"North County Lifeline, Inc."}],"coordinates":[],"confidence":{"state":"pre-added","who":["ml:regex"],"prob":0.5},"fields":{},"normalizations":{}}],"relations":[]}