{"annotatable":{"parts":["s1v1","s2v1","s3v1","s4v1","s5v1","s6v1","s7v1","s8v1","s9v1","s10v1","s11v1","s12v1","s13v1","s14v1","s15v1","s16v1","s17v1","s18v1","s19v1","s20v1","s21v1","s22v1","s23v1","s24v1","s25v1","s26v1","s27v1","s28v1","s29v1","s30v1","s31v1","s32v1","s33v1","s34v1","s35v1","s36v1","s37v1","s38v1","s39v1","s40v1","s41v1","s42v1","s43v1","s44v1","s45v1","s46v1","s47v1","s48v1","s49v1","s50v1"]},"anncomplete":true,"sources":[{"name":"ORIG","id":"HHI_18_18.2_SCC_1__MHS_.pdf","url":""}],"metas":{"m_20":{"value":"individuals and families","confidence":{"state":"pre-added","who":["user:SDTEF"],"prob":1}},"m_24":{"value":"$1,249,942.00","confidence":{"state":"pre-added","who":["user:SDTEF"],"prob":1}},"m_23":{"value":"city and HHAP","confidence":{"state":"pre-added","who":["user:SDTEF"],"prob":1}},"m_22":{"value":"transitional storage center","confidence":{"state":"pre-added","who":["user:SDTEF"],"prob":1}}},"entities":[{"classId":"e_19","part":"s1v1","offsets":[{"start":5,"text":"EXERCISE OF SECOND OPTION AND FOURTH AMENDMENT TO \n\nSAN DIEGOHOUSING COMMISSION AGREEMENT \n\nFOR \n\nTRANSITIONAL STORAGE CENTER\n\nWITH\n\nMENTAL HEALTH SYSTEMS, INC.\n\nAGREEMENT NO. HHI-18-18.2"}],"coordinates":[{"x":"113.90","y":"77.94"},{"x":"387.43","y":"208.82"}],"confidence":{"state":"pre-added","who":["user:SDTEF"],"prob":1},"fields":{},"normalizations":{}},{"classId":"e_7","part":"s1v1","offsets":[{"start":57,"text":"SAN DIEGOHOUSING COMMISSION"}],"coordinates":[{"x":"153.02","y":"97.86"},{"x":"360.76","y":"103.22"}],"confidence":{"state":"pre-added","who":["user:SDTEF"],"prob":1},"fields":{},"normalizations":{}},{"classId":"e_4","part":"s1v1","offsets":[{"start":103,"text":"TRANSITIONAL STORAGE CENTER"}],"coordinates":[{"x":"203.90","y":"137.70"},{"x":"408.28","y":"143.06"}],"confidence":{"state":"pre-added","who":["user:SDTEF"],"prob":1},"fields":{},"normalizations":{}},{"classId":"e_1","part":"s1v1","offsets":[{"start":138,"text":"MENTAL HEALTH SYSTEMS, INC."}],"coordinates":[{"x":"207.38","y":"177.54"},{"x":"404.56","y":"182.90"}],"confidence":{"state":"pre-added","who":["user:SDTEF"],"prob":1},"fields":{},"normalizations":{}},{"classId":"e_1","part":"s1v1","offsets":[{"start":257,"text":"Mental Health Systems, Inc."}],"coordinates":[],"confidence":{"state":"pre-added","who":["ml:regex"],"prob":0.5},"fields":{},"normalizations":{}},{"classId":"e_4","part":"s1v1","offsets":[{"start":340,"text":"Transitional Storage Center"}],"coordinates":[],"confidence":{"state":"pre-added","who":["ml:regex"],"prob":0.5},"fields":{},"normalizations":{}},{"classId":"e_4","part":"s1v1","offsets":[{"start":952,"text":"Transitional Storage Center"}],"coordinates":[],"confidence":{"state":"pre-added","who":["ml:regex"],"prob":0.5},"fields":{},"normalizations":{}},{"classId":"e_8","part":"s1v1","offsets":[{"start":1902,"text":"Term of Second Option Period. The Commission hereby exercises the Second of Two one- year options contained in Section 103 of the Agreement. The term of the option period shall commence effective July 1, 2020 and continue through June 30, 2021."}],"coordinates":[{"x":"108.02","y":"704.35"},{"x":"436.39","y":"737.64"}],"confidence":{"state":"pre-added","who":["user:SDTEF"],"prob":1},"fields":{},"normalizations":{}},{"classId":"e_2","part":"s2v1","offsets":[{"start":10,"text":"Compensation during Second Option Period. The total compensation for all services performed and/or materials and goods supplied pursuant to the Agreement during the First Option period shall not exceed ONE MILLION TWO HUNDRED FORTY NINE THOUSAND NINE HUNDRED FORTY TWO AND NO/100 DOLLARS ($1,249,942.00). All services performed and/or materials and goods supplied pursuant to the Agreement shall be on the same terms and conditions as set forth in the Agreement."}],"coordinates":[{"x":"108.02","y":"91.53"},{"x":"499.15","y":"166.58"}],"confidence":{"state":"pre-added","who":["user:SDTEF"],"prob":1},"fields":{},"normalizations":{}},{"classId":"e_1","part":"s3v1","offsets":[{"start":186,"text":"MENTAL HEALTH SYSTEMS, INC."}],"coordinates":[],"confidence":{"state":"pre-added","who":["ml:regex"],"prob":0.5},"fields":{},"normalizations":{}},{"classId":"e_4","part":"s4v1","offsets":[{"start":138,"text":"Transitional Storage Center"}],"coordinates":[],"confidence":{"state":"pre-added","who":["ml:regex"],"prob":0.5},"fields":{},"normalizations":{}},{"classId":"e_5","part":"s4v1","offsets":[{"start":268,"text":"PROGRAM SITE LOCATION \n\nContractor shall manage the Facility located at 116 South 20th Street, San Diego, California 92113 (“Premises”).  During the term of the contract the Facility must be available to Clients Monday through Friday from 7:00am to 7:00pm, Saturday and Sunday from 8:00am to 11:00am. Hours of operation must be posted at the entrance to the Premises.  The hours of operation are subject to change at the sole discretion of the Commission, and as based upon Client need. Contractor will be compensated accordingly for any changes in hours of operation"}],"coordinates":[{"x":"86.54","y":"219.21"},{"x":"367.85","y":"321.77"}],"confidence":{"state":"pre-added","who":["user:SDTEF"],"prob":1},"fields":{},"normalizations":{}},{"classId":"e_4","part":"s4v1","offsets":[{"start":842,"text":"PROGRAM DESCRIPTION"}],"coordinates":[{"x":"83.66","y":"344.49"},{"x":"230.80","y":"349.85"}],"confidence":{"state":"pre-added","who":["user:SDTEF"],"prob":1},"fields":{},"normalizations":{}},{"classId":"e_4","part":"s4v1","offsets":[{"start":866,"text":"he purpose of this Facility is to have secure, protected space for Clients in the City of San Diego (“City”) to store their personal belongings on an ongoing basis, and have access to their belongings during hours of operation. Each Client of the Facility will have access to one storage container free of charge. \n\nStaff operating the Facility will provide Clients with access to their belongings in a staging area under supervision.  Facility staff will need to develop a system for intake of Clients and inventory of their belongings to provide secure storage and access to those belongings while they are stored at the Facility.   \n\nContractor is responsible for administering 500 lockable large rolling storage containers located on the floor. Contractor is responsible for the safety and security of the storage containers and the contents thereof.  Contractor uses appropriate protocol and procedures for placement and retrieval of client belongings. The Commission reserves the right to retain all items purchased under the Agreement including, but not limited to, lockable storage containers, at the conclusion of the Facility’s operations. \n\nOperation also requires reporting of basic outcomes: number of daily use by Clients, total number of people served, and number and percent of storage containers used"}],"coordinates":[{"x":"79.22","y":"372.02"},{"x":"392.06","y":"628.06"}],"confidence":{"state":"pre-added","who":["user:SDTEF"],"prob":1},"fields":{},"normalizations":{}},{"classId":"e_3","part":"s4v1","offsets":[{"start":2296,"text":"Target population  \n\nThe Facility’s target population consists of individuals and families experiencing"}],"coordinates":[{"x":"108.02","y":"700.60"},{"x":"540.09","y":"733.56"}],"confidence":{"state":"pre-added","who":["user:SDTEF"],"prob":1},"fields":{},"normalizations":{}},{"classId":"e_3","part":"s5v1","offsets":[{"start":5,"text":"homelessness residing in the City"}],"coordinates":[{"x":"108.02","y":"77.61"},{"x":"268.53","y":"83.06"}],"confidence":{"state":"pre-added","who":["user:SDTEF"],"prob":1},"fields":{},"normalizations":{}},{"classId":"e_6","part":"s12v1","offsets":[{"start":2158,"text":"PROGRAM OUTCOMES  a. The Contractor agrees to enter all HUD universal data elements (UDEs) and program- specific data elements (PSDEs), as applicable, into the RTFH-approved HMIS for data"}],"coordinates":[{"x":"84.02","y":"684.28"},{"x":"540.05","y":"732.24"}],"confidence":{"state":"pre-added","who":["user:SDTEF"],"prob":1},"fields":{},"normalizations":{}},{"classId":"e_6","part":"s13v1","offsets":[{"start":6,"text":"collection and analytics.  All Facility progress will be documented to the Commission through monthly and term-end reports in a form and format determined by the\n\nCommission in consultation with the City. Delays in responding to inquiries from the\n\nCommission regarding monthly and term-end reports may result in an action of noncompliance. b. If stated benchmarks are not met, Contractor may be required to submit a performance improvement plan in a form and format determined by the Commission. c. In order to ensure reporting of trends, demographics and other potentially edifying information which can help the Commission and the City of San Diego tailor the City’s homeless crisis response system programming, the Commission may require Contractor to conduct and/or carry out data tracking beyond the standard metrics detailed in the\n\nScope of Work and the monthly Data Collection Tools. All such request will be made to the Contractor in writing. The Commission’s staff will make every effort to ensure that\n\nContractor is supported in its ability to perform this work.  d. For the Agreement term, the Contractor will ensure the following primary program outputs and standards:"}],"coordinates":[{"x":"108.02","y":"77.61"},{"x":"215.28","y":"332.21"}],"confidence":{"state":"pre-added","who":["user:SDTEF"],"prob":1},"fields":{},"normalizations":{}},{"classId":"e_6","part":"s13v1","offsets":[{"start":1242,"text":"Efficient Number of Persons Served Persons Served\n\n500"}],"coordinates":[{"x":"72.02","y":"396.62"},{"x":"387.07","y":"409.03"}],"confidence":{"state":"pre-added","who":["user:SDTEF"],"prob":1},"fields":{},"normalizations":{}},{"classId":"e_2","part":"s22v1","offsets":[{"start":872,"text":"TOTAL PROJECT BUDGET  $           1,249,942.00"}],"coordinates":[{"x":"164.66","y":"363.20"},{"x":"462.81","y":"368.83"}],"confidence":{"state":"pre-added","who":["user:SDTEF"],"prob":1},"fields":{},"normalizations":{}}],"relations":[]}