{"annotatable":{"parts":["s1v1","s2v1"]},"anncomplete":true,"sources":[{"name":"ORIG","id":"First_Amended_Revenue_Agreement_signed_4_10_2019.pdf","url":""}],"metas":{"m_21":{"value":"substance use disorder","confidence":{"state":"pre-added","who":["user:SDTEF"],"prob":1}},"m_24":{"value":"$125,000 (2016-2020); $92,466 (2019)","confidence":{"state":"pre-added","who":["user:SDTEF"],"prob":1}},"m_23":{"value":"city and county","confidence":{"state":"pre-added","who":["user:SDTEF"],"prob":1}},"m_22":{"value":"inebriate sobering services","confidence":{"state":"pre-added","who":["user:SDTEF"],"prob":1}}},"entities":[{"classId":"e_5","part":"s1v1","offsets":[{"start":0,"text":"COUNTYOF"}],"coordinates":[],"confidence":{"state":"","who":["ml:nalaf"],"prob":0.7539792834805383},"fields":{},"normalizations":{}},{"classId":"e_19","part":"s1v1","offsets":[{"start":77,"text":"FIRST AMENDMENT TO REVENUE AGREEMENT BETWEEN THE CITY OF SAN DIEGO AND THE COUNTY OF SAN DIEGO FOR INEBRIATE SOBERING SERVICES"}],"coordinates":[{"x":"242.65","y":"118.13"},{"x":"483.17","y":"149.76"}],"confidence":{"state":"pre-added","who":["user:SDTEF"],"prob":1},"fields":{},"normalizations":{}},{"classId":"e_7","part":"s1v1","offsets":[{"start":126,"text":"CITY OF SAN DIEGO"}],"coordinates":[],"confidence":{"state":"","who":["ml:nalaf"],"prob":0.7636543192253725},"fields":{},"normalizations":{}},{"classId":"e_7","part":"s1v1","offsets":[{"start":152,"text":"COUNTY OF SAN DIEGO"}],"coordinates":[],"confidence":{"state":"","who":["ml:nalaf"],"prob":0.6845636150481892},"fields":{},"normalizations":{}},{"classId":"e_4","part":"s1v1","offsets":[{"start":176,"text":"INEBRIATE SOBERING SERVICES"}],"coordinates":[{"x":"306.96","y":"143.57"},{"x":"483.17","y":"149.76"}],"confidence":{"state":"pre-added","who":["user:SDTEF"],"prob":1},"fields":{},"normalizations":{}},{"classId":"e_7","part":"s1v1","offsets":[{"start":266,"text":"City of San Diego"}],"coordinates":[],"confidence":{"state":"","who":["ml:nalaf"],"prob":0.7585885374761354},"fields":{},"normalizations":{}},{"classId":"e_7","part":"s1v1","offsets":[{"start":353,"text":"County of San Diego"}],"coordinates":[],"confidence":{"state":"","who":["ml:nalaf"],"prob":0.7029372207816251},"fields":{},"normalizations":{}},{"classId":"e_8","part":"s1v1","offsets":[{"start":755,"text":"."}],"coordinates":[],"confidence":{"state":"pre-removed","who":["ml:nalaf","ml:regex"],"prob":0.5},"fields":{},"normalizations":{}},{"classId":"e_1","part":"s1v1","offsets":[{"start":1015,"text":"1"}],"coordinates":[],"confidence":{"state":"","who":["ml:nalaf"],"prob":0.7116023883208118},"fields":{},"normalizations":{}},{"classId":"e_8","part":"s1v1","offsets":[{"start":1016,"text":"."}],"coordinates":[],"confidence":{"state":"pre-removed","who":["ml:nalaf","ml:regex"],"prob":0.5},"fields":{},"normalizations":{}},{"classId":"e_5","part":"s1v1","offsets":[{"start":1171,"text":"Any"}],"coordinates":[],"confidence":{"state":"pre-removed","who":["ml:nalaf","ml:regex"],"prob":0.5},"fields":{},"normalizations":{}},{"classId":"e_8","part":"s1v1","offsets":[{"start":1280,"text":"."}],"coordinates":[],"confidence":{"state":"pre-removed","who":["ml:nalaf","ml:regex"],"prob":0.5},"fields":{},"normalizations":{}},{"classId":"e_8","part":"s1v1","offsets":[{"start":1388,"text":"."}],"coordinates":[],"confidence":{"state":"pre-removed","who":["ml:nalaf","ml:regex"],"prob":0.5},"fields":{},"normalizations":{}},{"classId":"e_7","part":"s1v1","offsets":[{"start":1471,"text":"County of San Diego"}],"coordinates":[],"confidence":{"state":"","who":["ml:nalaf"],"prob":0.9260127557634792},"fields":{},"normalizations":{}},{"classId":"e_7","part":"s1v1","offsets":[{"start":1627,"text":"City of San Diego"}],"coordinates":[],"confidence":{"state":"","who":["ml:nalaf"],"prob":0.8928231034724327},"fields":{},"normalizations":{}},{"classId":"e_8","part":"s1v1","offsets":[{"start":1719,"text":"."}],"coordinates":[],"confidence":{"state":"pre-removed","who":["ml:nalaf","ml:regex"],"prob":0.5},"fields":{},"normalizations":{}},{"classId":"e_5","part":"s1v1","offsets":[{"start":1721,"text":"Section"}],"coordinates":[],"confidence":{"state":"pre-removed","who":["ml:nalaf","ml:regex"],"prob":0.5},"fields":{},"normalizations":{}},{"classId":"e_4","part":"s1v1","offsets":[{"start":1824,"text":"Inebriate Sobering Services"}],"coordinates":[{"x":"337.92","y":"609.47"},{"x":"478.88","y":"615.60"}],"confidence":{"state":"pre-added","who":["user:SDTEF"],"prob":1},"fields":{},"normalizations":{}},{"classId":"e_8","part":"s1v1","offsets":[{"start":1938,"text":"."}],"coordinates":[],"confidence":{"state":"pre-removed","who":["ml:nalaf","ml:regex"],"prob":0.5},"fields":{},"normalizations":{}},{"classId":"e_4","part":"s1v1","offsets":[{"start":1941,"text":"3."}],"coordinates":[],"confidence":{"state":"","who":["ml:nalaf"],"prob":0.8956225082155954},"fields":{},"normalizations":{}},{"classId":"e_5","part":"s1v1","offsets":[{"start":1941,"text":"3."}],"coordinates":[],"confidence":{"state":"","who":["ml:nalaf"],"prob":0.9799551735249051},"fields":{},"normalizations":{}},{"classId":"e_6","part":"s1v1","offsets":[{"start":1941,"text":"3."}],"coordinates":[],"confidence":{"state":"","who":["ml:nalaf"],"prob":0.7854308169663655},"fields":{},"normalizations":{}},{"classId":"e_8","part":"s1v1","offsets":[{"start":1942,"text":"."}],"coordinates":[],"confidence":{"state":"pre-removed","who":["ml:nalaf","ml:regex"],"prob":0.5},"fields":{},"normalizations":{}},{"classId":"e_5","part":"s1v1","offsets":[{"start":1944,"text":"Section"}],"coordinates":[],"confidence":{"state":"pre-removed","who":["ml:nalaf","ml:regex"],"prob":0.5},"fields":{},"normalizations":{}},{"classId":"e_2","part":"s1v1","offsets":[{"start":2028,"text":"1 to June 30, 2016, and $125,000 annually, beginning July 1, 2016, through the term of the option years, ending June 30, 2020."}],"coordinates":[],"confidence":{"state":"pre-added","who":["ml:nalaf","user:SDTEF"],"prob":1},"fields":{},"normalizations":{}},{"classId":"e_3","part":"s1v1","offsets":[{"start":2155,"text":"City will pay the County an additional $92,466, for April 1, 2019 to June 30, 2019."}],"coordinates":[],"confidence":{"state":"","who":["ml:nalaf"],"prob":0.9713375446287572},"fields":{},"normalizations":{}},{"classId":"e_5","part":"s1v1","offsets":[{"start":2155,"text":"City"}],"coordinates":[],"confidence":{"state":"","who":["ml:nalaf"],"prob":0.8450258899214401},"fields":{},"normalizations":{}},{"classId":"e_6","part":"s1v1","offsets":[{"start":2155,"text":"City will pay the County an additional $92,466, for April 1, 2019 to June 30, 2019."}],"coordinates":[],"confidence":{"state":"","who":["ml:nalaf"],"prob":0.7021935317369091},"fields":{},"normalizations":{}},{"classId":"e_8","part":"s1v1","offsets":[{"start":2237,"text":"."}],"coordinates":[],"confidence":{"state":"pre-removed","who":["ml:nalaf","ml:regex"],"prob":0.5},"fields":{},"normalizations":{}},{"classId":"e_5","part":"s1v1","offsets":[{"start":2240,"text":"Page"}],"coordinates":[],"confidence":{"state":"","who":["ml:nalaf"],"prob":0.9835742255183483},"fields":{},"normalizations":{}},{"classId":"e_2","part":"s1v1","offsets":[{"start":2245,"text":"1"}],"coordinates":[],"confidence":{"state":"pre-removed","who":["ml:nalaf","ml:regex"],"prob":0.5},"fields":{},"normalizations":{}},{"classId":"e_4","part":"s1v1","offsets":[{"start":2250,"text":"2"}],"coordinates":[],"confidence":{"state":"pre-removed","who":["ml:nalaf","ml:regex"],"prob":0.5},"fields":{},"normalizations":{}},{"classId":"e_4","part":"s2v1","offsets":[{"start":0,"text":"4."}],"coordinates":[],"confidence":{"state":"","who":["ml:nalaf"],"prob":0.8777873855412495},"fields":{},"normalizations":{}},{"classId":"e_5","part":"s2v1","offsets":[{"start":0,"text":"4."}],"coordinates":[],"confidence":{"state":"","who":["ml:nalaf"],"prob":0.968303007869014},"fields":{},"normalizations":{}},{"classId":"e_6","part":"s2v1","offsets":[{"start":0,"text":"4."}],"coordinates":[],"confidence":{"state":"","who":["ml:nalaf"],"prob":0.8502818278298854},"fields":{},"normalizations":{}},{"classId":"e_8","part":"s2v1","offsets":[{"start":1,"text":"."}],"coordinates":[],"confidence":{"state":"pre-removed","who":["ml:nalaf","ml:regex"],"prob":0.5},"fields":{},"normalizations":{}},{"classId":"e_2","part":"s2v1","offsets":[{"start":3,"text":"All other terms of the Revenue Agreement shall remain in full force in effect."}],"coordinates":[],"confidence":{"state":"","who":["ml:nalaf"],"prob":0.9383390716912362},"fields":{},"normalizations":{}},{"classId":"e_3","part":"s2v1","offsets":[{"start":3,"text":"All other terms of the Revenue Agreement shall remain in full force in effect."}],"coordinates":[],"confidence":{"state":"","who":["ml:nalaf"],"prob":0.8876078511917628},"fields":{},"normalizations":{}},{"classId":"e_4","part":"s2v1","offsets":[{"start":3,"text":"All other terms of the Revenue Agreement shall remain in full force in effect."}],"coordinates":[],"confidence":{"state":"","who":["ml:nalaf"],"prob":0.7454904402509267},"fields":{},"normalizations":{}},{"classId":"e_5","part":"s2v1","offsets":[{"start":3,"text":"All other terms of the Revenue Agreement shall remain in full force in effect."}],"coordinates":[],"confidence":{"state":"","who":["ml:nalaf"],"prob":0.7339526054948091},"fields":{},"normalizations":{}},{"classId":"e_6","part":"s2v1","offsets":[{"start":3,"text":"All other terms of the Revenue Agreement shall remain in full force in effect."}],"coordinates":[],"confidence":{"state":"","who":["ml:nalaf"],"prob":0.9111241871221285},"fields":{},"normalizations":{}},{"classId":"e_8","part":"s2v1","offsets":[{"start":80,"text":"."}],"coordinates":[],"confidence":{"state":"pre-removed","who":["ml:nalaf","ml:regex"],"prob":0.5},"fields":{},"normalizations":{}},{"classId":"e_5","part":"s2v1","offsets":[{"start":83,"text":"CITY"}],"coordinates":[],"confidence":{"state":"","who":["ml:nalaf"],"prob":0.9874185502597523},"fields":{},"normalizations":{}},{"classId":"e_7","part":"s2v1","offsets":[{"start":83,"text":"CITY OF SAN DIEGO"}],"coordinates":[],"confidence":{"state":"","who":["ml:nalaf"],"prob":0.8424509902526847},"fields":{},"normalizations":{}},{"classId":"e_7","part":"s2v1","offsets":[{"start":133,"text":"COUNTY OF SAN DIEGO"}],"coordinates":[],"confidence":{"state":"","who":["ml:nalaf"],"prob":0.8719072025330323},"fields":{},"normalizations":{}},{"classId":"e_2","part":"s2v1","offsets":[{"start":396,"text":"1"}],"coordinates":[],"confidence":{"state":"pre-removed","who":["ml:nalaf","ml:regex"],"prob":0.5},"fields":{},"normalizations":{}}],"relations":[]}