{"annotatable":{"parts":["s1v1","s2v1","s3v1","s4v1","s5v1","s6v1","s7v1","s8v1","s9v1","s10v1","s11v1","s12v1","s13v1","s14v1","s15v1","s16v1","s17v1","s18v1","s19v1","s20v1","s21v1","s22v1","s23v1","s24v1","s25v1","s26v1","s27v1","s28v1","s29v1","s30v1","s31v1","s32v1","s33v1","s34v1","s35v1","s36v1","s37v1","s38v1","s39v1","s40v1","s41v1","s42v1","s43v1","s44v1","s45v1","s46v1","s47v1","s48v1","s49v1","s50v1","s51v1","s52v1","s53v1","s54v1","s55v1","s56v1","s57v1","s58v1","s59v1","s60v1","s61v1","s62v1","s63v1","s64v1","s65v1","s66v1","s67v1","s68v1","s69v1","s70v1","s71v1","s72v1","s73v1","s74v1","s75v1","s76v1","s77v1","s78v1","s79v1","s80v1","s81v1","s82v1","s83v1","s84v1","s85v1","s86v1","s87v1","s88v1","s89v1","s90v1","s91v1","s92v1","s93v1","s94v1","s95v1","s96v1"]},"anncomplete":true,"sources":[],"metas":{"m_20":{"value":"individuals and families","confidence":{"state":"pre-added","who":["user:SDTEF"],"prob":1}},"m_21":{"value":"low income","confidence":{"state":"pre-added","who":["user:SDTEF"],"prob":1}},"m_22":{"value":"temp housing, bridge, screen, outreach, case management, employment, short term rental assistance","confidence":{"state":"pre-added","who":["user:SDTEF"],"prob":1}},"m_23":{"value":"city, ESG, private agency, CoC","confidence":{"state":"pre-added","who":["user:SDTEF"],"prob":1}},"m_24":{"value":"$140,610 (ESG); $117,001 (CoC); $281,220","confidence":{"state":"pre-added","who":["user:SDTEF"],"prob":1}}},"entities":[{"classId":"e_19","part":"s1v1","offsets":[{"start":0,"text":"AGREEMENT\n\nBETWEEN THE CITY OF ESCONDIDO AND\n\nINTERFAITH COMMUNITY SERVICES\n\nFOR THE USE OF EMERGENCY SOLUTIONS GRANT FUNDS\n\nCFDA 14.231"}],"coordinates":[{"x":"276.24","y":"72.35"},{"x":"346.17","y":"167.04"}],"confidence":{"state":"pre-added","who":["user:SDTEF"],"prob":1},"fields":{},"normalizations":{}},{"classId":"e_7","part":"s1v1","offsets":[{"start":23,"text":"CITY OF ESCONDIDO"}],"coordinates":[{"x":"283.20","y":"94.43"},{"x":"395.03","y":"100.80"}],"confidence":{"state":"pre-added","who":["user:SDTEF"],"prob":1},"fields":{},"normalizations":{}},{"classId":"e_1","part":"s1v1","offsets":[{"start":46,"text":"INTERFAITH COMMUNITY SERVICES"}],"coordinates":[{"x":"214.08","y":"116.51"},{"x":"407.63","y":"122.88"}],"confidence":{"state":"pre-added","who":["user:SDTEF"],"prob":1},"fields":{},"normalizations":{}},{"classId":"e_7","part":"s1v1","offsets":[{"start":92,"text":"EMERGENCY SOLUTIONS GRANT FUNDS"}],"coordinates":[{"x":"248.88","y":"138.58"},{"x":"469.33","y":"144.95"}],"confidence":{"state":"pre-added","who":["user:SDTEF"],"prob":1},"fields":{},"normalizations":{}},{"classId":"e_7","part":"s1v1","offsets":[{"start":195,"text":"City of Escondido"}],"coordinates":[],"confidence":{"state":"pre-added","who":["ml:regex"],"prob":0.5},"fields":{},"normalizations":{}},{"classId":"e_7","part":"s5v1","offsets":[{"start":756,"text":"City of Escondido"}],"coordinates":[],"confidence":{"state":"pre-added","who":["ml:regex"],"prob":0.5},"fields":{},"normalizations":{}},{"classId":"e_7","part":"s13v1","offsets":[{"start":2133,"text":"City of Escondido"}],"coordinates":[],"confidence":{"state":"pre-added","who":["ml:regex"],"prob":0.5},"fields":{},"normalizations":{}},{"classId":"e_7","part":"s17v1","offsets":[{"start":720,"text":"City of Escondido"}],"coordinates":[],"confidence":{"state":"pre-added","who":["ml:regex"],"prob":0.5},"fields":{},"normalizations":{}},{"classId":"e_1","part":"s17v1","offsets":[{"start":833,"text":"Interfaith Community Services"}],"coordinates":[],"confidence":{"state":"pre-added","who":["ml:regex"],"prob":0.5},"fields":{},"normalizations":{}},{"classId":"e_1","part":"s17v1","offsets":[{"start":863,"text":"550 West Washington Escondido, CA 92025"}],"coordinates":[{"x":"257.29","y":"380.22"},{"x":"363.36","y":"398.87"}],"confidence":{"state":"pre-added","who":["user:SDTEF"],"prob":1},"fields":{},"normalizations":{}},{"classId":"e_1","part":"s21v1","offsets":[{"start":46,"text":"Interfaith Community Services"}],"coordinates":[],"confidence":{"state":"pre-added","who":["ml:regex"],"prob":0.5},"fields":{},"normalizations":{}},{"classId":"e_8","part":"s21v1","offsets":[{"start":77,"text":"Fiscal Year 2019-2020"}],"coordinates":[{"x":"384.01","y":"170.27"},{"x":"491.10","y":"176.40"}],"confidence":{"state":"pre-added","who":["user:SDTEF"],"prob":1},"fields":{},"normalizations":{}},{"classId":"e_4","part":"s21v1","offsets":[{"start":99,"text":"Project Title:"}],"coordinates":[{"x":"82.56","y":"182.50"},{"x":"144.85","y":"188.63"}],"confidence":{"state":"pre-added","who":["user:SDTEF"],"prob":1},"fields":{},"normalizations":{}},{"classId":"e_4","part":"s21v1","offsets":[{"start":114,"text":"Escondido Ending Homelessness Project"}],"coordinates":[{"x":"157.68","y":"182.85"},{"x":"347.44","y":"188.63"}],"confidence":{"state":"pre-added","who":["user:SDTEF"],"prob":1},"fields":{},"normalizations":{}},{"classId":"e_8","part":"s21v1","offsets":[{"start":152,"text":"Goal Statement: Provide a suitable living environment and decent housing for extremely low income individuals and families.\n\nObjective: Interfaith will provide Homeless Prevention to 27 families"}],"coordinates":[{"x":"82.32","y":"194.98"},{"x":"398.45","y":"237.60"}],"confidence":{"state":"pre-added","who":["user:SDTEF"],"prob":1},"fields":{},"normalizations":{}},{"classId":"e_4","part":"s21v1","offsets":[{"start":348,"text":"Key Activities"}],"coordinates":[{"x":"157.93","y":"286.67"},{"x":"225.09","y":"292.80"}],"confidence":{"state":"pre-added","who":["user:SDTEF"],"prob":1},"fields":{},"normalizations":{}},{"classId":"e_4","part":"s21v1","offsets":[{"start":370,"text":"Screen for families needing Homeless\n\nJuly 1, 2019 - June 30, 2020 Prevention assistance\n\nOutreach to Landlords in Escondido\n\nJuly 1, 2019 - June 30, 2020\n\nCase management & supportive services July 1, 2019 - June 30, 2020\n\nAccess/referrals to employment services and July 1, 2019 - June 30, 2020 job assistance\n\nProvide short term rental assistance"}],"coordinates":[{"x":"85.68","y":"330.46"},{"x":"249.80","y":"456.47"}],"confidence":{"state":"pre-added","who":["user:SDTEF"],"prob":1},"fields":{},"normalizations":{}},{"classId":"e_8","part":"s22v1","offsets":[{"start":46,"text":"Fiscal Year 2019_- 2020"}],"coordinates":[{"x":"322.57","y":"70.43"},{"x":"444.59","y":"76.56"}],"confidence":{"state":"pre-added","who":["user:SDTEF"],"prob":1},"fields":{},"normalizations":{}},{"classId":"e_4","part":"s22v1","offsets":[{"start":71,"text":"Project Title:"}],"coordinates":[],"confidence":{"state":"pre-added","who":["ml:regex"],"prob":0.5},"fields":{},"normalizations":{}},{"classId":"e_4","part":"s22v1","offsets":[{"start":86,"text":"Escondido Ending Homelessness Project"}],"coordinates":[],"confidence":{"state":"pre-added","who":["ml:regex"],"prob":0.5},"fields":{},"normalizations":{}},{"classId":"e_6","part":"s22v1","offsets":[{"start":124,"text":"Goal Statement: Provide a suitable living environment and decent housing for extremely low income individuals and families Objective: Interfaith Community Services will provide Emergency Shelter/Bridge Housing services 369 homeless individuals in Escondido Haven House"}],"coordinates":[{"x":"83.04","y":"95.38"},{"x":"367.97","y":"137.76"}],"confidence":{"state":"pre-added","who":["user:SDTEF"],"prob":1},"fields":{},"normalizations":{}},{"classId":"e_1","part":"s22v1","offsets":[{"start":258,"text":"Interfaith Community Services"}],"coordinates":[],"confidence":{"state":"pre-added","who":["ml:regex"],"prob":0.5},"fields":{},"normalizations":{}},{"classId":"e_4","part":"s22v1","offsets":[{"start":394,"text":"Ke Activities"}],"coordinates":[{"x":"158.88","y":"169.31"},{"x":"225.81","y":"175.44"}],"confidence":{"state":"pre-added","who":["user:SDTEF"],"prob":1},"fields":{},"normalizations":{}},{"classId":"e_4","part":"s22v1","offsets":[{"start":409,"text":"Outreach to homeless population\n\nEvening meals\n\nShower and laundry access\n\nCase management & supportive services\n\nAccess/ referrals to employment services and job search assistance\n\nReferrals/ placement assistance to longer term and housing programs"}],"coordinates":[{"x":"86.64","y":"198.28"},{"x":"211.74","y":"359.99"}],"confidence":{"state":"pre-added","who":["user:SDTEF"],"prob":1},"fields":{},"normalizations":{}},{"classId":"e_4","part":"s23v1","offsets":[{"start":71,"text":"Project Title:"}],"coordinates":[],"confidence":{"state":"pre-added","who":["ml:regex"],"prob":0.5},"fields":{},"normalizations":{}},{"classId":"e_4","part":"s23v1","offsets":[{"start":86,"text":"Escondido Ending Homelessness Project"}],"coordinates":[],"confidence":{"state":"pre-added","who":["ml:regex"],"prob":0.5},"fields":{},"normalizations":{}},{"classId":"e_6","part":"s23v1","offsets":[{"start":124,"text":"Goal Statement: Provide Outreach services to those members of the community who may not have engaged in services due to location or knowledge of assistance Objective: Outreach to 130 individuals"}],"coordinates":[{"x":"83.52","y":"95.14"},{"x":"264.84","y":"125.76"}],"confidence":{"state":"pre-added","who":["user:SDTEF"],"prob":1},"fields":{},"normalizations":{}},{"classId":"e_4","part":"s23v1","offsets":[{"start":320,"text":"Ke Activities"}],"coordinates":[],"confidence":{"state":"pre-added","who":["ml:regex"],"prob":0.5},"fields":{},"normalizations":{}},{"classId":"e_6","part":"s23v1","offsets":[{"start":335,"text":"Outreach to homeless population\n\nLight touch Case management & supportive services\n\nAsses and help individuals access CAHP\n\nProvide hygiene kits\n\nAccess/ referrals to employment services and job search assistance\n\nReferrals/ placement assistance to longer term and housing programs"}],"coordinates":[{"x":"86.88","y":"186.46"},{"x":"212.39","y":"359.76"}],"confidence":{"state":"pre-added","who":["user:SDTEF"],"prob":1},"fields":{},"normalizations":{}},{"classId":"e_7","part":"s24v1","offsets":[{"start":0,"text":"E"}],"coordinates":[{"x":"75.12","y":"73.80"},{"x":"84.12","y":"81.60"}],"confidence":{"state":"pre-removed","who":["user:SDTEF","ml:regex"],"prob":0.5},"fields":{},"normalizations":{}},{"classId":"e_1","part":"s24v1","offsets":[{"start":51,"text":"Interfaith Community Services"}],"coordinates":[],"confidence":{"state":"pre-added","who":["ml:regex"],"prob":0.5},"fields":{},"normalizations":{}},{"classId":"e_4","part":"s24v1","offsets":[{"start":96,"text":"Escondido Ending Homelessness Project"}],"coordinates":[],"confidence":{"state":"pre-added","who":["ml:regex"],"prob":0.5},"fields":{},"normalizations":{}},{"classId":"e_7","part":"s24v1","offsets":[{"start":154,"text":"ESG Funds:"}],"coordinates":[{"x":"219.13","y":"171.26"},{"x":"272.79","y":"176.87"}],"confidence":{"state":"pre-added","who":["user:SDTEF"],"prob":1},"fields":{},"normalizations":{}},{"classId":"e_7","part":"s24v1","offsets":[{"start":480,"text":"Private Agency Funds"}],"coordinates":[{"x":"292.32","y":"288.39"},{"x":"319.28","y":"305.28"}],"confidence":{"state":"pre-added","who":["user:SDTEF"],"prob":1},"fields":{},"normalizations":{}},{"classId":"e_7","part":"s24v1","offsets":[{"start":723,"text":"HUD COC"}],"coordinates":[{"x":"419.52","y":"399.51"},{"x":"465.31","y":"405.12"}],"confidence":{"state":"pre-added","who":["user:SDTEF"],"prob":1},"fields":{},"normalizations":{}},{"classId":"e_7","part":"s24v1","offsets":[{"start":796,"text":"HUD COC"}],"coordinates":[],"confidence":{"state":"pre-added","who":["ml:regex"],"prob":0.5},"fields":{},"normalizations":{}},{"classId":"e_7","part":"s24v1","offsets":[{"start":871,"text":"HUD COC"}],"coordinates":[],"confidence":{"state":"pre-added","who":["ml:regex"],"prob":0.5},"fields":{},"normalizations":{}},{"classId":"e_7","part":"s24v1","offsets":[{"start":953,"text":"HUD COC"}],"coordinates":[],"confidence":{"state":"pre-added","who":["ml:regex"],"prob":0.5},"fields":{},"normalizations":{}},{"classId":"e_7","part":"s24v1","offsets":[{"start":1027,"text":"HUD COC"}],"coordinates":[],"confidence":{"state":"pre-added","who":["ml:regex"],"prob":0.5},"fields":{},"normalizations":{}},{"classId":"e_2","part":"s24v1","offsets":[{"start":1110,"text":"TOTAL:\n\n$140,610\n\n$23,609\n\n$117,001\n\n$281.220"}],"coordinates":[{"x":"60.48","y":"605.66"},{"x":"533.65","y":"610.80"}],"confidence":{"state":"pre-added","who":["user:SDTEF"],"prob":1},"fields":{},"normalizations":{}},{"classId":"e_4","part":"s25v1","offsets":[{"start":2741,"text":"Escondido Ending Homelessness Project"}],"coordinates":[],"confidence":{"state":"pre-added","who":["ml:regex"],"prob":0.5},"fields":{},"normalizations":{}},{"classId":"e_7","part":"s25v1","offsets":[{"start":3528,"text":"private agency funds"}],"coordinates":[],"confidence":{"state":"pre-added","who":["ml:regex"],"prob":0.5},"fields":{},"normalizations":{}},{"classId":"e_1","part":"s28v1","offsets":[{"start":40,"text":"InterfaithCommunity Services, Inc"}],"coordinates":[{"x":"234.72","y":"109.18"},{"x":"383.66","y":"114.96"}],"confidence":{"state":"pre-added","who":["user:SDTEF"],"prob":1},"fields":{},"normalizations":{}},{"classId":"e_1","part":"s28v1","offsets":[{"start":92,"text":"550 West WashingtonAve"}],"coordinates":[{"x":"234.72","y":"132.94"},{"x":"349.88","y":"138.72"}],"confidence":{"state":"pre-added","who":["user:SDTEF"],"prob":1},"fields":{},"normalizations":{}},{"classId":"e_1","part":"s28v1","offsets":[{"start":139,"text":"E::..s:....:c_o-'-nd....;."}],"coordinates":[{"x":"234.72","y":"155.50"},{"x":"326.68","y":"161.28"}],"confidence":{"state":"pre-added","who":["user:SDTEF"],"prob":1},"fields":{},"normalizations":{}},{"classId":"e_1","part":"s28v1","offsets":[{"start":241,"text":"(760) 489-6380"}],"coordinates":[{"x":"234.25","y":"176.38"},{"x":"301.21","y":"182.16"}],"confidence":{"state":"pre-added","who":["user:SDTEF"],"prob":1},"fields":{},"normalizations":{}},{"classId":"e_1","part":"s35v1","offsets":[{"start":1082,"text":"Interfaith Community Services"}],"coordinates":[],"confidence":{"state":"pre-added","who":["ml:regex"],"prob":0.5},"fields":{},"normalizations":{}},{"classId":"e_7","part":"s35v1","offsets":[{"start":3526,"text":"City of Escondido"}],"coordinates":[],"confidence":{"state":"pre-added","who":["ml:regex"],"prob":0.5},"fields":{},"normalizations":{}},{"classId":"e_1","part":"s36v1","offsets":[{"start":1068,"text":"Interfaith Community Services"}],"coordinates":[],"confidence":{"state":"pre-added","who":["ml:regex"],"prob":0.5},"fields":{},"normalizations":{}},{"classId":"e_7","part":"s36v1","offsets":[{"start":3159,"text":"City of Escondido"}],"coordinates":[],"confidence":{"state":"pre-added","who":["ml:regex"],"prob":0.5},"fields":{},"normalizations":{}},{"classId":"e_7","part":"s36v1","offsets":[{"start":3372,"text":"City of Escondido"}],"coordinates":[],"confidence":{"state":"pre-added","who":["ml:regex"],"prob":0.5},"fields":{},"normalizations":{}},{"classId":"e_1","part":"s38v1","offsets":[{"start":119,"text":"INTERFAITH COMMUNITY SERVICES"}],"coordinates":[],"confidence":{"state":"pre-added","who":["ml:regex"],"prob":0.5},"fields":{},"normalizations":{}},{"classId":"e_1","part":"s42v1","offsets":[{"start":157,"text":"Interfaith Community Services"}],"coordinates":[],"confidence":{"state":"pre-added","who":["ml:regex"],"prob":0.5},"fields":{},"normalizations":{}},{"classId":"e_1","part":"s42v1","offsets":[{"start":484,"text":"Interfaith Community Services"}],"coordinates":[],"confidence":{"state":"pre-added","who":["ml:regex"],"prob":0.5},"fields":{},"normalizations":{}},{"classId":"e_1","part":"s42v1","offsets":[{"start":745,"text":"Interfaith Community Services"}],"coordinates":[],"confidence":{"state":"pre-added","who":["ml:regex"],"prob":0.5},"fields":{},"normalizations":{}},{"classId":"e_1","part":"s42v1","offsets":[{"start":824,"text":"(760) 489-6380"}],"coordinates":[],"confidence":{"state":"pre-added","who":["ml:regex"],"prob":0.5},"fields":{},"normalizations":{}},{"classId":"e_7","part":"s43v1","offsets":[{"start":18,"text":"CITY OF ESCONDIDO"}],"coordinates":[],"confidence":{"state":"pre-added","who":["ml:regex"],"prob":0.5},"fields":{},"normalizations":{}},{"classId":"e_1","part":"s43v1","offsets":[{"start":797,"text":"Interfaith Community Services"}],"coordinates":[],"confidence":{"state":"pre-added","who":["ml:regex"],"prob":0.5},"fields":{},"normalizations":{}},{"classId":"e_1","part":"s43v1","offsets":[{"start":917,"text":"Interfaith Community Services"}],"coordinates":[],"confidence":{"state":"pre-added","who":["ml:regex"],"prob":0.5},"fields":{},"normalizations":{}},{"classId":"e_7","part":"s43v1","offsets":[{"start":1113,"text":"City of Escondido"}],"coordinates":[],"confidence":{"state":"pre-added","who":["ml:regex"],"prob":0.5},"fields":{},"normalizations":{}},{"classId":"e_1","part":"s44v1","offsets":[{"start":0,"text":"INTERFAITH COMMUNITY SERVICES"}],"coordinates":[],"confidence":{"state":"pre-added","who":["ml:regex"],"prob":0.5},"fields":{},"normalizations":{}},{"classId":"e_1","part":"s45v1","offsets":[{"start":84,"text":"Interfaith Community Services"}],"coordinates":[],"confidence":{"state":"pre-added","who":["ml:regex"],"prob":0.5},"fields":{},"normalizations":{}},{"classId":"e_1","part":"s45v1","offsets":[{"start":982,"text":"Interfaith Community Services"}],"coordinates":[],"confidence":{"state":"pre-added","who":["ml:regex"],"prob":0.5},"fields":{},"normalizations":{}},{"classId":"e_1","part":"s62v1","offsets":[{"start":24,"text":"Interfaith Community Services"}],"coordinates":[],"confidence":{"state":"pre-added","who":["ml:regex"],"prob":0.5},"fields":{},"normalizations":{}},{"classId":"e_1","part":"s62v1","offsets":[{"start":176,"text":"Interfaith Community Services"}],"coordinates":[],"confidence":{"state":"pre-added","who":["ml:regex"],"prob":0.5},"fields":{},"normalizations":{}},{"classId":"e_1","part":"s73v1","offsets":[{"start":0,"text":"INTERFAITH COMMUNITY SERVICES"}],"coordinates":[],"confidence":{"state":"pre-added","who":["ml:regex"],"prob":0.5},"fields":{},"normalizations":{}},{"classId":"e_7","part":"s75v1","offsets":[{"start":1100,"text":"City of Escondido"}],"coordinates":[],"confidence":{"state":"pre-added","who":["ml:regex"],"prob":0.5},"fields":{},"normalizations":{}},{"classId":"e_7","part":"s76v1","offsets":[{"start":135,"text":"City of Escondido"}],"coordinates":[],"confidence":{"state":"pre-added","who":["ml:regex"],"prob":0.5},"fields":{},"normalizations":{}},{"classId":"e_7","part":"s83v1","offsets":[{"start":1069,"text":"City of Escondido"}],"coordinates":[],"confidence":{"state":"pre-added","who":["ml:regex"],"prob":0.5},"fields":{},"normalizations":{}},{"classId":"e_1","part":"s86v1","offsets":[{"start":232,"text":"Interfaith Community Services"}],"coordinates":[],"confidence":{"state":"pre-added","who":["ml:regex"],"prob":0.5},"fields":{},"normalizations":{}},{"classId":"e_1","part":"s86v1","offsets":[{"start":580,"text":"Interfaith Community Services"}],"coordinates":[],"confidence":{"state":"pre-added","who":["ml:regex"],"prob":0.5},"fields":{},"normalizations":{}},{"classId":"e_1","part":"s88v1","offsets":[{"start":160,"text":"Interfaith Community Services"}],"coordinates":[],"confidence":{"state":"pre-added","who":["ml:regex"],"prob":0.5},"fields":{},"normalizations":{}},{"classId":"e_1","part":"s88v1","offsets":[{"start":289,"text":"Interfaith Community Services"}],"coordinates":[],"confidence":{"state":"pre-added","who":["ml:regex"],"prob":0.5},"fields":{},"normalizations":{}},{"classId":"e_1","part":"s88v1","offsets":[{"start":595,"text":"Interfaith Community Services"}],"coordinates":[],"confidence":{"state":"pre-added","who":["ml:regex"],"prob":0.5},"fields":{},"normalizations":{}},{"classId":"e_1","part":"s88v1","offsets":[{"start":1080,"text":"Interfaith Community Services"}],"coordinates":[],"confidence":{"state":"pre-added","who":["ml:regex"],"prob":0.5},"fields":{},"normalizations":{}},{"classId":"e_1","part":"s88v1","offsets":[{"start":2055,"text":"Interfaith Community Services"}],"coordinates":[],"confidence":{"state":"pre-added","who":["ml:regex"],"prob":0.5},"fields":{},"normalizations":{}},{"classId":"e_1","part":"s88v1","offsets":[{"start":2398,"text":"Interfaith Community Services"}],"coordinates":[],"confidence":{"state":"pre-added","who":["ml:regex"],"prob":0.5},"fields":{},"normalizations":{}},{"classId":"e_1","part":"s89v1","offsets":[{"start":385,"text":"Interfaith Community Services"}],"coordinates":[],"confidence":{"state":"pre-added","who":["ml:regex"],"prob":0.5},"fields":{},"normalizations":{}},{"classId":"e_1","part":"s89v1","offsets":[{"start":646,"text":"Interfaith Community Services"}],"coordinates":[],"confidence":{"state":"pre-added","who":["ml:regex"],"prob":0.5},"fields":{},"normalizations":{}},{"classId":"e_1","part":"s89v1","offsets":[{"start":1269,"text":"Interfaith Community Services"}],"coordinates":[],"confidence":{"state":"pre-added","who":["ml:regex"],"prob":0.5},"fields":{},"normalizations":{}},{"classId":"e_7","part":"s96v1","offsets":[{"start":699,"text":"City of Escondido"}],"coordinates":[],"confidence":{"state":"pre-added","who":["ml:regex"],"prob":0.5},"fields":{},"normalizations":{}}],"relations":[]}