{"annotatable":{"parts":["s1v1","s2v1","s3v1","s4v1","s5v1","s6v1","s7v1","s8v1","s9v1","s10v1","s11v1","s12v1","s13v1","s14v1","s15v1","s16v1","s17v1","s18v1","s19v1","s20v1"]},"anncomplete":true,"sources":[{"name":"ORIG","id":"Elderhelp_of_San_Diego___Standard_Agreement.pdf","url":""}],"metas":{"m_24":{"value":"$16,000","confidence":{"state":"pre-added","who":["user:SDTEF"],"prob":1}},"m_22":{"value":"housing match services, case management, outreach ","confidence":{"state":"pre-added","who":["user:SDTEF"],"prob":1}},"m_20":{"value":"seniors","confidence":{"state":"pre-added","who":["user:SDTEF"],"prob":1}},"m_23":{"value":"city and CDBG funds","confidence":{"state":"pre-added","who":["user:SDTEF"],"prob":1}}},"entities":[{"classId":"e_7","part":"s1v1","offsets":[{"start":7,"text":"City of Poway\n\nI\n\nSTANDARD AGREEMENT FOR SERVICES\n\nThis Agreement, entered into this 1st day of July 2018, by and between the CITY OF POWAY ( hereinafter referred to as \" City\") and ELDERHELP OF SAN\n\nDIEGO ( hereinafter referred to as \" Consultant\")."}],"coordinates":[{"x":"297.36","y":"87.72"},{"x":"353.99","y":"211.68"}],"confidence":{"state":"pre-added","who":["user:SDTEF"],"prob":1},"fields":{},"normalizations":{}},{"classId":"e_19","part":"s1v1","offsets":[{"start":7,"text":"City of Poway"}],"coordinates":[{"x":"297.36","y":"87.72"},{"x":"376.03","y":"93.96"}],"confidence":{"state":"pre-added","who":["user:SDTEF"],"prob":1},"fields":{},"normalizations":{}},{"classId":"e_19","part":"s1v1","offsets":[{"start":133,"text":"CITY OF POWAY"}],"coordinates":[],"confidence":{"state":"pre-added","who":["ml:regex"],"prob":0.5},"fields":{},"normalizations":{}},{"classId":"e_1","part":"s1v1","offsets":[{"start":189,"text":"ELDERHELP OF SAN\n\nDIEGO"}],"coordinates":[{"x":"420.84","y":"191.76"},{"x":"109.99","y":"211.68"}],"confidence":{"state":"pre-added","who":["user:SDTEF"],"prob":1},"fields":{},"normalizations":{}},{"classId":"e_4","part":"s1v1","offsets":[{"start":392,"text":"HomeShare and Community\n\nConnections Program"}],"coordinates":[],"confidence":{"state":"pre-added","who":["ml:regex"],"prob":0.5},"fields":{},"normalizations":{}},{"classId":"e_19","part":"s3v1","offsets":[{"start":1285,"text":"City of Poway"}],"coordinates":[],"confidence":{"state":"pre-added","who":["ml:regex"],"prob":0.5},"fields":{},"normalizations":{}},{"classId":"e_19","part":"s4v1","offsets":[{"start":1274,"text":"City of Poway"}],"coordinates":[],"confidence":{"state":"pre-added","who":["ml:regex"],"prob":0.5},"fields":{},"normalizations":{}},{"classId":"e_19","part":"s5v1","offsets":[{"start":610,"text":"City of Poway"}],"coordinates":[],"confidence":{"state":"pre-added","who":["ml:regex"],"prob":0.5},"fields":{},"normalizations":{}},{"classId":"e_19","part":"s10v1","offsets":[{"start":109,"text":"CITY OF POWAY"}],"coordinates":[],"confidence":{"state":"pre-added","who":["ml:regex"],"prob":0.5},"fields":{},"normalizations":{}},{"classId":"e_4","part":"s11v1","offsets":[{"start":44,"text":"Scope of Services.\n\nConsultant agrees to perform consulting services as required by City, which shall consist of the administration of HomeShare and Community\n\nConnections Program services further described in the Scope of Services submitted with the proposals dated March 29, 2018, which is included in this document as\n\nAttachment 1, and incorporated by reference, as if its contents were fully set forth\n\nherein. Consultant shall provide the necessary qualified personnel to perform the\n\nservices"}],"coordinates":[{"x":"145.08","y":"146.45"},{"x":"117.99","y":"271.08"}],"confidence":{"state":"pre-added","who":["user:SDTEF"],"prob":1},"fields":{},"normalizations":{}},{"classId":"e_4","part":"s11v1","offsets":[{"start":179,"text":"HomeShare and Community\n\nConnections Program"}],"coordinates":[{"x":"366.84","y":"190.47"},{"x":"194.21","y":"210.96"}],"confidence":{"state":"pre-added","who":["user:SDTEF"],"prob":1},"fields":{},"normalizations":{}},{"classId":"e_4","part":"s11v1","offsets":[{"start":550,"text":"Housing Match Services\n\nPerform a minimum of 2 shared housing matches;\n\na.    Identify 5 new providers\n\nb.    Identify 5 new seekers\n\n15% of matches will involve service exchange ( no rent); and 25% of seekers will be identified as \" at risk\" of homelessness."}],"coordinates":[{"x":"163.80","y":"295.95"},{"x":"540.67","y":"390.60"}],"confidence":{"state":"pre-added","who":["user:SDTEF"],"prob":1},"fields":{},"normalizations":{}},{"classId":"e_4","part":"s11v1","offsets":[{"start":815,"text":"Social Service Referrals & Case Management\n\nProvide at least 50 unduplicated local residents with face- to-face social service support, referral and resource information including, but not limited to, affordable housing, emergency shelters, food, clothing, long- term transitional\n\ncare,  in- home care and support,  adaptive equipment,  transitional resources,\n\nemployment opportunities,  and benefit programs including MediCal,  Veterans, Medicare, and food stamps; and provide a minimum of 50 Poway residents with housing assistance and referrals.\n\n3)  Program Administration & Outreach\n\nConduct a minimum of 2 outreach activities per month  (24 annually) to promote the program; Provide monthly, quarterly, and annual reports on status of\n\nprogram goals;\n\nWork closely with other social service entities which can\n\nenhance the services of the HomeShare program;\n\nSubmit request for reimbursement to City monthly with\n\nrequired support documentation, and respond timely when additional information is requested"}],"coordinates":[{"x":"163.80","y":"414.56"},{"x":"393.52","y":"718.20"}],"confidence":{"state":"pre-added","who":["user:SDTEF"],"prob":1},"fields":{},"normalizations":{}},{"classId":"e_4","part":"s12v1","offsets":[{"start":0,"text":"Maintain close communication with the City during the term\n\nof the engagement; and\n\nPrepare program related documents and make presentations\n\nas- needed for the benefit of the Poway City Council and other\n\nentities."}],"coordinates":[{"x":"195.84","y":"72.96"},{"x":"239.25","y":"137.88"}],"confidence":{"state":"pre-added","who":["user:SDTEF"],"prob":1},"fields":{},"normalizations":{}},{"classId":"e_19","part":"s12v1","offsets":[{"start":1161,"text":"City of Poway"}],"coordinates":[],"confidence":{"state":"pre-added","who":["ml:regex"],"prob":0.5},"fields":{},"normalizations":{}},{"classId":"e_2","part":"s12v1","offsets":[{"start":1186,"text":"Compensation and Reimbursement.\n\nCity shall pay Consultant a fee in accordance with the Fee Proposals\n\nsubmitted with the proposals dated March 29, 2018. Total fee is not to exceed\n\n16, 000. Consultant' s fee shall include and Consultant shall be responsible for the payment of all federal, state, and local taxes of any kind which are attributable to\n\nthe compensation received. This annual allocation to Consultant will be based on\n\nthe City' s annual Community Development Block Grant allocation for the Program.\n\nFees for Program expenditures will be paid to Consultant on a reimbursement\n\nbasis. Requests for reimbursement shall be submitted to the City by Consultant monthly and shall include supporting documentation for each expenditure including a copy of all applicable invoice and proof of payment.  Items shall be reimbursed by City to Consultant based on eligibility and prior approval and inclusion in the cost allocation plan submitted by the Consultant to City annually prior to July 18`. Any items paid by the City that are subsequently deemed ineligible Program expenses by the County of San Diego, will be reimbursed to the City by\n\nConsultant"}],"coordinates":[{"x":"145.44","y":"430.25"},{"x":"134.03","y":"673.56"}],"confidence":{"state":"pre-added","who":["user:SDTEF"],"prob":1},"fields":{},"normalizations":{}},{"classId":"e_8","part":"s13v1","offsets":[{"start":633,"text":"Term of Agreement.\n\nThis Agreement shall be effective from the period commencing July 1, 2018, and ending June 30, 2019, unless sooner terminated by City as provided in\n\nthe section of this Agreement entitled  \"Termination.\"  This Agreement may be extended two times for periods of one- year each upon approval of the City Manager\n\nand Consultant. Upon expiration or termination of this Agreement, Consultant shall\n\nreturn to City any and all equipment, documents or materials and all copies made thereof which Consultant received from City or produced for City for the purposes\n\nof this Agreement."}],"coordinates":[{"x":"145.08","y":"206.69"},{"x":"177.69","y":"345.60"}],"confidence":{"state":"pre-added","who":["user:SDTEF"],"prob":1},"fields":{},"normalizations":{}},{"classId":"e_19","part":"s14v1","offsets":[{"start":242,"text":"City of Poway"}],"coordinates":[],"confidence":{"state":"pre-added","who":["ml:regex"],"prob":0.5},"fields":{},"normalizations":{}},{"classId":"e_19","part":"s14v1","offsets":[{"start":1179,"text":"City of Poway"}],"coordinates":[],"confidence":{"state":"pre-added","who":["ml:regex"],"prob":0.5},"fields":{},"normalizations":{}},{"classId":"e_1","part":"s14v1","offsets":[{"start":1291,"text":"ElderHeip of San Diego\n\nAttn: Executive Director\n\n3860 Calle Fortunada # 101 San Diego, CA 92123"}],"coordinates":[{"x":"335.88","y":"667.11"},{"x":"453.48","y":"716.40"}],"confidence":{"state":"pre-added","who":["user:SDTEF"],"prob":1},"fields":{},"normalizations":{}},{"classId":"e_19","part":"s15v1","offsets":[{"start":40,"text":"CITY OF POWAY"}],"coordinates":[],"confidence":{"state":"pre-added","who":["ml:regex"],"prob":0.5},"fields":{},"normalizations":{}},{"classId":"e_19","part":"s15v1","offsets":[{"start":143,"text":"City of Poway"}],"coordinates":[],"confidence":{"state":"pre-added","who":["ml:regex"],"prob":0.5},"fields":{},"normalizations":{}},{"classId":"e_19","part":"s15v1","offsets":[{"start":203,"text":"City of Poway"}],"coordinates":[],"confidence":{"state":"pre-added","who":["ml:regex"],"prob":0.5},"fields":{},"normalizations":{}},{"classId":"e_19","part":"s19v1","offsets":[{"start":1897,"text":"City of Poway"}],"coordinates":[],"confidence":{"state":"pre-added","who":["ml:regex"],"prob":0.5},"fields":{},"normalizations":{}},{"classId":"e_4","part":"s19v1","offsets":[{"start":2012,"text":"Scope of Services\n\nElderHelp will continue to offer its Community Connection Services and HomeShare program in Poway in order to link eligible seniors with essential health, social, transportation, and community resources. We are prepared to serve those who contact us by telephone or those who walk into our Poway office, which is located in the Poway Senior Center. In keeping with the consultant fee offered by the City, we will serve the Poway senior community for a minimum of 1 full day a week and serve a minimum of 100 clients whose needs can be met with the following programs"}],"coordinates":[{"x":"81.00","y":"468.67"},{"x":"187.05","y":"579.60"}],"confidence":{"state":"pre-added","who":["user:SDTEF"],"prob":1},"fields":{},"normalizations":{}},{"classId":"e_4","part":"s19v1","offsets":[{"start":2600,"text":"Community Connection Services we will provide are:\n\nInformation & Referral service to alert local seniors to resources available to them as\n\nseniors and as residents of Poway.\n\nCare Coordination wraparound service to meet social and environmental needs of\n\nseniors from Poway who want to remain living at home.\n\nTransportation services if needed on a regular basis; other transportation choices for\n\none- time need.\n\nFamily caregiver support for members of a Poway senio"}],"coordinates":[{"x":"81.00","y":"593.84"},{"x":"370.84","y":"700.20"}],"confidence":{"state":"pre-added","who":["user:SDTEF"],"prob":1},"fields":{},"normalizations":{}},{"classId":"e_4","part":"s20v1","offsets":[{"start":24,"text":"Once the coordinator determines the interested senior has the interest and capability to\n\nparticipate in the Care Coordination program, she will visit the home and conduct a complete\n\nneeds assessment. She will then provide ongoing case management to the degree that it is\n\nneeded"}],"coordinates":[{"x":"81.36","y":"94.25"},{"x":"114.32","y":"140.40"}],"confidence":{"state":"pre-added","who":["user:SDTEF"],"prob":1},"fields":{},"normalizations":{}},{"classId":"e_4","part":"s20v1","offsets":[{"start":363,"text":"HomeShare is a roommate matching service that brings together senior homeowners who have\n\na room to spare and qualified individuals who seek an affordable place to live in exchange for\n\nrent. The HomeShare- Poway Coordinator conducts background checks, in- person interviews, home assessment ( for those providing a home), check references, and provides ongoing oversight for program participants. During the enrollment process, the Coordinator works closely with applicants to better understand their personality and ideal living situations, ensuring compatible roommate matches. The Coordinator helps roommates create a match agreement prior to moving in, and is involved with participants for as long as they are matched to ensure that both parties are happy in their living arrangement. The Coordinator is available\n\nto provide mediation as needed"}],"coordinates":[{"x":"81.36","y":"171.29"},{"x":"227.06","y":"302.76"}],"confidence":{"state":"pre-added","who":["user:SDTEF"],"prob":1},"fields":{},"normalizations":{}},{"classId":"e_2","part":"s20v1","offsets":[{"start":2092,"text":"Program Budget\n\nFor the funding amount of$ 16, 000 for fiscal year 2018- 2019, ElderHelp will deliver services specified in the narrative for a minimum of 1 full day a week and assist a minimum of 100\n\nclients with any of those services requested or warranted."}],"coordinates":[{"x":"81.36","y":"505.24"},{"x":"346.68","y":"559.80"}],"confidence":{"state":"pre-added","who":["user:SDTEF"],"prob":1},"fields":{},"normalizations":{}}],"relations":[]}