{"annotatable":{"parts":["s1v1","s2v1","s3v1","s4v1","s5v1","s6v1","s7v1","s8v1","s9v1","s10v1","s11v1","s12v1","s13v1","s14v1","s15v1","s16v1","s17v1","s18v1","s19v1","s20v1","s21v1","s22v1","s23v1","s24v1","s25v1","s26v1","s27v1"]},"anncomplete":true,"sources":[{"name":"ORIG","id":"Copy_of_19_20_Agreement___ECTLC_Emerg_shelter_project.pdf","url":""}],"metas":{"m_24":{"value":"$100,000","confidence":{"state":"pre-added","who":["user:SDTEF"],"prob":1}},"m_23":{"value":"city and CDBG funds","confidence":{"state":"pre-added","who":["user:SDTEF"],"prob":1}},"m_21":{"value":"LMI","confidence":{"state":"pre-added","who":["user:SDTEF"],"prob":1}},"m_22":{"value":"temp housing, case management, meals, support","confidence":{"state":"pre-added","who":["user:SDTEF"],"prob":1}}},"entities":[{"classId":"e_1","part":"s1v1","offsets":[{"start":121,"text":"East County Transitional Living Center, Inc"}],"coordinates":[],"confidence":{"state":"","who":["ml:nalaf"],"prob":0.8374673878171907},"fields":{},"normalizations":{}},{"classId":"e_7","part":"s1v1","offsets":[{"start":360,"text":"CDBG Funds"}],"coordinates":[],"confidence":{"state":"pre-removed","who":["ml:nalaf","ml:regex"],"prob":0.5},"fields":{},"normalizations":{}},{"classId":"e_7","part":"s1v1","offsets":[{"start":389,"text":"Community Development Block Grant"}],"coordinates":[],"confidence":{"state":"pre-removed","who":["ml:nalaf","ml:regex"],"prob":0.5},"fields":{},"normalizations":{}},{"classId":"e_7","part":"s1v1","offsets":[{"start":555,"text":"CDBG funds"}],"coordinates":[],"confidence":{"state":"pre-removed","who":["ml:nalaf","ml:regex"],"prob":0.5},"fields":{},"normalizations":{}},{"classId":"e_8","part":"s1v1","offsets":[{"start":574,"text":"upcoming program year 2019- 2020."}],"coordinates":[],"confidence":{"state":"","who":["ml:nalaf"],"prob":0.8200736980301365},"fields":{},"normalizations":{}},{"classId":"e_2","part":"s1v1","offsets":[{"start":729,"text":"However, HUD has advised us that subrecipients may begin to incur program costs as of July 1, 2019, but the City will be required to wait until we have HUD approval and executed grant agreements in place before we may draw down HUD funds to reimburse your agency."}],"coordinates":[],"confidence":{"state":"","who":["ml:nalaf"],"prob":0.6186127263251938},"fields":{},"normalizations":{}},{"classId":"e_1","part":"s2v1","offsets":[{"start":43,"text":"East County Transitional Living Center, Inc."}],"coordinates":[],"confidence":{"state":"","who":["ml:nalaf"],"prob":0.8660162666496443},"fields":{},"normalizations":{}},{"classId":"e_7","part":"s2v1","offsets":[{"start":176,"text":"CITY OF EL CAJON"}],"coordinates":[],"confidence":{"state":"pre-removed","who":["ml:nalaf","ml:regex"],"prob":0.5},"fields":{},"normalizations":{}},{"classId":"e_1","part":"s2v1","offsets":[{"start":256,"text":"East County Transitional Living Center, Inc"}],"coordinates":[],"confidence":{"state":"","who":["ml:nalaf"],"prob":0.8769762749776503},"fields":{},"normalizations":{}},{"classId":"e_7","part":"s2v1","offsets":[{"start":454,"text":"City of El Cajon"}],"coordinates":[],"confidence":{"state":"pre-removed","who":["ml:nalaf","ml:regex"],"prob":0.5},"fields":{},"normalizations":{}},{"classId":"e_4","part":"s2v1","offsets":[{"start":727,"text":"Emergency Shelter Program for Homeless\""}],"coordinates":[],"confidence":{"state":"","who":["ml:nalaf"],"prob":0.5881062706927812},"fields":{},"normalizations":{}},{"classId":"e_4","part":"s2v1","offsets":[{"start":1385,"text":"Emergency Shelter Program for Homeless for compliance with all applicable regulations."}],"coordinates":[],"confidence":{"state":"","who":["ml:nalaf"],"prob":0.8345717593788277},"fields":{},"normalizations":{}},{"classId":"e_7","part":"s2v1","offsets":[{"start":1716,"text":"City of El Cajon"}],"coordinates":[],"confidence":{"state":"pre-removed","who":["ml:nalaf","ml:regex"],"prob":0.5},"fields":{},"normalizations":{}},{"classId":"e_4","part":"s2v1","offsets":[{"start":1738,"text":"Scope of Services"}],"coordinates":[],"confidence":{"state":"","who":["ml:nalaf"],"prob":0.7607529891586338},"fields":{},"normalizations":{}},{"classId":"e_8","part":"s2v1","offsets":[{"start":2020,"text":"7,\n\nSaid services of the Subrecipient are to commence no sooner than July 1, 2019, and shall be completed no later than June 30, 2020."}],"coordinates":[],"confidence":{"state":"","who":["ml:nalaf"],"prob":0.9563191686198851},"fields":{},"normalizations":{}},{"classId":"e_2","part":"s2v1","offsets":[{"start":2156,"text":"Compensation and Method of Payment:\n\nThe City shall reimburse the Subrecipient for allowable costs incurred under the scope of the Agreement and applicable Federal regulations, which have not been paid for or reimbursed in any other manner by any other Agency or private source of funding."}],"coordinates":[],"confidence":{"state":"","who":["ml:nalaf"],"prob":0.9769895016423581},"fields":{},"normalizations":{}},{"classId":"e_2","part":"s2v1","offsets":[{"start":2446,"text":"The total of all reimbursements shall not exceed One Hundred Thousand and no/100s dollars ($100,000.00)."}],"coordinates":[],"confidence":{"state":"","who":["ml:nalaf"],"prob":0.9412360214094313},"fields":{},"normalizations":{}},{"classId":"e_5","part":"s3v1","offsets":[{"start":32,"text":"The"}],"coordinates":[],"confidence":{"state":"pre-removed","who":["ml:nalaf","ml:regex"],"prob":0.5},"fields":{},"normalizations":{}},{"classId":"e_6","part":"s3v1","offsets":[{"start":32,"text":"The Subrecipient shall maintain and retain all financial records, supporting documents, statistical records and all other records pertaining to the use of the funds provided under this Agreement for a period of four (4) years at a minimum, and in the event of litigation, claim or audit, the records shall be retained until all litigation, claims, and audit findings involving the records have been fully resolved."}],"coordinates":[],"confidence":{"state":"","who":["ml:nalaf"],"prob":0.991561240541748},"fields":{},"normalizations":{}},{"classId":"e_6","part":"s3v1","offsets":[{"start":626,"text":"Monitoring:\n\nThe City will conduct periodic program monitoring reviews."}],"coordinates":[],"confidence":{"state":"","who":["ml:nalaf"],"prob":0.927990816570977},"fields":{},"normalizations":{}},{"classId":"e_6","part":"s3v1","offsets":[{"start":698,"text":"These reviews will focus on the extent to which the planned program has been implemented, measurable goals achieved, effectiveness of program management, and impact of the program."}],"coordinates":[],"confidence":{"state":"","who":["ml:nalaf"],"prob":0.9760308627754936},"fields":{},"normalizations":{}},{"classId":"e_6","part":"s3v1","offsets":[{"start":879,"text":"Authorized representatives of the City and HUD shall have the right of access to all activities and facilities operated by the Subrecipient under this Agreement."}],"coordinates":[],"confidence":{"state":"","who":["ml:nalaf"],"prob":0.9833096947318664},"fields":{},"normalizations":{}},{"classId":"e_6","part":"s3v1","offsets":[{"start":1041,"text":"Facilities include all files, records, and other documents related to the performance of this Agreement."}],"coordinates":[],"confidence":{"state":"","who":["ml:nalaf"],"prob":0.9725009959245179},"fields":{},"normalizations":{}},{"classId":"e_6","part":"s3v1","offsets":[{"start":1146,"text":"Activities include attendance at staff, board of directors, advisory committee, and advisory board meetings and inspection by City and HUD representatives, and to ensure that its employees and board members furnish such information, as in the judgment of City and HUD representatives, may be relevant to the question of compliance with contractual conditions and HUD directives, or the effectiveness, legality and achievements of the program."}],"coordinates":[],"confidence":{"state":"","who":["ml:nalaf"],"prob":0.9917320823693746},"fields":{},"normalizations":{}},{"classId":"e_6","part":"s3v1","offsets":[{"start":1590,"text":"Program Reporting:\n\nThe Subrecipient agrees to prepare and submit financial, program progress, evaluations, and other reports as ·required by HUD or the City."}],"coordinates":[],"confidence":{"state":"","who":["ml:nalaf"],"prob":0.9640847449608428},"fields":{},"normalizations":{}},{"classId":"e_5","part":"s3v1","offsets":[{"start":1749,"text":"The"}],"coordinates":[],"confidence":{"state":"pre-removed","who":["ml:nalaf","ml:regex"],"prob":0.5},"fields":{},"normalizations":{}},{"classId":"e_6","part":"s3v1","offsets":[{"start":1749,"text":"The Subrecipient shall maintain such program, property, personnel, financial and other records and accounts as are considered necessary by HUD or the City to assure proper accounting for all Contract funds."}],"coordinates":[],"confidence":{"state":"","who":["ml:nalaf"],"prob":0.9848257014998619},"fields":{},"normalizations":{}},{"classId":"e_6","part":"s3v1","offsets":[{"start":2237,"text":"The Subrecipient is required to submit data necessary to complete the Annual Subrecipient Performance Report and other federal documents in accordance with HUD regulations and in the format and at the time designated by the City."}],"coordinates":[],"confidence":{"state":"","who":["ml:nalaf"],"prob":0.9856164060941761},"fields":{},"normalizations":{}},{"classId":"e_6","part":"s3v1","offsets":[{"start":2467,"text":"Subrecipient shall submit a Periodic Performance Report (Exhibit \"C\") for the reporting period (may be either monthly or quarterly, as agreed to with the City at time of contract execution) by the 10th day of the month following the reporting period."}],"coordinates":[],"confidence":{"state":"","who":["ml:nalaf"],"prob":0.9776551131212046},"fields":{},"normalizations":{}},{"classId":"e_6","part":"s3v1","offsets":[{"start":2718,"text":"The reports shall include the following information:\n\nA."}],"coordinates":[],"confidence":{"state":"","who":["ml:nalaf"],"prob":0.9212828855344932},"fields":{},"normalizations":{}},{"classId":"e_4","part":"s3v1","offsets":[{"start":2775,"text":"Number of individual clients served (individual client may be a person or a household)\n\nB."}],"coordinates":[],"confidence":{"state":"","who":["ml:nalaf"],"prob":0.7967432779122046},"fields":{},"normalizations":{}},{"classId":"e_6","part":"s3v1","offsets":[{"start":2775,"text":"Number of individual clients served (individual client may be a person or a household)\n\nB."}],"coordinates":[],"confidence":{"state":"","who":["ml:nalaf"],"prob":0.9765246122372052},"fields":{},"normalizations":{}},{"classId":"e_6","part":"s3v1","offsets":[{"start":2866,"text":"Race of clients served\n\nC. Ethnicity of clients served (Hispanic, yes or no - a person may be of any race and be Hispanic)\n\nD. Number of disabled clients served (as defined by the Social Security Administrative Guidelines)\n\nE. Whether or not the head of the household is female\n\nF. Number of clients who are low income (per HUD guidelines)\n\nG. Whether or not the client is an El Cajon resident."}],"coordinates":[],"confidence":{"state":"","who":["ml:nalaf"],"prob":0.9901189026807155},"fields":{},"normalizations":{}},{"classId":"e_6","part":"s3v1","offsets":[{"start":3298,"text":"In addition, a brief narrative must accompany the report (Exhibit \"C-2\")."}],"coordinates":[],"confidence":{"state":"","who":["ml:nalaf"],"prob":0.9232729767580533},"fields":{},"normalizations":{}},{"classId":"e_4","part":"s3v1","offsets":[{"start":3372,"text":"The narrative should include (but is not limited to) the following:\n\nA. Outreach methods used;\n\nB."}],"coordinates":[],"confidence":{"state":"","who":["ml:nalaf"],"prob":0.8978302236259302},"fields":{},"normalizations":{}},{"classId":"e_5","part":"s3v1","offsets":[{"start":3372,"text":"The"}],"coordinates":[],"confidence":{"state":"pre-removed","who":["ml:nalaf","ml:regex"],"prob":0.5},"fields":{},"normalizations":{}},{"classId":"e_6","part":"s3v1","offsets":[{"start":3372,"text":"The narrative should include (but is not limited to) the following:\n\nA. Outreach methods used;\n\nB."}],"coordinates":[],"confidence":{"state":"","who":["ml:nalaf"],"prob":0.9740113620100666},"fields":{},"normalizations":{}},{"classId":"e_5","part":"s3v1","offsets":[{"start":3471,"text":"Number"}],"coordinates":[],"confidence":{"state":"pre-removed","who":["ml:nalaf","ml:regex"],"prob":0.5},"fields":{},"normalizations":{}},{"classId":"e_6","part":"s3v1","offsets":[{"start":3471,"text":"Number and disposition of complaints received; and\n\nC. Progress made toward goals as evidenced in Exhibit \"A\", or an explanation of lack thereof."}],"coordinates":[],"confidence":{"state":"","who":["ml:nalaf"],"prob":0.9756609867493907},"fields":{},"normalizations":{}},{"classId":"e_6","part":"s3v1","offsets":[{"start":3702,"text":"Accounting:\n\nThe Subrecipient must establish and maintain on a current basis, an adequate accrual and accounting system in accordance with generally accepted accounting principles and standards."}],"coordinates":[],"confidence":{"state":"","who":["ml:nalaf"],"prob":0.9696920794440068},"fields":{},"normalizations":{}},{"classId":"e_6","part":"s3v1","offsets":[{"start":3897,"text":"The City, the Federal Granter Agency, the Comptroller General of the United States, or any of their duly-authorized representatives, shall have access to any books, documents, papers and records of the Subrecipient\n\n2"}],"coordinates":[],"confidence":{"state":"","who":["ml:nalaf"],"prob":0.994192242359716},"fields":{},"normalizations":{}},{"classId":"e_6","part":"s4v1","offsets":[{"start":0,"text":"which directly pertain to the above project for the purpose of audit, examination, excerpts and transcriptions."}],"coordinates":[],"confidence":{"state":"","who":["ml:nalaf"],"prob":0.9711700486905407},"fields":{},"normalizations":{}},{"classId":"e_6","part":"s4v1","offsets":[{"start":2237,"text":"Under the CDBG regulations, the following clienteles are presumed to be low and moderate income persons and can qualify for service regardless of income: abused children, elderly persons, battered spouses, homeless persons, disabled persons, illiterate persons, and migrant farm workers."}],"coordinates":[],"confidence":{"state":"","who":["ml:nalaf"],"prob":0.9759209883934314},"fields":{},"normalizations":{}},{"classId":"e_3","part":"s4v1","offsets":[{"start":2525,"text":"Beneficiaries qualifying on the basis of income shall have an annual income equal to or less than the HUD Section 8 (of the United States Housing Act of 1937) Income Limits."}],"coordinates":[],"confidence":{"state":"","who":["ml:nalaf"],"prob":0.9600673773812003},"fields":{},"normalizations":{}},{"classId":"e_6","part":"s4v1","offsets":[{"start":2525,"text":"Beneficiaries qualifying on the basis of income shall have an annual income equal to or less than the HUD Section 8 (of the United States Housing Act of 1937) Income Limits."}],"coordinates":[],"confidence":{"state":"","who":["ml:nalaf"],"prob":0.9736605299344611},"fields":{},"normalizations":{}},{"classId":"e_3","part":"s4v1","offsets":[{"start":2699,"text":"HUD Section 8 Income Limits for the San Diego MSA, define the maximum family income for low and moderate income households."}],"coordinates":[],"confidence":{"state":"","who":["ml:nalaf"],"prob":0.9747316983036731},"fields":{},"normalizations":{}},{"classId":"e_6","part":"s4v1","offsets":[{"start":2699,"text":"HUD Section 8 Income Limits for the San Diego MSA, define the maximum family income for low and moderate income households."}],"coordinates":[],"confidence":{"state":"","who":["ml:nalaf"],"prob":0.9529296352190996},"fields":{},"normalizations":{}},{"classId":"e_4","part":"s4v1","offsets":[{"start":2713,"text":"Income Limits for the San Diego MSA, define the maximum family income for low and moderate income households."}],"coordinates":[],"confidence":{"state":"","who":["ml:nalaf"],"prob":0.8362393941735926},"fields":{},"normalizations":{}},{"classId":"e_3","part":"s4v1","offsets":[{"start":2823,"text":"The Subrecipient is responsible for obtaining the current applicable HUD Section 8 Income Limits for each year of the Agreement term identified in Paragraph 6, Time of Performance."}],"coordinates":[],"confidence":{"state":"","who":["ml:nalaf"],"prob":0.9545437551634103},"fields":{},"normalizations":{}},{"classId":"e_5","part":"s4v1","offsets":[{"start":2823,"text":"The"}],"coordinates":[],"confidence":{"state":"pre-removed","who":["ml:nalaf","ml:regex"],"prob":0.5},"fields":{},"normalizations":{}},{"classId":"e_5","part":"s4v1","offsets":[{"start":3004,"text":"The"}],"coordinates":[],"confidence":{"state":"pre-removed","who":["ml:nalaf","ml:regex"],"prob":0.5},"fields":{},"normalizations":{}},{"classId":"e_6","part":"s4v1","offsets":[{"start":3102,"text":"Assignment:\n\nThis Agreement is not assignable by the Subrecipient without the express prior written consent of the City Council."}],"coordinates":[],"confidence":{"state":"","who":["ml:nalaf"],"prob":0.9288224584337001},"fields":{},"normalizations":{}},{"classId":"e_6","part":"s5v1","offsets":[{"start":151,"text":"B."}],"coordinates":[],"confidence":{"state":"pre-removed","who":["ml:nalaf","ml:regex"],"prob":0.5},"fields":{},"normalizations":{}},{"classId":"e_2","part":"s5v1","offsets":[{"start":154,"text":"The Subrecipient shall utilize the program income in accordance with Exhibit \"A\" and all provisions of this Agreement shall apply to the disposition of program income."}],"coordinates":[],"confidence":{"state":"","who":["ml:nalaf"],"prob":0.8279334464669063},"fields":{},"normalizations":{}},{"classId":"e_7","part":"s5v1","offsets":[{"start":593,"text":"CDBG funds"}],"coordinates":[],"confidence":{"state":"pre-removed","who":["ml:nalaf","ml:regex"],"prob":0.5},"fields":{},"normalizations":{}},{"classId":"e_7","part":"s5v1","offsets":[{"start":713,"text":"CDBG funds"}],"coordinates":[],"confidence":{"state":"pre-removed","who":["ml:nalaf","ml:regex"],"prob":0.5},"fields":{},"normalizations":{}},{"classId":"e_2","part":"s5v1","offsets":[{"start":770,"text":"Further, any real property under the control of the Subrecipient that was acquired or improved in whole or in part with CDBG funds in excess of $25,000 shall be: (a) used to meet one of the national objectives set forth in Title 24 CFR 570.208, or any successor statute, until five (5) years after the expiration or termination of the Agreement, or for such longer period of time as determined to be appropriate by the City at its sole discretion; or (b) disposed of in a manner that results in the City's being reimbursed in the amount of the current fair market value of real property less any portion of the value attributable to expenditures of non-CDBG funds for acquisition of, or improvement to such real property."}],"coordinates":[],"confidence":{"state":"","who":["ml:nalaf"],"prob":0.7877374461658363},"fields":{},"normalizations":{}},{"classId":"e_7","part":"s5v1","offsets":[{"start":890,"text":"CDBG funds"}],"coordinates":[],"confidence":{"state":"pre-removed","who":["ml:nalaf","ml:regex"],"prob":0.5},"fields":{},"normalizations":{}},{"classId":"e_7","part":"s5v1","offsets":[{"start":1423,"text":"CDBG funds"}],"coordinates":[],"confidence":{"state":"pre-removed","who":["ml:nalaf","ml:regex"],"prob":0.5},"fields":{},"normalizations":{}},{"classId":"e_5","part":"s6v1","offsets":[{"start":484,"text":"B."}],"coordinates":[],"confidence":{"state":"pre-removed","who":["ml:nalaf","ml:regex"],"prob":0.5},"fields":{},"normalizations":{}},{"classId":"e_6","part":"s6v1","offsets":[{"start":484,"text":"B."}],"coordinates":[],"confidence":{"state":"pre-removed","who":["ml:nalaf","ml:regex"],"prob":0.5},"fields":{},"normalizations":{}},{"classId":"e_5","part":"s6v1","offsets":[{"start":2060,"text":"B."}],"coordinates":[],"confidence":{"state":"pre-removed","who":["ml:nalaf","ml:regex"],"prob":0.5},"fields":{},"normalizations":{}},{"classId":"e_6","part":"s6v1","offsets":[{"start":2060,"text":"B."}],"coordinates":[],"confidence":{"state":"pre-removed","who":["ml:nalaf","ml:regex"],"prob":0.5},"fields":{},"normalizations":{}},{"classId":"e_5","part":"s6v1","offsets":[{"start":2541,"text":"The"}],"coordinates":[],"confidence":{"state":"pre-removed","who":["ml:nalaf","ml:regex"],"prob":0.5},"fields":{},"normalizations":{}},{"classId":"e_7","part":"s6v1","offsets":[{"start":2754,"text":"CDBG funds"}],"coordinates":[],"confidence":{"state":"pre-removed","who":["ml:nalaf","ml:regex"],"prob":0.5},"fields":{},"normalizations":{}},{"classId":"e_5","part":"s6v1","offsets":[{"start":2820,"text":"The"}],"coordinates":[],"confidence":{"state":"pre-removed","who":["ml:nalaf","ml:regex"],"prob":0.5},"fields":{},"normalizations":{}},{"classId":"e_7","part":"s6v1","offsets":[{"start":3670,"text":"CDBG funds"}],"coordinates":[],"confidence":{"state":"pre-removed","who":["ml:nalaf","ml:regex"],"prob":0.5},"fields":{},"normalizations":{}},{"classId":"e_5","part":"s7v1","offsets":[{"start":1439,"text":"This"}],"coordinates":[],"confidence":{"state":"pre-removed","who":["ml:nalaf","ml:regex"],"prob":0.5},"fields":{},"normalizations":{}},{"classId":"e_5","part":"s7v1","offsets":[{"start":1569,"text":"Non"}],"coordinates":[],"confidence":{"state":"pre-removed","who":["ml:nalaf","ml:regex"],"prob":0.5},"fields":{},"normalizations":{}},{"classId":"e_5","part":"s7v1","offsets":[{"start":1751,"text":"The"}],"coordinates":[],"confidence":{"state":"pre-removed","who":["ml:nalaf","ml:regex"],"prob":0.5},"fields":{},"normalizations":{}},{"classId":"e_7","part":"s7v1","offsets":[{"start":2061,"text":"CDBG funds"}],"coordinates":[],"confidence":{"state":"pre-removed","who":["ml:nalaf","ml:regex"],"prob":0.5},"fields":{},"normalizations":{}},{"classId":"e_5","part":"s7v1","offsets":[{"start":2379,"text":"The"}],"coordinates":[],"confidence":{"state":"pre-removed","who":["ml:nalaf","ml:regex"],"prob":0.5},"fields":{},"normalizations":{}},{"classId":"e_5","part":"s7v1","offsets":[{"start":2831,"text":"The"}],"coordinates":[],"confidence":{"state":"pre-removed","who":["ml:nalaf","ml:regex"],"prob":0.5},"fields":{},"normalizations":{}},{"classId":"e_5","part":"s7v1","offsets":[{"start":2923,"text":"This"}],"coordinates":[],"confidence":{"state":"pre-removed","who":["ml:nalaf","ml:regex"],"prob":0.5},"fields":{},"normalizations":{}},{"classId":"e_7","part":"s7v1","offsets":[{"start":4439,"text":"CDBG funds"}],"coordinates":[],"confidence":{"state":"pre-removed","who":["ml:nalaf","ml:regex"],"prob":0.5},"fields":{},"normalizations":{}},{"classId":"e_7","part":"s8v1","offsets":[{"start":93,"text":"CDBG funds"}],"coordinates":[],"confidence":{"state":"pre-removed","who":["ml:nalaf","ml:regex"],"prob":0.5},"fields":{},"normalizations":{}},{"classId":"e_7","part":"s8v1","offsets":[{"start":2443,"text":"CDBG funds"}],"coordinates":[],"confidence":{"state":"pre-removed","who":["ml:nalaf","ml:regex"],"prob":0.5},"fields":{},"normalizations":{}},{"classId":"e_7","part":"s8v1","offsets":[{"start":2873,"text":"CDBG funds"}],"coordinates":[],"confidence":{"state":"pre-removed","who":["ml:nalaf","ml:regex"],"prob":0.5},"fields":{},"normalizations":{}},{"classId":"e_2","part":"s8v1","offsets":[{"start":3123,"text":"Where previous discriminatory practice or usage tends, on the grounds of race, color, national origin, sex, sexual orientation, disability, or familial status, to exclude individuals from participation in, to deny them the benefits or, or to subject them to discrimination under any program or activity to which CDBG funding applies, the Subrecipient has an obligation to take reasonable action to remove or overcome the consequences of the prior discriminatory practice or usage, and to accomplish the purpose of the Civil Rights Act of 1964 and amendments thereto."}],"coordinates":[],"confidence":{"state":"","who":["ml:nalaf"],"prob":0.7196243878060966},"fields":{},"normalizations":{}},{"classId":"e_5","part":"s9v1","offsets":[{"start":0,"text":"B."}],"coordinates":[],"confidence":{"state":"pre-removed","who":["ml:nalaf","ml:regex"],"prob":0.5},"fields":{},"normalizations":{}},{"classId":"e_6","part":"s9v1","offsets":[{"start":0,"text":"B."}],"coordinates":[],"confidence":{"state":"pre-removed","who":["ml:nalaf","ml:regex"],"prob":0.5},"fields":{},"normalizations":{}},{"classId":"e_5","part":"s9v1","offsets":[{"start":1186,"text":"The"}],"coordinates":[],"confidence":{"state":"pre-removed","who":["ml:nalaf","ml:regex"],"prob":0.5},"fields":{},"normalizations":{}},{"classId":"e_5","part":"s9v1","offsets":[{"start":3444,"text":"The"}],"coordinates":[],"confidence":{"state":"pre-removed","who":["ml:nalaf","ml:regex"],"prob":0.5},"fields":{},"normalizations":{}},{"classId":"e_2","part":"s9v1","offsets":[{"start":4242,"text":"The Subrecipient shall also provide ready access to and use of all CDBG funds assisted buildings to physically disabled persons in compliance with\n\n8"}],"coordinates":[],"confidence":{"state":"","who":["ml:nalaf"],"prob":0.7710655819094535},"fields":{},"normalizations":{}},{"classId":"e_5","part":"s9v1","offsets":[{"start":4242,"text":"The"}],"coordinates":[],"confidence":{"state":"pre-removed","who":["ml:nalaf","ml:regex"],"prob":0.5},"fields":{},"normalizations":{}},{"classId":"e_7","part":"s9v1","offsets":[{"start":4309,"text":"CDBG funds"}],"coordinates":[],"confidence":{"state":"pre-removed","who":["ml:nalaf","ml:regex"],"prob":0.5},"fields":{},"normalizations":{}},{"classId":"e_7","part":"s10v1","offsets":[{"start":1339,"text":"CDBG funds"}],"coordinates":[],"confidence":{"state":"pre-removed","who":["ml:nalaf","ml:regex"],"prob":0.5},"fields":{},"normalizations":{}},{"classId":"e_2","part":"s10v1","offsets":[{"start":1739,"text":"Mechanics' Liens:\n\nThe Subrecipient agrees that it will not make, or suffer to be made, any alterations to the CDBG funded improvements, the property or any part thereof, without the prior written consent of the City."}],"coordinates":[],"confidence":{"state":"","who":["ml:nalaf"],"prob":0.6547787454848553},"fields":{},"normalizations":{}},{"classId":"e_5","part":"s10v1","offsets":[{"start":2134,"text":"The"}],"coordinates":[],"confidence":{"state":"pre-removed","who":["ml:nalaf","ml:regex"],"prob":0.5},"fields":{},"normalizations":{}},{"classId":"e_5","part":"s10v1","offsets":[{"start":2350,"text":"The"}],"coordinates":[],"confidence":{"state":"pre-removed","who":["ml:nalaf","ml:regex"],"prob":0.5},"fields":{},"normalizations":{}},{"classId":"e_7","part":"s10v1","offsets":[{"start":2443,"text":"City of El Cajon"}],"coordinates":[],"confidence":{"state":"pre-removed","who":["ml:nalaf","ml:regex"],"prob":0.5},"fields":{},"normalizations":{}},{"classId":"e_1","part":"s10v1","offsets":[{"start":2518,"text":"East County Transitional Living Center, Inc. Attn: Harold H. Brown, Chief Executive Officer 1527 East Main Street El Cajon, CA 92021"}],"coordinates":[],"confidence":{"state":"","who":["ml:nalaf"],"prob":0.9072053145933608},"fields":{},"normalizations":{}},{"classId":"e_4","part":"s12v1","offsets":[{"start":161,"text":"Statement of Work"}],"coordinates":[],"confidence":{"state":"","who":["ml:nalaf"],"prob":0.749254603557404},"fields":{},"normalizations":{}},{"classId":"e_7","part":"s12v1","offsets":[{"start":215,"text":"Community Development Block Grant"}],"coordinates":[],"confidence":{"state":"pre-removed","who":["ml:nalaf","ml:regex"],"prob":0.5},"fields":{},"normalizations":{}},{"classId":"e_8","part":"s12v1","offsets":[{"start":272,"text":"City for Fiscal Year 2019-2020"}],"coordinates":[],"confidence":{"state":"","who":["ml:nalaf"],"prob":0.7744199600363275},"fields":{},"normalizations":{}},{"classId":"e_4","part":"s12v1","offsets":[{"start":318,"text":"Emergency Shelter Program for Homeless Program"}],"coordinates":[],"confidence":{"state":"","who":["ml:nalaf"],"prob":0.857192386400201},"fields":{},"normalizations":{}},{"classId":"e_7","part":"s12v1","offsets":[{"start":380,"text":"City of El Cajon"}],"coordinates":[],"confidence":{"state":"pre-removed","who":["ml:nalaf","ml:regex"],"prob":0.5},"fields":{},"normalizations":{}},{"classId":"e_4","part":"s12v1","offsets":[{"start":399,"text":"Section 1 - Work Description:\n\n(To be completed by Subrecipient-must describe work activities approved by City Council)"}],"coordinates":[],"confidence":{"state":"","who":["ml:nalaf"],"prob":0.8951470134949112},"fields":{},"normalizations":{}},{"classId":"e_4","part":"s12v1","offsets":[{"start":399,"text":"Section 1 - Work Description:\n\n(To be completed by Subrecipient-must describe work activities approved by City Council)\n\nkv►-dJZ kot..(-O"}],"coordinates":[],"confidence":{"state":"pre-added","who":["ml:nalaf","user:SDTEF"],"prob":1},"fields":{},"normalizations":{}},{"classId":"e_4","part":"s12v1","offsets":[{"start":537,"text":"~j1 ~ Mei½?-~AA~\n\n\\ ~(?(>O\"Li ~v"}],"coordinates":[{"x":"183.08","y":"192.98"},{"x":"463.94","y":"202.32"}],"confidence":{"state":"pre-added","who":["user:SDTEF"],"prob":1},"fields":{},"normalizations":{}},{"classId":"e_6","part":"s12v1","offsets":[{"start":743,"text":"Reporting periods may be monthly or quarterly, at the Subrecipient's option, but must remain consistent throughout the year."}],"coordinates":[],"confidence":{"state":"","who":["ml:nalaf"],"prob":0.9776372126553968},"fields":{},"normalizations":{}},{"classId":"e_6","part":"s12v1","offsets":[{"start":868,"text":"Periodic Performance Reports are due by the 10th of the month following the reporting period."}],"coordinates":[],"confidence":{"state":"","who":["ml:nalaf"],"prob":0.9625800299215276},"fields":{},"normalizations":{}},{"classId":"e_6","part":"s12v1","offsets":[{"start":962,"text":"These reports shall include the following information:\n\nA Number of individual clients served (individual client may be a person or a household)\n\nB."}],"coordinates":[],"confidence":{"state":"","who":["ml:nalaf"],"prob":0.9727447854350049},"fields":{},"normalizations":{}},{"classId":"e_5","part":"s12v1","offsets":[{"start":1111,"text":"Race"}],"coordinates":[],"confidence":{"state":"pre-removed","who":["ml:nalaf","ml:regex"],"prob":0.5},"fields":{},"normalizations":{}},{"classId":"e_6","part":"s12v1","offsets":[{"start":1111,"text":"Race of clients served\n\nC. Ethnicity of clients served (Hispanic, yes or no - a person may be of any race and be Hispanic)\n\nD. Number of disabled clients served (as defined by the Social Security Administrative Guidelines)\n\nE. Whether or not the head of the household is female\n\nF. Number of clients who are low income (per HUD guidelines)\n\nG. Whether or not the client is an El Cajon resident."}],"coordinates":[],"confidence":{"state":"","who":["ml:nalaf"],"prob":0.9901189026807155},"fields":{},"normalizations":{}},{"classId":"e_5","part":"s12v1","offsets":[{"start":1276,"text":"defined by the Social Security Administrative Guidelines)\n\nE"}],"coordinates":[],"confidence":{"state":"pre-removed","who":["ml:nalaf","ml:regex"],"prob":0.5},"fields":{},"normalizations":{}},{"classId":"e_5","part":"s12v1","offsets":[{"start":1474,"text":"client is an El Cajon resident."}],"coordinates":[],"confidence":{"state":"pre-removed","who":["ml:nalaf","ml:regex"],"prob":0.5},"fields":{},"normalizations":{}},{"classId":"e_2","part":"s12v1","offsets":[{"start":1507,"text":"H. Number of new clients assisted."}],"coordinates":[],"confidence":{"state":"pre-removed","who":["ml:nalaf","ml:regex"],"prob":0.5},"fields":{},"normalizations":{}},{"classId":"e_6","part":"s12v1","offsets":[{"start":1507,"text":"H. Number of new clients assisted."}],"coordinates":[],"confidence":{"state":"pre-removed","who":["ml:nalaf","ml:regex"],"prob":0.5},"fields":{},"normalizations":{}},{"classId":"e_6","part":"s12v1","offsets":[{"start":1543,"text":"In addition, a brief narrative (Exhibit \"C-2\") must accompany the report."}],"coordinates":[],"confidence":{"state":"","who":["ml:nalaf"],"prob":0.9564812600456538},"fields":{},"normalizations":{}},{"classId":"e_4","part":"s12v1","offsets":[{"start":1617,"text":"Narrative should include (but is not limited to) the following:\n\nA Outreach methods used;\n\nB."}],"coordinates":[],"confidence":{"state":"","who":["ml:nalaf"],"prob":0.9174835670975044},"fields":{},"normalizations":{}},{"classId":"e_6","part":"s12v1","offsets":[{"start":1617,"text":"Narrative should include (but is not limited to) the following:\n\nA Outreach methods used;\n\nB."}],"coordinates":[],"confidence":{"state":"","who":["ml:nalaf"],"prob":0.967820435216122},"fields":{},"normalizations":{}},{"classId":"e_5","part":"s12v1","offsets":[{"start":1711,"text":"Number"}],"coordinates":[],"confidence":{"state":"pre-removed","who":["ml:nalaf","ml:regex"],"prob":0.5},"fields":{},"normalizations":{}},{"classId":"e_6","part":"s12v1","offsets":[{"start":1711,"text":"Number and disposition of complaints received; and\n\nC. Progress made toward goals as evidenced in Exhibit \"A\", or an explanation of lack thereof."}],"coordinates":[],"confidence":{"state":"","who":["ml:nalaf"],"prob":0.9756609867493907},"fields":{},"normalizations":{}},{"classId":"e_5","part":"s12v1","offsets":[{"start":1766,"text":"Progress made toward goals as evidenced in Exhibit \"A\", or an explanation of lack thereof."}],"coordinates":[],"confidence":{"state":"pre-removed","who":["ml:nalaf","ml:regex"],"prob":0.5},"fields":{},"normalizations":{}},{"classId":"e_5","part":"s12v1","offsets":[{"start":1858,"text":"D. Any other accomplishments or problems/concerns the Agency wishes to report."}],"coordinates":[],"confidence":{"state":"pre-removed","who":["ml:nalaf","ml:regex"],"prob":0.5},"fields":{},"normalizations":{}},{"classId":"e_6","part":"s12v1","offsets":[{"start":1858,"text":"D. Any other accomplishments or problems/concerns the Agency wishes to report."}],"coordinates":[],"confidence":{"state":"pre-removed","who":["ml:nalaf","ml:regex"],"prob":0.5},"fields":{},"normalizations":{}},{"classId":"e_6","part":"s12v1","offsets":[{"start":1938,"text":"Section 3 - Key Program Goals and Timeline\n\nEast County Transitional Living Center, Inc. will pr"}],"coordinates":[],"confidence":{"state":"","who":["ml:nalaf"],"prob":0.9277540873642445},"fields":{},"normalizations":{}},{"classId":"e_1","part":"s12v1","offsets":[{"start":1982,"text":"East County Transitional Living Center, Inc"}],"coordinates":[],"confidence":{"state":"","who":["ml:nalaf"],"prob":0.8355354053201787},"fields":{},"normalizations":{}},{"classId":"e_6","part":"s12v1","offsets":[{"start":2034,"text":"~ide ______\n\n( ~1D) individuals~..,=·.,._j~?.~!]!\"7~7~'\n\nwith services in the City of El Cajon during the period of July 1, 2019te June 30, 2020."}],"coordinates":[{"x":"315.35","y":"566.79"},{"x":"407.31","y":"611.27"}],"confidence":{"state":"pre-added","who":["user:SDTEF"],"prob":1},"fields":{},"normalizations":{}},{"classId":"e_7","part":"s12v1","offsets":[{"start":2112,"text":"City of El Cajon"}],"coordinates":[],"confidence":{"state":"pre-removed","who":["ml:nalaf","ml:regex"],"prob":0.5},"fields":{},"normalizations":{}},{"classId":"e_8","part":"s12v1","offsets":[{"start":2129,"text":"during the period of July 1, 2019te June 30, 2020."}],"coordinates":[],"confidence":{"state":"","who":["ml:nalaf"],"prob":0.8967465773187074},"fields":{},"normalizations":{}},{"classId":"e_2","part":"s12v1","offsets":[{"start":2181,"text":"Section 4 - Budget\n\nThe City agrees to pay Subrecipient a total sum of One Hundred Thousand and no/100s dollars ($100,000.00) to assist in the provision of the above mentioned services."}],"coordinates":[],"confidence":{"state":"","who":["ml:nalaf"],"prob":0.9584757511859227},"fields":{},"normalizations":{}},{"classId":"e_2","part":"s12v1","offsets":[{"start":2508,"text":"The City shall make payment of these funds on a reimbursement basis contingent upon a written request and submittal of receipts or appropriate proof of payment from the Subrecipient."}],"coordinates":[],"confidence":{"state":"","who":["ml:nalaf"],"prob":0.9515509793238018},"fields":{},"normalizations":{}},{"classId":"e_2","part":"s12v1","offsets":[{"start":2691,"text":"Payments will not be paid unless and until periodic reports are current."}],"coordinates":[],"confidence":{"state":"","who":["ml:nalaf"],"prob":0.9319984105241834},"fields":{},"normalizations":{}},{"classId":"e_7","part":"s13v1","offsets":[{"start":1126,"text":"CDBG funds"}],"coordinates":[],"confidence":{"state":"pre-removed","who":["ml:nalaf","ml:regex"],"prob":0.5},"fields":{},"normalizations":{}},{"classId":"e_2","part":"s13v1","offsets":[{"start":1433,"text":"2 Includes Federal and non- Federal funding sources"}],"coordinates":[],"confidence":{"state":"","who":["ml:nalaf"],"prob":0.948358325951759},"fields":{},"normalizations":{}},{"classId":"e_8","part":"s14v1","offsets":[{"start":0,"text":"FY2019-2020"}],"coordinates":[],"confidence":{"state":"","who":["ml:nalaf"],"prob":0.5642383849915221},"fields":{},"normalizations":{}},{"classId":"e_7","part":"s14v1","offsets":[{"start":234,"text":"City of El Cajon"}],"coordinates":[],"confidence":{"state":"pre-removed","who":["ml:nalaf","ml:regex"],"prob":0.5},"fields":{},"normalizations":{}},{"classId":"e_1","part":"s14v1","offsets":[{"start":455,"text":"East County Transitional Living Center Inc"}],"coordinates":[],"confidence":{"state":"","who":["ml:nalaf"],"prob":0.6702631488533938},"fields":{},"normalizations":{}},{"classId":"e_1","part":"s15v1","offsets":[{"start":223,"text":"East County Transitional Living Center Inc"}],"coordinates":[],"confidence":{"state":"","who":["ml:nalaf"],"prob":0.8067963450646459},"fields":{},"normalizations":{}},{"classId":"e_4","part":"s15v1","offsets":[{"start":312,"text":"Emergency Shelter Program"}],"coordinates":[],"confidence":{"state":"","who":["ml:nalaf"],"prob":0.6819384085591832},"fields":{},"normalizations":{}},{"classId":"e_5","part":"s15v1","offsets":[{"start":438,"text":"Number"}],"coordinates":[],"confidence":{"state":"pre-removed","who":["ml:nalaf","ml:regex"],"prob":0.5},"fields":{},"normalizations":{}},{"classId":"e_7","part":"s16v1","offsets":[{"start":329,"text":"City of El Cajon"}],"coordinates":[],"confidence":{"state":"pre-removed","who":["ml:nalaf","ml:regex"],"prob":0.5},"fields":{},"normalizations":{}},{"classId":"e_1","part":"s16v1","offsets":[{"start":454,"text":"East CountyTransitionalLivingCenterInc"}],"coordinates":[],"confidence":{"state":"","who":["ml:nalaf"],"prob":0.7761368537387764},"fields":{},"normalizations":{}},{"classId":"e_7","part":"s17v1","offsets":[{"start":31,"text":"CITY OF EL CAJON"}],"coordinates":[],"confidence":{"state":"pre-removed","who":["ml:nalaf","ml:regex"],"prob":0.5},"fields":{},"normalizations":{}},{"classId":"e_7","part":"s17v1","offsets":[{"start":539,"text":"City of El Cajon"}],"coordinates":[],"confidence":{"state":"pre-removed","who":["ml:nalaf","ml:regex"],"prob":0.5},"fields":{},"normalizations":{}},{"classId":"e_7","part":"s17v1","offsets":[{"start":965,"text":"City of El Cajon"}],"coordinates":[],"confidence":{"state":"pre-removed","who":["ml:nalaf","ml:regex"],"prob":0.5},"fields":{},"normalizations":{}},{"classId":"e_7","part":"s18v1","offsets":[{"start":22,"text":"CITY OF EL CAJON"}],"coordinates":[],"confidence":{"state":"pre-removed","who":["ml:nalaf","ml:regex"],"prob":0.5},"fields":{},"normalizations":{}},{"classId":"e_4","part":"s18v1","offsets":[{"start":454,"text":"2."}],"coordinates":[],"confidence":{"state":"pre-removed","who":["ml:nalaf","ml:regex"],"prob":0.5},"fields":{},"normalizations":{}},{"classId":"e_6","part":"s18v1","offsets":[{"start":454,"text":"2."}],"coordinates":[],"confidence":{"state":"pre-removed","who":["ml:nalaf","ml:regex"],"prob":0.5},"fields":{},"normalizations":{}},{"classId":"e_4","part":"s18v1","offsets":[{"start":1259,"text":"3."}],"coordinates":[],"confidence":{"state":"pre-removed","who":["ml:nalaf","ml:regex"],"prob":0.5},"fields":{},"normalizations":{}},{"classId":"e_6","part":"s18v1","offsets":[{"start":1259,"text":"3."}],"coordinates":[],"confidence":{"state":"pre-removed","who":["ml:nalaf","ml:regex"],"prob":0.5},"fields":{},"normalizations":{}},{"classId":"e_6","part":"s18v1","offsets":[{"start":1796,"text":"4."}],"coordinates":[],"confidence":{"state":"pre-removed","who":["ml:nalaf","ml:regex"],"prob":0.5},"fields":{},"normalizations":{}},{"classId":"e_5","part":"s18v1","offsets":[{"start":1994,"text":"The"}],"coordinates":[],"confidence":{"state":"pre-removed","who":["ml:nalaf","ml:regex"],"prob":0.5},"fields":{},"normalizations":{}},{"classId":"e_4","part":"s18v1","offsets":[{"start":2116,"text":"5."}],"coordinates":[],"confidence":{"state":"pre-removed","who":["ml:nalaf","ml:regex"],"prob":0.5},"fields":{},"normalizations":{}},{"classId":"e_6","part":"s18v1","offsets":[{"start":2116,"text":"5."}],"coordinates":[],"confidence":{"state":"pre-removed","who":["ml:nalaf","ml:regex"],"prob":0.5},"fields":{},"normalizations":{}},{"classId":"e_7","part":"s19v1","offsets":[{"start":32,"text":"CITY OF EL CAJON"}],"coordinates":[],"confidence":{"state":"pre-removed","who":["ml:nalaf","ml:regex"],"prob":0.5},"fields":{},"normalizations":{}},{"classId":"e_6","part":"s19v1","offsets":[{"start":314,"text":"8."}],"coordinates":[],"confidence":{"state":"pre-removed","who":["ml:nalaf","ml:regex"],"prob":0.5},"fields":{},"normalizations":{}},{"classId":"e_5","part":"s19v1","offsets":[{"start":317,"text":"The"}],"coordinates":[],"confidence":{"state":"pre-removed","who":["ml:nalaf","ml:regex"],"prob":0.5},"fields":{},"normalizations":{}},{"classId":"e_7","part":"s20v1","offsets":[{"start":22,"text":"CITY OF EL CAJON"}],"coordinates":[],"confidence":{"state":"pre-removed","who":["ml:nalaf","ml:regex"],"prob":0.5},"fields":{},"normalizations":{}},{"classId":"e_4","part":"s20v1","offsets":[{"start":646,"text":"2."}],"coordinates":[],"confidence":{"state":"pre-removed","who":["ml:nalaf","ml:regex"],"prob":0.5},"fields":{},"normalizations":{}},{"classId":"e_6","part":"s20v1","offsets":[{"start":646,"text":"2."}],"coordinates":[],"confidence":{"state":"pre-removed","who":["ml:nalaf","ml:regex"],"prob":0.5},"fields":{},"normalizations":{}},{"classId":"e_4","part":"s20v1","offsets":[{"start":1659,"text":"3."}],"coordinates":[],"confidence":{"state":"pre-removed","who":["ml:nalaf","ml:regex"],"prob":0.5},"fields":{},"normalizations":{}},{"classId":"e_6","part":"s20v1","offsets":[{"start":1659,"text":"3."}],"coordinates":[],"confidence":{"state":"pre-removed","who":["ml:nalaf","ml:regex"],"prob":0.5},"fields":{},"normalizations":{}},{"classId":"e_5","part":"s20v1","offsets":[{"start":1923,"text":"All"}],"coordinates":[],"confidence":{"state":"pre-removed","who":["ml:nalaf","ml:regex"],"prob":0.5},"fields":{},"normalizations":{}},{"classId":"e_7","part":"s21v1","offsets":[{"start":10,"text":"CITY OF EL CAJON"}],"coordinates":[],"confidence":{"state":"pre-removed","who":["ml:nalaf","ml:regex"],"prob":0.5},"fields":{},"normalizations":{}},{"classId":"e_7","part":"s21v1","offsets":[{"start":302,"text":"City of El Cajon"}],"coordinates":[],"confidence":{"state":"pre-removed","who":["ml:nalaf","ml:regex"],"prob":0.5},"fields":{},"normalizations":{}},{"classId":"e_7","part":"s21v1","offsets":[{"start":929,"text":"City of El Cajon"}],"coordinates":[],"confidence":{"state":"pre-removed","who":["ml:nalaf","ml:regex"],"prob":0.5},"fields":{},"normalizations":{}},{"classId":"e_7","part":"s22v1","offsets":[{"start":22,"text":"CITY OF EL CAJON"}],"coordinates":[],"confidence":{"state":"pre-removed","who":["ml:nalaf","ml:regex"],"prob":0.5},"fields":{},"normalizations":{}},{"classId":"e_5","part":"s22v1","offsets":[{"start":445,"text":"All"}],"coordinates":[],"confidence":{"state":"pre-removed","who":["ml:nalaf","ml:regex"],"prob":0.5},"fields":{},"normalizations":{}},{"classId":"e_5","part":"s22v1","offsets":[{"start":1951,"text":"The"}],"coordinates":[],"confidence":{"state":"pre-removed","who":["ml:nalaf","ml:regex"],"prob":0.5},"fields":{},"normalizations":{}},{"classId":"e_7","part":"s23v1","offsets":[{"start":22,"text":"CITY OF EL CAJON"}],"coordinates":[],"confidence":{"state":"pre-removed","who":["ml:nalaf","ml:regex"],"prob":0.5},"fields":{},"normalizations":{}},{"classId":"e_8","part":"s23v1","offsets":[{"start":245,"text":"The requirement to name the City as an additional insured, and the requirement for a policy for two (2) additional calendar years, may each be waived by the City Council or the City Manager (or her designee)"}],"coordinates":[],"confidence":{"state":"","who":["ml:nalaf"],"prob":0.649997089122887},"fields":{},"normalizations":{}},{"classId":"e_5","part":"s23v1","offsets":[{"start":1485,"text":"Any"}],"coordinates":[],"confidence":{"state":"pre-removed","who":["ml:nalaf","ml:regex"],"prob":0.5},"fields":{},"normalizations":{}},{"classId":"e_7","part":"s24v1","offsets":[{"start":22,"text":"CITY OF EL CAJON"}],"coordinates":[],"confidence":{"state":"pre-removed","who":["ml:nalaf","ml:regex"],"prob":0.5},"fields":{},"normalizations":{}},{"classId":"e_5","part":"s25v1","offsets":[{"start":292,"text":"a."}],"coordinates":[],"confidence":{"state":"pre-removed","who":["ml:nalaf","ml:regex"],"prob":0.5},"fields":{},"normalizations":{}},{"classId":"e_6","part":"s25v1","offsets":[{"start":292,"text":"a."}],"coordinates":[],"confidence":{"state":"pre-removed","who":["ml:nalaf","ml:regex"],"prob":0.5},"fields":{},"normalizations":{}},{"classId":"e_8","part":"s25v1","offsets":[{"start":886,"text":"a."}],"coordinates":[],"confidence":{"state":"pre-removed","who":["ml:nalaf","ml:regex"],"prob":0.5},"fields":{},"normalizations":{}},{"classId":"e_1","part":"s25v1","offsets":[{"start":1578,"text":"East County Transitional Living Center, Inc."}],"coordinates":[],"confidence":{"state":"","who":["ml:nalaf"],"prob":0.9123869788569048},"fields":{},"normalizations":{}},{"classId":"e_3","part":"s25v1","offsets":[{"start":1705,"text":"I"}],"coordinates":[],"confidence":{"state":"pre-removed","who":["ml:nalaf","ml:regex"],"prob":0.5},"fields":{},"normalizations":{}},{"classId":"e_8","part":"s26v1","offsets":[{"start":529,"text":"during the prior fiscal year (FY 2018-19)/calendar year (2018)."}],"coordinates":[],"confidence":{"state":"pre-removed","who":["ml:nalaf","ml:regex"],"prob":0.5},"fields":{},"normalizations":{}},{"classId":"e_3","part":"s26v1","offsets":[{"start":758,"text":"I"}],"coordinates":[],"confidence":{"state":"pre-removed","who":["ml:nalaf","ml:regex"],"prob":0.5},"fields":{},"normalizations":{}}],"relations":[]}