{"annotatable":{"parts":["s1p1","s1p2","s1p3","s1p4","s1p5","s1p6","s1p7","s1p8","s1p9","s1p10","s1p11","s1p12","s1p13","s1p14","s1p15","s1p16","s1p17","s1p18","s1p19","s1p20","s1p21","s1p22","s1p23","s1p24","s1p25","s1p26","s1p27","s1p28","s1p29","s1p30","s1p31","s1p32","s1p33"]},"anncomplete":true,"sources":[{"name":"ORIG","id":"Copy_of_Interfaith_Community_Services__2019.pdf","url":""}],"metas":{"m_23":{"value":"city and CDBG funds","confidence":{"state":"pre-added","who":["user:SDTEF"],"prob":1}},"m_24":{"value":"$59,872","confidence":{"state":"pre-added","who":["user:SDTEF"],"prob":1}},"m_22":{"value":"emergency rental and housing assistance","confidence":{"state":"pre-added","who":["user:SDTEF"],"prob":1}}},"entities":[{"classId":"e_19","part":"s1p2","offsets":[{"start":0,"text":"AMENDMENT NO. 1 TO EXTEND AND AMEND AGREEMENT FOR FEDERAL COMMUNITY DEVELOPMENT BLOCK GRANT FUNDS INTERFAITH COMMUNITY SERVICES, INC."}],"coordinates":[],"confidence":{"state":"pre-added","who":["user:SDTEF"],"prob":1},"fields":{},"normalizations":{}},{"classId":"e_1","part":"s1p2","offsets":[{"start":98,"text":"INTERFAITH COMMUNITY SERVICES, INC."}],"coordinates":[],"confidence":{"state":"","who":["ml:nalaf"],"prob":0.8553479865894654},"fields":{},"normalizations":{}},{"classId":"e_7","part":"s1p4","offsets":[{"start":117,"text":"Carlsbad"}],"coordinates":[],"confidence":{"state":"pre-added","who":["user:SDTEF"],"prob":1},"fields":{},"normalizations":{}},{"classId":"e_1","part":"s1p4","offsets":[{"start":166,"text":"Interfaith Community Services"}],"coordinates":[],"confidence":{"state":"","who":["ml:nalaf"],"prob":0.8772997834462547},"fields":{},"normalizations":{}},{"classId":"e_7","part":"s1p4","offsets":[{"start":276,"text":"Federal Community Development Block Grant Funds."}],"coordinates":[],"confidence":{"state":"pre-added","who":["user:SDTEF"],"prob":1},"fields":{},"normalizations":{}},{"classId":"e_8","part":"s1p10","offsets":[{"start":70,"text":"hereby extended for a period of one (1) year ending on June 30, 2021"}],"coordinates":[],"confidence":{"state":"pre-added","who":["user:SDTEF"],"prob":1},"fields":{},"normalizations":{}},{"classId":"e_2","part":"s1p10","offsets":[{"start":144,"text":"increased funding to add forty thousand dollars ($40,000)"}],"coordinates":[],"confidence":{"state":"pre-added","who":["user:SDTEF"],"prob":1},"fields":{},"normalizations":{}},{"classId":"e_2","part":"s1p11","offsets":[{"start":170,"text":"With this Amendment, the total Agreement amount shall not exceed fifty-nine thousand eight hundred seventy-two dollars ($59,872)."}],"coordinates":[],"confidence":{"state":"pre-added","who":["user:SDTEF"],"prob":1},"fields":{},"normalizations":{}},{"classId":"e_1","part":"s1p18","offsets":[{"start":0,"text":"INTERFAITH COMMUNITY SERVICES, INC."}],"coordinates":[],"confidence":{"state":"","who":["ml:nalaf"],"prob":0.8374710426323961},"fields":{},"normalizations":{}},{"classId":"e_7","part":"s1p18","offsets":[{"start":69,"text":"CARLSBAD"}],"coordinates":[],"confidence":{"state":"pre-added","who":["ml:regex"],"prob":0.5},"fields":{},"normalizations":{}},{"classId":"e_8","part":"s1p33","offsets":[{"start":127,"text":"40,000"}],"coordinates":[],"confidence":{"state":"pre-added","who":["ml:regex"],"prob":0.5},"fields":{},"normalizations":{}},{"classId":"e_7","part":"s1p33","offsets":[{"start":164,"text":"CARLSBAD"}],"coordinates":[],"confidence":{"state":"pre-added","who":["ml:regex"],"prob":0.5},"fields":{},"normalizations":{}},{"classId":"e_7","part":"s1p33","offsets":[{"start":370,"text":"CARLSBAD"}],"coordinates":[],"confidence":{"state":"pre-added","who":["ml:regex"],"prob":0.5},"fields":{},"normalizations":{}},{"classId":"e_7","part":"s1p33","offsets":[{"start":922,"text":"Carlsbad"}],"coordinates":[],"confidence":{"state":"pre-added","who":["ml:regex"],"prob":0.5},"fields":{},"normalizations":{}},{"classId":"e_2","part":"s1p33","offsets":[{"start":1601,"text":"The City has allocated federal community development block grant (\"CDBG\") funds, in the amount of nineteen thousand eight hundred and seventy-two dollars ($19,872)"}],"coordinates":[],"confidence":{"state":"pre-added","who":["user:SDTEF"],"prob":1},"fields":{},"normalizations":{}},{"classId":"e_7","part":"s1p33","offsets":[{"start":2900,"text":"CDBG"}],"coordinates":[],"confidence":{"state":"pre-added","who":["ml:regex"],"prob":0.5},"fields":{},"normalizations":{}},{"classId":"e_7","part":"s1p33","offsets":[{"start":3009,"text":"Carlsbad"}],"coordinates":[],"confidence":{"state":"pre-added","who":["ml:regex"],"prob":0.5},"fields":{},"normalizations":{}},{"classId":"e_7","part":"s1p33","offsets":[{"start":3806,"text":"CDBG"}],"coordinates":[],"confidence":{"state":"pre-added","who":["ml:regex"],"prob":0.5},"fields":{},"normalizations":{}},{"classId":"e_7","part":"s1p33","offsets":[{"start":4846,"text":"CDBG"}],"coordinates":[],"confidence":{"state":"pre-added","who":["ml:regex"],"prob":0.5},"fields":{},"normalizations":{}},{"classId":"e_7","part":"s1p33","offsets":[{"start":5556,"text":"CDBG"}],"coordinates":[],"confidence":{"state":"pre-added","who":["ml:regex"],"prob":0.5},"fields":{},"normalizations":{}},{"classId":"e_7","part":"s1p33","offsets":[{"start":6071,"text":"CDBG"}],"coordinates":[],"confidence":{"state":"pre-added","who":["ml:regex"],"prob":0.5},"fields":{},"normalizations":{}},{"classId":"e_7","part":"s1p33","offsets":[{"start":6280,"text":"CDBG"}],"coordinates":[],"confidence":{"state":"pre-added","who":["ml:regex"],"prob":0.5},"fields":{},"normalizations":{}},{"classId":"e_7","part":"s1p33","offsets":[{"start":6551,"text":"CDBG"}],"coordinates":[],"confidence":{"state":"pre-added","who":["ml:regex"],"prob":0.5},"fields":{},"normalizations":{}},{"classId":"e_7","part":"s1p33","offsets":[{"start":6589,"text":"CDBG"}],"coordinates":[],"confidence":{"state":"pre-added","who":["ml:regex"],"prob":0.5},"fields":{},"normalizations":{}},{"classId":"e_7","part":"s1p33","offsets":[{"start":7644,"text":"Carlsbad"}],"coordinates":[],"confidence":{"state":"pre-added","who":["ml:regex"],"prob":0.5},"fields":{},"normalizations":{}},{"classId":"e_7","part":"s1p33","offsets":[{"start":7687,"text":"Carlsbad"}],"coordinates":[],"confidence":{"state":"pre-added","who":["ml:regex"],"prob":0.5},"fields":{},"normalizations":{}},{"classId":"e_7","part":"s1p33","offsets":[{"start":7805,"text":"Carlsbad"}],"coordinates":[],"confidence":{"state":"pre-added","who":["ml:regex"],"prob":0.5},"fields":{},"normalizations":{}},{"classId":"e_7","part":"s1p33","offsets":[{"start":7870,"text":"Carlsbad"}],"coordinates":[],"confidence":{"state":"pre-added","who":["ml:regex"],"prob":0.5},"fields":{},"normalizations":{}},{"classId":"e_7","part":"s1p33","offsets":[{"start":8485,"text":"CDBG"}],"coordinates":[],"confidence":{"state":"pre-added","who":["ml:regex"],"prob":0.5},"fields":{},"normalizations":{}},{"classId":"e_7","part":"s1p33","offsets":[{"start":9590,"text":"Carlsbad"}],"coordinates":[],"confidence":{"state":"pre-added","who":["ml:regex"],"prob":0.5},"fields":{},"normalizations":{}},{"classId":"e_7","part":"s1p33","offsets":[{"start":10585,"text":"CDBG"}],"coordinates":[],"confidence":{"state":"pre-added","who":["ml:regex"],"prob":0.5},"fields":{},"normalizations":{}},{"classId":"e_7","part":"s1p33","offsets":[{"start":11004,"text":"CDBG"}],"coordinates":[],"confidence":{"state":"pre-added","who":["ml:regex"],"prob":0.5},"fields":{},"normalizations":{}},{"classId":"e_7","part":"s1p33","offsets":[{"start":11263,"text":"CDBG"}],"coordinates":[],"confidence":{"state":"pre-added","who":["ml:regex"],"prob":0.5},"fields":{},"normalizations":{}},{"classId":"e_7","part":"s1p33","offsets":[{"start":13115,"text":"CDBG"}],"coordinates":[],"confidence":{"state":"pre-added","who":["ml:regex"],"prob":0.5},"fields":{},"normalizations":{}},{"classId":"e_7","part":"s1p33","offsets":[{"start":15465,"text":"CDBG"}],"coordinates":[],"confidence":{"state":"pre-added","who":["ml:regex"],"prob":0.5},"fields":{},"normalizations":{}},{"classId":"e_1","part":"s1p33","offsets":[{"start":16738,"text":"Interfaith Community Services"}],"coordinates":[],"confidence":{"state":"","who":["ml:nalaf"],"prob":0.7551176526125829},"fields":{},"normalizations":{}},{"classId":"e_7","part":"s1p33","offsets":[{"start":16959,"text":"CARLSBAD"}],"coordinates":[],"confidence":{"state":"pre-added","who":["ml:regex"],"prob":0.5},"fields":{},"normalizations":{}},{"classId":"e_7","part":"s1p33","offsets":[{"start":19995,"text":"CARLSBAD"}],"coordinates":[],"confidence":{"state":"pre-added","who":["ml:regex"],"prob":0.5},"fields":{},"normalizations":{}},{"classId":"e_7","part":"s1p33","offsets":[{"start":20004,"text":"COMMUNITY DEVELOPMENT BLOCK GRANT PROGRAM"}],"coordinates":[],"confidence":{"state":"pre-added","who":["user:SDTEF"],"prob":1},"fields":{},"normalizations":{}},{"classId":"e_8","part":"s1p33","offsets":[{"start":20060,"text":"Contract Term: July 1, 2019 to June 30, 2020"}],"coordinates":[],"confidence":{"state":"pre-added","who":["ml:regex"],"prob":0.5},"fields":{},"normalizations":{}},{"classId":"e_1","part":"s1p33","offsets":[{"start":20124,"text":"Interfaith Community Services"}],"coordinates":[],"confidence":{"state":"","who":["ml:nalaf"],"prob":0.5278351950276484},"fields":{},"normalizations":{}},{"classId":"e_4","part":"s1p33","offsets":[{"start":20211,"text":"Project Description: Rental Housing Assistance Program"}],"coordinates":[],"confidence":{"state":"pre-added","who":["user:SDTEF"],"prob":1},"fields":{},"normalizations":{}},{"classId":"e_6","part":"s1p33","offsets":[{"start":20266,"text":"Project Goals & Objectives:"}],"coordinates":[],"confidence":{"state":"pre-added","who":["user:SDTEF"],"prob":1},"fields":{},"normalizations":{}},{"classId":"e_4","part":"s1p33","offsets":[{"start":20294,"text":"1. CDBG funds will be used to fund the following activities in compliance with the project description outlined and in conformance with the Federal regulations for the CDBG program: Funds will be used to provide emergency rental and housing assistance to prevent homelessness."}],"coordinates":[],"confidence":{"state":"pre-added","who":["user:SDTEF"],"prob":1},"fields":{},"normalizations":{}},{"classId":"e_7","part":"s1p33","offsets":[{"start":20297,"text":"CDBG"}],"coordinates":[],"confidence":{"state":"pre-added","who":["user:SDTEF"],"prob":1},"fields":{},"normalizations":{}},{"classId":"e_7","part":"s1p33","offsets":[{"start":20462,"text":"CDBG"}],"coordinates":[],"confidence":{"state":"pre-added","who":["ml:regex"],"prob":0.5},"fields":{},"normalizations":{}},{"classId":"e_4","part":"s1p33","offsets":[{"start":20571,"text":"2. Project objectives to be accomplished during the contract period: Interfaith will provide emergency rental assistance to add in the prevention and end homelessness, as well as empower residents to achieve self-sufficiency and independence."}],"coordinates":[],"confidence":{"state":"pre-added","who":["user:SDTEF"],"prob":1},"fields":{},"normalizations":{}},{"classId":"e_6","part":"s1p33","offsets":[{"start":20814,"text":"3. Project objectives performance measures: a. Provide quarterly performance reports to the City of Carlsbad, Housing and Neighborhood Services Department on the CDBG Quarterly Performance Report form as provided"}],"coordinates":[],"confidence":{"state":"pre-added","who":["user:SDTEF"],"prob":1},"fields":{},"normalizations":{}},{"classId":"e_7","part":"s1p33","offsets":[{"start":20914,"text":"Carlsbad"}],"coordinates":[],"confidence":{"state":"pre-added","who":["ml:regex"],"prob":0.5},"fields":{},"normalizations":{}},{"classId":"e_6","part":"s1p33","offsets":[{"start":21028,"text":"b. Maintain records, invoices, and relevant statistics supporting the quarterly reports"}],"coordinates":[],"confidence":{"state":"pre-added","who":["user:SDTEF"],"prob":1},"fields":{},"normalizations":{}},{"classId":"e_6","part":"s1p33","offsets":[{"start":21117,"text":"c. Provide a final performance report, including an evaluation report of the program's success in meeting established goals, to the City of Carlsbad Housing and Neighborhood Services within 15 days of termination of the contract date on the CDBG Annual Performance Report form as provided."}],"coordinates":[],"confidence":{"state":"pre-added","who":["user:SDTEF"],"prob":1},"fields":{},"normalizations":{}},{"classId":"e_7","part":"s1p33","offsets":[{"start":21257,"text":"Carlsbad"}],"coordinates":[],"confidence":{"state":"pre-added","who":["ml:regex"],"prob":0.5},"fields":{},"normalizations":{}},{"classId":"e_6","part":"s1p33","offsets":[{"start":21407,"text":"d. Provide notification to the City of any audits or investigations including results, findings, and/or liens."}],"coordinates":[],"confidence":{"state":"pre-added","who":["user:SDTEF"],"prob":1},"fields":{},"normalizations":{}},{"classId":"e_7","part":"s1p33","offsets":[{"start":21551,"text":"CARLSBAD"}],"coordinates":[],"confidence":{"state":"pre-added","who":["ml:regex"],"prob":0.5},"fields":{},"normalizations":{}},{"classId":"e_7","part":"s1p33","offsets":[{"start":21560,"text":"COMMUNITY DEVELOPMENT BLOCK GRANT PROGRAM"}],"coordinates":[],"confidence":{"state":"pre-added","who":["ml:regex"],"prob":0.5},"fields":{},"normalizations":{}},{"classId":"e_8","part":"s1p33","offsets":[{"start":21609,"text":"Contract Term: July 1, 2019 to June 30, 2020"}],"coordinates":[],"confidence":{"state":"pre-added","who":["user:SDTEF"],"prob":1},"fields":{},"normalizations":{}},{"classId":"e_1","part":"s1p33","offsets":[{"start":21673,"text":"Interfaith Community Services"}],"coordinates":[],"confidence":{"state":"","who":["ml:nalaf"],"prob":0.5274508752167258},"fields":{},"normalizations":{}},{"classId":"e_4","part":"s1p33","offsets":[{"start":21760,"text":"Project Description: Rental Housing Assistance Program"}],"coordinates":[],"confidence":{"state":"pre-added","who":["ml:regex"],"prob":0.5},"fields":{},"normalizations":{}},{"classId":"e_4","part":"s1p33","offsets":[{"start":21831,"text":"Funds will be used to provide emergency rental assistance to prevent homelessness"}],"coordinates":[],"confidence":{"state":"pre-added","who":["user:SDTEF"],"prob":1},"fields":{},"normalizations":{}},{"classId":"e_7","part":"s1p33","offsets":[{"start":22019,"text":"Carlsbad"}],"coordinates":[],"confidence":{"state":"pre-added","who":["ml:regex"],"prob":0.5},"fields":{},"normalizations":{}},{"classId":"e_7","part":"s1p33","offsets":[{"start":22441,"text":"carlsbad"}],"coordinates":[],"confidence":{"state":"pre-added","who":["ml:regex"],"prob":0.5},"fields":{},"normalizations":{}},{"classId":"e_1","part":"s1p33","offsets":[{"start":22825,"text":"INTERFAITH COMMUNITY SERVICES, INC."}],"coordinates":[],"confidence":{"state":"","who":["ml:nalaf"],"prob":0.8565154803553501},"fields":{},"normalizations":{}},{"classId":"e_1","part":"s1p33","offsets":[{"start":22946,"text":"Interfaith Community Services"}],"coordinates":[],"confidence":{"state":"","who":["ml:nalaf"],"prob":0.6345878835806557},"fields":{},"normalizations":{}},{"classId":"e_1","part":"s1p33","offsets":[{"start":23275,"text":"Interfaith Community Services Inc."}],"coordinates":[],"confidence":{"state":"","who":["ml:nalaf"],"prob":0.6137283690274502},"fields":{},"normalizations":{}},{"classId":"e_1","part":"s1p33","offsets":[{"start":23532,"text":"Interfaith Community Services 550 West Washington Avenue, Escondido, CA 92025"}],"coordinates":[],"confidence":{"state":"","who":["ml:nalaf"],"prob":0.8591234186800593},"fields":{},"normalizations":{}},{"classId":"e_1","part":"s1p33","offsets":[{"start":24865,"text":"Interfaith Community Services"}],"coordinates":[],"confidence":{"state":"","who":["ml:nalaf"],"prob":0.9504816732451928},"fields":{},"normalizations":{}},{"classId":"e_7","part":"s1p33","offsets":[{"start":27009,"text":"Carlsbad"}],"coordinates":[],"confidence":{"state":"pre-added","who":["ml:regex"],"prob":0.5},"fields":{},"normalizations":{}},{"classId":"e_7","part":"s1p33","offsets":[{"start":27791,"text":"Carlsbad"}],"coordinates":[],"confidence":{"state":"pre-added","who":["ml:regex"],"prob":0.5},"fields":{},"normalizations":{}},{"classId":"e_7","part":"s1p33","offsets":[{"start":27916,"text":"Carlsbad"}],"coordinates":[],"confidence":{"state":"pre-added","who":["ml:regex"],"prob":0.5},"fields":{},"normalizations":{}},{"classId":"e_7","part":"s1p33","offsets":[{"start":28065,"text":"Carlsbad"}],"coordinates":[],"confidence":{"state":"pre-added","who":["ml:regex"],"prob":0.5},"fields":{},"normalizations":{}},{"classId":"e_7","part":"s1p33","offsets":[{"start":28088,"text":"Carlsbad"}],"coordinates":[],"confidence":{"state":"pre-added","who":["ml:regex"],"prob":0.5},"fields":{},"normalizations":{}},{"classId":"e_7","part":"s1p33","offsets":[{"start":28692,"text":"Carlsbad"}],"coordinates":[],"confidence":{"state":"pre-added","who":["ml:regex"],"prob":0.5},"fields":{},"normalizations":{}},{"classId":"e_7","part":"s1p33","offsets":[{"start":28701,"text":"Carlsbad"}],"coordinates":[],"confidence":{"state":"pre-added","who":["ml:regex"],"prob":0.5},"fields":{},"normalizations":{}},{"classId":"e_7","part":"s1p33","offsets":[{"start":33349,"text":"CARLSBAD"}],"coordinates":[],"confidence":{"state":"pre-added","who":["ml:regex"],"prob":0.5},"fields":{},"normalizations":{}},{"classId":"e_7","part":"s1p33","offsets":[{"start":33575,"text":"CARLSBAD"}],"coordinates":[],"confidence":{"state":"pre-added","who":["ml:regex"],"prob":0.5},"fields":{},"normalizations":{}},{"classId":"e_7","part":"s1p33","offsets":[{"start":33629,"text":"CARLSBAD"}],"coordinates":[],"confidence":{"state":"pre-added","who":["ml:regex"],"prob":0.5},"fields":{},"normalizations":{}},{"classId":"e_7","part":"s1p33","offsets":[{"start":33678,"text":"CARLSBAD"}],"coordinates":[],"confidence":{"state":"pre-added","who":["ml:regex"],"prob":0.5},"fields":{},"normalizations":{}}],"relations":[]}