{"annotatable":{"parts":["s1p1","s1p2","s1p3","s1p4","s1p5","s1p6","s1p7","s1p8","s1p9","s1p10","s1p11","s1p12","s1p13"]},"anncomplete":true,"sources":[],"metas":{"m_24":{"value":"$244,944","confidence":{"state":"pre-added","who":["user:SDTEF"],"prob":1}},"m_22":{"value":"social worker/case management for outreach","confidence":{"state":"pre-added","who":["user:SDTEF"],"prob":1}},"m_23":{"value":"city","confidence":{"state":"pre-added","who":["user:SDTEF"],"prob":1}}},"entities":[{"classId":"e_19","part":"s1p1","offsets":[{"start":16,"text":"AMENDMENT NO. 1 TO EXTEND AND AMEND AGREEMENT FOR HOMELESS SOCIAL WORKER/CASE MANAGEMENT SERVICES"}],"coordinates":[],"confidence":{"state":"pre-added","who":["user:SDTEF"],"prob":1},"fields":{},"normalizations":{}},{"classId":"e_4","part":"s1p1","offsets":[{"start":66,"text":"HOMELESS SOCIAL WORKER/CASE MANAGEMENT SERVICES"}],"coordinates":[],"confidence":{"state":"pre-added","who":["user:SDTEF"],"prob":1},"fields":{},"normalizations":{}},{"classId":"e_1","part":"s1p1","offsets":[{"start":114,"text":"INTERFAITH COMMUNITY SERVICES, INC."}],"coordinates":[],"confidence":{"state":"pre-added","who":["user:SDTEF"],"prob":1},"fields":{},"normalizations":{}},{"classId":"e_7","part":"s1p1","offsets":[{"start":380,"text":"City of Carlsbad"}],"coordinates":[],"confidence":{"state":"pre-added","who":["user:SDTEF"],"prob":1},"fields":{"f_13":{"value":"city","confidence":{"state":"pre-added","who":["user:SDTEF"],"prob":1}}},"normalizations":{}},{"classId":"e_1","part":"s1p1","offsets":[{"start":437,"text":"INTERFAITH COMMUNITY SERVICES, INC."}],"coordinates":[],"confidence":{"state":"pre-added","who":["ml:regex"],"prob":0.5},"fields":{},"normalizations":{}},{"classId":"e_4","part":"s1p1","offsets":[{"start":523,"text":"homeless social worker/case management field outreach services"}],"coordinates":[],"confidence":{"state":"pre-added","who":["user:SDTEF"],"prob":1},"fields":{"f_11":{"value":"outreach","confidence":{"state":"pre-added","who":["user:SDTEF"],"prob":1}}},"normalizations":{}},{"classId":"e_4","part":"s1p1","offsets":[{"start":606,"text":"the Homeless Outreach Team within the Carlsbad Police Department."}],"coordinates":[],"confidence":{"state":"pre-added","who":["user:SDTEF"],"prob":1},"fields":{},"normalizations":{}},{"classId":"e_2","part":"s1p1","offsets":[{"start":1642,"text":"$244,944"}],"coordinates":[],"confidence":{"state":"pre-added","who":["ml:regex"],"prob":0.5},"fields":{},"normalizations":{}},{"classId":"e_8","part":"s1p1","offsets":[{"start":1911,"text":"Contractor will complete all work described in Exhibit \"A\" by no later than June 30, 2020, and on a monthly basis starting on July 1, 2019."}],"coordinates":[],"confidence":{"state":"pre-added","who":["user:SDTEF"],"prob":1},"fields":{},"normalizations":{}},{"classId":"e_4","part":"s1p1","offsets":[{"start":4044,"text":"EXHIBIT \"A\" SCOPE OF SERVICES AND FEE Contractor shall provide the following Scope of Services: A."}],"coordinates":[],"confidence":{"state":"pre-added","who":["user:SDTEF"],"prob":1},"fields":{},"normalizations":{}},{"classId":"e_4","part":"s1p1","offsets":[{"start":4143,"text":"Provide two, full-time State of California licensed social workers, one of which must possess bilingual (English, Spanish) language skills, or comparable clinicians or marriage and family therapists as approved by the City (Police Department), to work directly with the Police Department's Homeless Outreach Team both within the field and at the Police Headquarters, Carlsbad Safety Center, as directed by the Assistant Police Chief and/or other Police Department designee"}],"coordinates":[],"confidence":{"state":"pre-added","who":["user:SDTEF"],"prob":1},"fields":{},"normalizations":{}},{"classId":"e_4","part":"s1p1","offsets":[{"start":4620,"text":"Ensure each social worker or comparable case worker is available to work within the city limits of Carlsbad with the city's Homeless Outreach team for a minimum of 40 hours per week on a schedule to be approved by the Assistant Police Chief. (All holidays observed by the city may be excluded, if desired by Contractor and agreed upon by City)"}],"coordinates":[],"confidence":{"state":"pre-added","who":["user:SDTEF"],"prob":1},"fields":{},"normalizations":{}},{"classId":"e_4","part":"s1p1","offsets":[{"start":4968,"text":"As directed by the City, provide homeless client case managed services at designated community sites or city facilities with a member of the police department's Homeless Outreach Team, and travel to city sites where these services are needed"}],"coordinates":[],"confidence":{"state":"pre-added","who":["user:SDTEF"],"prob":1},"fields":{},"normalizations":{}},{"classId":"e_4","part":"s1p1","offsets":[{"start":5211,"text":"D. Abide by the strategies set forth in the City of Carlsbad's Homeless Response Plan as approved by the City Council, which takes an individualized client, community focused and collaborative approach to addressing the needs of the homeless residents within the City of Carlsbad."}],"coordinates":[],"confidence":{"state":"pre-added","who":["user:SDTEF"],"prob":1},"fields":{},"normalizations":{}},{"classId":"e_7","part":"s1p1","offsets":[{"start":5474,"text":"City of Carlsbad"}],"coordinates":[],"confidence":{"state":"pre-added","who":["ml:regex"],"prob":0.5},"fields":{"f_13":{"value":"city","confidence":{"state":"pre-added","who":["user:SDTEF"],"prob":1}}},"normalizations":{}},{"classId":"e_4","part":"s1p1","offsets":[{"start":5493,"text":". Link homeless clients to housing, medical, mental health, addiction and recovery services, food, clothing, transportation, employment, Social Security/Social Security Disability, financial services and other needed services based on the client's individualized plan. Assist homeless clients to enroll in mainstream benefits and obtain identification (e.g., California Driver's License, California Identification Card and/or Social Security Card)."}],"coordinates":[],"confidence":{"state":"pre-added","who":["user:SDTEF"],"prob":1},"fields":{"f_11":{"value":"outreach","confidence":{"state":"pre-added","who":["user:SDTEF"],"prob":1}}},"normalizations":{}},{"classId":"e_4","part":"s1p1","offsets":[{"start":5942,"text":"F. Assist the homeless clients to identify housing options. G. Maintain regular communication, both written and verbal, with the Assistant Police Chief and/or designee. Attend regularly scheduled case management meetings to review social worker caseload or other client issues or concerns, as requested or required by Assistant Police Chief and/or designee."}],"coordinates":[],"confidence":{"state":"pre-added","who":["user:SDTEF"],"prob":1},"fields":{},"normalizations":{}},{"classId":"e_4","part":"s1p1","offsets":[{"start":6301,"text":". Complete accurate and thorough documentation in a timely manner. Maintain data on each program participant and program milestones, and provide required reports prepared in a format to the satisfaction of the Assistant Police Chief along with the monthly invoice for payment to the Assistant Police Chief and/or designee."}],"coordinates":[],"confidence":{"state":"pre-added","who":["user:SDTEF"],"prob":1},"fields":{},"normalizations":{}},{"classId":"e_4","part":"s1p1","offsets":[{"start":6625,"text":". Identify gaps in homeless services and assistance needs in Carlsbad and develop recommendations for program improvements in support of the Homeless Response Plan and specifically the Police Department's Homeless Outreach Team."}],"coordinates":[],"confidence":{"state":"pre-added","who":["user:SDTEF"],"prob":1},"fields":{},"normalizations":{}},{"classId":"e_4","part":"s1p1","offsets":[{"start":6855,"text":". Furnish all general office equipment, services, supplies, printing costs and postage associated with normal office, administrative support and service operations related to case management duties. Submit budget and payment schedule to Assistant Police Chief for approval prior to initiation of work"}],"coordinates":[],"confidence":{"state":"pre-added","who":["user:SDTEF"],"prob":1},"fields":{},"normalizations":{}},{"classId":"e_7","part":"s1p1","offsets":[{"start":7327,"text":"City of Carlsbad"}],"coordinates":[],"confidence":{"state":"pre-added","who":["ml:regex"],"prob":0.5},"fields":{"f_13":{"value":"city","confidence":{"state":"pre-added","who":["user:SDTEF"],"prob":1}}},"normalizations":{}},{"classId":"e_1","part":"s1p1","offsets":[{"start":10526,"text":"INTERFAITH COMMUNITY SERVICES, INC."}],"coordinates":[],"confidence":{"state":"pre-added","who":["ml:regex"],"prob":0.5},"fields":{},"normalizations":{}},{"classId":"e_7","part":"s1p1","offsets":[{"start":14846,"text":"City of Carlsbad"}],"coordinates":[],"confidence":{"state":"pre-added","who":["ml:regex"],"prob":0.5},"fields":{"f_13":{"value":"city","confidence":{"state":"pre-added","who":["user:SDTEF"],"prob":1}}},"normalizations":{}},{"classId":"e_7","part":"s1p1","offsets":[{"start":15626,"text":"City of Carlsbad"}],"coordinates":[],"confidence":{"state":"pre-added","who":["ml:regex"],"prob":0.5},"fields":{"f_13":{"value":"city","confidence":{"state":"pre-added","who":["user:SDTEF"],"prob":1}}},"normalizations":{}},{"classId":"e_7","part":"s1p1","offsets":[{"start":20204,"text":"CITY OF CARLSBAD"}],"coordinates":[],"confidence":{"state":"pre-added","who":["ml:regex"],"prob":0.5},"fields":{"f_13":{"value":"city","confidence":{"state":"pre-added","who":["user:SDTEF"],"prob":1}}},"normalizations":{}},{"classId":"e_1","part":"s1p1","offsets":[{"start":20690,"text":"INTERFAITH COMMUNITY SERVICES, INC."}],"coordinates":[],"confidence":{"state":"pre-added","who":["ml:regex"],"prob":0.5},"fields":{},"normalizations":{}},{"classId":"e_7","part":"s1p1","offsets":[{"start":20834,"text":"CARLSBAD, a municipal corporation"}],"coordinates":[],"confidence":{"state":"pre-added","who":["ml:regex"],"prob":0.5},"fields":{},"normalizations":{}},{"classId":"e_1","part":"s1p1","offsets":[{"start":20883,"text":"INTERFAITH COMMUNITY SERVICES, INC."}],"coordinates":[],"confidence":{"state":"pre-added","who":["ml:regex"],"prob":0.5},"fields":{},"normalizations":{}},{"classId":"e_7","part":"s1p1","offsets":[{"start":21160,"text":"City of Carlsbad"}],"coordinates":[],"confidence":{"state":"pre-added","who":["ml:regex"],"prob":0.5},"fields":{"f_13":{"value":"city","confidence":{"state":"pre-added","who":["user:SDTEF"],"prob":1}}},"normalizations":{}},{"classId":"e_7","part":"s1p1","offsets":[{"start":21395,"text":"City of Carlsbad"}],"coordinates":[],"confidence":{"state":"pre-added","who":["ml:regex"],"prob":0.5},"fields":{"f_13":{"value":"city","confidence":{"state":"pre-added","who":["user:SDTEF"],"prob":1}}},"normalizations":{}},{"classId":"e_6","part":"s1p1","offsets":[{"start":21920,"text":"STANDARD OF PERFORMANCE While performing the Services, Contractor will exercise the reasonable professional care and skill customarily exercised by reputable members of Contractor's profession practicing in the Metropolitan Southern California Area, and will use reasonable diligence and best judgment while exercising its professional skill and expertise"}],"coordinates":[],"confidence":{"state":"pre-added","who":["user:SDTEF"],"prob":1},"fields":{},"normalizations":{}},{"classId":"e_8","part":"s1p1","offsets":[{"start":22277,"text":"3. TERM The term of this Agreement will be effective until June 30, 2019. The City Manager may amend the Agreement to extend it for one (1) additional one (1) year period or parts thereof. Extensions will be based upon a satisfactory review of Contractor's performance, City needs, and appropriation of funds by the City Council. The parties will prepare a written amendment indicating the effective date and length of the extended Agreement."}],"coordinates":[],"confidence":{"state":"pre-added","who":["user:SDTEF"],"prob":1},"fields":{"f_12":{"value":"other","confidence":{"state":"pre-added","who":["user:SDTEF"],"prob":1}}},"normalizations":{}},{"classId":"e_2","part":"s1p1","offsets":[{"start":22995,"text":"$244,944"}],"coordinates":[],"confidence":{"state":"pre-added","who":["user:SDTEF"],"prob":1},"fields":{},"normalizations":{}},{"classId":"e_2","part":"s1p1","offsets":[{"start":23267,"text":"$244,944"}],"coordinates":[],"confidence":{"state":"pre-added","who":["ml:regex"],"prob":0.5},"fields":{},"normalizations":{}},{"classId":"e_7","part":"s1p4","offsets":[{"start":399,"text":"City of Carlsbad"}],"coordinates":[],"confidence":{"state":"pre-added","who":["ml:regex"],"prob":0.5},"fields":{"f_13":{"value":"city","confidence":{"state":"pre-added","who":["user:SDTEF"],"prob":1}}},"normalizations":{}},{"classId":"e_1","part":"s1p4","offsets":[{"start":2046,"text":"For Contractor Name Megan Hawker Title Director of Clinical Services Address 550 West Washington Avenue Escondido, CA 92025 Phone No. 760-489-6380 Email m hawker@i nterf aithservices. org"}],"coordinates":[],"confidence":{"state":"pre-added","who":["user:SDTEF"],"prob":1},"fields":{},"normalizations":{}},{"classId":"e_7","part":"s1p5","offsets":[{"start":157,"text":"City of Carlsbad"}],"coordinates":[],"confidence":{"state":"pre-added","who":["ml:regex"],"prob":0.5},"fields":{"f_13":{"value":"city","confidence":{"state":"pre-added","who":["user:SDTEF"],"prob":1}}},"normalizations":{}},{"classId":"e_1","part":"s1p7","offsets":[{"start":282,"text":"INTERFAITH COMMUNITY SERVICES, INC."}],"coordinates":[],"confidence":{"state":"pre-added","who":["ml:regex"],"prob":0.5},"fields":{},"normalizations":{}},{"classId":"e_7","part":"s1p7","offsets":[{"start":442,"text":"CARLSBAD, a municipal corporation"}],"coordinates":[],"confidence":{"state":"pre-added","who":["ml:regex"],"prob":0.5},"fields":{},"normalizations":{}},{"classId":"e_1","part":"s1p9","offsets":[{"start":282,"text":"INTERFAITH COMMUNITY SERVICES, INC."}],"coordinates":[],"confidence":{"state":"pre-added","who":["ml:regex"],"prob":0.5},"fields":{},"normalizations":{}},{"classId":"e_7","part":"s1p9","offsets":[{"start":387,"text":"CARLSBAD, a municipal corporation"}],"coordinates":[],"confidence":{"state":"pre-added","who":["ml:regex"],"prob":0.5},"fields":{},"normalizations":{}},{"classId":"e_7","part":"s1p11","offsets":[{"start":986,"text":"City of Carlsbad"}],"coordinates":[],"confidence":{"state":"pre-added","who":["ml:regex"],"prob":0.5},"fields":{"f_13":{"value":"city","confidence":{"state":"pre-added","who":["user:SDTEF"],"prob":1}}},"normalizations":{}},{"classId":"e_7","part":"s1p11","offsets":[{"start":1183,"text":"City of Carlsbad"}],"coordinates":[],"confidence":{"state":"pre-added","who":["ml:regex"],"prob":0.5},"fields":{"f_13":{"value":"city","confidence":{"state":"pre-added","who":["user:SDTEF"],"prob":1}}},"normalizations":{}},{"classId":"e_7","part":"s1p11","offsets":[{"start":1455,"text":"City of Carlsbad"}],"coordinates":[],"confidence":{"state":"pre-added","who":["ml:regex"],"prob":0.5},"fields":{"f_13":{"value":"city","confidence":{"state":"pre-added","who":["user:SDTEF"],"prob":1}}},"normalizations":{}},{"classId":"e_7","part":"s1p12","offsets":[{"start":43,"text":"City of Carlsbad"}],"coordinates":[],"confidence":{"state":"pre-added","who":["ml:regex"],"prob":0.5},"fields":{"f_13":{"value":"city","confidence":{"state":"pre-added","who":["user:SDTEF"],"prob":1}}},"normalizations":{}},{"classId":"e_7","part":"s1p12","offsets":[{"start":978,"text":"City of Carlsbad"}],"coordinates":[],"confidence":{"state":"pre-added","who":["ml:regex"],"prob":0.5},"fields":{"f_13":{"value":"city","confidence":{"state":"pre-added","who":["user:SDTEF"],"prob":1}}},"normalizations":{}},{"classId":"e_7","part":"s1p12","offsets":[{"start":1199,"text":"City of Carlsbad"}],"coordinates":[],"confidence":{"state":"pre-added","who":["ml:regex"],"prob":0.5},"fields":{"f_13":{"value":"city","confidence":{"state":"pre-added","who":["user:SDTEF"],"prob":1}}},"normalizations":{}},{"classId":"e_2","part":"s1p12","offsets":[{"start":1768,"text":"$244,944"}],"coordinates":[],"confidence":{"state":"pre-added","who":["ml:regex"],"prob":0.5},"fields":{},"normalizations":{}}],"relations":[]}