{"annotatable":{"parts":["s1v1","s2v1","s3v1","s4v1","s5v1","s6v1","s7v1","s8v1","s9v1","s10v1","s11v1","s12v1","s13v1","s14v1","s15v1","s16v1","s17v1","s18v1","s19v1","s20v1","s21v1","s22v1"]},"anncomplete":true,"sources":[],"metas":{"m_24":{"value":"$13,607; $908, 756","confidence":{"state":"pre-added","who":["user:SDTEF"],"prob":1}},"m_20":{"value":"youth, seniors, others","confidence":{"state":"pre-added","who":["user:SDTEF"],"prob":1}},"m_22":{"value":"at risk of homelessness","confidence":{"state":"pre-added","who":["user:SDTEF"],"prob":1}},"m_21":{"value":"low income","confidence":{"state":"pre-added","who":["user:SDTEF"],"prob":1}},"m_23":{"value":"city and CDBG funds","confidence":{"state":"pre-added","who":["user:SDTEF"],"prob":1}}},"entities":[{"classId":"e_19","part":"s1v1","offsets":[{"start":0,"text":"AGREEMENT BETWEEN THE CITY OF ENCINITAS AND Community Resource Center FOR THE USE OF COMMUNITY DEVELOPMENT BLOCK GRANT FUNDS"}],"coordinates":[{"x":"95.87","y":"104.77"},{"x":"492.73","y":"123.36"}],"confidence":{"state":"pre-added","who":["user:SDTEF"],"prob":1},"fields":{},"normalizations":{}},{"classId":"e_7","part":"s1v1","offsets":[{"start":22,"text":"CITY OF ENCINITAS"}],"coordinates":[{"x":"247.43","y":"104.77"},{"x":"349.79","y":"110.64"}],"confidence":{"state":"pre-added","who":["user:SDTEF"],"prob":1},"fields":{},"normalizations":{}},{"classId":"e_1","part":"s1v1","offsets":[{"start":44,"text":"Community Resource Center"}],"coordinates":[{"x":"378.20","y":"105.73"},{"x":"526.55","y":"110.64"}],"confidence":{"state":"pre-added","who":["user:SDTEF"],"prob":1},"fields":{},"normalizations":{}},{"classId":"e_7","part":"s1v1","offsets":[{"start":85,"text":"COMMUNITY DEVELOPMENT BLOCK GRANT FUNDS"}],"coordinates":[{"x":"221.18","y":"117.49"},{"x":"492.73","y":"123.36"}],"confidence":{"state":"pre-added","who":["user:SDTEF"],"prob":1},"fields":{},"normalizations":{}},{"classId":"e_4","part":"s1v1","offsets":[{"start":126,"text":"Project: Homeless Prevention 8~ Intervention"}],"coordinates":[{"x":"197.39","y":"130.21"},{"x":"423.71","y":"135.84"}],"confidence":{"state":"pre-added","who":["user:SDTEF"],"prob":1},"fields":{},"normalizations":{}},{"classId":"e_7","part":"s1v1","offsets":[{"start":220,"text":"CITY of Encinitas"}],"coordinates":[],"confidence":{"state":"pre-added","who":["ml:regex"],"prob":0.5},"fields":{},"normalizations":{}},{"classId":"e_1","part":"s1v1","offsets":[{"start":330,"text":"Community Resource Center"}],"coordinates":[],"confidence":{"state":"pre-added","who":["ml:regex"],"prob":0.5},"fields":{},"normalizations":{}},{"classId":"e_6","part":"s2v1","offsets":[{"start":1120,"text":"Levels ofAccomplishment—Goalsand Performance Measures: The levels ofaccomplishment may include such measures as units rehabilitated; persons or households assisted, or meals served, and should include periods for performance. Refer to Exhibit A for the level of project and program services"}],"coordinates":[{"x":"162.37","y":"386.67"},{"x":"522.16","y":"430.57"}],"confidence":{"state":"pre-added","who":["user:SDTEF"],"prob":1},"fields":{},"normalizations":{}},{"classId":"e_2","part":"s2v1","offsets":[{"start":2047,"text":"BUDGET.\n\nCITY shall pay to SUBRECIPIENTfrom CDBG funds,when,if and to the extent received from HUD,amounts to reimburse SUBRECIPIENT for expenditures incurred in carrying outthis Agreement,up to a maximum,aggregate amountof thirteen thousand,six hundred seven($13,607)dollars. The contract budgetfor"}],"coordinates":[{"x":"161.88","y":"597.87"},{"x":"526.72","y":"666.50"}],"confidence":{"state":"pre-added","who":["user:SDTEF"],"prob":1},"fields":{},"normalizations":{}},{"classId":"e_2","part":"s3v1","offsets":[{"start":0,"text":"this project is described in Exhibit B. In no eventshall the contracted budget be modified without prior CITY approval, in writing. No line item will be adjusted to allow for expenditures that have already been incurred bySUBRECIPIENT prior to the effective date of an approved budget adjustment."}],"coordinates":[{"x":"160.27","y":"114.50"},{"x":"423.51","y":"157.87"}],"confidence":{"state":"pre-added","who":["user:SDTEF"],"prob":1},"fields":{},"normalizations":{}},{"classId":"e_8","part":"s4v1","offsets":[{"start":176,"text":"TERM.\n\nThis agreement shall commence July 1, 2019 and shall continue in full force and effect until June 30,2020,during which timeSUBRECIPIENT shall perform the services provided herein. Alternatively,the agreement will be automatically terminated in the event that the United States Government terminates the Community Development Block Grant Program or terminates the Projects, which is the subject ofthe agreement."}],"coordinates":[{"x":"162.20","y":"164.52"},{"x":"342.53","y":"258.19"}],"confidence":{"state":"pre-added","who":["user:SDTEF"],"prob":1},"fields":{},"normalizations":{}},{"classId":"e_7","part":"s5v1","offsets":[{"start":1463,"text":"CITY of Encinitas"}],"coordinates":[],"confidence":{"state":"pre-added","who":["ml:regex"],"prob":0.5},"fields":{},"normalizations":{}},{"classId":"e_7","part":"s6v1","offsets":[{"start":455,"text":"CITY of Encinitas"}],"coordinates":[],"confidence":{"state":"pre-added","who":["ml:regex"],"prob":0.5},"fields":{},"normalizations":{}},{"classId":"e_1","part":"s6v1","offsets":[{"start":507,"text":"92024"}],"coordinates":[],"confidence":{"state":"pre-added","who":["ml:regex"],"prob":0.5},"fields":{},"normalizations":{}},{"classId":"e_7","part":"s7v1","offsets":[{"start":1348,"text":"CITY of Encinitas"}],"coordinates":[],"confidence":{"state":"pre-added","who":["ml:regex"],"prob":0.5},"fields":{},"normalizations":{}},{"classId":"e_1","part":"s18v1","offsets":[{"start":977,"text":"Rebecca Palmer"}],"coordinates":[{"x":"366.68","y":"342.75"},{"x":"445.82","y":"348.67"}],"confidence":{"state":"pre-added","who":["user:SDTEF"],"prob":1},"fields":{},"normalizations":{}},{"classId":"e_7","part":"s18v1","offsets":[{"start":1025,"text":"City of Encinitas"}],"coordinates":[],"confidence":{"state":"pre-added","who":["ml:regex"],"prob":0.5},"fields":{},"normalizations":{}},{"classId":"e_1","part":"s18v1","offsets":[{"start":1044,"text":"Community Resource Center"}],"coordinates":[],"confidence":{"state":"pre-added","who":["ml:regex"],"prob":0.5},"fields":{},"normalizations":{}},{"classId":"e_1","part":"s18v1","offsets":[{"start":1109,"text":"650 Second St, Encinitas, CA"}],"coordinates":[{"x":"365.21","y":"380.90"},{"x":"532.94","y":"387.41"}],"confidence":{"state":"pre-added","who":["user:SDTEF"],"prob":1},"fields":{},"normalizations":{}},{"classId":"e_1","part":"s18v1","offsets":[{"start":1141,"text":"92024"}],"coordinates":[],"confidence":{"state":"pre-added","who":["ml:regex"],"prob":0.5},"fields":{},"normalizations":{}},{"classId":"e_1","part":"s18v1","offsets":[{"start":1148,"text":"92024"}],"coordinates":[{"x":"365.62","y":"393.38"},{"x":"396.58","y":"399.11"}],"confidence":{"state":"pre-added","who":["user:SDTEF"],"prob":1},"fields":{},"normalizations":{}},{"classId":"e_1","part":"s18v1","offsets":[{"start":1180,"text":"760-230-6310"}],"coordinates":[{"x":"365.79","y":"406.10"},{"x":"433.45","y":"411.98"}],"confidence":{"state":"pre-added","who":["user:SDTEF"],"prob":1},"fields":{},"normalizations":{}},{"classId":"e_1","part":"s18v1","offsets":[{"start":1224,"text":"rpalmer@crcncc.org"}],"coordinates":[{"x":"366.22","y":"419.07"},{"x":"461.98","y":"425.06"}],"confidence":{"state":"pre-added","who":["user:SDTEF"],"prob":1},"fields":{},"normalizations":{}},{"classId":"e_7","part":"s19v1","offsets":[{"start":148,"text":"CITY OF ENCINITAS"}],"coordinates":[],"confidence":{"state":"pre-added","who":["ml:regex"],"prob":0.5},"fields":{},"normalizations":{}},{"classId":"e_8","part":"s20v1","offsets":[{"start":30,"text":"Term of Contract: July 1, 2019- June 30,2020"}],"coordinates":[{"x":"90.47","y":"151.32"},{"x":"310.75","y":"158.04"}],"confidence":{"state":"pre-added","who":["user:SDTEF"],"prob":1},"fields":{},"normalizations":{}},{"classId":"e_1","part":"s20v1","offsets":[{"start":84,"text":"Community Resource Center"}],"coordinates":[],"confidence":{"state":"pre-added","who":["ml:regex"],"prob":0.5},"fields":{},"normalizations":{}},{"classId":"e_1","part":"s20v1","offsets":[{"start":147,"text":"92024"}],"coordinates":[],"confidence":{"state":"pre-added","who":["ml:regex"],"prob":0.5},"fields":{},"normalizations":{}},{"classId":"e_1","part":"s20v1","offsets":[{"start":154,"text":"Contact Person: Rebecca Palmer"}],"coordinates":[{"x":"90.46","y":"220.68"},{"x":"251.07","y":"226.69"}],"confidence":{"state":"pre-added","who":["user:SDTEF"],"prob":1},"fields":{},"normalizations":{}},{"classId":"e_1","part":"s20v1","offsets":[{"start":191,"text":"760-230-6310"}],"coordinates":[],"confidence":{"state":"pre-added","who":["ml:regex"],"prob":0.5},"fields":{},"normalizations":{}},{"classId":"e_4","part":"s20v1","offsets":[{"start":205,"text":"Project Name: Homeless Prevention &Intervention"}],"coordinates":[{"x":"90.83","y":"243.72"},{"x":"331.78","y":"250.29"}],"confidence":{"state":"pre-added","who":["user:SDTEF"],"prob":1},"fields":{},"normalizations":{}},{"classId":"e_3","part":"s20v1","offsets":[{"start":254,"text":"Target: Homeless,Youth, Seniors, Others"}],"coordinates":[{"x":"90.33","y":"267.00"},{"x":"290.04","y":"273.41"}],"confidence":{"state":"pre-added","who":["user:SDTEF"],"prob":1},"fields":{},"normalizations":{}},{"classId":"e_4","part":"s20v1","offsets":[{"start":325,"text":"Project description: Community Resource Center(CRC)will provide homeless prevention and housing services to individuals and families. CRC develops resources to ensure accessto safe, affordable housing.CRC provides case management,food and hygiene items,counseling,and flexible supportive housing assistance such as short term rental assistance, security deposits, utility start-up costs or past due bills, motel vouchers,apartmentapplication fees,credit checks, or other housing-related expenses."}],"coordinates":[{"x":"90.54","y":"313.32"},{"x":"256.79","y":"381.51"}],"confidence":{"state":"pre-added","who":["user:SDTEF"],"prob":1},"fields":{},"normalizations":{}},{"classId":"e_1","part":"s20v1","offsets":[{"start":346,"text":"Community Resource Center"}],"coordinates":[],"confidence":{"state":"pre-added","who":["ml:regex"],"prob":0.5},"fields":{},"normalizations":{}},{"classId":"e_1","part":"s20v1","offsets":[{"start":823,"text":"Community Resource Center"}],"coordinates":[],"confidence":{"state":"pre-added","who":["ml:regex"],"prob":0.5},"fields":{},"normalizations":{}},{"classId":"e_4","part":"s20v1","offsets":[{"start":823,"text":"Community Resource Center(CRC) will provide a continuum of support to individuals and families who are homelessorfacing imminent homelessness.That population includes domestic violence survivors. Of those to whom CRC provides comprehensive programming, 58% are female, 16% are seniors, and 15% report they are victims of domestic violence (with 57% declining to state, this number is likely higher).\n\nCRC develops resources to ensure access to safe, affordable housing. CRC provides case management, food and hygiene items, nutrition counseling; supportive shelter through brief motel stays and a rotating winter shelter; low-cost or free mental health counseling; financial literacy classes,employment preparation assistance,and flexible supportive housing assistance such as short term rental assistance, security deposits, utility start-up costs or past due bills, motel vouchers,apartment application fees, credit checks, or other housing-related expenses."}],"coordinates":[{"x":"90.17","y":"399.96"},{"x":"534.61","y":"543.67"}],"confidence":{"state":"pre-added","who":["user:SDTEF"],"prob":1},"fields":{},"normalizations":{}},{"classId":"e_6","part":"s20v1","offsets":[{"start":1785,"text":"Goal: Provide approximately 810 low-income and episodically homeless Encinitas households/individuals, including seniors, with the tools and resources necessary to gain food security, mental health, housing stability and financial independence."}],"coordinates":[{"x":"89.91","y":"560.76"},{"x":"416.48","y":"592.88"}],"confidence":{"state":"pre-added","who":["user:SDTEF"],"prob":1},"fields":{},"normalizations":{}},{"classId":"e_6","part":"s20v1","offsets":[{"start":2031,"text":"Objective 1: 80% of the individuals who participate in integrative case management services will develop a personalized plan for permanent housing and self-sufficiency and achieve or make progress towards at least one plan objective.\n\nObjective 2: 100% of individuals who indicate a need and desire for mental health services will be referred to counseling services."}],"coordinates":[{"x":"89.94","y":"609.24"},{"x":"271.39","y":"677.74"}],"confidence":{"state":"pre-added","who":["user:SDTEF"],"prob":1},"fields":{},"normalizations":{}},{"classId":"e_6","part":"s21v1","offsets":[{"start":0,"text":"Objective 3: 100% of individuals who receive supportive shelter or rental assistance will participate in CRC's case management services, and of these,50% will move into transitional or permanent housing within six months,and 50%will have maintained their housing at six month and one-year check-ins.\n\nObjective 4:60% of individuals who contact CRC for food and nutrition services will participate in at least one additional integrative service."}],"coordinates":[{"x":"90.83","y":"118.37"},{"x":"351.49","y":"198.93"}],"confidence":{"state":"pre-added","who":["user:SDTEF"],"prob":1},"fields":{},"normalizations":{}},{"classId":"e_1","part":"s22v1","offsets":[{"start":11,"text":"COMMUNITY RESOURCE CENTER"}],"coordinates":[],"confidence":{"state":"pre-added","who":["ml:regex"],"prob":0.5},"fields":{},"normalizations":{}},{"classId":"e_1","part":"s22v1","offsets":[{"start":143,"text":"Community Resource Center"}],"coordinates":[],"confidence":{"state":"pre-added","who":["ml:regex"],"prob":0.5},"fields":{},"normalizations":{}},{"classId":"e_2","part":"s22v1","offsets":[{"start":169,"text":"Project TOTAL $908,756"}],"coordinates":[{"x":"296.64","y":"211.77"},{"x":"431.84","y":"217.92"}],"confidence":{"state":"pre-added","who":["user:SDTEF"],"prob":1},"fields":{},"normalizations":{}}],"relations":[]}