{"annotatable":{"parts":["s1v1","s2v1","s3v1","s4v1","s5v1","s6v1","s7v1","s8v1","s9v1","s10v1","s11v1","s12v1","s13v1","s14v1","s15v1","s16v1","s17v1"]},"anncomplete":true,"sources":[],"metas":{"m_24":{"value":"$59,872","confidence":{"state":"pre-added","who":["user:SDTEF"],"prob":1}},"m_22":{"value":"emergency rental and housing assistance","confidence":{"state":"pre-added","who":["user:SDTEF"],"prob":1}},"m_23":{"value":"city and CDBG funds","confidence":{"state":"pre-added","who":["user:SDTEF"],"prob":1}},"m_21":{"value":"low income","confidence":{"state":"pre-added","who":["user:SDTEF"],"prob":1}}},"entities":[{"classId":"e_7","part":"s1v1","offsets":[{"start":0,"text":"D"}],"coordinates":[{"x":"16.92","y":"11.91"},{"x":"22.72","y":"17.40"}],"confidence":{"state":"pre-added","who":["user:SDTEF"],"prob":1},"fields":{},"normalizations":{}},{"classId":"e_19","part":"s1v1","offsets":[{"start":105,"text":"AMENDMENT NO. 1 TO EXTEND AND AMEND AGREEMENT FOR FEDERAL COMMUNITY DEVELOPMENT BLOCK GRANT FUNDS INTERFAITH COMMUNITY SERVICES, INC."}],"coordinates":[{"x":"136.46","y":"73.60"},{"x":"417.61","y":"106.70"}],"confidence":{"state":"pre-added","who":["user:SDTEF"],"prob":1},"fields":{},"normalizations":{}},{"classId":"e_7","part":"s1v1","offsets":[{"start":155,"text":"FEDERAL COMMUNITY DEVELOPMENT BLOCK GRANT FUNDS"}],"coordinates":[{"x":"138.62","y":"86.20"},{"x":"473.35","y":"94.10"}],"confidence":{"state":"pre-added","who":["user:SDTEF"],"prob":1},"fields":{},"normalizations":{}},{"classId":"e_1","part":"s1v1","offsets":[{"start":204,"text":"NTERFAITH COMMUNITY SERVICES, INC."}],"coordinates":[{"x":"197.68","y":"98.80"},{"x":"417.61","y":"106.70"}],"confidence":{"state":"pre-added","who":["user:SDTEF"],"prob":1},"fields":{},"normalizations":{}},{"classId":"e_7","part":"s1v1","offsets":[{"start":437,"text":"City of Carlsbad,"}],"coordinates":[{"x":"343.03","y":"162.53"},{"x":"422.78","y":"170.06"}],"confidence":{"state":"pre-added","who":["user:SDTEF"],"prob":1},"fields":{},"normalizations":{}},{"classId":"e_7","part":"s1v1","offsets":[{"start":604,"text":"Federal Community Development Block Grant Funds"}],"coordinates":[],"confidence":{"state":"pre-added","who":["ml:regex"],"prob":0.5},"fields":{},"normalizations":{}},{"classId":"e_4","part":"s1v1","offsets":[{"start":716,"text":"scope of work"}],"coordinates":[],"confidence":{"state":"pre-added","who":["ml:regex"],"prob":0.5},"fields":{},"normalizations":{}},{"classId":"e_4","part":"s1v1","offsets":[{"start":998,"text":"scope of work"}],"coordinates":[],"confidence":{"state":"pre-added","who":["ml:regex"],"prob":0.5},"fields":{},"normalizations":{}},{"classId":"e_4","part":"s1v1","offsets":[{"start":1105,"text":"Scope of Services and Fee"}],"coordinates":[],"confidence":{"state":"pre-added","who":["ml:regex"],"prob":0.5},"fields":{},"normalizations":{}},{"classId":"e_2","part":"s1v1","offsets":[{"start":1644,"text":"With this Amendment, the total Agreement amount shall not exceed fifty-nine thousand eight hundred seventy-two dollars ($59,872)"}],"coordinates":[{"x":"518.27","y":"478.78"},{"x":"216.23","y":"511.51"}],"confidence":{"state":"pre-added","who":["user:SDTEF"],"prob":1},"fields":{},"normalizations":{}},{"classId":"e_7","part":"s2v1","offsets":[{"start":426,"text":"CITY OF CARLSBAD,"}],"coordinates":[],"confidence":{"state":"pre-added","who":["ml:regex"],"prob":0.5},"fields":{},"normalizations":{}},{"classId":"e_4","part":"s3v1","offsets":[{"start":120,"text":"SCOPE OF SERVICES AND FEE"}],"coordinates":[{"x":"222.53","y":"98.80"},{"x":"389.42","y":"106.70"}],"confidence":{"state":"pre-added","who":["user:SDTEF"],"prob":1},"fields":{},"normalizations":{}},{"classId":"e_4","part":"s3v1","offsets":[{"start":148,"text":"Rental Assistance and other program needs such as case management and mediation to prevent homelessness due to COVID-19"}],"coordinates":[{"x":"72.02","y":"124.79"},{"x":"300.96","y":"146.78"}],"confidence":{"state":"pre-added","who":["user:SDTEF"],"prob":1},"fields":{},"normalizations":{}},{"classId":"e_2","part":"s3v1","offsets":[{"start":269,"text":"Fee: $40,000"}],"coordinates":[{"x":"72.02","y":"151.01"},{"x":"136.95","y":"158.54"}],"confidence":{"state":"pre-added","who":["user:SDTEF"],"prob":1},"fields":{},"normalizations":{}},{"classId":"e_2","part":"s4v1","offsets":[{"start":22,"text":"CITY OF CARLSBAD"}],"coordinates":[],"confidence":{"state":"pre-added","who":["ml:regex"],"prob":0.5},"fields":{},"normalizations":{}},{"classId":"e_7","part":"s4v1","offsets":[{"start":77,"text":"FEDERAL COMMUNITY DEVELOPMENT BLOCK GRANT FUNDS"}],"coordinates":[],"confidence":{"state":"pre-added","who":["ml:regex"],"prob":0.5},"fields":{},"normalizations":{}},{"classId":"e_2","part":"s4v1","offsets":[{"start":230,"text":"CITY OF CARLSBAD"}],"coordinates":[{"x":"340.43","y":"157.90"},{"x":"463.16","y":"164.30"}],"confidence":{"state":"pre-added","who":["user:SDTEF"],"prob":1},"fields":{},"normalizations":{}},{"classId":"e_3","part":"s4v1","offsets":[{"start":881,"text":"lower income households"}],"coordinates":[{"x":"464.07","y":"335.52"},{"x":"132.99","y":"355.10"}],"confidence":{"state":"pre-added","who":["user:SDTEF"],"prob":1},"fields":{},"normalizations":{}},{"classId":"e_7","part":"s4v1","offsets":[{"start":1218,"text":"Community Development Block Grant funds"}],"coordinates":[{"x":"259.81","y":"431.28"},{"x":"472.22","y":"437.42"}],"confidence":{"state":"pre-added","who":["user:SDTEF"],"prob":1},"fields":{},"normalizations":{}},{"classId":"e_7","part":"s4v1","offsets":[{"start":1500,"text":"federal community development block grant"}],"coordinates":[{"x":"196.67","y":"540.23"},{"x":"409.05","y":"546.37"}],"confidence":{"state":"pre-added","who":["user:SDTEF"],"prob":1},"fields":{},"normalizations":{}},{"classId":"e_7","part":"s4v1","offsets":[{"start":1544,"text":"CDBG"}],"coordinates":[{"x":"423.10","y":"540.23"},{"x":"454.55","y":"546.37"}],"confidence":{"state":"pre-added","who":["user:SDTEF"],"prob":1},"fields":{},"normalizations":{}},{"classId":"e_4","part":"s4v1","offsets":[{"start":1972,"text":"Scope of Work"}],"coordinates":[],"confidence":{"state":"pre-added","who":["ml:regex"],"prob":0.5},"fields":{},"normalizations":{}},{"classId":"e_7","part":"s5v1","offsets":[{"start":294,"text":"CDBG"}],"coordinates":[],"confidence":{"state":"pre-added","who":["ml:regex"],"prob":0.5},"fields":{},"normalizations":{}},{"classId":"e_7","part":"s5v1","offsets":[{"start":1201,"text":"CDBG"}],"coordinates":[],"confidence":{"state":"pre-added","who":["ml:regex"],"prob":0.5},"fields":{},"normalizations":{}},{"classId":"e_7","part":"s5v1","offsets":[{"start":2245,"text":"CDBG"}],"coordinates":[],"confidence":{"state":"pre-added","who":["ml:regex"],"prob":0.5},"fields":{},"normalizations":{}},{"classId":"e_7","part":"s6v1","offsets":[{"start":59,"text":"CDBG"}],"coordinates":[],"confidence":{"state":"pre-added","who":["ml:regex"],"prob":0.5},"fields":{},"normalizations":{}},{"classId":"e_7","part":"s6v1","offsets":[{"start":576,"text":"CDBG"}],"coordinates":[],"confidence":{"state":"pre-added","who":["ml:regex"],"prob":0.5},"fields":{},"normalizations":{}},{"classId":"e_7","part":"s6v1","offsets":[{"start":654,"text":"d"}],"coordinates":[],"confidence":{"state":"pre-added","who":["ml:regex"],"prob":0.5},"fields":{},"normalizations":{}},{"classId":"e_7","part":"s6v1","offsets":[{"start":785,"text":"CDBG"}],"coordinates":[],"confidence":{"state":"pre-added","who":["ml:regex"],"prob":0.5},"fields":{},"normalizations":{}},{"classId":"e_7","part":"s6v1","offsets":[{"start":1056,"text":"CDBG"}],"coordinates":[],"confidence":{"state":"pre-added","who":["ml:regex"],"prob":0.5},"fields":{},"normalizations":{}},{"classId":"e_7","part":"s6v1","offsets":[{"start":1094,"text":"CDBG"}],"coordinates":[],"confidence":{"state":"pre-added","who":["ml:regex"],"prob":0.5},"fields":{},"normalizations":{}},{"classId":"e_7","part":"s6v1","offsets":[{"start":2280,"text":"d"}],"coordinates":[],"confidence":{"state":"pre-added","who":["ml:regex"],"prob":0.5},"fields":{},"normalizations":{}},{"classId":"e_7","part":"s7v1","offsets":[{"start":372,"text":"CDBG"}],"coordinates":[],"confidence":{"state":"pre-added","who":["ml:regex"],"prob":0.5},"fields":{},"normalizations":{}},{"classId":"e_2","part":"s7v1","offsets":[{"start":1471,"text":"City of Carlsbad"}],"coordinates":[],"confidence":{"state":"pre-added","who":["ml:regex"],"prob":0.5},"fields":{},"normalizations":{}},{"classId":"e_7","part":"s7v1","offsets":[{"start":2476,"text":"CDBG"}],"coordinates":[],"confidence":{"state":"pre-added","who":["ml:regex"],"prob":0.5},"fields":{},"normalizations":{}},{"classId":"e_7","part":"s7v1","offsets":[{"start":2896,"text":"CDBG"}],"coordinates":[],"confidence":{"state":"pre-added","who":["ml:regex"],"prob":0.5},"fields":{},"normalizations":{}},{"classId":"e_7","part":"s7v1","offsets":[{"start":3156,"text":"CDBG"}],"coordinates":[],"confidence":{"state":"pre-added","who":["ml:regex"],"prob":0.5},"fields":{},"normalizations":{}},{"classId":"e_7","part":"s8v1","offsets":[{"start":1693,"text":"CDBG"}],"coordinates":[],"confidence":{"state":"pre-added","who":["ml:regex"],"prob":0.5},"fields":{},"normalizations":{}},{"classId":"e_7","part":"s9v1","offsets":[{"start":36,"text":"CDBG"}],"coordinates":[],"confidence":{"state":"pre-added","who":["ml:regex"],"prob":0.5},"fields":{},"normalizations":{}},{"classId":"e_7","part":"s9v1","offsets":[{"start":1715,"text":"CDBG"}],"coordinates":[],"confidence":{"state":"pre-added","who":["ml:regex"],"prob":0.5},"fields":{},"normalizations":{}},{"classId":"e_2","part":"s10v1","offsets":[{"start":583,"text":"CITY OF CARLSBAD"}],"coordinates":[],"confidence":{"state":"pre-added","who":["ml:regex"],"prob":0.5},"fields":{},"normalizations":{}},{"classId":"e_7","part":"s11v1","offsets":[{"start":318,"text":"D"}],"coordinates":[],"confidence":{"state":"pre-added","who":["ml:regex"],"prob":0.5},"fields":{},"normalizations":{}},{"classId":"e_2","part":"s12v1","offsets":[{"start":13,"text":"CITY OF CARLSBAD"}],"coordinates":[],"confidence":{"state":"pre-added","who":["ml:regex"],"prob":0.5},"fields":{},"normalizations":{}},{"classId":"e_7","part":"s12v1","offsets":[{"start":30,"text":"COMMUNITY DEVELOPMENT BLOCK GRANT PROGRAM"}],"coordinates":[{"x":"146.05","y":"131.07"},{"x":"466.72","y":"137.41"}],"confidence":{"state":"pre-added","who":["user:SDTEF"],"prob":1},"fields":{},"normalizations":{}},{"classId":"e_4","part":"s12v1","offsets":[{"start":73,"text":"SCOPE OF WORK"}],"coordinates":[{"x":"257.85","y":"158.44"},{"x":"355.03","y":"164.78"}],"confidence":{"state":"pre-added","who":["user:SDTEF"],"prob":1},"fields":{},"normalizations":{}},{"classId":"e_8","part":"s12v1","offsets":[{"start":88,"text":"Contract Term:\n\nJuly 1, 2019 to June 30, 2020"}],"coordinates":[{"x":"81.75","y":"199.01"},{"x":"320.32","y":"205.34"}],"confidence":{"state":"pre-added","who":["user:SDTEF"],"prob":1},"fields":{},"normalizations":{}},{"classId":"e_8","part":"s12v1","offsets":[{"start":135,"text":"Subrecipient Name: Interfaith Community Services Address:\n\n550 West Washington Avenue, Escondido, CA 92025"}],"coordinates":[{"x":"81.90","y":"226.62"},{"x":"432.92","y":"246.62"}],"confidence":{"state":"pre-added","who":["user:SDTEF"],"prob":1},"fields":{},"normalizations":{}},{"classId":"e_4","part":"s12v1","offsets":[{"start":243,"text":"Project Description: Rental Housing Assistance Program"}],"coordinates":[{"x":"81.84","y":"267.64"},{"x":"351.07","y":"273.96"}],"confidence":{"state":"pre-added","who":["user:SDTEF"],"prob":1},"fields":{},"normalizations":{}},{"classId":"e_6","part":"s12v1","offsets":[{"start":299,"text":"Project Goals & Objectives:\n\n1. CDBG funds will be used to fund the following activities in compliance with the project description outlined and in conformance with the Federal regulations for the CDBG program:\n\nFunds will be used to provide emergency rental and housing assistance to prevent homelessness.\n\n2. Project objectives to be accomplished during the contract period:\n\nInterfaith will provide emergency rental assistance to add in the prevention and end homelessness, as well as empower residents to achieve self-sufficiency and independence.\n\n3. Project objectives performance measures: a. Provide quarterly performance reports to the City of Carlsbad, Housing and Neighborhood Services Department on the CDBG Quarterly Performance Report form as provided. b. Maintain records, invoices, and relevant statistics supporting the quarterly reports. c. Provide a final performance report, including an evaluation report of the program's success in meeting established goals, to the City of Carlsbad Housing and Neighborhood Services within 15 days of termination of the contract date on the CDBG Annual Performance Report form as provided. d. Provide notification to the City of any audits or investigations including results, findings, and/or liens"}],"coordinates":[{"x":"81.60","y":"294.77"},{"x":"168.97","y":"613.34"}],"confidence":{"state":"pre-added","who":["user:SDTEF"],"prob":1},"fields":{},"normalizations":{}},{"classId":"e_7","part":"s12v1","offsets":[{"start":331,"text":"CDBG"}],"coordinates":[],"confidence":{"state":"pre-added","who":["ml:regex"],"prob":0.5},"fields":{},"normalizations":{}},{"classId":"e_7","part":"s12v1","offsets":[{"start":496,"text":"CDBG"}],"coordinates":[],"confidence":{"state":"pre-added","who":["ml:regex"],"prob":0.5},"fields":{},"normalizations":{}},{"classId":"e_7","part":"s12v1","offsets":[{"start":944,"text":"City of Carlsbad,"}],"coordinates":[],"confidence":{"state":"pre-added","who":["ml:regex"],"prob":0.5},"fields":{},"normalizations":{}},{"classId":"e_7","part":"s12v1","offsets":[{"start":1014,"text":"CDBG"}],"coordinates":[],"confidence":{"state":"pre-added","who":["ml:regex"],"prob":0.5},"fields":{},"normalizations":{}},{"classId":"e_2","part":"s12v1","offsets":[{"start":1287,"text":"City of Carlsbad"}],"coordinates":[],"confidence":{"state":"pre-added","who":["ml:regex"],"prob":0.5},"fields":{},"normalizations":{}},{"classId":"e_7","part":"s12v1","offsets":[{"start":1396,"text":"CDBG"}],"coordinates":[],"confidence":{"state":"pre-added","who":["ml:regex"],"prob":0.5},"fields":{},"normalizations":{}},{"classId":"e_7","part":"s12v1","offsets":[{"start":1445,"text":"d"}],"coordinates":[],"confidence":{"state":"pre-added","who":["ml:regex"],"prob":0.5},"fields":{},"normalizations":{}},{"classId":"e_2","part":"s13v1","offsets":[{"start":13,"text":"CITY OF CARLSBAD"}],"coordinates":[],"confidence":{"state":"pre-added","who":["ml:regex"],"prob":0.5},"fields":{},"normalizations":{}},{"classId":"e_7","part":"s13v1","offsets":[{"start":30,"text":"COMMUNITY DEVELOPMENT BLOCK GRANT PROGRAM"}],"coordinates":[],"confidence":{"state":"pre-added","who":["ml:regex"],"prob":0.5},"fields":{},"normalizations":{}},{"classId":"e_8","part":"s13v1","offsets":[{"start":81,"text":"Contract Term:\n\nJuly 1, 2019 to June 30, 2020"}],"coordinates":[],"confidence":{"state":"pre-added","who":["ml:regex"],"prob":0.5},"fields":{},"normalizations":{}},{"classId":"e_4","part":"s13v1","offsets":[{"start":237,"text":"Project Description: Rental Housing Assistance Program"}],"coordinates":[],"confidence":{"state":"pre-added","who":["ml:regex"],"prob":0.5},"fields":{},"normalizations":{}},{"classId":"e_2","part":"s13v1","offsets":[{"start":494,"text":"City of Carlsbad"}],"coordinates":[],"confidence":{"state":"pre-added","who":["ml:regex"],"prob":0.5},"fields":{},"normalizations":{}},{"classId":"e_2","part":"s13v1","offsets":[{"start":930,"text":"City of carlsbad"}],"coordinates":[],"confidence":{"state":"pre-added","who":["ml:regex"],"prob":0.5},"fields":{},"normalizations":{}},{"classId":"e_7","part":"s15v1","offsets":[{"start":1320,"text":"D"}],"coordinates":[],"confidence":{"state":"pre-added","who":["ml:regex"],"prob":0.5},"fields":{},"normalizations":{}},{"classId":"e_7","part":"s15v1","offsets":[{"start":3437,"text":"City of Carlsbad,"}],"coordinates":[],"confidence":{"state":"pre-added","who":["ml:regex"],"prob":0.5},"fields":{},"normalizations":{}},{"classId":"e_7","part":"s15v1","offsets":[{"start":4219,"text":"City of Carlsbad,"}],"coordinates":[],"confidence":{"state":"pre-added","who":["ml:regex"],"prob":0.5},"fields":{},"normalizations":{}},{"classId":"e_2","part":"s15v1","offsets":[{"start":4348,"text":"City of Carlsbad"}],"coordinates":[],"confidence":{"state":"pre-added","who":["ml:regex"],"prob":0.5},"fields":{},"normalizations":{}},{"classId":"e_2","part":"s16v1","offsets":[{"start":432,"text":"City of Carlsbad"}],"coordinates":[],"confidence":{"state":"pre-added","who":["ml:regex"],"prob":0.5},"fields":{},"normalizations":{}},{"classId":"e_7","part":"s17v1","offsets":[{"start":2412,"text":"d"}],"coordinates":[],"confidence":{"state":"pre-added","who":["ml:regex"],"prob":0.5},"fields":{},"normalizations":{}},{"classId":"e_2","part":"s17v1","offsets":[{"start":3279,"text":"CITY OF CARLSBAD"}],"coordinates":[],"confidence":{"state":"pre-added","who":["ml:regex"],"prob":0.5},"fields":{},"normalizations":{}}],"relations":[]}