{"annotatable":{"parts":["s1v1","s2v1","s3v1","s4v1","s5v1","s6v1","s7v1","s8v1","s9v1","s10v1","s11v1","s12v1","s13v1","s14v1","s15v1","s16v1","s17v1","s18v1","s19v1","s20v1","s21v1","s22v1"]},"anncomplete":true,"sources":[],"metas":{"m_24":{"value":"$20,054; $1,722,417","confidence":{"state":"pre-added","who":["user:SDTEF"],"prob":1}},"m_22":{"value":"temp housing and bridge housing","confidence":{"state":"pre-added","who":["user:SDTEF"],"prob":1}},"m_23":{"value":"city and CDBG funds","confidence":{"state":"pre-added","who":["user:SDTEF"],"prob":1}}},"entities":[{"classId":"e_19","part":"s1v1","offsets":[{"start":0,"text":"AGREEMENTBETWEEN THE CITYOFENCINITASAND Interfaith CommunitvServices FOR THE USE OF COMMUNITY DEVELOPMENT BLOCK GRANT FUNDS"}],"coordinates":[{"x":"94.19","y":"98.36"},{"x":"495.14","y":"117.84"}],"confidence":{"state":"pre-added","who":["user:SDTEF"],"prob":1},"fields":{},"normalizations":{}},{"classId":"e_7","part":"s1v1","offsets":[{"start":21,"text":"CITYOFENCINITAS"}],"coordinates":[{"x":"245.02","y":"98.60"},{"x":"347.16","y":"104.64"}],"confidence":{"state":"pre-added","who":["user:SDTEF"],"prob":1},"fields":{},"normalizations":{}},{"classId":"e_1","part":"s1v1","offsets":[{"start":40,"text":"Interfaith CommunitvServices"}],"coordinates":[{"x":"374.33","y":"98.84"},{"x":"529.62","y":"105.12"}],"confidence":{"state":"pre-added","who":["user:SDTEF"],"prob":1},"fields":{},"normalizations":{}},{"classId":"e_7","part":"s1v1","offsets":[{"start":84,"text":"COMMUNITY DEVELOPMENT BLOCK GRANT FUNDS"}],"coordinates":[{"x":"220.69","y":"111.32"},{"x":"495.14","y":"117.84"}],"confidence":{"state":"pre-added","who":["user:SDTEF"],"prob":1},"fields":{},"normalizations":{}},{"classId":"e_4","part":"s1v1","offsets":[{"start":125,"text":"Project: Alliance for Solutions Bridge to Housing Network"}],"coordinates":[{"x":"162.64","y":"123.80"},{"x":"458.77","y":"130.08"}],"confidence":{"state":"pre-added","who":["user:SDTEF"],"prob":1},"fields":{},"normalizations":{}},{"classId":"e_1","part":"s1v1","offsets":[{"start":341,"text":"Interfaith Community Services"}],"coordinates":[],"confidence":{"state":"pre-added","who":["ml:regex"],"prob":0.5},"fields":{},"normalizations":{}},{"classId":"e_19","part":"s1v1","offsets":[{"start":442,"text":"July 1, 2019."}],"coordinates":[{"x":"496.70","y":"174.44"},{"x":"122.68","y":"192.00"}],"confidence":{"state":"pre-added","who":["user:SDTEF"],"prob":1},"fields":{},"normalizations":{}},{"classId":"e_4","part":"s2v1","offsets":[{"start":102,"text":"Statement of Work"}],"coordinates":[],"confidence":{"state":"pre-added","who":["ml:regex"],"prob":0.5},"fields":{},"normalizations":{}},{"classId":"e_2","part":"s2v1","offsets":[{"start":2050,"text":"BUDGET.\n\nCITY shall pay to SUBRECIPIENTfrom CDBG funds,when,if and to theextent received from HUD,amounts to reimburse SUBRECIPIENT for expenditures incurred in carrying outthis Agreement,up to a maximum,aggregate amountof twenty thousand, fifty four ($20,054) dollars. The contract budget for this"}],"coordinates":[{"x":"158.39","y":"594.94"},{"x":"527.11","y":"664.84"}],"confidence":{"state":"pre-added","who":["user:SDTEF"],"prob":1},"fields":{},"normalizations":{}},{"classId":"e_2","part":"s3v1","offsets":[{"start":0,"text":"project is described in Exhibit B. In no event shall the contracted budget be modified without prior CITY approval,in writing. No line item will be adjusted to allow forexpenditures that have already been incurred bySUBRECIPIENT prior to the effective date of an approved budget adjustment."}],"coordinates":[{"x":"159.98","y":"107.60"},{"x":"424.53","y":"151.62"}],"confidence":{"state":"pre-added","who":["user:SDTEF"],"prob":1},"fields":{},"normalizations":{}},{"classId":"e_8","part":"s4v1","offsets":[{"start":175,"text":"TERM.\n\nThis agreement shall commence July 1, 2019 and shall continue in full force and effect until June 30,2020,during which time SUBRECIPIENT shall perform the services provided herein. Alternatively,the agreementwill be automatically terminated in the event that the United States Government terminates the Community Development Block Grant Program or terminates the Projects, which is the subject of the agreement"}],"coordinates":[{"x":"159.18","y":"156.56"},{"x":"335.76","y":"250.00"}],"confidence":{"state":"pre-added","who":["user:SDTEF"],"prob":1},"fields":{},"normalizations":{}},{"classId":"e_1","part":"s18v1","offsets":[{"start":973,"text":"MaryLynn McCorkle"}],"coordinates":[{"x":"366.56","y":"337.77"},{"x":"461.77","y":"344.17"}],"confidence":{"state":"pre-added","who":["user:SDTEF"],"prob":1},"fields":{},"normalizations":{}},{"classId":"e_1","part":"s18v1","offsets":[{"start":1043,"text":"Interfaith Community Services"}],"coordinates":[{"x":"366.09","y":"363.21"},{"x":"510.42","y":"369.80"}],"confidence":{"state":"pre-added","who":["user:SDTEF"],"prob":1},"fields":{},"normalizations":{}},{"classId":"e_1","part":"s18v1","offsets":[{"start":1112,"text":"550 W. Washington Ave,"}],"coordinates":[{"x":"365.21","y":"376.65"},{"x":"535.81","y":"383.10"}],"confidence":{"state":"pre-added","who":["user:SDTEF"],"prob":1},"fields":{},"normalizations":{}},{"classId":"e_1","part":"s18v1","offsets":[{"start":1145,"text":"Escondido,CA 92025"}],"coordinates":[{"x":"366.15","y":"389.13"},{"x":"471.31","y":"395.32"}],"confidence":{"state":"pre-added","who":["user:SDTEF"],"prob":1},"fields":{},"normalizations":{}},{"classId":"e_1","part":"s18v1","offsets":[{"start":1190,"text":"760-529-9979"}],"coordinates":[{"x":"365.32","y":"401.85"},{"x":"434.00","y":"407.90"}],"confidence":{"state":"pre-added","who":["user:SDTEF"],"prob":1},"fields":{},"normalizations":{}},{"classId":"e_1","part":"s18v1","offsets":[{"start":1234,"text":"mmccorkle@interFaithservices.org"}],"coordinates":[{"x":"366.34","y":"415.05"},{"x":"528.46","y":"421.48"}],"confidence":{"state":"pre-added","who":["user:SDTEF"],"prob":1},"fields":{},"normalizations":{}},{"classId":"e_4","part":"s20v1","offsets":[{"start":11,"text":"STATEMENT OF WORK"}],"coordinates":[{"x":"250.58","y":"123.68"},{"x":"372.16","y":"130.04"}],"confidence":{"state":"pre-added","who":["user:SDTEF"],"prob":1},"fields":{},"normalizations":{}},{"classId":"e_8","part":"s20v1","offsets":[{"start":30,"text":"Term of Contract: July 1,2019-June 30,2020"}],"coordinates":[{"x":"88.50","y":"145.91"},{"x":"313.11","y":"153.04"}],"confidence":{"state":"pre-added","who":["user:SDTEF"],"prob":1},"fields":{},"normalizations":{}},{"classId":"e_1","part":"s20v1","offsets":[{"start":74,"text":"Agency:"}],"coordinates":[{"x":"88.51","y":"169.43"},{"x":"128.46","y":"175.40"}],"confidence":{"state":"pre-added","who":["user:SDTEF"],"prob":1},"fields":{},"normalizations":{}},{"classId":"e_1","part":"s20v1","offsets":[{"start":82,"text":"Interfaith Community Services"}],"coordinates":[],"confidence":{"state":"pre-added","who":["ml:regex"],"prob":0.5},"fields":{},"normalizations":{}},{"classId":"e_1","part":"s20v1","offsets":[{"start":164,"text":"Contact Person"}],"coordinates":[{"x":"88.42","y":"216.23"},{"x":"161.51","y":"222.37"}],"confidence":{"state":"pre-added","who":["user:SDTEF"],"prob":1},"fields":{},"normalizations":{}},{"classId":"e_1","part":"s20v1","offsets":[{"start":180,"text":"MaryLynn McCorkle"}],"coordinates":[],"confidence":{"state":"pre-added","who":["ml:regex"],"prob":0.5},"fields":{},"normalizations":{}},{"classId":"e_1","part":"s20v1","offsets":[{"start":204,"text":"760-529-9979"}],"coordinates":[],"confidence":{"state":"pre-added","who":["ml:regex"],"prob":0.5},"fields":{},"normalizations":{}},{"classId":"e_4","part":"s20v1","offsets":[{"start":218,"text":"Project Name: Alliance for Solutions Bridge to Housing Network"}],"coordinates":[{"x":"88.52","y":"239.51"},{"x":"391.86","y":"246.80"}],"confidence":{"state":"pre-added","who":["user:SDTEF"],"prob":1},"fields":{},"normalizations":{}},{"classId":"e_3","part":"s20v1","offsets":[{"start":282,"text":"Target: Homeless"}],"coordinates":[{"x":"88.00","y":"262.79"},{"x":"174.04","y":"268.99"}],"confidence":{"state":"pre-added","who":["user:SDTEF"],"prob":1},"fields":{},"normalizations":{}},{"classId":"e_4","part":"s20v1","offsets":[{"start":330,"text":"Project description: The Bridge to Housing Network works towards bridging clients out of homelessness and into their own permanent homes."}],"coordinates":[{"x":"88.41","y":"309.59"},{"x":"339.76","y":"329.10"}],"confidence":{"state":"pre-added","who":["user:SDTEF"],"prob":1},"fields":{},"normalizations":{}},{"classId":"e_6","part":"s20v1","offsets":[{"start":469,"text":"Goal: The goal of the Bridge to Housing Network over the next year will be to provide 30 homeless Encinitascommunity members with notonly a safe haven, but also with the tools and motivation necessary to move them towards self-sufficiency and their maximum level of independent and responsible functioning."}],"coordinates":[{"x":"88.34","y":"346.79"},{"x":"285.65","y":"390.99"}],"confidence":{"state":"pre-added","who":["user:SDTEF"],"prob":1},"fields":{},"normalizations":{}},{"classId":"e_6","part":"s20v1","offsets":[{"start":777,"text":"Objective 1: The objectives ofthe Alliance's Bridge Housing Network are to provide emergency shelter for 30 homeless Encinitas community members.\n\nObjective 2: Assist all partcipants in retaining their current income; in addition, at least50% of partcipants will increase their income.\n\nObjective 3: Ofthose community members exiting the shelter during the grant period, at least 50% will successfully overcome homelessness."}],"coordinates":[{"x":"88.02","y":"408.23"},{"x":"314.45","y":"502.74"}],"confidence":{"state":"pre-added","who":["user:SDTEF"],"prob":1},"fields":{},"normalizations":{}},{"classId":"e_1","part":"s22v1","offsets":[{"start":11,"text":"INTERFAITH COMMUNITY SERVICES"}],"coordinates":[],"confidence":{"state":"pre-added","who":["ml:regex"],"prob":0.5},"fields":{},"normalizations":{}},{"classId":"e_1","part":"s22v1","offsets":[{"start":121,"text":"Interfaith Community Services"}],"coordinates":[],"confidence":{"state":"pre-added","who":["ml:regex"],"prob":0.5},"fields":{},"normalizations":{}}],"relations":[]}