{"annotatable":{"parts":["s1v1","s2v1","s3v1","s4v1","s5v1","s6v1","s7v1","s8v1","s9v1","s10v1","s11v1","s12v1","s13v1","s14v1","s15v1","s16v1","s17v1","s18v1","s19v1","s20v1","s21v1","s22v1","s23v1","s24v1","s25v1","s26v1","s27v1","s28v1","s29v1","s30v1","s31v1","s32v1","s33v1","s34v1","s35v1","s36v1","s37v1","s38v1","s39v1","s40v1","s41v1","s42v1","s43v1","s44v1","s45v1","s46v1","s47v1","s48v1","s49v1","s50v1"]},"anncomplete":true,"sources":[{"name":"ORIG","id":"HHI_17_10.2_Family_Reunification_Program__FRP__Downtown_Partnership.pdf","url":""}],"metas":{"m_22":{"value":"reunification","confidence":{"state":"pre-added","who":["user:SDTEF"],"prob":1}},"m_20":{"value":"literally homeless, at risk, fleeing DV","confidence":{"state":"pre-added","who":["user:SDTEF"],"prob":1}},"m_24":{"value":"$844,000","confidence":{"state":"pre-added","who":["user:SDTEF"],"prob":1}},"m_23":{"value":"city and HEAP","confidence":{"state":"pre-added","who":["user:SDTEF"],"prob":1}}},"entities":[{"classId":"e_19","part":"s1v1","offsets":[{"start":5,"text":"THIRD AMENDMENT AND EXERCISE OF SECOND OPTION \n\nSAN DIEGO HOUSING COMMISSION'S\n\nAGREEMENT FOR FAMILY REUNIFICATION PROGRAM \n\nWITH DOWNTOWN SAN DIEGO PARTNERSHIP \n\nAGREEMENT NO. HHI-17-10.2"}],"coordinates":[{"x":"148.58","y":"85.38"},{"x":"389.29","y":"205.58"}],"confidence":{"state":"pre-added","who":["user:SDTEF"],"prob":1},"fields":{},"normalizations":{}},{"classId":"e_7","part":"s1v1","offsets":[{"start":53,"text":"SAN DIEGO HOUSING COMMISSION"}],"coordinates":[{"x":"203.69","y":"116.94"},{"x":"403.73","y":"122.30"}],"confidence":{"state":"pre-added","who":["user:SDTEF"],"prob":1},"fields":{},"normalizations":{}},{"classId":"e_4","part":"s1v1","offsets":[{"start":99,"text":"FAMILY REUNIFICATION PROGRAM"}],"coordinates":[{"x":"258.05","y":"144.54"},{"x":"463.31","y":"149.90"}],"confidence":{"state":"pre-added","who":["user:SDTEF"],"prob":1},"fields":{},"normalizations":{}},{"classId":"e_1","part":"s1v1","offsets":[{"start":135,"text":"DOWNTOWN SAN DIEGO PARTNERSHIP"}],"coordinates":[{"x":"209.45","y":"172.26"},{"x":"445.07","y":"177.62"}],"confidence":{"state":"pre-added","who":["user:SDTEF"],"prob":1},"fields":{},"normalizations":{}},{"classId":"e_7","part":"s1v1","offsets":[{"start":209,"text":"San Diego Housing Commission"}],"coordinates":[{"x":"221.39","y":"227.97"},{"x":"408.03","y":"233.42"}],"confidence":{"state":"pre-added","who":["user:SDTEF"],"prob":1},"fields":{},"normalizations":{}},{"classId":"e_1","part":"s1v1","offsets":[{"start":258,"text":"Downtown San Diego Partnership"}],"coordinates":[{"x":"87.38","y":"242.49"},{"x":"258.48","y":"247.94"}],"confidence":{"state":"pre-added","who":["user:SDTEF"],"prob":1},"fields":{},"normalizations":{}},{"classId":"e_4","part":"s1v1","offsets":[{"start":359,"text":"family reunification program"}],"coordinates":[],"confidence":{"state":"pre-added","who":["ml:regex"],"prob":0.5},"fields":{},"normalizations":{}},{"classId":"e_8","part":"s1v1","offsets":[{"start":431,"text":"effective June1, 2017 through May 31, 2018."}],"coordinates":[{"x":"87.38","y":"271.56"},{"x":"308.48","y":"277.01"}],"confidence":{"state":"pre-added","who":["user:SDTEF"],"prob":1},"fields":{},"normalizations":{}},{"classId":"e_4","part":"s1v1","offsets":[{"start":477,"text":"WHEREAS, the Commission and Contractor amended the Agreement to increase the expected number of individuals served in the Program from four hundred (400) to eight hundred (800), as well as increasing the compensation to reflect additional Program funding from the City of San Diego General Funds to accommodate the additional four- hundred individuals (First Amendment)."}],"coordinates":[{"x":"121.58","y":"300.24"},{"x":"290.72","y":"362.57"}],"confidence":{"state":"pre-added","who":["user:SDTEF"],"prob":1},"fields":{},"normalizations":{}},{"classId":"e_7","part":"s1v1","offsets":[{"start":1521,"text":"Homeless Emergency Aid Program"}],"coordinates":[{"x":"281.89","y":"552.98"},{"x":"454.78","y":"558.43"}],"confidence":{"state":"pre-added","who":["user:SDTEF"],"prob":1},"fields":{},"normalizations":{}},{"classId":"e_7","part":"s1v1","offsets":[{"start":1553,"text":"HEAP"}],"coordinates":[{"x":"462.62","y":"552.98"},{"x":"493.85","y":"558.43"}],"confidence":{"state":"pre-added","who":["user:SDTEF"],"prob":1},"fields":{},"normalizations":{}},{"classId":"e_7","part":"s1v1","offsets":[{"start":1559,"text":"block grant funding"}],"coordinates":[{"x":"501.79","y":"552.98"},{"x":"153.84","y":"572.35"}],"confidence":{"state":"pre-added","who":["user:SDTEF"],"prob":1},"fields":{},"normalizations":{}},{"classId":"e_2","part":"s1v1","offsets":[{"start":1579,"text":"in the amount of $14,110,397.95"}],"coordinates":[{"x":"156.72","y":"566.90"},{"x":"313.79","y":"572.35"}],"confidence":{"state":"pre-added","who":["user:SDTEF"],"prob":1},"fields":{},"normalizations":{}},{"classId":"e_7","part":"s1v1","offsets":[{"start":1613,"text":"HEAP"}],"coordinates":[],"confidence":{"state":"pre-added","who":["ml:regex"],"prob":0.5},"fields":{},"normalizations":{}},{"classId":"e_7","part":"s1v1","offsets":[{"start":1765,"text":"HEAP"}],"coordinates":[],"confidence":{"state":"pre-added","who":["ml:regex"],"prob":0.5},"fields":{},"normalizations":{}},{"classId":"e_7","part":"s1v1","offsets":[{"start":1922,"text":"HEAP"}],"coordinates":[],"confidence":{"state":"pre-added","who":["ml:regex"],"prob":0.5},"fields":{},"normalizations":{}},{"classId":"e_7","part":"s1v1","offsets":[{"start":1991,"text":"HEAP"}],"coordinates":[],"confidence":{"state":"pre-added","who":["ml:regex"],"prob":0.5},"fields":{},"normalizations":{}},{"classId":"e_7","part":"s2v1","offsets":[{"start":190,"text":"Homeless Emergency Aid Program"}],"coordinates":[],"confidence":{"state":"pre-added","who":["ml:regex"],"prob":0.5},"fields":{},"normalizations":{}},{"classId":"e_8","part":"s2v1","offsets":[{"start":983,"text":"Term of Option Period. The Commission hereby exercises the Second of Four (4) one- year option contained in Section 103 of the Agreement. The term of the option period shall commence effective July 1, 2019 and continue through June 30, 2020."}],"coordinates":[{"x":"117.98","y":"349.20"},{"x":"409.22","y":"382.25"}],"confidence":{"state":"pre-added","who":["user:SDTEF"],"prob":1},"fields":{},"normalizations":{}},{"classId":"e_2","part":"s2v1","offsets":[{"start":1230,"text":"Compensation during Option Period. The total compensation for all services performed and/or materials and goods supplied pursuant to the Agreement during the option period shall not exceed EIGHT HUNDRED FORTY-FOUR THOUSAND AND NO/100 DOLLARS ($844,000.00). All services performed and/or materials and goods supplied pursuant to the Agreement shall be on the same terms and conditions as set forth in the Agreement."}],"coordinates":[{"x":"117.98","y":"404.40"},{"x":"471.62","y":"465.07"}],"confidence":{"state":"pre-added","who":["user:SDTEF"],"prob":1},"fields":{},"normalizations":{}},{"classId":"e_7","part":"s2v1","offsets":[{"start":2168,"text":"HEAP"}],"coordinates":[],"confidence":{"state":"pre-added","who":["ml:regex"],"prob":0.5},"fields":{},"normalizations":{}},{"classId":"e_7","part":"s2v1","offsets":[{"start":2195,"text":"HEAP"}],"coordinates":[],"confidence":{"state":"pre-added","who":["ml:regex"],"prob":0.5},"fields":{},"normalizations":{}},{"classId":"e_7","part":"s2v1","offsets":[{"start":2468,"text":"HEAP"}],"coordinates":[],"confidence":{"state":"pre-added","who":["ml:regex"],"prob":0.5},"fields":{},"normalizations":{}},{"classId":"e_7","part":"s2v1","offsets":[{"start":2538,"text":"HEAP"}],"coordinates":[],"confidence":{"state":"pre-added","who":["ml:regex"],"prob":0.5},"fields":{},"normalizations":{}},{"classId":"e_1","part":"s4v1","offsets":[{"start":152,"text":"DOWNTOWN SAN DIEGO PARTNERSHIP"}],"coordinates":[],"confidence":{"state":"pre-added","who":["ml:regex"],"prob":0.5},"fields":{},"normalizations":{}},{"classId":"e_7","part":"s4v1","offsets":[{"start":242,"text":"SAN DIEGO HOUSING COMMISSION"}],"coordinates":[],"confidence":{"state":"pre-added","who":["ml:regex"],"prob":0.5},"fields":{},"normalizations":{}},{"classId":"e_7","part":"s4v1","offsets":[{"start":586,"text":"San Diego Housing Commission"}],"coordinates":[],"confidence":{"state":"pre-added","who":["ml:regex"],"prob":0.5},"fields":{},"normalizations":{}},{"classId":"e_7","part":"s5v1","offsets":[{"start":357,"text":"San Diego Housing Commission"}],"coordinates":[],"confidence":{"state":"pre-added","who":["ml:regex"],"prob":0.5},"fields":{},"normalizations":{}},{"classId":"e_1","part":"s5v1","offsets":[{"start":440,"text":"Downtown San Diego Partnership"}],"coordinates":[],"confidence":{"state":"pre-added","who":["ml:regex"],"prob":0.5},"fields":{},"normalizations":{}},{"classId":"e_4","part":"s5v1","offsets":[{"start":507,"text":"Family Reunification Program"}],"coordinates":[],"confidence":{"state":"pre-added","who":["ml:regex"],"prob":0.5},"fields":{},"normalizations":{}},{"classId":"e_4","part":"s5v1","offsets":[{"start":591,"text":"The Program’s objective is to provide housing relocation assistance to individuals experiencing homelessness or at risk of becoming homeless in the City by connecting those individuals with family or other support systems, contributing to the regional goals of ensuring instances of homeless are rare, brief, and non-recurring"}],"coordinates":[{"x":"516.04","y":"306.00"},{"x":"364.80","y":"370.97"}],"confidence":{"state":"pre-added","who":["user:SDTEF"],"prob":1},"fields":{},"normalizations":{}},{"classId":"e_5","part":"s5v1","offsets":[{"start":923,"text":"PROGRAM SITE LOCATION\n\nThe Contractor will operate the Program at 1111 Sixth Avenue Suite 101, San Diego, CA 92101; and 401 B Street, Suite 100, San Diego, CA 92101. The Program will operate Monday through Friday, 8:00AM to 5:00PM."}],"coordinates":[{"x":"99.98","y":"388.77"},{"x":"318.40","y":"446.59"}],"confidence":{"state":"pre-added","who":["user:SDTEF"],"prob":1},"fields":{},"normalizations":{}},{"classId":"e_4","part":"s5v1","offsets":[{"start":1304,"text":"PROGRAM DESCRIPTION"}],"coordinates":[{"x":"99.98","y":"524.99"},{"x":"249.70","y":"530.35"}],"confidence":{"state":"pre-added","who":["user:SDTEF"],"prob":1},"fields":{},"normalizations":{}},{"classId":"e_4","part":"s5v1","offsets":[{"start":1325,"text":"The Program, in collaboration with local service agencies and the San Diego Police Department’s Homeless Outreach Team (SDPD HOT), provides one-way, one-time transportation assistance services to participants who are homeless in the City and wish to reunify with family or other support systems in a distant part of the continental United States.\n\nThe Program design will effectively serve participants in a welcoming and solutions- focused environment. The Program will utilize trauma-informed care, motivational interviewing, and a harm reduction model, which does not require sobriety. All services must be easily accessible and evaluated for effectiveness on a regular basis"}],"coordinates":[{"x":"99.98","y":"547.58"},{"x":"459.30","y":"680.26"}],"confidence":{"state":"pre-added","who":["user:SDTEF"],"prob":1},"fields":{},"normalizations":{}},{"classId":"e_4","part":"s6v1","offsets":[{"start":3,"text":"The Contractor will adhere to all Regional Task Force on the Homeless (RTFH) performance standards and requirements, including recommendations from the RTFH regional planning process for creation of a Homeless Crisis Response System"}],"coordinates":[{"x":"99.98","y":"80.49"},{"x":"471.74","y":"115.70"}],"confidence":{"state":"pre-added","who":["user:SDTEF"],"prob":1},"fields":{},"normalizations":{}},{"classId":"e_3","part":"s6v1","offsets":[{"start":261,"text":"Target Population/Geographical Area\n\nThe Program will target homeless individuals and families in Downtown, Bankers Hill,\n\nBalboa Park, Hillcrest, Barrio Logan, Golden Hill, and Sherman Heights neighborhoods of the City whose homelessness can be resolved through reunification with family or other support systems."}],"coordinates":[{"x":"117.98","y":"156.42"},{"x":"225.56","y":"229.10"}],"confidence":{"state":"pre-added","who":["user:SDTEF"],"prob":1},"fields":{},"normalizations":{}},{"classId":"e_6","part":"s6v1","offsets":[{"start":579,"text":"Persons Served\n\nContractor will successfully reconnect up to 1,400 unduplicated individuals with family or other support systems between July 1, 2019 and June 30, 2020."}],"coordinates":[{"x":"117.98","y":"246.90"},{"x":"434.11","y":"289.73"}],"confidence":{"state":"pre-added","who":["user:SDTEF"],"prob":1},"fields":{},"normalizations":{}},{"classId":"e_3","part":"s6v1","offsets":[{"start":751,"text":"Program Eligibility\n\n1) Each Program participant will be: a) Individuals who meet the U.S. Department of Housing and Urban Development (HUD) definition of Literally Homeless (Category 1), At Imminent Risk of Homelessness (Category 2), or Fleeing/Attempting to Flee Domestic Violence (Category 4); b) Certified as homeless using HUD’s preferred order of documentation (24 CFR Parts 91, 582, and 583); third party certification is preferred; and c) Residing in the City of San Diego.\n\n2) In alignment with Housing First principles, examples of criteria that may not be used to determine Program eligibility include, but are not limited to, the following: a) Sobriety and/or commitment to be drug-free; b) Requirements to take medication if the participant has a mental illness; c) Participation in religious services or activities; d) Participation in drug treatment services (including NA/AA); e) Payment or ability to pay; or f) Identification."}],"coordinates":[{"x":"117.98","y":"307.53"},{"x":"221.53","y":"638.98"}],"confidence":{"state":"pre-added","who":["user:SDTEF"],"prob":1},"fields":{},"normalizations":{}},{"classId":"e_7","part":"s18v1","offsets":[{"start":1594,"text":"San Diego Housing Commission"}],"coordinates":[],"confidence":{"state":"pre-added","who":["ml:regex"],"prob":0.5},"fields":{},"normalizations":{}},{"classId":"e_7","part":"s18v1","offsets":[{"start":1639,"text":"San Diego Housing Commission"}],"coordinates":[],"confidence":{"state":"pre-added","who":["ml:regex"],"prob":0.5},"fields":{},"normalizations":{}},{"classId":"e_7","part":"s18v1","offsets":[{"start":2519,"text":"San Diego Housing Commission"}],"coordinates":[],"confidence":{"state":"pre-added","who":["ml:regex"],"prob":0.5},"fields":{},"normalizations":{}},{"classId":"e_7","part":"s18v1","offsets":[{"start":2559,"text":"San Diego Housing Commission"}],"coordinates":[],"confidence":{"state":"pre-added","who":["ml:regex"],"prob":0.5},"fields":{},"normalizations":{}},{"classId":"e_7","part":"s24v1","offsets":[{"start":43,"text":"HEAP"}],"coordinates":[],"confidence":{"state":"pre-added","who":["ml:regex"],"prob":0.5},"fields":{},"normalizations":{}},{"classId":"e_7","part":"s24v1","offsets":[{"start":1072,"text":"HEAP"}],"coordinates":[],"confidence":{"state":"pre-added","who":["ml:regex"],"prob":0.5},"fields":{},"normalizations":{}},{"classId":"e_7","part":"s25v1","offsets":[{"start":174,"text":"HEAP"}],"coordinates":[],"confidence":{"state":"pre-added","who":["ml:regex"],"prob":0.5},"fields":{},"normalizations":{}},{"classId":"e_7","part":"s25v1","offsets":[{"start":1688,"text":"HEAP"}],"coordinates":[],"confidence":{"state":"pre-added","who":["ml:regex"],"prob":0.5},"fields":{},"normalizations":{}},{"classId":"e_7","part":"s25v1","offsets":[{"start":2016,"text":"HEAP"}],"coordinates":[],"confidence":{"state":"pre-added","who":["ml:regex"],"prob":0.5},"fields":{},"normalizations":{}},{"classId":"e_7","part":"s25v1","offsets":[{"start":2082,"text":"HEAP"}],"coordinates":[],"confidence":{"state":"pre-added","who":["ml:regex"],"prob":0.5},"fields":{},"normalizations":{}},{"classId":"e_7","part":"s27v1","offsets":[{"start":44,"text":"HEAP"}],"coordinates":[],"confidence":{"state":"pre-added","who":["ml:regex"],"prob":0.5},"fields":{},"normalizations":{}}],"relations":[]}