{"annotatable":{"parts":["s1v1","s2v1","s3v1","s4v1","s5v1","s6v1","s7v1","s8v1","s9v1","s10v1","s11v1","s12v1","s13v1","s14v1","s15v1","s16v1","s17v1","s18v1","s19v1","s20v1","s21v1","s22v1","s23v1","s24v1","s25v1","s26v1"]},"anncomplete":true,"sources":[{"name":"ORIG","id":"Copy_of_20_21_Agreement___Home_Start_Motel_Stays_CARES_Act.pdf","url":""}],"metas":{"m_24":{"value":"$45,000","confidence":{"state":"pre-added","who":["user:SDTEF"],"prob":1}},"m_22":{"value":"temp housing and case management","confidence":{"state":"pre-added","who":["user:SDTEF"],"prob":1}},"m_23":{"value":"city and CDBG funds","confidence":{"state":"pre-added","who":["user:SDTEF"],"prob":1}},"m_20":{"value":"households ","confidence":{"state":"pre-added","who":["user:SDTEF"],"prob":1}},"m_21":{"value":"LMI ","confidence":{"state":"pre-added","who":["user:SDTEF"],"prob":1}}},"entities":[{"classId":"e_19","part":"s1v1","offsets":[{"start":0,"text":"AGREEMENT BETWEEN THE CITY OF EL CAJON AND Home Start, Inc."}],"coordinates":[{"x":"273.36","y":"65.19"},{"x":"342.29","y":"93.83"}],"confidence":{"state":"pre-added","who":["user:SDTEF"],"prob":1},"fields":{},"normalizations":{}},{"classId":"e_7","part":"s1v1","offsets":[{"start":22,"text":"CITY OF EL CAJON"}],"coordinates":[{"x":"285.13","y":"76.71"},{"x":"375.11","y":"82.32"}],"confidence":{"state":"pre-added","who":["user:SDTEF"],"prob":1},"fields":{},"normalizations":{}},{"classId":"e_1","part":"s1v1","offsets":[{"start":43,"text":"Home Start, Inc."}],"coordinates":[{"x":"267.36","y":"88.18"},{"x":"342.29","y":"93.83"}],"confidence":{"state":"pre-added","who":["user:SDTEF"],"prob":1},"fields":{},"normalizations":{}},{"classId":"e_7","part":"s1v1","offsets":[{"start":149,"text":"CITY OF EL CAJON,"}],"coordinates":[{"x":"114.72","y":"117.27"},{"x":"207.89","y":"122.88"}],"confidence":{"state":"pre-added","who":["user:SDTEF"],"prob":1},"fields":{},"normalizations":{}},{"classId":"e_1","part":"s1v1","offsets":[{"start":245,"text":"Home Start, Inc."}],"coordinates":[],"confidence":{"state":"pre-added","who":["ml:regex"],"prob":0.5},"fields":{},"normalizations":{}},{"classId":"e_7","part":"s1v1","offsets":[{"start":415,"text":"City of El Cajon"}],"coordinates":[],"confidence":{"state":"pre-added","who":["ml:regex"],"prob":0.5},"fields":{},"normalizations":{}},{"classId":"e_4","part":"s1v1","offsets":[{"start":779,"text":"Motel Voucher Program"}],"coordinates":[{"x":"152.10","y":"209.86"},{"x":"262.28","y":"215.51"}],"confidence":{"state":"pre-added","who":["user:SDTEF"],"prob":1},"fields":{},"normalizations":{}},{"classId":"e_4","part":"s1v1","offsets":[{"start":1496,"text":"Motel Voucher Program"}],"coordinates":[],"confidence":{"state":"pre-added","who":["ml:regex"],"prob":0.5},"fields":{},"normalizations":{}},{"classId":"e_4","part":"s1v1","offsets":[{"start":1524,"text":"2."}],"coordinates":[],"confidence":{"state":"","who":["ml:nalaf"],"prob":0.5302103582852167},"fields":{},"normalizations":{}},{"classId":"e_4","part":"s1v1","offsets":[{"start":1769,"text":"Motel Voucher Program"}],"coordinates":[],"confidence":{"state":"pre-added","who":["ml:regex"],"prob":0.5},"fields":{},"normalizations":{}},{"classId":"e_4","part":"s1v1","offsets":[{"start":2028,"text":"3."}],"coordinates":[],"confidence":{"state":"","who":["ml:nalaf"],"prob":0.4673191509512086},"fields":{},"normalizations":{}},{"classId":"e_7","part":"s1v1","offsets":[{"start":2083,"text":"City of El Cajon."}],"coordinates":[],"confidence":{"state":"pre-added","who":["ml:regex"],"prob":0.5},"fields":{},"normalizations":{}},{"classId":"e_4","part":"s1v1","offsets":[{"start":2105,"text":"Scope of Services"}],"coordinates":[],"confidence":{"state":"","who":["ml:nalaf"],"prob":0.7054746959788817},"fields":{},"normalizations":{}},{"classId":"e_4","part":"s1v1","offsets":[{"start":2211,"text":"Scope of Work"}],"coordinates":[],"confidence":{"state":"","who":["ml:nalaf"],"prob":0.6349927563389861},"fields":{},"normalizations":{}},{"classId":"e_4","part":"s1v1","offsets":[{"start":2359,"text":"5."}],"coordinates":[],"confidence":{"state":"","who":["ml:nalaf"],"prob":0.5777466936161993},"fields":{},"normalizations":{}},{"classId":"e_8","part":"s1v1","offsets":[{"start":2362,"text":"Time of Performance:\n\n6.\n\n7.\n\nSaid services of the Subrecipient are to commence no sooner than May 13, 2020 and shall be completed no later than June 30, 2021."}],"coordinates":[{"x":"90.72","y":"535.82"},{"x":"215.54","y":"570.23"}],"confidence":{"state":"pre-added","who":["user:SDTEF"],"prob":1},"fields":{"f_12":{"value":"1","confidence":{"state":"pre-added","who":["user:SDTEF"],"prob":1}}},"normalizations":{}},{"classId":"e_2","part":"s1v1","offsets":[{"start":2523,"text":"Compensation and Method of Payment:\n\nThe City shall reimburse the Subrecipient for allowable costs incurred under the scope of the Agreement and applicable Federal regulations, which have not been paid for or reimbursed in any other manner by any other Agency or private source of funding. The total of all reimbursements shall not exceed Forty Five Thousand Dollars and no/100s dollars ($45,000)."}],"coordinates":[{"x":"90.72","y":"582.38"},{"x":"367.54","y":"640.07"}],"confidence":{"state":"pre-added","who":["user:SDTEF"],"prob":1},"fields":{},"normalizations":{}},{"classId":"e_6","part":"s2v1","offsets":[{"start":626,"text":"Monitoring:\n\nThe City will conduct periodic program monitoring reviews. These reviews will focus on the extent to which the planned program has been implemented, measurable goals achieved, effectiveness of program management, and impact of the program. Authorized representatives of the City and HUD shall have the right of access to all activities and facilities operated by the Subrecipient under this Agreement. Facilities include all files, records, and other documents related to the performance of this Agreement. Activities include attendance at staff, board of directors, advisory committee, and advisory board meetings and inspection by City and HUD representatives, and to ensure that its employees and board members furnish such information, as in the judgment of City and HUD representatives, may be relevant to the question of compliance with contractual conditions and HUD directives, or the effectiveness, legality and achievements of the program."}],"coordinates":[{"x":"92.40","y":"158.55"},{"x":"222.66","y":"285.60"}],"confidence":{"state":"pre-added","who":["user:SDTEF"],"prob":1},"fields":{},"normalizations":{}},{"classId":"e_5","part":"s2v1","offsets":[{"start":3371,"text":"The"}],"coordinates":[],"confidence":{"state":"pre-removed","who":["ml:nalaf","ml:regex"],"prob":0.5},"fields":{},"normalizations":{}},{"classId":"e_4","part":"s3v1","offsets":[{"start":17,"text":"The Subrecipient must establish and maintain on a current basis, an adequate accrual and accounting system in accordance with generally accepted accounting principles and standards."}],"coordinates":[],"confidence":{"state":"","who":["ml:nalaf"],"prob":0.9299983564901617},"fields":{},"normalizations":{}},{"classId":"e_3","part":"s3v1","offsets":[{"start":2410,"text":"Beneficiary Qualification:\n\nThe Subrecipient agrees to guarantee that at least fifty-one percent (51%) of the beneficiaries of the program identified in Exhibit \"A,\" Scope of Work and Budget, are low and moderate income persons or households. Under the CDBG regulations, the following clienteles are presumed to be low and moderate income persons and can qualify for service regardless of income: abused children, elderly persons, battered spouses, homeless persons, disabled persons, illiterate persons, and migrant farm workers. Beneficiaries qualifying on the basis of income shall have an annual income equal to or less than the current applicable Income Limits schedule published by HUD for the San Diego MSA, which defines the maximum income for low and moderate income households. The Subrecipient is responsible for obtaining the current applicable HUD Income Limits schedule for each year of the Agreement term identified in Paragraph 6, Time of Performance. The Subrecipient shall retain these forms for three (3) years after conclusion of the Agreement."}],"coordinates":[{"x":"92.64","y":"395.55"},{"x":"217.83","y":"533.76"}],"confidence":{"state":"pre-added","who":["user:SDTEF"],"prob":1},"fields":{},"normalizations":{}},{"classId":"e_5","part":"s4v1","offsets":[{"start":586,"text":"B."}],"coordinates":[],"confidence":{"state":"pre-removed","who":["ml:nalaf","ml:regex"],"prob":0.5},"fields":{},"normalizations":{}},{"classId":"e_5","part":"s4v1","offsets":[{"start":2138,"text":"The"}],"coordinates":[],"confidence":{"state":"pre-removed","who":["ml:nalaf","ml:regex"],"prob":0.5},"fields":{},"normalizations":{}},{"classId":"e_5","part":"s5v1","offsets":[{"start":873,"text":"B."}],"coordinates":[],"confidence":{"state":"pre-removed","who":["ml:nalaf","ml:regex"],"prob":0.5},"fields":{},"normalizations":{}},{"classId":"e_5","part":"s5v1","offsets":[{"start":2450,"text":"B."}],"coordinates":[],"confidence":{"state":"pre-removed","who":["ml:nalaf","ml:regex"],"prob":0.5},"fields":{},"normalizations":{}},{"classId":"e_5","part":"s6v1","offsets":[{"start":2365,"text":"The"}],"coordinates":[],"confidence":{"state":"pre-removed","who":["ml:nalaf","ml:regex"],"prob":0.5},"fields":{},"normalizations":{}},{"classId":"e_5","part":"s6v1","offsets":[{"start":2993,"text":"The"}],"coordinates":[],"confidence":{"state":"pre-removed","who":["ml:nalaf","ml:regex"],"prob":0.5},"fields":{},"normalizations":{}},{"classId":"e_5","part":"s6v1","offsets":[{"start":3449,"text":"The"}],"coordinates":[],"confidence":{"state":"pre-removed","who":["ml:nalaf","ml:regex"],"prob":0.5},"fields":{},"normalizations":{}},{"classId":"e_5","part":"s6v1","offsets":[{"start":4359,"text":"federal minority and women business assistance office or other organizations that provide assistance to in the recruitment and placement of minorities and women."}],"coordinates":[],"confidence":{"state":"","who":["ml:nalaf"],"prob":0.6954579829909714},"fields":{},"normalizations":{}},{"classId":"e_3","part":"s6v1","offsets":[{"start":4479,"text":"n"}],"coordinates":[{"x":"359.68","y":"737.00"},{"x":"365.02","y":"742.55"}],"confidence":{"state":"pre-added","who":["user:SDTEF"],"prob":1},"fields":{},"normalizations":{}},{"classId":"e_3","part":"s7v1","offsets":[{"start":1902,"text":"i"}],"coordinates":[{"x":"434.64","y":"426.26"},{"x":"436.75","y":"431.75"}],"confidence":{"state":"pre-added","who":["user:SDTEF"],"prob":1},"fields":{},"normalizations":{}},{"classId":"e_3","part":"s7v1","offsets":[{"start":3455,"text":"v"}],"coordinates":[{"x":"286.50","y":"674.67"},{"x":"291.25","y":"680.16"}],"confidence":{"state":"pre-added","who":["user:SDTEF"],"prob":1},"fields":{},"normalizations":{}},{"classId":"e_5","part":"s8v1","offsets":[{"start":1218,"text":"The"}],"coordinates":[],"confidence":{"state":"pre-removed","who":["ml:nalaf","ml:regex"],"prob":0.5},"fields":{},"normalizations":{}},{"classId":"e_5","part":"s9v1","offsets":[{"start":2549,"text":"The Subrecipient shall keep the property free from any"}],"coordinates":[],"confidence":{"state":"","who":["ml:nalaf"],"prob":0.8654430965515425},"fields":{},"normalizations":{}},{"classId":"e_5","part":"s9v1","offsets":[{"start":2726,"text":"The"}],"coordinates":[],"confidence":{"state":"pre-removed","who":["ml:nalaf","ml:regex"],"prob":0.5},"fields":{},"normalizations":{}},{"classId":"e_5","part":"s9v1","offsets":[{"start":2942,"text":"The"}],"coordinates":[],"confidence":{"state":"pre-removed","who":["ml:nalaf","ml:regex"],"prob":0.5},"fields":{},"normalizations":{}},{"classId":"e_7","part":"s9v1","offsets":[{"start":3034,"text":"City of El Cajon"}],"coordinates":[],"confidence":{"state":"pre-added","who":["ml:regex"],"prob":0.5},"fields":{},"normalizations":{}},{"classId":"e_1","part":"s9v1","offsets":[{"start":3109,"text":"Home Start, Inc. Attn: Laura Tancredi-Baese, Chief Executive Officer 5006 Texas St., Suite #203 San Diego, CA 92108"}],"coordinates":[{"x":"311.29","y":"616.47"},{"x":"409.04","y":"668.16"}],"confidence":{"state":"pre-added","who":["user:SDTEF"],"prob":1},"fields":{},"normalizations":{}},{"classId":"e_7","part":"s10v1","offsets":[{"start":908,"text":"CITY OF EL CAJON"}],"coordinates":[],"confidence":{"state":"pre-added","who":["ml:regex"],"prob":0.5},"fields":{},"normalizations":{}},{"classId":"e_3","part":"s10v1","offsets":[{"start":1031,"text":"I"}],"coordinates":[],"confidence":{"state":"pre-added","who":["ml:regex"],"prob":0.5},"fields":{},"normalizations":{}},{"classId":"e_4","part":"s11v1","offsets":[{"start":48,"text":"Motel Voucher Program"}],"coordinates":[{"x":"167.04","y":"97.67"},{"x":"277.96","y":"103.44"}],"confidence":{"state":"pre-added","who":["user:SDTEF"],"prob":1},"fields":{},"normalizations":{}},{"classId":"e_1","part":"s11v1","offsets":[{"start":87,"text":"Laura Tancredi-Baese, Chief Executive Officer (619-933-9851)"}],"coordinates":[{"x":"167.04","y":"115.59"},{"x":"441.49","y":"121.20"}],"confidence":{"state":"pre-added","who":["user:SDTEF"],"prob":1},"fields":{},"normalizations":{}},{"classId":"e_4","part":"s11v1","offsets":[{"start":149,"text":"Statement of Work"}],"coordinates":[],"confidence":{"state":"","who":["ml:nalaf"],"prob":0.927198478075964},"fields":{},"normalizations":{}},{"classId":"e_7","part":"s11v1","offsets":[{"start":203,"text":"Community Development Block Grant funds"}],"coordinates":[{"x":"320.40","y":"133.11"},{"x":"511.41","y":"138.72"}],"confidence":{"state":"pre-added","who":["user:SDTEF"],"prob":1},"fields":{},"normalizations":{}},{"classId":"e_4","part":"s11v1","offsets":[{"start":306,"text":"Motel Voucher Program"}],"coordinates":[],"confidence":{"state":"pre-added","who":["ml:regex"],"prob":0.5},"fields":{},"normalizations":{}},{"classId":"e_7","part":"s11v1","offsets":[{"start":351,"text":"City of El Cajon."}],"coordinates":[{"x":"513.12","y":"144.63"},{"x":"87.08","y":"161.76"}],"confidence":{"state":"pre-added","who":["user:SDTEF"],"prob":1},"fields":{},"normalizations":{}},{"classId":"e_4","part":"s11v1","offsets":[{"start":370,"text":"Section 1 - Work Description:\n\n(To be completed by Subrecipient-must describe work activities approved by City Council)"}],"coordinates":[{"x":"58.81","y":"173.66"},{"x":"492.40","y":"196.56"}],"confidence":{"state":"pre-added","who":["user:SDTEF"],"prob":1},"fields":{},"normalizations":{}},{"classId":"e_5","part":"s11v1","offsets":[{"start":756,"text":"Periodic Performance Reports are due by the 10th of the month following the reporting period."}],"coordinates":[],"confidence":{"state":"","who":["ml:nalaf"],"prob":0.7699707132424141},"fields":{},"normalizations":{}},{"classId":"e_5","part":"s11v1","offsets":[{"start":999,"text":"Race"}],"coordinates":[],"confidence":{"state":"pre-removed","who":["ml:nalaf","ml:regex"],"prob":0.5},"fields":{},"normalizations":{}},{"classId":"e_5","part":"s11v1","offsets":[{"start":1164,"text":"defined by the Social Security Administrative Guidelines)\n\nE"}],"coordinates":[],"confidence":{"state":"pre-removed","who":["ml:nalaf","ml:regex"],"prob":0.5},"fields":{},"normalizations":{}},{"classId":"e_5","part":"s11v1","offsets":[{"start":1362,"text":"client is an El Cajon resident."}],"coordinates":[],"confidence":{"state":"pre-removed","who":["ml:nalaf","ml:regex"],"prob":0.5},"fields":{},"normalizations":{}},{"classId":"e_5","part":"s11v1","offsets":[{"start":1602,"text":"Number"}],"coordinates":[],"confidence":{"state":"pre-removed","who":["ml:nalaf","ml:regex"],"prob":0.5},"fields":{},"normalizations":{}},{"classId":"e_5","part":"s11v1","offsets":[{"start":1657,"text":"Progress made toward goals as evidenced in Exhibit \"A\", or an explanation of lack thereof."}],"coordinates":[],"confidence":{"state":"pre-removed","who":["ml:nalaf","ml:regex"],"prob":0.5},"fields":{},"normalizations":{}},{"classId":"e_5","part":"s11v1","offsets":[{"start":1749,"text":"D. Any other accomplishments or problems/concerns the Agency wishes to report."}],"coordinates":[],"confidence":{"state":"pre-removed","who":["ml:nalaf","ml:regex"],"prob":0.5},"fields":{},"normalizations":{}},{"classId":"e_6","part":"s11v1","offsets":[{"start":1829,"text":"Section 3 - Key Program Goals and Timeline services in the City of El Cajon during the period of May 13, 2020 to June 30, 2021."}],"coordinates":[{"x":"56.65","y":"558.38"},{"x":"422.19","y":"620.15"}],"confidence":{"state":"pre-added","who":["user:SDTEF"],"prob":1},"fields":{},"normalizations":{}},{"classId":"e_7","part":"s11v1","offsets":[{"start":1888,"text":"City of El Cajon"}],"coordinates":[{"x":"122.88","y":"614.54"},{"x":"190.93","y":"620.15"}],"confidence":{"state":"pre-added","who":["user:SDTEF"],"prob":1},"fields":{},"normalizations":{}},{"classId":"e_8","part":"s11v1","offsets":[{"start":1905,"text":"during the period of May 13, 2020 to June 30, 2021"}],"coordinates":[{"x":"194.40","y":"614.54"},{"x":"419.49","y":"620.15"}],"confidence":{"state":"pre-added","who":["user:SDTEF"],"prob":1},"fields":{},"normalizations":{}},{"classId":"e_2","part":"s11v1","offsets":[{"start":1958,"text":"Section 4 - Budget individuals with\n\nThe City agrees to pay Subrecipient a total sum of Forty Five Thousand Dollars and no/100s dollars ($45,000) to assist in the provision of the above mentioned services."}],"coordinates":[],"confidence":{"state":"pre-added","who":["ml:nalaf","user:SDTEF"],"prob":1},"fields":{},"normalizations":{}},{"classId":"e_2","part":"s11v1","offsets":[{"start":2164,"text":"It is further agreed that no funding shall be disbursed unless the Subrecipient is in full compliance with the provisions of this Agreement."}],"coordinates":[],"confidence":{"state":"pre-added","who":["ml:nalaf","user:SDTEF"],"prob":1},"fields":{},"normalizations":{}},{"classId":"e_2","part":"s11v1","offsets":[{"start":2305,"text":"The City shall make payment of these funds on a reimbursement basis contingent upon a written request and submittal of receipts or appropriate proof of payment from the Subrecipient."}],"coordinates":[],"confidence":{"state":"pre-added","who":["ml:nalaf","user:SDTEF"],"prob":1},"fields":{},"normalizations":{}},{"classId":"e_2","part":"s11v1","offsets":[{"start":2305,"text":"The City shall make payment of these funds on a reimbursement basis contingent upon a written request and submittal of receipts or appropriate proof of payment from the Subrecipient."}],"coordinates":[],"confidence":{"state":"pre-added","who":["ml:nalaf","user:SDTEF"],"prob":1},"fields":{},"normalizations":{}},{"classId":"e_2","part":"s11v1","offsets":[{"start":2561,"text":"Payments may be made on a monthly or quarterly basis, at the Subrecipient's option."}],"coordinates":[],"confidence":{"state":"pre-added","who":["ml:nalaf","user:SDTEF"],"prob":1},"fields":{},"normalizations":{}},{"classId":"e_3","part":"s12v1","offsets":[{"start":286,"text":"I"}],"coordinates":[],"confidence":{"state":"pre-added","who":["ml:regex"],"prob":0.5},"fields":{},"normalizations":{}},{"classId":"e_7","part":"s13v1","offsets":[{"start":241,"text":"City of El Cajon"}],"coordinates":[],"confidence":{"state":"pre-added","who":["ml:regex"],"prob":0.5},"fields":{},"normalizations":{}},{"classId":"e_3","part":"s13v1","offsets":[{"start":671,"text":"I"}],"coordinates":[],"confidence":{"state":"pre-added","who":["ml:regex"],"prob":0.5},"fields":{},"normalizations":{}},{"classId":"e_3","part":"s13v1","offsets":[{"start":1477,"text":"I"}],"coordinates":[],"confidence":{"state":"pre-added","who":["ml:regex"],"prob":0.5},"fields":{},"normalizations":{}},{"classId":"e_7","part":"s14v1","offsets":[{"start":0,"text":"CITY OF EL CAJON"}],"coordinates":[],"confidence":{"state":"pre-added","who":["ml:regex"],"prob":0.5},"fields":{},"normalizations":{}},{"classId":"e_5","part":"s14v1","offsets":[{"start":2061,"text":"4) A narrative report must accompany this form."}],"coordinates":[],"confidence":{"state":"","who":["ml:nalaf"],"prob":0.8016353888939793},"fields":{},"normalizations":{}},{"classId":"e_5","part":"s14v1","offsets":[{"start":2520,"text":"Rev."}],"coordinates":[],"confidence":{"state":"","who":["ml:nalaf"],"prob":0.690967129831091},"fields":{},"normalizations":{}},{"classId":"e_7","part":"s15v1","offsets":[{"start":331,"text":"City of El Cajon"}],"coordinates":[],"confidence":{"state":"pre-added","who":["ml:regex"],"prob":0.5},"fields":{},"normalizations":{}},{"classId":"e_2","part":"s15v1","offsets":[{"start":570,"text":"O"}],"coordinates":[],"confidence":{"state":"pre-added","who":["ml:regex"],"prob":0.5},"fields":{},"normalizations":{}},{"classId":"e_7","part":"s16v1","offsets":[{"start":31,"text":"CITY OF EL CAJON"}],"coordinates":[],"confidence":{"state":"pre-added","who":["ml:regex"],"prob":0.5},"fields":{},"normalizations":{}},{"classId":"e_7","part":"s16v1","offsets":[{"start":538,"text":"City of El Cajon"}],"coordinates":[],"confidence":{"state":"pre-added","who":["ml:regex"],"prob":0.5},"fields":{},"normalizations":{}},{"classId":"e_7","part":"s16v1","offsets":[{"start":964,"text":"City of El Cajon"}],"coordinates":[],"confidence":{"state":"pre-added","who":["ml:regex"],"prob":0.5},"fields":{},"normalizations":{}},{"classId":"e_3","part":"s16v1","offsets":[{"start":2282,"text":"i"}],"coordinates":[],"confidence":{"state":"pre-added","who":["ml:regex"],"prob":0.5},"fields":{},"normalizations":{}},{"classId":"e_7","part":"s17v1","offsets":[{"start":22,"text":"CITY OF EL CAJON"}],"coordinates":[],"confidence":{"state":"pre-added","who":["ml:regex"],"prob":0.5},"fields":{},"normalizations":{}},{"classId":"e_4","part":"s17v1","offsets":[{"start":461,"text":"2."}],"coordinates":[],"confidence":{"state":"","who":["ml:nalaf"],"prob":0.5302103582852167},"fields":{},"normalizations":{}},{"classId":"e_5","part":"s17v1","offsets":[{"start":810,"text":"Commercial General Liability (CGL): Insurance Services Office Form CG 00 01 covering CGL on an \"occurrence\" basis, including products and completed operations, property damage, bodily injury and personal & advertising injury with limits no less than"}],"coordinates":[],"confidence":{"state":"pre-removed","who":["ml:nalaf","ml:regex"],"prob":0.5},"fields":{},"normalizations":{}},{"classId":"e_5","part":"s17v1","offsets":[{"start":1087,"text":"If a general aggregate limit applies, either the general aggregate limit shall apply separately to this project/location or the general aggregate limit shall be twice the required occurrence limit."}],"coordinates":[],"confidence":{"state":"pre-removed","who":["ml:nalaf","ml:regex"],"prob":0.5},"fields":{},"normalizations":{}},{"classId":"e_4","part":"s17v1","offsets":[{"start":1286,"text":"3."}],"coordinates":[],"confidence":{"state":"","who":["ml:nalaf"],"prob":0.4673191509512086},"fields":{},"normalizations":{}},{"classId":"e_4","part":"s17v1","offsets":[{"start":2165,"text":"5."}],"coordinates":[],"confidence":{"state":"","who":["ml:nalaf"],"prob":0.5777466936161993},"fields":{},"normalizations":{}},{"classId":"e_7","part":"s18v1","offsets":[{"start":32,"text":"CITY OF EL CAJON"}],"coordinates":[],"confidence":{"state":"pre-added","who":["ml:regex"],"prob":0.5},"fields":{},"normalizations":{}},{"classId":"e_7","part":"s19v1","offsets":[{"start":22,"text":"CITY OF EL CAJON"}],"coordinates":[],"confidence":{"state":"pre-added","who":["ml:regex"],"prob":0.5},"fields":{},"normalizations":{}},{"classId":"e_4","part":"s19v1","offsets":[{"start":646,"text":"2."}],"coordinates":[],"confidence":{"state":"","who":["ml:nalaf"],"prob":0.5302103582852167},"fields":{},"normalizations":{}},{"classId":"e_4","part":"s19v1","offsets":[{"start":1659,"text":"3."}],"coordinates":[],"confidence":{"state":"","who":["ml:nalaf"],"prob":0.4673191509512086},"fields":{},"normalizations":{}},{"classId":"e_7","part":"s20v1","offsets":[{"start":10,"text":"CITY OF EL CAJON"}],"coordinates":[],"confidence":{"state":"pre-added","who":["ml:regex"],"prob":0.5},"fields":{},"normalizations":{}},{"classId":"e_7","part":"s20v1","offsets":[{"start":302,"text":"City of El Cajon"}],"coordinates":[],"confidence":{"state":"pre-added","who":["ml:regex"],"prob":0.5},"fields":{},"normalizations":{}},{"classId":"e_7","part":"s20v1","offsets":[{"start":929,"text":"City of El Cajon"}],"coordinates":[],"confidence":{"state":"pre-added","who":["ml:regex"],"prob":0.5},"fields":{},"normalizations":{}},{"classId":"e_7","part":"s21v1","offsets":[{"start":22,"text":"CITY OF EL CAJON"}],"coordinates":[],"confidence":{"state":"pre-added","who":["ml:regex"],"prob":0.5},"fields":{},"normalizations":{}},{"classId":"e_2","part":"s21v1","offsets":[{"start":545,"text":"o"}],"coordinates":[{"x":"206.82","y":"298.91"},{"x":"212.94","y":"305.27"}],"confidence":{"state":"pre-added","who":["user:SDTEF"],"prob":1},"fields":{},"normalizations":{}},{"classId":"e_4","part":"s21v1","offsets":[{"start":1097,"text":"5."}],"coordinates":[],"confidence":{"state":"","who":["ml:nalaf"],"prob":0.5777466936161993},"fields":{},"normalizations":{}},{"classId":"e_5","part":"s22v1","offsets":[{"start":0,"text":"SUBJECT:\n\nREFERENCE:\n\nCITY OF EL CAJON CITY COUNCIL POLICY\n\nInsurance Requirements\n\nAdopted 7/26/94 Amended 11/29/05 Amended 04/14/15\n\nEXHIBITD\n\nPOLICY\n\nD-3\n\nEFFECTIVE PAGE\n\n04/14/15"}],"coordinates":[],"confidence":{"state":"pre-removed","who":["ml:nalaf","ml:regex"],"prob":0.5},"fields":{},"normalizations":{}},{"classId":"e_7","part":"s23v1","offsets":[{"start":22,"text":"CITY OF EL CAJON"}],"coordinates":[],"confidence":{"state":"pre-added","who":["ml:regex"],"prob":0.5},"fields":{},"normalizations":{}},{"classId":"e_4","part":"s24v1","offsets":[{"start":782,"text":"2."}],"coordinates":[],"confidence":{"state":"","who":["ml:nalaf"],"prob":0.5302103582852167},"fields":{},"normalizations":{}},{"classId":"e_5","part":"s24v1","offsets":[{"start":865,"text":"a."}],"coordinates":[],"confidence":{"state":"pre-removed","who":["ml:nalaf","ml:regex"],"prob":0.5},"fields":{},"normalizations":{}},{"classId":"e_4","part":"s24v1","offsets":[{"start":1353,"text":"3."}],"coordinates":[],"confidence":{"state":"","who":["ml:nalaf"],"prob":0.4673191509512086},"fields":{},"normalizations":{}},{"classId":"e_1","part":"s24v1","offsets":[{"start":1531,"text":"Home Start, Inc."}],"coordinates":[{"x":"92.64","y":"405.28"},{"x":"167.64","y":"410.87"}],"confidence":{"state":"pre-added","who":["user:SDTEF"],"prob":1},"fields":{},"normalizations":{}},{"classId":"e_3","part":"s25v1","offsets":[{"start":496,"text":"N"}],"coordinates":[],"confidence":{"state":"pre-added","who":["ml:regex"],"prob":0.5},"fields":{},"normalizations":{}},{"classId":"e_5","part":"s25v1","offsets":[{"start":660,"text":"more in\n\nFederal funds during the prior fiscal year (FY 2018-19)/calendar year (2018)."}],"coordinates":[],"confidence":{"state":"pre-removed","who":["ml:nalaf","ml:regex"],"prob":0.5},"fields":{},"normalizations":{}},{"classId":"e_3","part":"s25v1","offsets":[{"start":765,"text":"I"}],"coordinates":[],"confidence":{"state":"pre-added","who":["ml:regex"],"prob":0.5},"fields":{},"normalizations":{}},{"classId":"e_3","part":"s26v1","offsets":[{"start":408,"text":"I"}],"coordinates":[],"confidence":{"state":"pre-added","who":["ml:regex"],"prob":0.5},"fields":{},"normalizations":{}},{"classId":"e_1","part":"s26v1","offsets":[{"start":508,"text":"Home Start, Inc."}],"coordinates":[],"confidence":{"state":"pre-added","who":["ml:regex"],"prob":0.5},"fields":{},"normalizations":{}}],"relations":[]}