{"annotatable":{"parts":["s1v1","s2v1","s3v1","s4v1","s5v1","s6v1","s7v1"]},"anncomplete":true,"sources":[{"name":"ORIG","id":"CONTRACT_539655_Amendmen_09262017.pdf","url":""}],"metas":{"m_23":{"value":"county and CBDG funds","confidence":{"state":"pre-added","who":["user:SDTEF"],"prob":1}},"m_24":{"value":"$25,000/year; $1,310,629","confidence":{"state":"pre-added","who":["user:SDTEF"],"prob":1}},"m_20":{"value":"individuals and families","confidence":{"state":"pre-added","who":["user:SDTEF"],"prob":1}},"m_22":{"value":"transitional and perm housing, employment, case management, support","confidence":{"state":"pre-added","who":["user:SDTEF"],"prob":1}},"m_21":{"value":"Federal Poverty Level income","confidence":{"state":"pre-added","who":["user:SDTEF"],"prob":1}}},"entities":[{"classId":"e_7","part":"s1v1","offsets":[{"start":0,"text":"COUNTYOF SAN DIEGO -DEPARTJllENT OF PURCHASING AND CONTRACTING CONTRACT NO."}],"coordinates":[],"confidence":{"state":"pre-added","who":["ml:nalaf","user:SDTEF"],"prob":1},"fields":{},"normalizations":{}},{"classId":"e_19","part":"s1v1","offsets":[{"start":0,"text":"COUNTYOF SAN DIEGO"}],"coordinates":[{"x":"129.14","y":"100.22"},{"x":"235.93","y":"105.47"}],"confidence":{"state":"pre-added","who":["user:SDTEF"],"prob":1},"fields":{},"normalizations":{}},{"classId":"e_19","part":"s1v1","offsets":[{"start":0,"text":"COUNTYOF SAN DIEGO -DEPARTJllENT OF PURCHASING AND CONTRACTING CONTRACT NO. 539655 AMENDMENT N0.14"}],"coordinates":[{"x":"129.14","y":"100.22"},{"x":"405.41","y":"116.27"}],"confidence":{"state":"pre-added","who":["user:SDTEF"],"prob":1},"fields":{},"normalizations":{}},{"classId":"e_7","part":"s1v1","offsets":[{"start":0,"text":"COUNTYOF SAN DIEGO"}],"coordinates":[{"x":"129.14","y":"100.22"},{"x":"235.93","y":"105.47"}],"confidence":{"state":"pre-added","who":["user:SDTEF"],"prob":1},"fields":{},"normalizations":{}},{"classId":"e_1","part":"s1v1","offsets":[{"start":103,"text":"Interfaith Shelter Nehvork"}],"coordinates":[{"x":"103.62","y":"137.76"},{"x":"193.00","y":"142.56"}],"confidence":{"state":"pre-added","who":["user:SDTEF"],"prob":1},"fields":{},"normalizations":{}},{"classId":"e_4","part":"s1v1","offsets":[{"start":128,"text":"k"}],"coordinates":[{"x":"188.70","y":"137.76"},{"x":"193.00","y":"142.56"}],"confidence":{"state":"pre-added","who":["user:SDTEF"],"prob":1},"fields":{},"normalizations":{}},{"classId":"e_4","part":"s1v1","offsets":[{"start":392,"text":"Alternative Dispute Resolution Services"}],"coordinates":[{"x":"220.30","y":"169.68"},{"x":"352.98","y":"174.59"}],"confidence":{"state":"pre-added","who":["user:SDTEF"],"prob":1},"fields":{},"normalizations":{}},{"classId":"e_4","part":"s1v1","offsets":[{"start":501,"text":"Contract Ternts and 'Vork: I. I Exhibit A-I."}],"coordinates":[],"confidence":{"state":"pre-added","who":["ml:nalaf","user:SDTEF"],"prob":1},"fields":{},"normalizations":{}},{"classId":"e_4","part":"s1v1","offsets":[{"start":546,"text":"Statement of \\Vork, is modified as follo\\\\•s: l.l.J Pnragrnph 3.1 corrected 111e 1n11uber of bed uights from Ll1\\vo thousand Sixty Nine (2069) to \"Two Thousand SixtyEight (2068)\"."}],"coordinates":[],"confidence":{"state":"","who":["ml:nalaf"],"prob":0.8464079443316276},"fields":{},"normalizations":{}},{"classId":"e_6","part":"s1v1","offsets":[{"start":546,"text":"Statement of \\Vork, is modified as follo\\\\•s: l.l.J Pnragrnph 3.1 corrected 111e 1n11uber of bed uights from Ll1\\vo thousand Sixty Nine (2069) to \"Two Thousand SixtyEight (2068)\"."}],"coordinates":[],"confidence":{"state":"","who":["ml:nalaf"],"prob":0.9718287550612774},"fields":{},"normalizations":{}},{"classId":"e_4","part":"s1v1","offsets":[{"start":733,"text":"Paragraph 3.2, regarding the 11un1ber of unduplicated homeless persons o·btaining transitional or permnncnt housing is modified from \"Forty (40}\" to •·Thirty (30)\""}],"coordinates":[{"x":"173.48","y":"241.19"},{"x":"391.47","y":"255.59"}],"confidence":{"state":"pre-added","who":["user:SDTEF"],"prob":1},"fields":{},"normalizations":{}},{"classId":"e_4","part":"s1v1","offsets":[{"start":898,"text":"1.1.3 Paragraph 3.3, regarding the nu1nber cf lodging guests to obtain en1ploymentlot11er source of incon1e is modified from \"Thirty (30)\" to \"Ten (10)\"."}],"coordinates":[],"confidence":{"state":"","who":["ml:nalaf"],"prob":0.9798142549373138},"fields":{},"normalizations":{}},{"classId":"e_6","part":"s1v1","offsets":[{"start":898,"text":"1.1.3 Paragraph 3.3, regarding the nu1nber cf lodging guests to obtain en1ploymentlot11er source of incon1e is modified from \"Thirty (30)\" to \"Ten (10)\"."}],"coordinates":[],"confidence":{"state":"","who":["ml:nalaf"],"prob":0.9696122264884164},"fields":{},"normalizations":{}},{"classId":"e_4","part":"s1v1","offsets":[{"start":1052,"text":"1.1.4 Paragraph3.4 is added regarding the ntnnber of entployment develop1nenl 011d budget \\\\'Orkshops to he conducted each fiscal year 2017-2018 through 2020-202 l. 1.2 E"}],"coordinates":[],"confidence":{"state":"","who":["ml:nalaf"],"prob":0.8023863943531515},"fields":{},"normalizations":{}},{"classId":"e_6","part":"s1v1","offsets":[{"start":1052,"text":"1.1.4 Paragraph3.4 is added regarding the ntnnber of entployment develop1nenl 011d budget \\\\'Orkshops to he conducted each fiscal year 2017-2018 through 2020-202 l. 1.2 E.l.h.ibit C-1, Payuienl Scbednle, is revised to reflect the ne\\v perf01111aoce deliverable aod the cedislributioo of funding tOr the period of July I, 2017 through Jt1nc 30, 2018 nnd the subsequent option years through FY 2020- 2021."}],"coordinates":[],"confidence":{"state":"","who":["ml:nalaf"],"prob":0.9843018320990545},"fields":{},"normalizations":{}},{"classId":"e_8","part":"s1v1","offsets":[{"start":1175,"text":"fiscal year 2017-2018 through 2020-202"}],"coordinates":[],"confidence":{"state":"","who":["ml:nalaf"],"prob":0.8008419077540814},"fields":{},"normalizations":{}},{"classId":"e_8","part":"s1v1","offsets":[{"start":1365,"text":"July I, 2017 through Jt1nc 30, 2018 nnd the subsequent option years through FY 2020- 2021."}],"coordinates":[],"confidence":{"state":"","who":["ml:nalaf"],"prob":0.927694181216522},"fields":{},"normalizations":{}},{"classId":"e_4","part":"s1v1","offsets":[{"start":1456,"text":"2."}],"coordinates":[],"confidence":{"state":"","who":["ml:nalaf"],"prob":0.7074361195221577},"fields":{},"normalizations":{}},{"classId":"e_6","part":"s1v1","offsets":[{"start":1456,"text":"2."}],"coordinates":[],"confidence":{"state":"","who":["ml:nalaf"],"prob":0.8302073856479188},"fields":{},"normalizations":{}},{"classId":"e_2","part":"s1v1","offsets":[{"start":1459,"text":"Compensation: TI1e con1pensationdue to Contractor under the Contract remains unchanged."}],"coordinates":[],"confidence":{"state":"","who":["ml:nalaf"],"prob":0.594631237790451},"fields":{},"normalizations":{}},{"classId":"e_5","part":"s1v1","offsets":[{"start":1459,"text":"Compensation"}],"coordinates":[],"confidence":{"state":"","who":["ml:nalaf"],"prob":0.765586073075569},"fields":{},"normalizations":{}},{"classId":"e_2","part":"s1v1","offsets":[{"start":1547,"text":"Contract Totnl Price is £1.310,629."}],"coordinates":[],"confidence":{"state":"","who":["ml:nalaf"],"prob":0.8630908303385755},"fields":{},"normalizations":{}},{"classId":"e_5","part":"s1v1","offsets":[{"start":1547,"text":"Contract"}],"coordinates":[],"confidence":{"state":"pre-removed","who":["ml:nalaf","ml:regex"],"prob":0.5},"fields":{},"normalizations":{}},{"classId":"e_6","part":"s1v1","offsets":[{"start":1547,"text":"Contract Totnl Price is £1.310,629."}],"coordinates":[],"confidence":{"state":"","who":["ml:nalaf"],"prob":0.8163499179525939},"fields":{},"normalizations":{}},{"classId":"e_4","part":"s1v1","offsets":[{"start":1583,"text":"3."}],"coordinates":[],"confidence":{"state":"","who":["ml:nalaf"],"prob":0.755440922352103},"fields":{},"normalizations":{}},{"classId":"e_6","part":"s1v1","offsets":[{"start":1583,"text":"3."}],"coordinates":[],"confidence":{"state":"","who":["ml:nalaf"],"prob":0.792464816026335},"fields":{},"normalizations":{}},{"classId":"e_8","part":"s1v1","offsets":[{"start":1586,"text":"Term ofAgrccn1cnt:"}],"coordinates":[{"x":"119.81","y":"374.38"},{"x":"191.60","y":"379.07"}],"confidence":{"state":"pre-added","who":["user:SDTEF"],"prob":1},"fields":{},"normalizations":{}},{"classId":"e_8","part":"s1v1","offsets":[{"start":1609,"text":"Contract term reiuaill.s unchanged from 7/111998-6/30/2021."}],"coordinates":[],"confidence":{"state":"","who":["ml:nalaf"],"prob":0.8797753921523643},"fields":{},"normalizations":{}},{"classId":"e_4","part":"s1v1","offsets":[{"start":1758,"text":"2."}],"coordinates":[],"confidence":{"state":"","who":["ml:nalaf"],"prob":0.7074361195221577},"fields":{},"normalizations":{}},{"classId":"e_6","part":"s1v1","offsets":[{"start":1758,"text":"2."}],"coordinates":[],"confidence":{"state":"","who":["ml:nalaf"],"prob":0.8302073856479188},"fields":{},"normalizations":{}},{"classId":"e_6","part":"s1v1","offsets":[{"start":1915,"text":"CONTRACTlf-539655\n\nAi\\.IENDMENT# 14"}],"coordinates":[],"confidence":{"state":"","who":["ml:nalaf"],"prob":0.8880116258055166},"fields":{},"normalizations":{}},{"classId":"e_7","part":"s2v1","offsets":[{"start":29,"text":"COUNTY OF SAN DIEGO"}],"coordinates":[],"confidence":{"state":"","who":["ml:nalaf"],"prob":0.9414608068190691},"fields":{},"normalizations":{}},{"classId":"e_1","part":"s2v1","offsets":[{"start":98,"text":"INTERFAITH SHELTER NETWORK"}],"coordinates":[],"confidence":{"state":"","who":["ml:nalaf"],"prob":0.9268868251988599},"fields":{},"normalizations":{}},{"classId":"e_6","part":"s2v1","offsets":[{"start":190,"text":"PERFORMANCE WORK STATEMENT\n\n1."}],"coordinates":[],"confidence":{"state":"","who":["ml:nalaf"],"prob":0.7939765800196402},"fields":{},"normalizations":{}},{"classId":"e_4","part":"s2v1","offsets":[{"start":221,"text":"SCOPE OF WORK\n\nContractor shall assist homeless individuals and families in securing permanent housing and income, by providing case management and support services from neighborhood agencies, and shelter, food, showers, hygiene items and moral support at religious congregation facilities"}],"coordinates":[],"confidence":{"state":"","who":["ml:nalaf"],"prob":0.9597342178546164},"fields":{},"normalizations":{}},{"classId":"e_3","part":"s2v1","offsets":[{"start":260,"text":"homeless individuals and families"}],"coordinates":[],"confidence":{"state":"","who":["ml:nalaf"],"prob":0.5997372949999438},"fields":{},"normalizations":{}},{"classId":"e_3","part":"s2v1","offsets":[{"start":548,"text":"families"}],"coordinates":[],"confidence":{"state":"","who":["ml:nalaf"],"prob":0.7533659358825262},"fields":{},"normalizations":{}},{"classId":"e_5","part":"s2v1","offsets":[{"start":1055,"text":"The"}],"coordinates":[],"confidence":{"state":"","who":["ml:nalaf"],"prob":0.9894562924440616},"fields":{},"normalizations":{}},{"classId":"e_4","part":"s2v1","offsets":[{"start":1059,"text":"Rotational Shelter Program"}],"coordinates":[],"confidence":{"state":"","who":["ml:nalaf"],"prob":0.9449662961526585},"fields":{},"normalizations":{}},{"classId":"e_5","part":"s2v1","offsets":[{"start":1268,"text":"The"}],"coordinates":[],"confidence":{"state":"","who":["ml:nalaf"],"prob":0.9883259325754639},"fields":{},"normalizations":{}},{"classId":"e_5","part":"s2v1","offsets":[{"start":1439,"text":"In"}],"coordinates":[],"confidence":{"state":"","who":["ml:nalaf"],"prob":0.8277057349342453},"fields":{},"normalizations":{}},{"classId":"e_5","part":"s2v1","offsets":[{"start":1697,"text":"The"}],"coordinates":[],"confidence":{"state":"","who":["ml:nalaf"],"prob":0.9839372979922241},"fields":{},"normalizations":{}},{"classId":"e_7","part":"s2v1","offsets":[{"start":2224,"text":"County of San Diego"}],"coordinates":[],"confidence":{"state":"","who":["ml:nalaf"],"prob":0.9170808318010211},"fields":{},"normalizations":{}},{"classId":"e_7","part":"s2v1","offsets":[{"start":2419,"text":"County of San Diego"}],"coordinates":[],"confidence":{"state":"","who":["ml:nalaf"],"prob":0.936224745536423},"fields":{},"normalizations":{}},{"classId":"e_5","part":"s2v1","offsets":[{"start":2616,"text":"All"}],"coordinates":[],"confidence":{"state":"","who":["ml:nalaf"],"prob":0.9448629405781491},"fields":{},"normalizations":{}},{"classId":"e_3","part":"s2v1","offsets":[{"start":2972,"text":"Thriving focuses on promoting a region in which residents"}],"coordinates":[],"confidence":{"state":"","who":["ml:nalaf"],"prob":0.6794118742619127},"fields":{},"normalizations":{}},{"classId":"e_4","part":"s2v1","offsets":[{"start":3295,"text":"PERFORMANCE DELIVERABLES/ OUTCOMES\n\n3.1 Bed Nights: Contractor shall provide a minimum of Two Thousand Sixty Eight (2,068) nights of I\n\nlodging outside San Diego City limits for each Fiscal Year 2016-2017 through 2020-2021."}],"coordinates":[],"confidence":{"state":"pre-added","who":["ml:nalaf","user:SDTEF"],"prob":1},"fields":{},"normalizations":{}},{"classId":"e_8","part":"s2v1","offsets":[{"start":3478,"text":"Fiscal Year 2016-2017 through 2020-2021."}],"coordinates":[],"confidence":{"state":"","who":["ml:nalaf"],"prob":0.8081214846638403},"fields":{},"normalizations":{}},{"classId":"e_4","part":"s2v1","offsets":[{"start":3520,"text":"3.1.1 Additional Bed Nights: In addition to providing the number of bed nights listed above in Paragraph 3.1, Contractor shall provide, at a minimum, an additional 3200 bed nights Countywide for the period of October 1, 2016 through June 30, 2016."}],"coordinates":[],"confidence":{"state":"","who":["ml:nalaf"],"prob":0.94947616192163},"fields":{},"normalizations":{}},{"classId":"e_6","part":"s2v1","offsets":[{"start":3520,"text":"3.1.1 Additional Bed Nights: In addition to providing the number of bed nights listed above in Paragraph 3.1, Contractor shall provide, at a minimum, an additional 3200 bed nights Countywide for the period of October 1, 2016 through June 30, 2016."}],"coordinates":[],"confidence":{"state":"","who":["ml:nalaf"],"prob":0.9814955189232909},"fields":{},"normalizations":{}},{"classId":"e_8","part":"s2v1","offsets":[{"start":3719,"text":"period of October 1, 2016 through June 30, 2016."}],"coordinates":[],"confidence":{"state":"","who":["ml:nalaf"],"prob":0.8292316311430605},"fields":{},"normalizations":{}},{"classId":"e_6","part":"s2v1","offsets":[{"start":3769,"text":"Exhibit A - Performance Work Statement Interfaith Shelter Network\n\nPage 1 of 5\n\nContract No."}],"coordinates":[],"confidence":{"state":"","who":["ml:nalaf"],"prob":0.9393223429117714},"fields":{},"normalizations":{}},{"classId":"e_1","part":"s2v1","offsets":[{"start":3808,"text":"Interfaith Shelter Network"}],"coordinates":[],"confidence":{"state":"","who":["ml:nalaf"],"prob":0.9787732428606825},"fields":{},"normalizations":{}},{"classId":"e_5","part":"s2v1","offsets":[{"start":3862,"text":"539655 Amendment No."}],"coordinates":[],"confidence":{"state":"pre-removed","who":["ml:nalaf","ml:regex"],"prob":0.5},"fields":{},"normalizations":{}},{"classId":"e_6","part":"s2v1","offsets":[{"start":3862,"text":"539655 Amendment No."}],"coordinates":[],"confidence":{"state":"pre-removed","who":["ml:nalaf","ml:regex"],"prob":0.5},"fields":{},"normalizations":{}},{"classId":"e_5","part":"s2v1","offsets":[{"start":3883,"text":"14"}],"coordinates":[],"confidence":{"state":"","who":["ml:nalaf"],"prob":0.6008143800913829},"fields":{},"normalizations":{}},{"classId":"e_6","part":"s2v1","offsets":[{"start":3883,"text":"14"}],"coordinates":[],"confidence":{"state":"","who":["ml:nalaf"],"prob":0.6693911178206602},"fields":{},"normalizations":{}},{"classId":"e_8","part":"s2v1","offsets":[{"start":3883,"text":"14"}],"coordinates":[],"confidence":{"state":"","who":["ml:nalaf"],"prob":0.4858905198715208},"fields":{},"normalizations":{}},{"classId":"e_7","part":"s3v1","offsets":[{"start":30,"text":"COUNTY OF SAN DIEGO"}],"coordinates":[],"confidence":{"state":"","who":["ml:nalaf"],"prob":0.9411552488535373},"fields":{},"normalizations":{}},{"classId":"e_1","part":"s3v1","offsets":[{"start":99,"text":"INTERFAITH SHELTER NETWORK SAN DIEGO COUNTY FOR TEMPORARY SHELTER NETWORK SERVICES"}],"coordinates":[],"confidence":{"state":"","who":["ml:nalaf"],"prob":0.890385604622104},"fields":{},"normalizations":{}},{"classId":"e_6","part":"s3v1","offsets":[{"start":192,"text":"PERFORMANCE WORK STATEMENT\n\n3.2 Transitional or Permanent Housing: Contractor shall obtain transitional or permanent housing for a minimum of Thirty (30) unduplicated homeless persons countywide for each Fiscal Year 2016- 2017 through 2020-2021."}],"coordinates":[],"confidence":{"state":"","who":["ml:nalaf"],"prob":0.9577702495586005},"fields":{},"normalizations":{}},{"classId":"e_4","part":"s3v1","offsets":[{"start":224,"text":"Transitional or Permanent Housing: Contractor shall obtain transitional or permanent housing for a minimum of Thirty (30) unduplicated homeless persons countywide for each Fiscal Year 2016- 2017 through 2020-2021."}],"coordinates":[],"confidence":{"state":"","who":["ml:nalaf"],"prob":0.9254800146264608},"fields":{},"normalizations":{}},{"classId":"e_8","part":"s3v1","offsets":[{"start":396,"text":"Fiscal Year 2016- 2017 through 2020-2021."}],"coordinates":[],"confidence":{"state":"","who":["ml:nalaf"],"prob":0.8136174379947718},"fields":{},"normalizations":{}},{"classId":"e_4","part":"s3v1","offsets":[{"start":439,"text":"3.3 Jobs/Other Source of Income: For each Fiscal Year 2016-2017 through 2020-2021, a minimum ofTen (10)1odging guests shall obtain employment, other source of income (excluding County General Relief and CalFresh), increased employment hours and/or health benefits through employment on or before the day they exit a countywide service location"}],"coordinates":[],"confidence":{"state":"","who":["ml:nalaf"],"prob":0.959886667777568},"fields":{},"normalizations":{}},{"classId":"e_6","part":"s3v1","offsets":[{"start":439,"text":"3.3 Jobs/Other Source of Income: For each Fiscal Year 2016-2017 through 2020-2021, a minimum ofTen (10)1odging guests shall obtain employment, other source of income (excluding County General Relief and CalFresh), increased employment hours and/or health benefits through employment on or before the day they exit a countywide service location."}],"coordinates":[],"confidence":{"state":"","who":["ml:nalaf"],"prob":0.9822296834852473},"fields":{},"normalizations":{}},{"classId":"e_8","part":"s3v1","offsets":[{"start":481,"text":"Fiscal Year 2016-2017 through 2020-2021"}],"coordinates":[],"confidence":{"state":"","who":["ml:nalaf"],"prob":0.8584620932466431},"fields":{},"normalizations":{}},{"classId":"e_4","part":"s3v1","offsets":[{"start":785,"text":"3.4 Employment Development and Budget Workshops: Contractor shall conduct 10 employment development and budget workshops for each Fiscal Year 2017-2018 through 2020-2021."}],"coordinates":[],"confidence":{"state":"","who":["ml:nalaf"],"prob":0.8294224847059763},"fields":{},"normalizations":{}},{"classId":"e_6","part":"s3v1","offsets":[{"start":785,"text":"3.4 Employment Development and Budget Workshops: Contractor shall conduct 10 employment development and budget workshops for each Fiscal Year 2017-2018 through 2020-2021."}],"coordinates":[],"confidence":{"state":"","who":["ml:nalaf"],"prob":0.9394309801635684},"fields":{},"normalizations":{}},{"classId":"e_8","part":"s3v1","offsets":[{"start":915,"text":"Fiscal Year 2017-2018 through 2020-2021."}],"coordinates":[],"confidence":{"state":"","who":["ml:nalaf"],"prob":0.807893755701382},"fields":{},"normalizations":{}},{"classId":"e_4","part":"s3v1","offsets":[{"start":957,"text":"4."}],"coordinates":[],"confidence":{"state":"","who":["ml:nalaf"],"prob":0.4459805936921485},"fields":{},"normalizations":{}},{"classId":"e_6","part":"s3v1","offsets":[{"start":957,"text":"4."}],"coordinates":[],"confidence":{"state":"","who":["ml:nalaf"],"prob":0.8101882624378258},"fields":{},"normalizations":{}},{"classId":"e_3","part":"s3v1","offsets":[{"start":960,"text":"TARGET POPULATION, GEOGRAPHIC SERVICE AREA, PRIMARY MONTHS OF SERVICE DELIVERY\n\n4.1 Contractor shall provide services to homeless adults and families that meet the Federal Poverty Level income limlts available at: http://aspe.hhs.gov/poverty/14poverty.cfm"}],"coordinates":[],"confidence":{"state":"","who":["ml:nalaf"],"prob":0.9192211426482292},"fields":{},"normalizations":{}},{"classId":"e_6","part":"s3v1","offsets":[{"start":1030,"text":"DELIVERY\n\n4.1 Contractor shall provide services to homeless adults and families that meet the Federal Poverty Level income limlts available at: http://aspe.hhs.gov/poverty/14poverty.cfm\n\n4.2 Contractor shall provide service hours that are responsive to the needs of the target population."}],"coordinates":[],"confidence":{"state":"","who":["ml:nalaf"],"prob":0.9747549247529338},"fields":{},"normalizations":{}},{"classId":"e_4","part":"s3v1","offsets":[{"start":1042,"text":"1 Contractor shall provide services to homeless adults and families that meet the Federal Poverty Level income limlts available at: http://aspe.hhs.gov/poverty/14poverty.cfm\n\n4.2 Contractor shall provide service hours that are responsive to the needs of the target population."}],"coordinates":[],"confidence":{"state":"","who":["ml:nalaf"],"prob":0.9229869610545279},"fields":{},"normalizations":{}},{"classId":"e_4","part":"s3v1","offsets":[{"start":1319,"text":"This may include evenings."}],"coordinates":[],"confidence":{"state":"","who":["ml:nalaf"],"prob":0.7629562096664614},"fields":{},"normalizations":{}},{"classId":"e_5","part":"s3v1","offsets":[{"start":1319,"text":"This"}],"coordinates":[],"confidence":{"state":"","who":["ml:nalaf"],"prob":0.916262745401753},"fields":{},"normalizations":{}},{"classId":"e_6","part":"s3v1","offsets":[{"start":1319,"text":"This may include evenings."}],"coordinates":[],"confidence":{"state":"","who":["ml:nalaf"],"prob":0.8665369828074979},"fields":{},"normalizations":{}},{"classId":"e_2","part":"s3v1","offsets":[{"start":1346,"text":"weekends or hours outside normal business hours."}],"coordinates":[],"confidence":{"state":"","who":["ml:nalaf"],"prob":0.659801474518535},"fields":{},"normalizations":{}},{"classId":"e_4","part":"s3v1","offsets":[{"start":1346,"text":"weekends or hours outside"}],"coordinates":[],"confidence":{"state":"","who":["ml:nalaf"],"prob":0.728153172001762},"fields":{},"normalizations":{}},{"classId":"e_6","part":"s3v1","offsets":[{"start":1346,"text":"weekends or hours outside normal business hours."}],"coordinates":[],"confidence":{"state":"","who":["ml:nalaf"],"prob":0.9279986206254949},"fields":{},"normalizations":{}},{"classId":"e_1","part":"s3v1","offsets":[{"start":1395,"text":"Contractor's"}],"coordinates":[],"confidence":{"state":"","who":["ml:nalaf"],"prob":0.6875651678089906},"fields":{},"normalizations":{}},{"classId":"e_5","part":"s3v1","offsets":[{"start":1395,"text":"Contractor's service sites shall comply with the requirements of the Americans with Disabilities Act and California Administrative Code Title 24."}],"coordinates":[],"confidence":{"state":"","who":["ml:nalaf"],"prob":0.9548533067162741},"fields":{},"normalizations":{}},{"classId":"e_6","part":"s3v1","offsets":[{"start":1395,"text":"Contractor's service sites shall comply with the requirements of the Americans with Disabilities Act and California Administrative Code Title 24."}],"coordinates":[],"confidence":{"state":"","who":["ml:nalaf"],"prob":0.9476759659763825},"fields":{},"normalizations":{}},{"classId":"e_6","part":"s3v1","offsets":[{"start":1542,"text":"4.3 The targeted service areas are North County: Coastal and Inland; and South and East regions of the County."}],"coordinates":[],"confidence":{"state":"","who":["ml:nalaf"],"prob":0.9691800425914946},"fields":{},"normalizations":{}},{"classId":"e_5","part":"s3v1","offsets":[{"start":1546,"text":"The targeted service areas are North County: Coastal and Inland; and South and East regions of the County."}],"coordinates":[],"confidence":{"state":"","who":["ml:nalaf"],"prob":0.9185868875059042},"fields":{},"normalizations":{}},{"classId":"e_2","part":"s3v1","offsets":[{"start":1653,"text":"The primary months of service delivery shall occur during the cold-weather season, from October to April."}],"coordinates":[],"confidence":{"state":"","who":["ml:nalaf"],"prob":0.9588785606428152},"fields":{},"normalizations":{}},{"classId":"e_4","part":"s3v1","offsets":[{"start":1653,"text":"The primary months of service delivery shall occur during the cold-weather season, from October to April."}],"coordinates":[],"confidence":{"state":"","who":["ml:nalaf"],"prob":0.7192785595813819},"fields":{},"normalizations":{}},{"classId":"e_5","part":"s3v1","offsets":[{"start":1653,"text":"The primary months of service delivery shall occur during the cold-weather season, from October to April."}],"coordinates":[],"confidence":{"state":"","who":["ml:nalaf"],"prob":0.8967052851963746},"fields":{},"normalizations":{}},{"classId":"e_6","part":"s3v1","offsets":[{"start":1653,"text":"The primary months of service delivery shall occur during the cold-weather season, from October to April."}],"coordinates":[],"confidence":{"state":"","who":["ml:nalaf"],"prob":0.962704891218897},"fields":{},"normalizations":{}},{"classId":"e_4","part":"s3v1","offsets":[{"start":1760,"text":"5."}],"coordinates":[],"confidence":{"state":"","who":["ml:nalaf"],"prob":0.6502771964145676},"fields":{},"normalizations":{}},{"classId":"e_6","part":"s3v1","offsets":[{"start":1760,"text":"5."}],"coordinates":[],"confidence":{"state":"","who":["ml:nalaf"],"prob":0.813902039222522},"fields":{},"normalizations":{}},{"classId":"e_6","part":"s3v1","offsets":[{"start":1763,"text":"GENERAL REQUIREMENTS FOR SERVICE DELIVERY\n\nContractor shall ensure certification of eligibility for Community Services Block Grant (CSBG) funded services is completed prior to enrollment for all prospective low-come families in accordance with Government Code Section 12730 and the Federal Poverty Guidelines available at (http://aspe.hhs.gov/povertv/index.shtml."}],"coordinates":[],"confidence":{"state":"","who":["ml:nalaf"],"prob":0.9756260488822943},"fields":{},"normalizations":{}},{"classId":"e_7","part":"s3v1","offsets":[{"start":1763,"text":"GENERAL REQUIREMENTS FOR SERVICE DELIVERY\n\nContractor shall ensure certification of eligibility for Community Services Block Grant (CSBG) funded services is completed prior to enrollment for all prospective low-come families in accordance with Government Code Section 12730 and the Federal Poverty Guidelines available at (http://aspe.hhs.gov/povertv/index.shtml."}],"coordinates":[],"confidence":{"state":"","who":["ml:nalaf"],"prob":0.6170475869781272},"fields":{},"normalizations":{}},{"classId":"e_3","part":"s3v1","offsets":[{"start":1979,"text":"families"}],"coordinates":[],"confidence":{"state":"","who":["ml:nalaf"],"prob":0.7274510782310388},"fields":{},"normalizations":{}},{"classId":"e_1","part":"s3v1","offsets":[{"start":2333,"text":"Interfaith Shelter Network"}],"coordinates":[],"confidence":{"state":"","who":["ml:nalaf"],"prob":0.980471544994176},"fields":{},"normalizations":{}},{"classId":"e_5","part":"s3v1","offsets":[{"start":2387,"text":"539655 Amendment No."}],"coordinates":[],"confidence":{"state":"pre-removed","who":["ml:nalaf","ml:regex"],"prob":0.5},"fields":{},"normalizations":{}},{"classId":"e_6","part":"s3v1","offsets":[{"start":2387,"text":"539655 Amendment No."}],"coordinates":[],"confidence":{"state":"pre-removed","who":["ml:nalaf","ml:regex"],"prob":0.5},"fields":{},"normalizations":{}},{"classId":"e_2","part":"s3v1","offsets":[{"start":2408,"text":"14"}],"coordinates":[],"confidence":{"state":"pre-removed","who":["ml:nalaf","ml:regex"],"prob":0.5},"fields":{},"normalizations":{}},{"classId":"e_5","part":"s3v1","offsets":[{"start":2408,"text":"14"}],"coordinates":[],"confidence":{"state":"","who":["ml:nalaf"],"prob":0.6008143800913829},"fields":{},"normalizations":{}},{"classId":"e_6","part":"s3v1","offsets":[{"start":2408,"text":"14"}],"coordinates":[],"confidence":{"state":"","who":["ml:nalaf"],"prob":0.6693911178206602},"fields":{},"normalizations":{}},{"classId":"e_8","part":"s3v1","offsets":[{"start":2408,"text":"14"}],"coordinates":[],"confidence":{"state":"","who":["ml:nalaf"],"prob":0.4858905198715208},"fields":{},"normalizations":{}},{"classId":"e_7","part":"s4v1","offsets":[{"start":30,"text":"COUNTY OF SAN DIEGO"}],"coordinates":[],"confidence":{"state":"","who":["ml:nalaf"],"prob":0.9411555024210855},"fields":{},"normalizations":{}},{"classId":"e_1","part":"s4v1","offsets":[{"start":99,"text":"INTERFAITH SHELTER NETWORK SAN DIEGOCOUNTY FOR TEMPORARY SHELTER NETWORK SERVICES"}],"coordinates":[],"confidence":{"state":"","who":["ml:nalaf"],"prob":0.6463746921578053},"fields":{},"normalizations":{}},{"classId":"e_3","part":"s4v1","offsets":[{"start":733,"text":"families"}],"coordinates":[],"confidence":{"state":"","who":["ml:nalaf"],"prob":0.7270574542359574},"fields":{},"normalizations":{}},{"classId":"e_4","part":"s4v1","offsets":[{"start":885,"text":"5.2 Contractor shall offer services in individual and/or group settings and shall use family centered practice and a self-esteem building approach in the provision of services"}],"coordinates":[],"confidence":{"state":"","who":["ml:nalaf"],"prob":0.9536932193869496},"fields":{},"normalizations":{}},{"classId":"e_6","part":"s4v1","offsets":[{"start":1062,"text":"Contractor services shall include:\n\n5.2.1 Lodging (Bed-nights)."}],"coordinates":[{"x":"442.47","y":"296.57"},{"x":"237.97","y":"330.26"}],"confidence":{"state":"pre-added","who":["user:SDTEF"],"prob":1},"fields":{},"normalizations":{}},{"classId":"e_4","part":"s4v1","offsets":[{"start":1127,"text":"5.2.2 Case ManagemenVProblem Solving/Financial Guidance."}],"coordinates":[],"confidence":{"state":"","who":["ml:nalaf"],"prob":0.7845315804436676},"fields":{},"normalizations":{}},{"classId":"e_6","part":"s4v1","offsets":[{"start":1127,"text":"5.2.2 Case ManagemenVProblem Solving/Financial Guidance."}],"coordinates":[],"confidence":{"state":"","who":["ml:nalaf"],"prob":0.9238916576482414},"fields":{},"normalizations":{}},{"classId":"e_4","part":"s4v1","offsets":[{"start":1185,"text":"5.2.3 At Least One Hot Meal Nightly."}],"coordinates":[],"confidence":{"state":"","who":["ml:nalaf"],"prob":0.7519823774724393},"fields":{},"normalizations":{}},{"classId":"e_6","part":"s4v1","offsets":[{"start":1185,"text":"5.2.3 At Least One Hot Meal Nightly."}],"coordinates":[],"confidence":{"state":"","who":["ml:nalaf"],"prob":0.9163006188462806},"fields":{},"normalizations":{}},{"classId":"e_5","part":"s4v1","offsets":[{"start":1191,"text":"At Least One Hot Meal Nightly."}],"coordinates":[],"confidence":{"state":"","who":["ml:nalaf"],"prob":0.5923977116130537},"fields":{},"normalizations":{}},{"classId":"e_6","part":"s4v1","offsets":[{"start":1223,"text":"5.2.4 Career Guidance and Job Placement."}],"coordinates":[],"confidence":{"state":"","who":["ml:nalaf"],"prob":0.8995931255231782},"fields":{},"normalizations":{}},{"classId":"e_6","part":"s4v1","offsets":[{"start":1265,"text":"5.2.5 Congregation Recruitment."}],"coordinates":[],"confidence":{"state":"","who":["ml:nalaf"],"prob":0.8609205953972001},"fields":{},"normalizations":{}},{"classId":"e_4","part":"s4v1","offsets":[{"start":1298,"text":"5.2.6 Supportive Services, as available (transportation, clothing, etc.)."}],"coordinates":[],"confidence":{"state":"","who":["ml:nalaf"],"prob":0.5886406459762725},"fields":{},"normalizations":{}},{"classId":"e_6","part":"s4v1","offsets":[{"start":1298,"text":"5.2.6 Supportive Services, as available (transportation, clothing, etc.)."}],"coordinates":[],"confidence":{"state":"","who":["ml:nalaf"],"prob":0.9483536746941484},"fields":{},"normalizations":{}},{"classId":"e_4","part":"s4v1","offsets":[{"start":1373,"text":"5.2.7 Transitional or Permanent Housing."}],"coordinates":[],"confidence":{"state":"","who":["ml:nalaf"],"prob":0.7037460938635387},"fields":{},"normalizations":{}},{"classId":"e_6","part":"s4v1","offsets":[{"start":1373,"text":"5.2.7 Transitional or Permanent Housing."}],"coordinates":[],"confidence":{"state":"","who":["ml:nalaf"],"prob":0.8947727446965054},"fields":{},"normalizations":{}},{"classId":"e_8","part":"s4v1","offsets":[{"start":1373,"text":"5.2.7 Transitional or Permanent Housing."}],"coordinates":[],"confidence":{"state":"","who":["ml:nalaf"],"prob":0.6765919587277066},"fields":{},"normalizations":{}},{"classId":"e_2","part":"s4v1","offsets":[{"start":1574,"text":"5.3.1 Contractor shall not use taxicabs to transport unescorted minors who receive services funded by the County of San Diego."}],"coordinates":[],"confidence":{"state":"","who":["ml:nalaf"],"prob":0.7989398281126172},"fields":{},"normalizations":{}},{"classId":"e_4","part":"s4v1","offsets":[{"start":1574,"text":"5.3.1 Contractor shall not use taxicabs to transport unescorted minors who receive services funded by the County of San Diego."}],"coordinates":[],"confidence":{"state":"","who":["ml:nalaf"],"prob":0.8802645234377742},"fields":{},"normalizations":{}},{"classId":"e_5","part":"s4v1","offsets":[{"start":1645,"text":"who receive services funded by the County of San Diego."}],"coordinates":[],"confidence":{"state":"","who":["ml:nalaf"],"prob":0.7711529950776662},"fields":{},"normalizations":{}},{"classId":"e_7","part":"s4v1","offsets":[{"start":1680,"text":"County of San Diego"}],"coordinates":[],"confidence":{"state":"","who":["ml:nalaf"],"prob":0.9734357622172554},"fields":{},"normalizations":{}},{"classId":"e_1","part":"s4v1","offsets":[{"start":1734,"text":"Contractor's"}],"coordinates":[],"confidence":{"state":"","who":["ml:nalaf"],"prob":0.5938221828213928},"fields":{},"normalizations":{}},{"classId":"e_1","part":"s4v1","offsets":[{"start":1909,"text":"Contractor's"}],"coordinates":[],"confidence":{"state":"","who":["ml:nalaf"],"prob":0.617318343368175},"fields":{},"normalizations":{}},{"classId":"e_1","part":"s4v1","offsets":[{"start":1947,"text":"Contractor's"}],"coordinates":[],"confidence":{"state":"","who":["ml:nalaf"],"prob":0.6500166927936378},"fields":{},"normalizations":{}},{"classId":"e_5","part":"s4v1","offsets":[{"start":2045,"text":"Retention"}],"coordinates":[],"confidence":{"state":"","who":["ml:nalaf"],"prob":0.5620858897398638},"fields":{},"normalizations":{}},{"classId":"e_1","part":"s4v1","offsets":[{"start":2121,"text":"Contractor's"}],"coordinates":[],"confidence":{"state":"","who":["ml:nalaf"],"prob":0.7275145801862416},"fields":{},"normalizations":{}},{"classId":"e_1","part":"s4v1","offsets":[{"start":2200,"text":"Contractor's"}],"coordinates":[],"confidence":{"state":"","who":["ml:nalaf"],"prob":0.5562209050934461},"fields":{},"normalizations":{}},{"classId":"e_5","part":"s4v1","offsets":[{"start":2370,"text":"Any"}],"coordinates":[],"confidence":{"state":"","who":["ml:nalaf"],"prob":0.9374128928686996},"fields":{},"normalizations":{}},{"classId":"e_5","part":"s4v1","offsets":[{"start":3068,"text":"Such"}],"coordinates":[],"confidence":{"state":"","who":["ml:nalaf"],"prob":0.7302956920804714},"fields":{},"normalizations":{}},{"classId":"e_1","part":"s4v1","offsets":[{"start":3259,"text":"Interfaith Shelter Network"}],"coordinates":[],"confidence":{"state":"","who":["ml:nalaf"],"prob":0.9789229042070012},"fields":{},"normalizations":{}},{"classId":"e_5","part":"s4v1","offsets":[{"start":3313,"text":"539655 Amendment No."}],"coordinates":[],"confidence":{"state":"pre-removed","who":["ml:nalaf","ml:regex"],"prob":0.5},"fields":{},"normalizations":{}},{"classId":"e_6","part":"s4v1","offsets":[{"start":3313,"text":"539655 Amendment No."}],"coordinates":[],"confidence":{"state":"pre-removed","who":["ml:nalaf","ml:regex"],"prob":0.5},"fields":{},"normalizations":{}},{"classId":"e_2","part":"s4v1","offsets":[{"start":3334,"text":"14"}],"coordinates":[],"confidence":{"state":"pre-removed","who":["ml:nalaf","ml:regex"],"prob":0.5},"fields":{},"normalizations":{}},{"classId":"e_5","part":"s4v1","offsets":[{"start":3334,"text":"14"}],"coordinates":[],"confidence":{"state":"","who":["ml:nalaf"],"prob":0.6008143800913829},"fields":{},"normalizations":{}},{"classId":"e_6","part":"s4v1","offsets":[{"start":3334,"text":"14"}],"coordinates":[],"confidence":{"state":"","who":["ml:nalaf"],"prob":0.6693911178206602},"fields":{},"normalizations":{}},{"classId":"e_8","part":"s4v1","offsets":[{"start":3334,"text":"14"}],"coordinates":[],"confidence":{"state":"","who":["ml:nalaf"],"prob":0.4858905198715208},"fields":{},"normalizations":{}},{"classId":"e_7","part":"s5v1","offsets":[{"start":29,"text":"COUNTYOF SAN DIEGO"}],"coordinates":[],"confidence":{"state":"pre-added","who":["ml:regex"],"prob":0.5},"fields":{},"normalizations":{}},{"classId":"e_1","part":"s5v1","offsets":[{"start":97,"text":"INTERFAITH SHELTER NETWORK SAN DIEGO COUNTY FOR TEMPORARY SHELTER NETWORK SERVICES"}],"coordinates":[],"confidence":{"state":"","who":["ml:nalaf"],"prob":0.8907442907686565},"fields":{},"normalizations":{}},{"classId":"e_5","part":"s5v1","offsets":[{"start":710,"text":"No"}],"coordinates":[],"confidence":{"state":"","who":["ml:nalaf"],"prob":0.9319787969276773},"fields":{},"normalizations":{}},{"classId":"e_6","part":"s5v1","offsets":[{"start":853,"text":"6."}],"coordinates":[],"confidence":{"state":"","who":["ml:nalaf"],"prob":0.7012604653055228},"fields":{},"normalizations":{}},{"classId":"e_3","part":"s5v1","offsets":[{"start":1459,"text":"families"}],"coordinates":[],"confidence":{"state":"","who":["ml:nalaf"],"prob":0.8616833151832739},"fields":{},"normalizations":{}},{"classId":"e_3","part":"s5v1","offsets":[{"start":1701,"text":"single adults"}],"coordinates":[],"confidence":{"state":"","who":["ml:nalaf"],"prob":0.44104179387184644},"fields":{},"normalizations":{}},{"classId":"e_3","part":"s5v1","offsets":[{"start":1746,"text":"families"}],"coordinates":[],"confidence":{"state":"","who":["ml:nalaf"],"prob":0.5518515560920291},"fields":{},"normalizations":{}},{"classId":"e_7","part":"s5v1","offsets":[{"start":2336,"text":"County of San Diego"}],"coordinates":[],"confidence":{"state":"","who":["ml:nalaf"],"prob":0.9801525487430531},"fields":{},"normalizations":{}},{"classId":"e_6","part":"s5v1","offsets":[{"start":2353,"text":"g"}],"coordinates":[{"x":"159.81","y":"644.48"},{"x":"165.20","y":"650.09"}],"confidence":{"state":"pre-added","who":["user:SDTEF"],"prob":1},"fields":{},"normalizations":{}},{"classId":"e_5","part":"s5v1","offsets":[{"start":2412,"text":"client demographic report on homeless persons receiving services in the County of San Diego service locations."}],"coordinates":[],"confidence":{"state":"","who":["ml:nalaf"],"prob":0.8901477685674994},"fields":{},"normalizations":{}},{"classId":"e_7","part":"s5v1","offsets":[{"start":2484,"text":"County of San Diego"}],"coordinates":[],"confidence":{"state":"","who":["ml:nalaf"],"prob":0.9813849194974573},"fields":{},"normalizations":{}},{"classId":"e_6","part":"s5v1","offsets":[{"start":2524,"text":"7."}],"coordinates":[],"confidence":{"state":"","who":["ml:nalaf"],"prob":0.7216282635532396},"fields":{},"normalizations":{}},{"classId":"e_8","part":"s5v1","offsets":[{"start":2524,"text":"7."}],"coordinates":[],"confidence":{"state":"","who":["ml:nalaf"],"prob":0.657631693898863},"fields":{},"normalizations":{}},{"classId":"e_1","part":"s5v1","offsets":[{"start":2584,"text":"Interfaith Shelter Network"}],"coordinates":[],"confidence":{"state":"","who":["ml:nalaf"],"prob":0.979223181476759},"fields":{},"normalizations":{}},{"classId":"e_5","part":"s5v1","offsets":[{"start":2637,"text":"539655 Amendment No."}],"coordinates":[],"confidence":{"state":"pre-removed","who":["ml:nalaf","ml:regex"],"prob":0.5},"fields":{},"normalizations":{}},{"classId":"e_6","part":"s5v1","offsets":[{"start":2637,"text":"539655 Amendment No."}],"coordinates":[],"confidence":{"state":"pre-removed","who":["ml:nalaf","ml:regex"],"prob":0.5},"fields":{},"normalizations":{}},{"classId":"e_2","part":"s5v1","offsets":[{"start":2658,"text":"14"}],"coordinates":[],"confidence":{"state":"pre-removed","who":["ml:nalaf","ml:regex"],"prob":0.5},"fields":{},"normalizations":{}},{"classId":"e_5","part":"s5v1","offsets":[{"start":2658,"text":"14"}],"coordinates":[],"confidence":{"state":"","who":["ml:nalaf"],"prob":0.6008143800913829},"fields":{},"normalizations":{}},{"classId":"e_6","part":"s5v1","offsets":[{"start":2658,"text":"14"}],"coordinates":[],"confidence":{"state":"","who":["ml:nalaf"],"prob":0.6693911178206602},"fields":{},"normalizations":{}},{"classId":"e_8","part":"s5v1","offsets":[{"start":2658,"text":"14"}],"coordinates":[],"confidence":{"state":"","who":["ml:nalaf"],"prob":0.4858905198715208},"fields":{},"normalizations":{}},{"classId":"e_7","part":"s6v1","offsets":[{"start":30,"text":"COUNTYOF SAN DIEGO"}],"coordinates":[],"confidence":{"state":"pre-added","who":["ml:regex"],"prob":0.5},"fields":{},"normalizations":{}},{"classId":"e_1","part":"s6v1","offsets":[{"start":98,"text":"INTERFAITH SHELTER NETWORK SAN DIEGO COUNTY FOR TEMPORARY SHELTER NETWORK SERVICES"}],"coordinates":[],"confidence":{"state":"","who":["ml:nalaf"],"prob":0.8907813089776202},"fields":{},"normalizations":{}},{"classId":"e_5","part":"s6v1","offsets":[{"start":307,"text":"Client"}],"coordinates":[],"confidence":{"state":"","who":["ml:nalaf"],"prob":0.8140393458455628},"fields":{},"normalizations":{}},{"classId":"e_6","part":"s6v1","offsets":[{"start":307,"text":"Client case files shall include at a minimum the following items:\n\n7.1 Intake date;\n\n7.2 Client's name and identification number;\n\n7.3 Referring agency;\n\n7.4 Client's head of household status;\n\n7.5 Client's race and ethnicity;\n\n- 7.6 Client's gender;\n\n7.7 Client's and family member's ages and date of birth;\n\n7.8 Client's parents name (if client is a minor);\n\n7.9 Client's monthly or annual income; and\n\n7.10 Problem statement."}],"coordinates":[],"confidence":{"state":"","who":["ml:nalaf"],"prob":0.9926328297746296},"fields":{},"normalizations":{}},{"classId":"e_6","part":"s6v1","offsets":[{"start":737,"text":"8."}],"coordinates":[],"confidence":{"state":"","who":["ml:nalaf"],"prob":0.6835406480097246},"fields":{},"normalizations":{}},{"classId":"e_5","part":"s6v1","offsets":[{"start":866,"text":"The"}],"coordinates":[],"confidence":{"state":"","who":["ml:nalaf"],"prob":0.9875871945302229},"fields":{},"normalizations":{}},{"classId":"e_6","part":"s6v1","offsets":[{"start":1438,"text":"8.3 Contractor shall specify the total number of participants who responded to the survey compared to the total number of participants served"}],"coordinates":[],"confidence":{"state":"","who":["ml:nalaf"],"prob":0.9525766165927051},"fields":{},"normalizations":{}},{"classId":"e_6","part":"s6v1","offsets":[{"start":1582,"text":"9."}],"coordinates":[],"confidence":{"state":"","who":["ml:nalaf"],"prob":0.6655104571141846},"fields":{},"normalizations":{}},{"classId":"e_1","part":"s6v1","offsets":[{"start":1741,"text":"Interfaith Shelter Network"}],"coordinates":[],"confidence":{"state":"","who":["ml:nalaf"],"prob":0.9797584122741009},"fields":{},"normalizations":{}},{"classId":"e_2","part":"s6v1","offsets":[{"start":1816,"text":"14"}],"coordinates":[],"confidence":{"state":"pre-removed","who":["ml:nalaf","ml:regex"],"prob":0.5},"fields":{},"normalizations":{}},{"classId":"e_5","part":"s6v1","offsets":[{"start":1816,"text":"14"}],"coordinates":[],"confidence":{"state":"","who":["ml:nalaf"],"prob":0.6008143800913829},"fields":{},"normalizations":{}},{"classId":"e_6","part":"s6v1","offsets":[{"start":1816,"text":"14"}],"coordinates":[],"confidence":{"state":"","who":["ml:nalaf"],"prob":0.6693911178206602},"fields":{},"normalizations":{}},{"classId":"e_8","part":"s6v1","offsets":[{"start":1816,"text":"14"}],"coordinates":[],"confidence":{"state":"","who":["ml:nalaf"],"prob":0.4858905198715208},"fields":{},"normalizations":{}},{"classId":"e_7","part":"s7v1","offsets":[{"start":40,"text":"COUNTY OF SAN DIEGO"}],"coordinates":[],"confidence":{"state":"","who":["ml:nalaf"],"prob":0.9414505843473108},"fields":{},"normalizations":{}},{"classId":"e_1","part":"s7v1","offsets":[{"start":109,"text":"INTERFAITH SHELTER NETWORK"}],"coordinates":[],"confidence":{"state":"","who":["ml:nalaf"],"prob":0.8975860787666005},"fields":{},"normalizations":{}},{"classId":"e_2","part":"s7v1","offsets":[{"start":219,"text":"PAYMENT SCHEDULE\n\nContractor shall be paid according to the following payment schedule*:\n\n(1)\n\n(2)\n\n(3)\n\n(4)\n\n(5) '"}],"coordinates":[],"confidence":{"state":"","who":["ml:nalaf"],"prob":0.6237115254920127},"fields":{},"normalizations":{}},{"classId":"e_5","part":"s7v1","offsets":[{"start":426,"text":"Bed"}],"coordinates":[],"confidence":{"state":"","who":["ml:nalaf"],"prob":0.9797432598353566},"fields":{},"normalizations":{}},{"classId":"e_7","part":"s7v1","offsets":[{"start":489,"text":"City of San Diego"}],"coordinates":[],"confidence":{"state":"","who":["ml:nalaf"],"prob":0.8730476432706122},"fields":{},"normalizations":{}},{"classId":"e_5","part":"s7v1","offsets":[{"start":529,"text":"Transitional"}],"coordinates":[],"confidence":{"state":"","who":["ml:nalaf"],"prob":0.5336114335377511},"fields":{},"normalizations":{}},{"classId":"e_5","part":"s7v1","offsets":[{"start":625,"text":"."}],"coordinates":[],"confidence":{"state":"","who":["ml:nalaf"],"prob":0.7293441829562017},"fields":{},"normalizations":{}},{"classId":"e_6","part":"s7v1","offsets":[{"start":625,"text":"."}],"coordinates":[],"confidence":{"state":"","who":["ml:nalaf"],"prob":0.5562490475254701},"fields":{},"normalizations":{}},{"classId":"e_8","part":"s7v1","offsets":[{"start":625,"text":"."}],"coordinates":[],"confidence":{"state":"","who":["ml:nalaf"],"prob":0.5118969911440301},"fields":{},"normalizations":{}},{"classId":"e_5","part":"s7v1","offsets":[{"start":628,"text":"."}],"coordinates":[],"confidence":{"state":"","who":["ml:nalaf"],"prob":0.7293441829562017},"fields":{},"normalizations":{}},{"classId":"e_6","part":"s7v1","offsets":[{"start":628,"text":"."}],"coordinates":[],"confidence":{"state":"","who":["ml:nalaf"],"prob":0.5562490475254701},"fields":{},"normalizations":{}},{"classId":"e_8","part":"s7v1","offsets":[{"start":628,"text":"."}],"coordinates":[],"confidence":{"state":"","who":["ml:nalaf"],"prob":0.5118969911440301},"fields":{},"normalizations":{}},{"classId":"e_4","part":"s7v1","offsets":[{"start":631,"text":"Job\n\n....\n\nPlacement/Other\n\n'\n\nIncome/ Employment or\n\nIncreased\n\n3\n\n3.3 Other Source of Employment $64 10 Income Hours and/or Countywide Health Benefits through Employment\n\nEmployment Employment"}],"coordinates":[],"confidence":{"state":"","who":["ml:nalaf"],"prob":0.8315548200225361},"fields":{},"normalizations":{}},{"classId":"e_5","part":"s7v1","offsets":[{"start":631,"text":"Job"}],"coordinates":[],"confidence":{"state":"","who":["ml:nalaf"],"prob":0.8161720838087819},"fields":{},"normalizations":{}},{"classId":"e_6","part":"s7v1","offsets":[{"start":967,"text":"1880\n\nTotal\n\nBillable Amount for Fiscal Year 2017-2018\n\n$25,000\n\n....\n\n..\n\n...\n\n...\n\n*Contract price shall not exceed $25,000 for Fiscal Year 2017-2018, and each subsequent year through Fiscal Year 2020-2021."}],"coordinates":[],"confidence":{"state":"","who":["ml:nalaf"],"prob":0.9434143861981202},"fields":{},"normalizations":{}},{"classId":"e_2","part":"s7v1","offsets":[{"start":973,"text":"Total\n\nBillable Amount for Fiscal Year 2017-2018\n\n$25,000\n\n....\n\n..\n\n...\n\n...\n\n*Contract price shall not exceed $25,000 for Fiscal Year 2017-2018, and each subsequent year through Fiscal Year 2020-2021."}],"coordinates":[],"confidence":{"state":"","who":["ml:nalaf"],"prob":0.9248965793116816},"fields":{},"normalizations":{}},{"classId":"e_3","part":"s7v1","offsets":[{"start":1097,"text":"Fiscal Year 2017-2018, and each subsequent year through Fiscal Year 2020-2021."}],"coordinates":[],"confidence":{"state":"","who":["ml:nalaf"],"prob":0.6078908646866028},"fields":{},"normalizations":{}},{"classId":"e_8","part":"s7v1","offsets":[{"start":1097,"text":"Fiscal Year 2017-2018, and each subsequent year through Fiscal Year 2020-2021."}],"coordinates":[],"confidence":{"state":"","who":["ml:nalaf"],"prob":0.8739527642286341},"fields":{},"normalizations":{}},{"classId":"e_1","part":"s7v1","offsets":[{"start":1177,"text":"Interfaith Shelter Network"}],"coordinates":[],"confidence":{"state":"","who":["ml:nalaf"],"prob":0.9786735791033917},"fields":{},"normalizations":{}},{"classId":"e_2","part":"s7v1","offsets":[{"start":1177,"text":"Interfaith Shelter Network of San Diego\n\nContract Number: 539655 Amendment #14\n\n.\n\n'"}],"coordinates":[],"confidence":{"state":"","who":["ml:nalaf"],"prob":0.8980916762634351},"fields":{},"normalizations":{}},{"classId":"e_6","part":"s7v1","offsets":[{"start":1177,"text":"Interfaith Shelter Network of San Diego\n\nContract Number: 539655 Amendment #14\n\n.\n\n'"}],"coordinates":[],"confidence":{"state":"","who":["ml:nalaf"],"prob":0.7642861343327205},"fields":{},"normalizations":{}},{"classId":"e_2","part":"s7v1","offsets":[{"start":1263,"text":"l"}],"coordinates":[],"confidence":{"state":"","who":["ml:nalaf"],"prob":0.8896900697405847},"fields":{},"normalizations":{}},{"classId":"e_5","part":"s7v1","offsets":[{"start":1263,"text":"l"}],"coordinates":[],"confidence":{"state":"","who":["ml:nalaf"],"prob":0.9460743273001024},"fields":{},"normalizations":{}},{"classId":"e_6","part":"s7v1","offsets":[{"start":1263,"text":"l"}],"coordinates":[],"confidence":{"state":"","who":["ml:nalaf"],"prob":0.38680970522297203},"fields":{},"normalizations":{}},{"classId":"e_8","part":"s7v1","offsets":[{"start":1263,"text":"l"}],"coordinates":[],"confidence":{"state":"","who":["ml:nalaf"],"prob":0.8823481860857688},"fields":{},"normalizations":{}}],"relations":[]}