{"annotatable":{"parts":["s1v1","s2v1","s3v1","s4v1","s5v1","s6v1","s7v1","s8v1","s9v1","s10v1","s11v1","s12v1","s13v1","s14v1","s15v1","s16v1","s17v1","s18v1","s19v1","s20v1","s21v1"]},"anncomplete":true,"sources":[],"metas":{"m_21":{"value":"low income","confidence":{"state":"pre-added","who":["user:SDTEF"],"prob":1}},"m_24":{"value":"$14,500; $542,500","confidence":{"state":"pre-added","who":["user:SDTEF"],"prob":1}},"m_23":{"value":"city and CDBG funds","confidence":{"state":"pre-added","who":["user:SDTEF"],"prob":1}},"m_20":{"value":"youth, seniors, others","confidence":{"state":"pre-added","who":["user:SDTEF"],"prob":1}},"m_22":{"value":"at risk of homelessness","confidence":{"state":"pre-added","who":["user:SDTEF"],"prob":1}}},"entities":[{"classId":"e_19","part":"s1v1","offsets":[{"start":60,"text":"AGREEMENT BETWEEN THE CITY OF ENCINITAS AND Community Resource Center FOR THE USE OF COMMUNITY DEVELOPMENT BLOCK GRANT FUNDS (Project: Homeless Prevention & Intervention)"}],"coordinates":[{"x":"68.64","y":"63.18"},{"x":"435.28","y":"97.67"}],"confidence":{"state":"pre-added","who":["user:SDTEF"],"prob":1},"fields":{},"normalizations":{}},{"classId":"e_7","part":"s1v1","offsets":[{"start":82,"text":"CITY OF ENCINITAS"}],"coordinates":[{"x":"238.57","y":"63.18"},{"x":"349.09","y":"69.84"}],"confidence":{"state":"pre-added","who":["user:SDTEF"],"prob":1},"fields":{},"normalizations":{}},{"classId":"e_1","part":"s1v1","offsets":[{"start":104,"text":"Community Resource Center"}],"coordinates":[{"x":"384.73","y":"63.18"},{"x":"546.20","y":"69.84"}],"confidence":{"state":"pre-added","who":["user:SDTEF"],"prob":1},"fields":{},"normalizations":{}},{"classId":"e_7","part":"s1v1","offsets":[{"start":145,"text":"COMMUNITY DEVELOPMENT BLOCK GRANT FUNDS"}],"coordinates":[{"x":"209.04","y":"77.10"},{"x":"510.17","y":"83.76"}],"confidence":{"state":"pre-added","who":["user:SDTEF"],"prob":1},"fields":{},"normalizations":{}},{"classId":"e_4","part":"s1v1","offsets":[{"start":186,"text":"Project: Homeless Prevention & Intervention)"}],"coordinates":[{"x":"182.54","y":"91.01"},{"x":"435.28","y":"97.67"}],"confidence":{"state":"pre-added","who":["user:SDTEF"],"prob":1},"fields":{},"normalizations":{}},{"classId":"e_7","part":"s1v1","offsets":[{"start":279,"text":"CITY of Encinitas"}],"coordinates":[],"confidence":{"state":"pre-added","who":["ml:regex"],"prob":0.5},"fields":{},"normalizations":{}},{"classId":"e_1","part":"s1v1","offsets":[{"start":390,"text":"Community Resource Center"}],"coordinates":[],"confidence":{"state":"pre-added","who":["ml:regex"],"prob":0.5},"fields":{},"normalizations":{}},{"classId":"e_3","part":"s2v1","offsets":[{"start":797,"text":"CDBG program's National Objectives: benefit low- and moderate-income persons;"}],"coordinates":[{"x":"161.52","y":"252.50"},{"x":"186.33","y":"273.12"}],"confidence":{"state":"pre-added","who":["user:SDTEF"],"prob":1},"fields":{},"normalizations":{}},{"classId":"e_2","part":"s2v1","offsets":[{"start":2133,"text":"BUDGET.\n\nCITY shall pay to SUBRECIPIENT from CDBG funds, when, if and to the extent received from HUD, amounts to reimburse SUBRECIPIENT for expenditures incurred in carrying out this Agreement, up to a maximum, aggregate amount of Fourteen thousand, five hundred ($14,500) dollars. The contract budget for this project is described in Exhibit B. In no event shall the contracted budget be"}],"coordinates":[{"x":"142.81","y":"612.59"},{"x":"549.55","y":"702.24"}],"confidence":{"state":"pre-added","who":["user:SDTEF"],"prob":1},"fields":{},"normalizations":{}},{"classId":"e_8","part":"s4v1","offsets":[{"start":169,"text":"TERM.\n\nThis agreement shall commence July 1, 2020 and shall continue in full force and effect until June 30, 2021, during which time SUBRECIPIENT shall perform the services provided herein. Alternatively, the agreement will be automatically terminated in the event that the United States Government terminates the Community Development Block Grant Program or terminates the Projects, which is the subject of the agreement."}],"coordinates":[{"x":"141.37","y":"114.30"},{"x":"339.98","y":"218.64"}],"confidence":{"state":"pre-added","who":["user:SDTEF"],"prob":1},"fields":{},"normalizations":{}},{"classId":"e_7","part":"s5v1","offsets":[{"start":1413,"text":"CITY of Encinitas"}],"coordinates":[],"confidence":{"state":"pre-added","who":["ml:regex"],"prob":0.5},"fields":{},"normalizations":{}},{"classId":"e_7","part":"s6v1","offsets":[{"start":356,"text":"CITY of Encinitas"}],"coordinates":[],"confidence":{"state":"pre-added","who":["ml:regex"],"prob":0.5},"fields":{},"normalizations":{}},{"classId":"e_7","part":"s7v1","offsets":[{"start":1251,"text":"CITY of Encinitas"}],"coordinates":[],"confidence":{"state":"pre-added","who":["ml:regex"],"prob":0.5},"fields":{},"normalizations":{}},{"classId":"e_1","part":"s18v1","offsets":[{"start":104,"text":"Rebecca Nussbaum Compliance& QualityAssuranceOfficer"}],"coordinates":[{"x":"369.12","y":"96.42"},{"x":"541.29","y":"115.20"}],"confidence":{"state":"pre-added","who":["user:SDTEF"],"prob":1},"fields":{},"normalizations":{}},{"classId":"e_1","part":"s18v1","offsets":[{"start":157,"text":"Communi Resource Center"}],"coordinates":[{"x":"368.64","y":"123.78"},{"x":"514.39","y":"130.08"}],"confidence":{"state":"pre-added","who":["user:SDTEF"],"prob":1},"fields":{},"normalizations":{}},{"classId":"e_1","part":"s18v1","offsets":[{"start":229,"text":"650 Second St, Encinitas, CA 92024"}],"coordinates":[{"x":"368.17","y":"137.19"},{"x":"546.74","y":"144.00"}],"confidence":{"state":"pre-added","who":["user:SDTEF"],"prob":1},"fields":{},"normalizations":{}},{"classId":"e_1","part":"s18v1","offsets":[{"start":265,"text":"760-230-6318"}],"coordinates":[{"x":"368.40","y":"164.07"},{"x":"437.53","y":"170.88"}],"confidence":{"state":"pre-added","who":["user:SDTEF"],"prob":1},"fields":{},"normalizations":{}},{"classId":"e_7","part":"s18v1","offsets":[{"start":1326,"text":"CITY OF ENCINITAS"}],"coordinates":[],"confidence":{"state":"pre-added","who":["ml:regex"],"prob":0.5},"fields":{},"normalizations":{}},{"classId":"e_1","part":"s19v1","offsets":[{"start":278,"text":"650 Second St, Encinitas, CA 92024"}],"coordinates":[],"confidence":{"state":"pre-added","who":["ml:regex"],"prob":0.5},"fields":{},"normalizations":{}},{"classId":"e_1","part":"s19v1","offsets":[{"start":314,"text":"760-230-6318"}],"coordinates":[],"confidence":{"state":"pre-added","who":["ml:regex"],"prob":0.5},"fields":{},"normalizations":{}},{"classId":"e_7","part":"s19v1","offsets":[{"start":1375,"text":"CITY OF ENCINITAS"}],"coordinates":[],"confidence":{"state":"pre-added","who":["ml:regex"],"prob":0.5},"fields":{},"normalizations":{}},{"classId":"e_8","part":"s20v1","offsets":[{"start":90,"text":"CONTRACT TERM: July 1, 2020 - June 30, 2021"}],"coordinates":[{"x":"68.64","y":"114.53"},{"x":"336.88","y":"121.43"}],"confidence":{"state":"pre-added","who":["user:SDTEF"],"prob":1},"fields":{},"normalizations":{}},{"classId":"e_1","part":"s20v1","offsets":[{"start":142,"text":"Community Resource Center"}],"coordinates":[],"confidence":{"state":"pre-added","who":["ml:regex"],"prob":0.5},"fields":{},"normalizations":{}},{"classId":"e_1","part":"s20v1","offsets":[{"start":168,"text":"ADDRESS: 650 Second Street, Encinitas CA 92024"}],"coordinates":[{"x":"113.76","y":"143.09"},{"x":"396.26","y":"149.99"}],"confidence":{"state":"pre-added","who":["user:SDTEF"],"prob":1},"fields":{},"normalizations":{}},{"classId":"e_1","part":"s20v1","offsets":[{"start":224,"text":"Rebecca Palmer (760) 230-6310"}],"coordinates":[{"x":"187.93","y":"157.81"},{"x":"358.25","y":"164.40"}],"confidence":{"state":"pre-added","who":["user:SDTEF"],"prob":1},"fields":{},"normalizations":{}},{"classId":"e_4","part":"s20v1","offsets":[{"start":254,"text":"PROJECT NAME: Homeless Prevention & Intervention"}],"coordinates":[{"x":"77.76","y":"171.90"},{"x":"375.42","y":"178.80"}],"confidence":{"state":"pre-added","who":["user:SDTEF"],"prob":1},"fields":{},"normalizations":{}},{"classId":"e_3","part":"s20v1","offsets":[{"start":303,"text":"TARGET:"}],"coordinates":[{"x":"123.36","y":"186.06"},{"x":"174.91","y":"192.96"}],"confidence":{"state":"pre-added","who":["user:SDTEF"],"prob":1},"fields":{},"normalizations":{}},{"classId":"e_3","part":"s20v1","offsets":[{"start":311,"text":"Youth, Seniors, Homeless"}],"coordinates":[{"x":"186.97","y":"186.37"},{"x":"323.31","y":"192.96"}],"confidence":{"state":"pre-added","who":["user:SDTEF"],"prob":1},"fields":{},"normalizations":{}},{"classId":"e_6","part":"s20v1","offsets":[{"start":337,"text":"To provide safety, stability, and self-sufficiency to approximately 810 low-income Encinitas individuals and GOAL\n\nfamilies who are currently homeless or at risk of homelessness leading to permanent housing, housing retention, and improved health and well-being. 80% of the total number of households, including seniors, who\n\nMEASURABLE 1: participate in integrative case management services will work with a case manager to develop a personalized self-sufficiency plan focused on eliminatinQ barriers to self-sufficiency.\n\nMEASURABLE 2: Of those who indicate a need and desire for mental health services, 90% will be offered referrals for those services. 100% of individuals who receive supportive shelter or rental MEASURABLE 3: assistance will engage CRC's case management services, financial independence counselinQ, or housinQ search assistance.\n\nMEASURABLE 4: 60% of individuals who contact CRC for food and nutrition services will participate in at least one additional integrative service."}],"coordinates":[{"x":"172.33","y":"214.85"},{"x":"480.39","y":"431.03"}],"confidence":{"state":"pre-added","who":["user:SDTEF"],"prob":1},"fields":{},"normalizations":{}},{"classId":"e_2","part":"s21v1","offsets":[{"start":60,"text":"EXHIBIT B\n\nCOMMUNITY RESOURCE CENTER PROJECT BUDGET\n\nITEM\n\nAMOUNT\n\nCase Management Personnel\n\n$10,182 Program Expenses\n\n$3,000 Indirect Costs (10%)\n\n$1,318 CDBG TOTAL (FROM CITY) $14,500 COMMUNITY RESOURCE CENTER PROJECT TOTAL $542,500 ($528,000 FROM OTHER SOURCES - NOT .PART OF AGREEMENT; $14,500 FROM CITY/CDBG)"}],"coordinates":[{"x":"282.73","y":"78.71"},{"x":"487.35","y":"286.79"}],"confidence":{"state":"pre-added","who":["user:SDTEF"],"prob":1},"fields":{},"normalizations":{}},{"classId":"e_1","part":"s21v1","offsets":[{"start":71,"text":"COMMUNITY RESOURCE CENTER"}],"coordinates":[],"confidence":{"state":"pre-added","who":["ml:regex"],"prob":0.5},"fields":{},"normalizations":{}},{"classId":"e_1","part":"s21v1","offsets":[{"start":247,"text":"COMMUNITY RESOURCE CENTER"}],"coordinates":[],"confidence":{"state":"pre-added","who":["ml:regex"],"prob":0.5},"fields":{},"normalizations":{}}],"relations":[]}