{"annotatable":{"parts":["s1v1","s2v1","s3v1","s4v1","s5v1","s6v1","s7v1","s8v1","s9v1","s10v1","s11v1","s12v1","s13v1","s14v1","s15v1","s16v1","s17v1","s18v1","s19v1","s20v1","s21v1","s22v1","s23v1","s24v1","s25v1","s26v1","s27v1"]},"anncomplete":true,"sources":[{"name":"ORIG","id":"Copy_of_20_21_Agreement___ECTLC_Guard_rails_project.pdf","url":""}],"metas":{"m_24":{"value":"$25,000","confidence":{"state":"pre-added","who":["user:SDTEF"],"prob":1}},"m_22":{"value":"railing replacement","confidence":{"state":"pre-added","who":["user:SDTEF"],"prob":1}},"m_23":{"value":"city and CDBG funds","confidence":{"state":"pre-added","who":["user:SDTEF"],"prob":1}},"m_21":{"value":"LMI","confidence":{"state":"pre-added","who":["user:SDTEF"],"prob":1}}},"entities":[{"classId":"e_19","part":"s1v1","offsets":[{"start":0,"text":"AGREEMENT BETWEEN THE CITY OF EL CAJON AND East County Transitional Living Center, Inc."}],"coordinates":[{"x":"273.85","y":"66.82"},{"x":"407.95","y":"95.52"}],"confidence":{"state":"pre-added","who":["user:SDTEF"],"prob":1},"fields":{},"normalizations":{}},{"classId":"e_7","part":"s1v1","offsets":[{"start":22,"text":"CITY OF EL CAJON"}],"coordinates":[{"x":"285.85","y":"78.34"},{"x":"375.95","y":"84.00"}],"confidence":{"state":"pre-added","who":["user:SDTEF"],"prob":1},"fields":{},"normalizations":{}},{"classId":"e_1","part":"s1v1","offsets":[{"start":43,"text":"East County Transitional Living Center, Inc."}],"coordinates":[{"x":"202.57","y":"89.99"},{"x":"407.95","y":"95.52"}],"confidence":{"state":"pre-added","who":["user:SDTEF"],"prob":1},"fields":{},"normalizations":{}},{"classId":"e_7","part":"s1v1","offsets":[{"start":189,"text":"CITY OF EL CAJON"}],"coordinates":[],"confidence":{"state":"pre-added","who":["ml:regex"],"prob":0.5},"fields":{},"normalizations":{}},{"classId":"e_1","part":"s1v1","offsets":[{"start":267,"text":"East County Transitional Living Center, Inc."}],"coordinates":[],"confidence":{"state":"pre-added","who":["ml:regex"],"prob":0.5},"fields":{},"normalizations":{}},{"classId":"e_7","part":"s1v1","offsets":[{"start":465,"text":"City of El Cajon"}],"coordinates":[],"confidence":{"state":"pre-added","who":["ml:regex"],"prob":0.5},"fields":{},"normalizations":{}},{"classId":"e_4","part":"s1v1","offsets":[{"start":738,"text":"Railing Replacement at 1527 E. Main Street\""}],"coordinates":[{"x":"152.98","y":"200.14"},{"x":"357.89","y":"205.67"}],"confidence":{"state":"pre-added","who":["user:SDTEF"],"prob":1},"fields":{},"normalizations":{}},{"classId":"e_5","part":"s1v1","offsets":[{"start":761,"text":"1527 E. Main Street\""}],"coordinates":[{"x":"264.48","y":"200.14"},{"x":"357.89","y":"205.67"}],"confidence":{"state":"pre-added","who":["user:SDTEF"],"prob":1},"fields":{},"normalizations":{}},{"classId":"e_4","part":"s1v1","offsets":[{"start":1400,"text":"Railing Replacement at 1527 E. Main Street"}],"coordinates":[{"x":"234.96","y":"327.94"},{"x":"443.74","y":"333.60"}],"confidence":{"state":"pre-added","who":["user:SDTEF"],"prob":1},"fields":{},"normalizations":{}},{"classId":"e_7","part":"s1v1","offsets":[{"start":1739,"text":"City of El Cajon"}],"coordinates":[],"confidence":{"state":"pre-added","who":["ml:regex"],"prob":0.5},"fields":{},"normalizations":{}},{"classId":"e_8","part":"s1v1","offsets":[{"start":2014,"text":"Time of Performance:\n\nSaid services of the Subrecipient are to commence no sooner than July 1, 2020 and shall be completed no later than June 30, 2021."}],"coordinates":[{"x":"90.96","y":"496.66"},{"x":"215.03","y":"531.36"}],"confidence":{"state":"pre-added","who":["user:SDTEF"],"prob":1},"fields":{},"normalizations":{}},{"classId":"e_2","part":"s1v1","offsets":[{"start":2170,"text":"Compensation and Method of Payment:\n\n7.\n\nThe City shall reimburse the Subrecipient for allowable costs incurred under the scope of the Agreement and applicable Federal regulations, which have not been paid for or reimbursed in any other manner by any other Agency or private source of funding. The total of all reimbursements shall not exceed Twenty Five Thousand and no/100s dollars ($25,000.00)."}],"coordinates":[{"x":"90.96","y":"543.22"},{"x":"352.21","y":"600.96"}],"confidence":{"state":"pre-added","who":["user:SDTEF"],"prob":1},"fields":{},"normalizations":{}},{"classId":"e_3","part":"s3v1","offsets":[{"start":2001,"text":"Beneficiary Qualification:\n\nThe Subrecipient agrees to guarantee that at least fifty-one percent (51%) of the beneficiaries of the program identified in Exhibit \"A,\" Scope of Work and Budget, are low and moderate income persons or households. Under the CDBG regulations, the following clienteles are presumed to be low and moderate income persons and can qualify for service regardless of income: abused children, elderly persons, battered spouses, homeless persons, disabled persons, illiterate persons, and migrant farm workers. Beneficiaries qualifying on the basis of income shall have an annual income equal to or less than the current applicable Income Limits schedule published by HUD for the San Diego MSA, which defines the maximum income for low and moderate income households. The Subrecipient is responsible for obtaining the current applicable HUD Income Limits schedule for each year of the Agreement term identified in Paragraph 6, Time of Performance. The Subrecipient shall retain these forms for three (3) years after conclusion of the Agreement."}],"coordinates":[{"x":"92.64","y":"356.92"},{"x":"270.30","y":"495.36"}],"confidence":{"state":"pre-added","who":["user:SDTEF"],"prob":1},"fields":{},"normalizations":{}},{"classId":"e_7","part":"s4v1","offsets":[{"start":117,"text":"CDBG funds"}],"coordinates":[],"confidence":{"state":"pre-added","who":["ml:regex"],"prob":0.5},"fields":{},"normalizations":{}},{"classId":"e_7","part":"s4v1","offsets":[{"start":228,"text":"CDBG funds"}],"coordinates":[{"x":"400.57","y":"114.10"},{"x":"456.45","y":"119.76"}],"confidence":{"state":"pre-added","who":["user:SDTEF"],"prob":1},"fields":{},"normalizations":{}},{"classId":"e_7","part":"s4v1","offsets":[{"start":742,"text":"CDBG funds"}],"coordinates":[],"confidence":{"state":"pre-added","who":["ml:regex"],"prob":0.5},"fields":{},"normalizations":{}},{"classId":"e_7","part":"s4v1","offsets":[{"start":862,"text":"CDBG funds"}],"coordinates":[],"confidence":{"state":"pre-added","who":["ml:regex"],"prob":0.5},"fields":{},"normalizations":{}},{"classId":"e_7","part":"s4v1","offsets":[{"start":1039,"text":"CDBG funds"}],"coordinates":[],"confidence":{"state":"pre-added","who":["ml:regex"],"prob":0.5},"fields":{},"normalizations":{}},{"classId":"e_7","part":"s4v1","offsets":[{"start":1572,"text":"CDBG funds"}],"coordinates":[],"confidence":{"state":"pre-added","who":["ml:regex"],"prob":0.5},"fields":{},"normalizations":{}},{"classId":"e_7","part":"s5v1","offsets":[{"start":3046,"text":"CDBG funds"}],"coordinates":[],"confidence":{"state":"pre-added","who":["ml:regex"],"prob":0.5},"fields":{},"normalizations":{}},{"classId":"e_7","part":"s5v1","offsets":[{"start":3962,"text":"CDBG funds"}],"coordinates":[],"confidence":{"state":"pre-added","who":["ml:regex"],"prob":0.5},"fields":{},"normalizations":{}},{"classId":"e_7","part":"s6v1","offsets":[{"start":2066,"text":"CDBG funds"}],"coordinates":[],"confidence":{"state":"pre-added","who":["ml:regex"],"prob":0.5},"fields":{},"normalizations":{}},{"classId":"e_7","part":"s6v1","offsets":[{"start":2700,"text":"CDBG funds"}],"coordinates":[],"confidence":{"state":"pre-added","who":["ml:regex"],"prob":0.5},"fields":{},"normalizations":{}},{"classId":"e_7","part":"s6v1","offsets":[{"start":4028,"text":"CDBG funds"}],"coordinates":[],"confidence":{"state":"pre-added","who":["ml:regex"],"prob":0.5},"fields":{},"normalizations":{}},{"classId":"e_7","part":"s7v1","offsets":[{"start":454,"text":"CDBG funds"}],"coordinates":[],"confidence":{"state":"pre-added","who":["ml:regex"],"prob":0.5},"fields":{},"normalizations":{}},{"classId":"e_7","part":"s7v1","offsets":[{"start":560,"text":"CDBG funds"}],"coordinates":[],"confidence":{"state":"pre-added","who":["ml:regex"],"prob":0.5},"fields":{},"normalizations":{}},{"classId":"e_7","part":"s7v1","offsets":[{"start":2368,"text":"CDBG funds"}],"coordinates":[],"confidence":{"state":"pre-added","who":["ml:regex"],"prob":0.5},"fields":{},"normalizations":{}},{"classId":"e_7","part":"s7v1","offsets":[{"start":2910,"text":"CDBG funds"}],"coordinates":[],"confidence":{"state":"pre-added","who":["ml:regex"],"prob":0.5},"fields":{},"normalizations":{}},{"classId":"e_7","part":"s7v1","offsets":[{"start":3340,"text":"CDBG funds"}],"coordinates":[],"confidence":{"state":"pre-added","who":["ml:regex"],"prob":0.5},"fields":{},"normalizations":{}},{"classId":"e_7","part":"s9v1","offsets":[{"start":865,"text":"CDBG funds"}],"coordinates":[],"confidence":{"state":"pre-added","who":["ml:regex"],"prob":0.5},"fields":{},"normalizations":{}},{"classId":"e_7","part":"s9v1","offsets":[{"start":2028,"text":"CDBG funds"}],"coordinates":[],"confidence":{"state":"pre-added","who":["ml:regex"],"prob":0.5},"fields":{},"normalizations":{}},{"classId":"e_7","part":"s9v1","offsets":[{"start":2284,"text":"CDBG funds"}],"coordinates":[],"confidence":{"state":"pre-added","who":["ml:regex"],"prob":0.5},"fields":{},"normalizations":{}},{"classId":"e_7","part":"s9v1","offsets":[{"start":3388,"text":"City of El Cajon"}],"coordinates":[],"confidence":{"state":"pre-added","who":["ml:regex"],"prob":0.5},"fields":{},"normalizations":{}},{"classId":"e_1","part":"s9v1","offsets":[{"start":3463,"text":"East .County Transitional Living Center, Inc. Attn: Harold H. Brown, Chief Executive Officer 1527 East Main Street El Cajon, CA 92021"}],"coordinates":[{"x":"309.85","y":"647.38"},{"x":"398.77","y":"710.40"}],"confidence":{"state":"pre-added","who":["user:SDTEF"],"prob":1},"fields":{},"normalizations":{}},{"classId":"e_7","part":"s10v1","offsets":[{"start":887,"text":"CITY OF EL CAJON"}],"coordinates":[],"confidence":{"state":"pre-added","who":["ml:regex"],"prob":0.5},"fields":{},"normalizations":{}},{"classId":"e_4","part":"s11v1","offsets":[{"start":0,"text":"EXHIBIT \"A\" SCOPE OF WORK AND BUDGET\n\nProject:\n\nRailing Replacement at 1527 E. Main Street\n\nContact Person: Harold H. Brown, Chief Executive Officer (619-977-0633)\n\nStatement of Work: The Subrecipient agrees to use the Community Development Block Grant funds allocated by the City for Fiscal Year 2020-2021 to provide the Railing Replacement at 1527 E. Main Street Program/Project in the City of El Cajon.\n\nSection 1 - Work Description:\n\n(To be completed by Subrecipient-must reflect work activities approved by City Council)\n\n~ /v--~-bd-R, ~J ~ °o\"\"~ ....,(3) ~tCW\",.e af\n\na. \"'0e:tl~"}],"coordinates":[{"x":"276.24","y":"41.99"},{"x":"156.72","y":"216.24"}],"confidence":{"state":"pre-added","who":["user:SDTEF"],"prob":1},"fields":{},"normalizations":{}},{"classId":"e_4","part":"s11v1","offsets":[{"start":48,"text":"Railing Replacement at 1527 E. Main Street"}],"coordinates":[],"confidence":{"state":"pre-added","who":["ml:regex"],"prob":0.5},"fields":{},"normalizations":{}},{"classId":"e_4","part":"s11v1","offsets":[{"start":322,"text":"Railing Replacement at 1527 E. Main Street"}],"coordinates":[],"confidence":{"state":"pre-added","who":["ml:regex"],"prob":0.5},"fields":{},"normalizations":{}},{"classId":"e_7","part":"s11v1","offsets":[{"start":388,"text":"City of El Cajon"}],"coordinates":[],"confidence":{"state":"pre-added","who":["ml:regex"],"prob":0.5},"fields":{},"normalizations":{}},{"classId":"e_6","part":"s11v1","offsets":[{"start":1943,"text":"Section 3 - Kiil Program Goals and Timeline In addition~East County Transitional Living Center, Inc. will provide ~.....,..\\~\n\n( :).:Si:>)\n\nindividuals with s~l,:s in~y of ~period\n\nof July 1, 2020 to June 30, 2021."}],"coordinates":[{"x":"54.97","y":"549.21"},{"x":"419.55","y":"589.43"}],"confidence":{"state":"pre-added","who":["user:SDTEF"],"prob":1},"fields":{},"normalizations":{}},{"classId":"e_1","part":"s11v1","offsets":[{"start":1999,"text":"East County Transitional Living Center, Inc."}],"coordinates":[],"confidence":{"state":"pre-added","who":["ml:regex"],"prob":0.5},"fields":{},"normalizations":{}},{"classId":"e_8","part":"s11v1","offsets":[{"start":2124,"text":"of July 1, 2020 to June 30, 2021."}],"coordinates":[{"x":"270.48","y":"583.77"},{"x":"419.55","y":"589.43"}],"confidence":{"state":"pre-added","who":["user:SDTEF"],"prob":1},"fields":{},"normalizations":{}},{"classId":"e_2","part":"s11v1","offsets":[{"start":2159,"text":"Section 4 - Budget\n\nThe City agrees to pay Subrecipient a total sum of Twenty Five Thousand and no/100s ($25,000.00) to assist in the completion of improvements and provision of the above mentioned services. It is further agreed that no funding shall be disbursed unless the Subrecipient is in full compliance with the provisions of this Agreement. The City shall make payment of these funds on a reimbursement basis contingent upon a written request and submittal of receipts or appropriate proof of payment from the Subrecipient. Payments will not be paid unless and until periodic reports are current. Payments may be made on a monthly or quarterly basis, at the Subrecipient's option."}],"coordinates":[{"x":"54.72","y":"601.54"},{"x":"148.94","y":"693.36"}],"confidence":{"state":"pre-added","who":["user:SDTEF"],"prob":1},"fields":{},"normalizations":{}},{"classId":"e_4","part":"s12v1","offsets":[{"start":85,"text":"Railing Replacement at 1527 E. Main Street"}],"coordinates":[],"confidence":{"state":"pre-added","who":["ml:regex"],"prob":0.5},"fields":{},"normalizations":{}},{"classId":"e_7","part":"s12v1","offsets":[{"start":1468,"text":"CDBG funds"}],"coordinates":[],"confidence":{"state":"pre-added","who":["ml:regex"],"prob":0.5},"fields":{},"normalizations":{}},{"classId":"e_7","part":"s12v1","offsets":[{"start":1544,"text":"City of El Cajon"}],"coordinates":[],"confidence":{"state":"pre-added","who":["ml:regex"],"prob":0.5},"fields":{},"normalizations":{}},{"classId":"e_7","part":"s13v1","offsets":[{"start":228,"text":"City of El Cajon"}],"coordinates":[],"confidence":{"state":"pre-added","who":["ml:regex"],"prob":0.5},"fields":{},"normalizations":{}},{"classId":"e_7","part":"s14v1","offsets":[{"start":0,"text":"CITY OF EL CAJON"}],"coordinates":[],"confidence":{"state":"pre-added","who":["ml:regex"],"prob":0.5},"fields":{},"normalizations":{}},{"classId":"e_4","part":"s15v1","offsets":[{"start":205,"text":"This form must be completed for projects providing eligible CDBG/HOME activities to Low to Moderate Income residents of the City of El Cajon."}],"coordinates":[{"x":"333.85","y":"70.80"},{"x":"358.40","y":"87.12"}],"confidence":{"state":"pre-added","who":["user:SDTEF"],"prob":1},"fields":{},"normalizations":{}},{"classId":"e_3","part":"s15v1","offsets":[{"start":289,"text":"Low to Moderate Income residents"}],"coordinates":[{"x":"144.01","y":"82.32"},{"x":"267.94","y":"87.12"}],"confidence":{"state":"pre-added","who":["user:SDTEF"],"prob":1},"fields":{},"normalizations":{}},{"classId":"e_7","part":"s15v1","offsets":[{"start":329,"text":"City of El Cajon"}],"coordinates":[],"confidence":{"state":"pre-added","who":["ml:regex"],"prob":0.5},"fields":{},"normalizations":{}},{"classId":"e_7","part":"s16v1","offsets":[{"start":31,"text":"CITY OF EL CAJON"}],"coordinates":[],"confidence":{"state":"pre-added","who":["ml:regex"],"prob":0.5},"fields":{},"normalizations":{}},{"classId":"e_7","part":"s17v1","offsets":[{"start":22,"text":"CITY OF EL CAJON"}],"coordinates":[],"confidence":{"state":"pre-added","who":["ml:regex"],"prob":0.5},"fields":{},"normalizations":{}},{"classId":"e_7","part":"s18v1","offsets":[{"start":32,"text":"CITY OF EL CAJON"}],"coordinates":[],"confidence":{"state":"pre-added","who":["ml:regex"],"prob":0.5},"fields":{},"normalizations":{}},{"classId":"e_7","part":"s19v1","offsets":[{"start":22,"text":"CITY OF EL CAJON"}],"coordinates":[],"confidence":{"state":"pre-added","who":["ml:regex"],"prob":0.5},"fields":{},"normalizations":{}},{"classId":"e_7","part":"s20v1","offsets":[{"start":10,"text":"CITY OF EL CAJON"}],"coordinates":[],"confidence":{"state":"pre-added","who":["ml:regex"],"prob":0.5},"fields":{},"normalizations":{}},{"classId":"e_7","part":"s20v1","offsets":[{"start":301,"text":"City of El Cajon"}],"coordinates":[],"confidence":{"state":"pre-added","who":["ml:regex"],"prob":0.5},"fields":{},"normalizations":{}},{"classId":"e_7","part":"s20v1","offsets":[{"start":929,"text":"City of El Cajon"}],"coordinates":[],"confidence":{"state":"pre-added","who":["ml:regex"],"prob":0.5},"fields":{},"normalizations":{}},{"classId":"e_7","part":"s21v1","offsets":[{"start":22,"text":"CITY OF EL CAJON"}],"coordinates":[],"confidence":{"state":"pre-added","who":["ml:regex"],"prob":0.5},"fields":{},"normalizations":{}},{"classId":"e_7","part":"s22v1","offsets":[{"start":22,"text":"CITY OF EL CAJON"}],"coordinates":[],"confidence":{"state":"pre-added","who":["ml:regex"],"prob":0.5},"fields":{},"normalizations":{}},{"classId":"e_7","part":"s24v1","offsets":[{"start":1017,"text":"City of El Cajon"}],"coordinates":[],"confidence":{"state":"pre-added","who":["ml:regex"],"prob":0.5},"fields":{},"normalizations":{}},{"classId":"e_7","part":"s24v1","offsets":[{"start":1092,"text":"City of El Cajon"}],"coordinates":[],"confidence":{"state":"pre-added","who":["ml:regex"],"prob":0.5},"fields":{},"normalizations":{}},{"classId":"e_1","part":"s25v1","offsets":[{"start":1576,"text":"East County Transitional Living Center, Inc."}],"coordinates":[],"confidence":{"state":"pre-added","who":["ml:regex"],"prob":0.5},"fields":{},"normalizations":{}},{"classId":"e_1","part":"s27v1","offsets":[{"start":507,"text":"East County Transitional Living Center, Inc."}],"coordinates":[],"confidence":{"state":"pre-added","who":["ml:regex"],"prob":0.5},"fields":{},"normalizations":{}}],"relations":[]}