{"annotatable":{"parts":["s1v1","s2v1","s3v1","s4v1","s5v1","s6v1","s7v1","s8v1","s9v1","s10v1"]},"anncomplete":true,"sources":[{"name":"ORIG","id":"Copy_of_Home_Start_Inc.pdf","url":""}],"metas":{"m_24":{"value":"$8,063.72","confidence":{"state":"pre-added","who":["user:SDTEF"],"prob":1}},"m_22":{"value":"outreach, emergency hygiene kits and food packs, transportation to shelter or medical agency, support services","confidence":{"state":"pre-added","who":["user:SDTEF"],"prob":1}},"m_23":{"value":"city","confidence":{"state":"pre-added","who":["user:SDTEF"],"prob":1}}},"entities":[{"classId":"e_4","part":"s1v1","offsets":[{"start":0,"text":"SCOPE OF SERVICES\n\nThe CONTRACTOR shall perform targeted street -based homeless outreach and provide support services"}],"coordinates":[],"confidence":{"state":"","who":["ml:nalaf"],"prob":0.8410574953095616},"fields":{},"normalizations":{}},{"classId":"e_5","part":"s1v1","offsets":[{"start":0,"text":"SCOPE OF SERVICES\n\nThe CONTRACTOR shall perform targeted street -based homeless outreach and provide support services independent or in collaboration with the San Diego County Sheriffs Department, Lemon Grove Substation to the City of Lemon Grove."}],"coordinates":[],"confidence":{"state":"","who":["ml:nalaf"],"prob":0.728197669062536},"fields":{},"normalizations":{}},{"classId":"e_6","part":"s1v1","offsets":[{"start":0,"text":"SCOPE OF SERVICES\n\nThe CONTRACTOR shall perform targeted street -based homeless outreach and provide support services independent or in collaboration with the San Diego County Sheriffs Department, Lemon Grove Substation to the City of Lemon Grove."}],"coordinates":[],"confidence":{"state":"","who":["ml:nalaf"],"prob":0.9708161096153705},"fields":{},"normalizations":{}},{"classId":"e_7","part":"s1v1","offsets":[{"start":159,"text":"San Diego County Sheriffs Department, Lemon Grove Substation"}],"coordinates":[{"x":"431.04","y":"147.72"},{"x":"314.62","y":"167.28"}],"confidence":{"state":"pre-added","who":["user:SDTEF"],"prob":1},"fields":{},"normalizations":{}},{"classId":"e_7","part":"s1v1","offsets":[{"start":227,"text":"City of Lemon Grove."}],"coordinates":[{"x":"354.00","y":"160.92"},{"x":"458.86","y":"167.28"}],"confidence":{"state":"pre-added","who":["user:SDTEF"],"prob":1},"fields":{},"normalizations":{}},{"classId":"e_4","part":"s1v1","offsets":[{"start":249,"text":"In collaboration shall mean that the CONTRACTOR, Home Start, Inc. will partner with the San Diego County Sheriffs Department, Lemon Grove Substation to form a four - person team comprised of two"}],"coordinates":[{"x":"83.04","y":"187.32"},{"x":"235.35","y":"219.84"}],"confidence":{"state":"pre-added","who":["user:SDTEF"],"prob":1},"fields":{},"normalizations":{}},{"classId":"e_4","part":"s1v1","offsets":[{"start":444,"text":"homeless outreach specialists and two deputies that will assist individuals experiencing homelessness by providing emergency hygiene kits and food packs, providing transportation to a shelter or medical agency, and/ or facilitating support services."}],"coordinates":[],"confidence":{"state":"","who":["ml:nalaf"],"prob":0.8231195401677639},"fields":{},"normalizations":{}},{"classId":"e_4","part":"s1v1","offsets":[{"start":694,"text":"Independent shall mean that Home Start, Inc. will provide homeless outreach without the collaboration to assist individuals experiencing homelessness by providing emergency hygiene kits and food packs, providing transportation to a shelter or medical agency, and/ or facilitating support services."}],"coordinates":[],"confidence":{"state":"","who":["ml:nalaf"],"prob":0.8996164272931064},"fields":{},"normalizations":{}},{"classId":"e_4","part":"s1v1","offsets":[{"start":993,"text":"The CITY shall provide the CONTRACTOR emergency hygiene kits and food packs to distribute to individuals experiencing homelessness."}],"coordinates":[{"x":"82.08","y":"319.08"},{"x":"345.65","y":"338.88"}],"confidence":{"state":"pre-added","who":["user:SDTEF"],"prob":1},"fields":{},"normalizations":{}},{"classId":"e_4","part":"s1v1","offsets":[{"start":1125,"text":"Distribution of Emergency hygiene kits shall include, but will not be limited to, the following items: face coverings, gloves, sanitizer, soap, shampoo, toothbrush and toothpaste, socks, and a razor and shaving cream."}],"coordinates":[],"confidence":{"state":"","who":["ml:nalaf"],"prob":0.964876390657463},"fields":{},"normalizations":{}},{"classId":"e_4","part":"s1v1","offsets":[{"start":1343,"text":"Distribution of food packs can include, but will not be limited to, the following items: water, juice boxes, fruit snacks, crackers, pudding cups, and cookie bags."}],"coordinates":[],"confidence":{"state":"","who":["ml:nalaf"],"prob":0.7479485675225049},"fields":{},"normalizations":{}},{"classId":"e_6","part":"s1v1","offsets":[{"start":1508,"text":"The CONTRACTOR shall coordinate transportation to a shelter or hospital for individuals that require this assistance."}],"coordinates":[],"confidence":{"state":"","who":["ml:nalaf"],"prob":0.9528143375512895},"fields":{},"normalizations":{}},{"classId":"e_2","part":"s1v1","offsets":[{"start":1541,"text":"r"}],"coordinates":[{"x":"297.05","y":"411.54"},{"x":"300.42","y":"416.16"}],"confidence":{"state":"pre-added","who":["user:SDTEF"],"prob":1},"fields":{},"normalizations":{}},{"classId":"e_4","part":"s1v1","offsets":[{"start":1627,"text":"The CONTRACTOR shall provide the CITY a synopsis associated with the homeless outreach and support services that are provided on a monthly basis or when requested."}],"coordinates":[],"confidence":{"state":"","who":["ml:nalaf"],"prob":0.8811013937932576},"fields":{},"normalizations":{}},{"classId":"e_6","part":"s1v1","offsets":[{"start":1627,"text":"The CONTRACTOR shall provide the CITY a synopsis associated with the homeless outreach and support services that are provided on a monthly basis or when requested."}],"coordinates":[],"confidence":{"state":"","who":["ml:nalaf"],"prob":0.9657346532878966},"fields":{},"normalizations":{}},{"classId":"e_8","part":"s1v1","offsets":[{"start":1627,"text":"The CONTRACTOR shall provide the CITY a synopsis associated with the homeless outreach and support services that are provided on a monthly basis or when requested."}],"coordinates":[],"confidence":{"state":"","who":["ml:nalaf"],"prob":0.6461981337449989},"fields":{},"normalizations":{}},{"classId":"e_4","part":"s1v1","offsets":[{"start":1792,"text":"The CONTRACTOR shall continue to perform homeless outreach and support services"}],"coordinates":[],"confidence":{"state":"","who":["ml:nalaf"],"prob":0.7490077504077747},"fields":{},"normalizations":{}},{"classId":"e_6","part":"s1v1","offsets":[{"start":1792,"text":"The CONTRACTOR shall continue to perform homeless outreach and support services until all funds have been exhausted or January 20, 2022, whichever date comes first."}],"coordinates":[],"confidence":{"state":"","who":["ml:nalaf"],"prob":0.9751094858414726},"fields":{},"normalizations":{}},{"classId":"e_8","part":"s1v1","offsets":[{"start":1792,"text":"The CONTRACTOR shall continue to perform homeless outreach and support services until all funds have been exhausted or January 20, 2022"}],"coordinates":[],"confidence":{"state":"","who":["ml:nalaf"],"prob":0.699298969093408},"fields":{},"normalizations":{}},{"classId":"e_6","part":"s1v1","offsets":[{"start":1958,"text":"The CITY will provide compensation and payment to the CONTRACTOR for the costs associated with the performance of the services that are outlined below."}],"coordinates":[],"confidence":{"state":"","who":["ml:nalaf"],"prob":0.9777944193812373},"fields":{},"normalizations":{}},{"classId":"e_4","part":"s1v1","offsets":[{"start":2111,"text":"Budget Item\n\nRate Hours Worked/ Total Costs\n\nQuantity Homeless Outreach Specialist 28."}],"coordinates":[],"confidence":{"state":"","who":["ml:nalaf"],"prob":0.6781064579943121},"fields":{},"normalizations":{}},{"classId":"e_2","part":"s1v1","offsets":[{"start":2111,"text":"Budget Item\n\nRate Hours Worked/ Total Costs\n\nQuantity Homeless Outreach Specialist 28."}],"coordinates":[],"confidence":{"state":"pre-added","who":["ml:nalaf","user:SDTEF"],"prob":1},"fields":{},"normalizations":{}},{"classId":"e_2","part":"s1v1","offsets":[{"start":2198,"text":"13 122\n\n3, 431."}],"coordinates":[],"confidence":{"state":"pre-added","who":["ml:nalaf","user:SDTEF"],"prob":1},"fields":{},"normalizations":{}},{"classId":"e_2","part":"s1v1","offsets":[{"start":2218,"text":"including Indirect Costs\n\nHomeless Outreach Specialist 28. 13 122\n\n3, 431. 86\n\nincluding Indirect Costs)"}],"coordinates":[{"x":"92.16","y":"607.66"},{"x":"200.79","y":"637.68"}],"confidence":{"state":"pre-added","who":["user:SDTEF"],"prob":1},"fields":{},"normalizations":{}},{"classId":"e_2","part":"s1v1","offsets":[{"start":2324,"text":"Ride Share To Shelter for 20 60\n\n1, 200\n\nHomeless\n\n3, 063. 72"}],"coordinates":[{"x":"88.80","y":"656.91"},{"x":"438.18","y":"684.96"}],"confidence":{"state":"pre-added","who":["user:SDTEF"],"prob":1},"fields":{},"normalizations":{}},{"classId":"e_2","part":"s2v1","offsets":[{"start":0,"text":"None"}],"coordinates":[],"confidence":{"state":"","who":["ml:nalaf"],"prob":0.5191331445134356},"fields":{},"normalizations":{}},{"classId":"e_5","part":"s2v1","offsets":[{"start":0,"text":"None"}],"coordinates":[],"confidence":{"state":"","who":["ml:nalaf"],"prob":0.9865197425303439},"fields":{},"normalizations":{}},{"classId":"e_6","part":"s2v1","offsets":[{"start":0,"text":"None"}],"coordinates":[],"confidence":{"state":"","who":["ml:nalaf"],"prob":0.9702725072917818},"fields":{},"normalizations":{}},{"classId":"e_8","part":"s2v1","offsets":[{"start":0,"text":"None"}],"coordinates":[],"confidence":{"state":"","who":["ml:nalaf"],"prob":0.39950026001413286},"fields":{},"normalizations":{}},{"classId":"e_2","part":"s3v1","offsets":[{"start":0,"text":"None"}],"coordinates":[],"confidence":{"state":"","who":["ml:nalaf"],"prob":0.5191331445134356},"fields":{},"normalizations":{}},{"classId":"e_5","part":"s3v1","offsets":[{"start":0,"text":"None"}],"coordinates":[],"confidence":{"state":"","who":["ml:nalaf"],"prob":0.9865197425303439},"fields":{},"normalizations":{}},{"classId":"e_6","part":"s3v1","offsets":[{"start":0,"text":"None"}],"coordinates":[],"confidence":{"state":"","who":["ml:nalaf"],"prob":0.9702725072917818},"fields":{},"normalizations":{}},{"classId":"e_8","part":"s3v1","offsets":[{"start":0,"text":"None"}],"coordinates":[],"confidence":{"state":"","who":["ml:nalaf"],"prob":0.39950026001413286},"fields":{},"normalizations":{}},{"classId":"e_2","part":"s4v1","offsets":[{"start":0,"text":"None"}],"coordinates":[],"confidence":{"state":"","who":["ml:nalaf"],"prob":0.5191331445134356},"fields":{},"normalizations":{}},{"classId":"e_5","part":"s4v1","offsets":[{"start":0,"text":"None"}],"coordinates":[],"confidence":{"state":"","who":["ml:nalaf"],"prob":0.9865197425303439},"fields":{},"normalizations":{}},{"classId":"e_6","part":"s4v1","offsets":[{"start":0,"text":"None"}],"coordinates":[],"confidence":{"state":"","who":["ml:nalaf"],"prob":0.9702725072917818},"fields":{},"normalizations":{}},{"classId":"e_8","part":"s4v1","offsets":[{"start":0,"text":"None"}],"coordinates":[],"confidence":{"state":"","who":["ml:nalaf"],"prob":0.39950026001413286},"fields":{},"normalizations":{}},{"classId":"e_2","part":"s5v1","offsets":[{"start":0,"text":"None"}],"coordinates":[],"confidence":{"state":"","who":["ml:nalaf"],"prob":0.5191331445134356},"fields":{},"normalizations":{}},{"classId":"e_5","part":"s5v1","offsets":[{"start":0,"text":"None"}],"coordinates":[],"confidence":{"state":"","who":["ml:nalaf"],"prob":0.9865197425303439},"fields":{},"normalizations":{}},{"classId":"e_6","part":"s5v1","offsets":[{"start":0,"text":"None"}],"coordinates":[],"confidence":{"state":"","who":["ml:nalaf"],"prob":0.9702725072917818},"fields":{},"normalizations":{}},{"classId":"e_8","part":"s5v1","offsets":[{"start":0,"text":"None"}],"coordinates":[],"confidence":{"state":"","who":["ml:nalaf"],"prob":0.39950026001413286},"fields":{},"normalizations":{}},{"classId":"e_2","part":"s6v1","offsets":[{"start":0,"text":"None"}],"coordinates":[],"confidence":{"state":"","who":["ml:nalaf"],"prob":0.5191331445134356},"fields":{},"normalizations":{}},{"classId":"e_5","part":"s6v1","offsets":[{"start":0,"text":"None"}],"coordinates":[],"confidence":{"state":"","who":["ml:nalaf"],"prob":0.9865197425303439},"fields":{},"normalizations":{}},{"classId":"e_6","part":"s6v1","offsets":[{"start":0,"text":"None"}],"coordinates":[],"confidence":{"state":"","who":["ml:nalaf"],"prob":0.9702725072917818},"fields":{},"normalizations":{}},{"classId":"e_8","part":"s6v1","offsets":[{"start":0,"text":"None"}],"coordinates":[],"confidence":{"state":"","who":["ml:nalaf"],"prob":0.39950026001413286},"fields":{},"normalizations":{}},{"classId":"e_2","part":"s7v1","offsets":[{"start":0,"text":"None"}],"coordinates":[],"confidence":{"state":"","who":["ml:nalaf"],"prob":0.5191331445134356},"fields":{},"normalizations":{}},{"classId":"e_5","part":"s7v1","offsets":[{"start":0,"text":"None"}],"coordinates":[],"confidence":{"state":"","who":["ml:nalaf"],"prob":0.9865197425303439},"fields":{},"normalizations":{}},{"classId":"e_6","part":"s7v1","offsets":[{"start":0,"text":"None"}],"coordinates":[],"confidence":{"state":"","who":["ml:nalaf"],"prob":0.9702725072917818},"fields":{},"normalizations":{}},{"classId":"e_8","part":"s7v1","offsets":[{"start":0,"text":"None"}],"coordinates":[],"confidence":{"state":"","who":["ml:nalaf"],"prob":0.39950026001413286},"fields":{},"normalizations":{}},{"classId":"e_2","part":"s8v1","offsets":[{"start":0,"text":"None"}],"coordinates":[],"confidence":{"state":"","who":["ml:nalaf"],"prob":0.5191331445134356},"fields":{},"normalizations":{}},{"classId":"e_5","part":"s8v1","offsets":[{"start":0,"text":"None"}],"coordinates":[],"confidence":{"state":"","who":["ml:nalaf"],"prob":0.9865197425303439},"fields":{},"normalizations":{}},{"classId":"e_6","part":"s8v1","offsets":[{"start":0,"text":"None"}],"coordinates":[],"confidence":{"state":"","who":["ml:nalaf"],"prob":0.9702725072917818},"fields":{},"normalizations":{}},{"classId":"e_8","part":"s8v1","offsets":[{"start":0,"text":"None"}],"coordinates":[],"confidence":{"state":"","who":["ml:nalaf"],"prob":0.39950026001413286},"fields":{},"normalizations":{}},{"classId":"e_2","part":"s9v1","offsets":[{"start":0,"text":"None"}],"coordinates":[],"confidence":{"state":"","who":["ml:nalaf"],"prob":0.5191331445134356},"fields":{},"normalizations":{}},{"classId":"e_5","part":"s9v1","offsets":[{"start":0,"text":"None"}],"coordinates":[],"confidence":{"state":"","who":["ml:nalaf"],"prob":0.9865197425303439},"fields":{},"normalizations":{}},{"classId":"e_6","part":"s9v1","offsets":[{"start":0,"text":"None"}],"coordinates":[],"confidence":{"state":"","who":["ml:nalaf"],"prob":0.9702725072917818},"fields":{},"normalizations":{}},{"classId":"e_8","part":"s9v1","offsets":[{"start":0,"text":"None"}],"coordinates":[],"confidence":{"state":"","who":["ml:nalaf"],"prob":0.39950026001413286},"fields":{},"normalizations":{}},{"classId":"e_2","part":"s10v1","offsets":[{"start":0,"text":"None"}],"coordinates":[],"confidence":{"state":"","who":["ml:nalaf"],"prob":0.5191331445134356},"fields":{},"normalizations":{}},{"classId":"e_5","part":"s10v1","offsets":[{"start":0,"text":"None"}],"coordinates":[],"confidence":{"state":"","who":["ml:nalaf"],"prob":0.9865197425303439},"fields":{},"normalizations":{}},{"classId":"e_6","part":"s10v1","offsets":[{"start":0,"text":"None"}],"coordinates":[],"confidence":{"state":"","who":["ml:nalaf"],"prob":0.9702725072917818},"fields":{},"normalizations":{}},{"classId":"e_8","part":"s10v1","offsets":[{"start":0,"text":"None"}],"coordinates":[],"confidence":{"state":"","who":["ml:nalaf"],"prob":0.39950026001413286},"fields":{},"normalizations":{}}],"relations":[]}