{"annotatable":{"parts":["s1v1","s2v1","s3v1","s4v1","s5v1","s6v1","s7v1","s8v1","s9v1","s10v1","s11v1","s12v1","s13v1","s14v1","s15v1","s16v1","s17v1","s18v1","s19v1","s20v1","s21v1","s22v1","s23v1"]},"anncomplete":true,"sources":[],"metas":{"m_21":{"value":"low income","confidence":{"state":"pre-added","who":["user:SDTEF"],"prob":1}},"m_24":{"value":"$32,000; 34,518","confidence":{"state":"pre-added","who":["user:SDTEF"],"prob":1}},"m_22":{"value":"facility improvements","confidence":{"state":"pre-added","who":["user:SDTEF"],"prob":1}},"m_23":{"value":"city and CDBG funds","confidence":{"state":"pre-added","who":["user:SDTEF"],"prob":1}}},"entities":[{"classId":"e_19","part":"s1v1","offsets":[{"start":0,"text":"AGREEMENT BETWEEN THE CITY OF ENCINITAS AND COMMUNITY RESOURCE CENTER FOR THE USE OF COMMUNITY DEVELOPMENT BLOCK GRANT FUNDS"}],"coordinates":[{"x":"76.80","y":"62.02"},{"x":"534.73","y":"82.60"}],"confidence":{"state":"pre-added","who":["user:SDTEF"],"prob":1},"fields":{},"normalizations":{}},{"classId":"e_7","part":"s1v1","offsets":[{"start":22,"text":"CITY OF ENCINITAS"}],"coordinates":[{"x":"246.50","y":"62.32"},{"x":"359.70","y":"68.90"}],"confidence":{"state":"pre-added","who":["user:SDTEF"],"prob":1},"fields":{},"normalizations":{}},{"classId":"e_1","part":"s1v1","offsets":[{"start":44,"text":"COMMUNITY RESOURCE CENTER"}],"coordinates":[{"x":"393.10","y":"62.32"},{"x":"126.42","y":"82.30"}],"confidence":{"state":"pre-added","who":["user:SDTEF"],"prob":1},"fields":{},"normalizations":{}},{"classId":"e_7","part":"s1v1","offsets":[{"start":85,"text":"COMMUNITY DEVELOPMENT BLOCK GRANT FUNDS"}],"coordinates":[{"x":"233.50","y":"76.02"},{"x":"534.73","y":"82.60"}],"confidence":{"state":"pre-added","who":["user:SDTEF"],"prob":1},"fields":{},"normalizations":{}},{"classId":"e_4","part":"s1v1","offsets":[{"start":126,"text":"Project: CRC Facility Improvements)"}],"coordinates":[{"x":"206.63","y":"89.62"},{"x":"411.30","y":"96.20"}],"confidence":{"state":"pre-added","who":["user:SDTEF"],"prob":1},"fields":{},"normalizations":{}},{"classId":"e_7","part":"s1v1","offsets":[{"start":210,"text":"CITY of Encinitas"}],"coordinates":[],"confidence":{"state":"pre-added","who":["ml:regex"],"prob":0.5},"fields":{},"normalizations":{}},{"classId":"e_1","part":"s1v1","offsets":[{"start":321,"text":"Community Resource Center"}],"coordinates":[],"confidence":{"state":"pre-added","who":["ml:regex"],"prob":0.5},"fields":{},"normalizations":{}},{"classId":"e_6","part":"s2v1","offsets":[{"start":1131,"text":"Levels of Accomplishment—Goals and Performance Measures: The levels of accomplishment may include such measures as units rehabilitated; persons or households assisted, or meals served, and should include periods for performance. Refer to Exhibit A for the level of project and program services"}],"coordinates":[{"x":"145.70","y":"375.82"},{"x":"546.40","y":"423.80"}],"confidence":{"state":"pre-added","who":["user:SDTEF"],"prob":1},"fields":{},"normalizations":{}},{"classId":"e_8","part":"s4v1","offsets":[{"start":109,"text":"TERM.\n\nThis agreement shall commence July 1 2018 and shall continue in full force and effect until June 30, 2019, during which time SUBRECIPIENT shall perform the services provided herein. Alternatively, the agreement will be automatically terminated in the event that the United States Government terminates the Community Development Block Grant Program or terminates the Projects, which is the subject of the agreement."}],"coordinates":[{"x":"144.20","y":"116.42"},{"x":"341.98","y":"218.70"}],"confidence":{"state":"pre-added","who":["user:SDTEF"],"prob":1},"fields":{},"normalizations":{}},{"classId":"e_7","part":"s5v1","offsets":[{"start":1356,"text":"CITY of Encinitas"}],"coordinates":[],"confidence":{"state":"pre-added","who":["ml:regex"],"prob":0.5},"fields":{},"normalizations":{}},{"classId":"e_7","part":"s6v1","offsets":[{"start":295,"text":"CITY of Encinitas"}],"coordinates":[],"confidence":{"state":"pre-added","who":["ml:regex"],"prob":0.5},"fields":{},"normalizations":{}},{"classId":"e_7","part":"s7v1","offsets":[{"start":1191,"text":"CITY of Encinitas"}],"coordinates":[],"confidence":{"state":"pre-added","who":["ml:regex"],"prob":0.5},"fields":{},"normalizations":{}},{"classId":"e_7","part":"s18v1","offsets":[{"start":91,"text":"City of Encinitas"}],"coordinates":[],"confidence":{"state":"pre-added","who":["ml:regex"],"prob":0.5},"fields":{},"normalizations":{}},{"classId":"e_1","part":"s18v1","offsets":[{"start":110,"text":"Community Resource Center"}],"coordinates":[],"confidence":{"state":"pre-added","who":["ml:regex"],"prob":0.5},"fields":{},"normalizations":{}},{"classId":"e_1","part":"s18v1","offsets":[{"start":175,"text":"650 2i,d St, Encinitas, CA 92024"}],"coordinates":[{"x":"373.20","y":"122.22"},{"x":"539.60","y":"129.00"}],"confidence":{"state":"pre-added","who":["user:SDTEF"],"prob":1},"fields":{},"normalizations":{}},{"classId":"e_1","part":"s18v1","offsets":[{"start":244,"text":"(760) 230-6308"}],"coordinates":[{"x":"373.40","y":"150.32"},{"x":"453.16","y":"156.80"}],"confidence":{"state":"pre-added","who":["user:SDTEF"],"prob":1},"fields":{},"normalizations":{}},{"classId":"e_1","part":"s18v1","offsets":[{"start":290,"text":"rradosh@crcncc.org"}],"coordinates":[{"x":"373.40","y":"164.22"},{"x":"478.86","y":"170.80"}],"confidence":{"state":"pre-added","who":["user:SDTEF"],"prob":1},"fields":{},"normalizations":{}},{"classId":"e_7","part":"s18v1","offsets":[{"start":1358,"text":"CITY OF ENCINITAS"}],"coordinates":[],"confidence":{"state":"pre-added","who":["ml:regex"],"prob":0.5},"fields":{},"normalizations":{}},{"classId":"e_8","part":"s19v1","offsets":[{"start":30,"text":"Term of Contract: July 1, 2019- June 30, 2020"}],"coordinates":[{"x":"57.90","y":"114.22"},{"x":"300.00","y":"119.55"}],"confidence":{"state":"pre-added","who":["user:SDTEF"],"prob":1},"fields":{},"normalizations":{}},{"classId":"e_1","part":"s19v1","offsets":[{"start":85,"text":"Community Resource Center"}],"coordinates":[],"confidence":{"state":"pre-added","who":["ml:regex"],"prob":0.5},"fields":{},"normalizations":{}},{"classId":"e_1","part":"s19v1","offsets":[{"start":152,"text":"Contact Person: Richard Radosh"}],"coordinates":[{"x":"58.60","y":"191.22"},{"x":"231.50","y":"196.75"}],"confidence":{"state":"pre-added","who":["user:SDTEF"],"prob":1},"fields":{},"normalizations":{}},{"classId":"e_1","part":"s19v1","offsets":[{"start":190,"text":"(760) 230-6308"}],"coordinates":[],"confidence":{"state":"pre-added","who":["ml:regex"],"prob":0.5},"fields":{},"normalizations":{}},{"classId":"e_4","part":"s19v1","offsets":[{"start":206,"text":"Project Name: CRC Facility Improvements"}],"coordinates":[{"x":"59.00","y":"216.62"},{"x":"281.75","y":"222.06"}],"confidence":{"state":"pre-added","who":["user:SDTEF"],"prob":1},"fields":{},"normalizations":{}},{"classId":"e_3","part":"s19v1","offsets":[{"start":247,"text":"Target: Low-income and episodically homeless individuals and households"}],"coordinates":[{"x":"58.60","y":"242.62"},{"x":"452.10","y":"246.78"}],"confidence":{"state":"pre-added","who":["user:SDTEF"],"prob":1},"fields":{},"normalizations":{}},{"classId":"e_4","part":"s19v1","offsets":[{"start":350,"text":"Project description: The project includes a renovation in the Food Distribution Center to widen the narrow hallway where food boxes of fruit and vegetables are being brought in for sorting distribution and modifying the wall and doorways for more efficient passage for volunteers. This project also includes the resurfacing of the floor in the interior hallway and refinishing the surface of one wall and the hallway ceiling."}],"coordinates":[{"x":"59.40","y":"293.92"},{"x":"241.57","y":"354.52"}],"confidence":{"state":"pre-added","who":["user:SDTEF"],"prob":1},"fields":{},"normalizations":{}},{"classId":"e_6","part":"s19v1","offsets":[{"start":777,"text":"Goal: To provide better service to our clients and surrounding community, and to provide more efficient use of the Food and Nutrition Center and food sorting and distribution to serve program participants, the Food Distribution Center served 1,568 total participants in 2018 with a total number of visits at 12,949. Approximately 700 Encinitas households will receive services from the Community Resource Center during the program yea"}],"coordinates":[{"x":"59.70","y":"376.52"},{"x":"359.13","y":"437.00"}],"confidence":{"state":"pre-added","who":["user:SDTEF"],"prob":1},"fields":{},"normalizations":{}},{"classId":"e_1","part":"s19v1","offsets":[{"start":1163,"text":"Community Resource Center"}],"coordinates":[],"confidence":{"state":"pre-added","who":["ml:regex"],"prob":0.5},"fields":{},"normalizations":{}},{"classId":"e_6","part":"s19v1","offsets":[{"start":1215,"text":"Objective 1: Improve the Food and Nutrition Center’s space for safe access and walkable passage by widening hallways for volunteers and CRC staff to distribute food items to community participants.\n\nObiective 2: Complete finishing work in hallways, level walkways for new flooring overlay, install new flooring\n\nObjective 3: Bring this highly trafficked area of the Facility up to required codes through this renovation"}],"coordinates":[{"x":"60.20","y":"460.02"},{"x":"114.69","y":"576.82"}],"confidence":{"state":"pre-added","who":["user:SDTEF"],"prob":1},"fields":{},"normalizations":{}},{"classId":"e_7","part":"s20v1","offsets":[{"start":99,"text":"City of Encinitas"}],"coordinates":[],"confidence":{"state":"pre-added","who":["ml:regex"],"prob":0.5},"fields":{},"normalizations":{}},{"classId":"e_1","part":"s23v1","offsets":[{"start":25,"text":"COMMUNITY RESOURCE CENTER"}],"coordinates":[],"confidence":{"state":"pre-added","who":["ml:regex"],"prob":0.5},"fields":{},"normalizations":{}},{"classId":"e_1","part":"s23v1","offsets":[{"start":96,"text":"Community Resource Center"}],"coordinates":[],"confidence":{"state":"pre-added","who":["ml:regex"],"prob":0.5},"fields":{},"normalizations":{}}],"relations":[]}