{"annotatable":{"parts":["s1v1","s2v1","s3v1"]},"anncomplete":true,"sources":[],"metas":{},"entities":[{"classId":"e_19","part":"s1v1","offsets":[{"start":0,"text":"SECOND AMENDMENT TO STANDARD AGREEMENT FOR SERVICES"}],"coordinates":[{"x":"201.37","y":"88.93"},{"x":"384.21","y":"108.23"}],"confidence":{"state":"pre-added","who":["user:SDTEF"],"prob":1},"fields":{},"normalizations":{}},{"classId":"e_7","part":"s1v1","offsets":[{"start":170,"text":"CITY OF POWAY"}],"coordinates":[{"x":"250.32","y":"140.19"},{"x":"335.40","y":"146.16"}],"confidence":{"state":"pre-added","who":["user:SDTEF"],"prob":1},"fields":{},"normalizations":{}},{"classId":"e_1","part":"s1v1","offsets":[{"start":227,"text":"INTERFAITH COMMUNITY SERVICES,"}],"coordinates":[{"x":"83.28","y":"153.38"},{"x":"280.97","y":"159.35"}],"confidence":{"state":"pre-added","who":["user:SDTEF"],"prob":1},"fields":{},"normalizations":{}},{"classId":"e_4","part":"s1v1","offsets":[{"start":584,"text":"regional shelter program (Program)"}],"coordinates":[{"x":"161.76","y":"245.31"},{"x":"317.82","y":"251.28"}],"confidence":{"state":"pre-added","who":["user:SDTEF"],"prob":1},"fields":{},"normalizations":{}},{"classId":"e_8","part":"s1v1","offsets":[{"start":632,"text":"The AGREEMENT has a term of one (1) year, and further provides, inter alia, that the AGREEMENT may be extended for two (2) additional one-year terms upon approval of the CITY's City Manager"}],"coordinates":[{"x":"152.17","y":"272.19"},{"x":"142.90","y":"304.32"}],"confidence":{"state":"pre-added","who":["user:SDTEF"],"prob":1},"fields":{},"normalizations":{}},{"classId":"e_8","part":"s1v1","offsets":[{"start":827,"text":"CITY and CONSULTANT now agree to extend the term of the AGREEMENT for a one-year term, beginning July 1, 2020, and terminating June 30, 2021."}],"coordinates":[{"x":"152.17","y":"324.51"},{"x":"396.55","y":"343.43"}],"confidence":{"state":"pre-added","who":["user:SDTEF"],"prob":1},"fields":{},"normalizations":{}},{"classId":"e_19","part":"s1v1","offsets":[{"start":978,"text":"SECOND AMENDMENT TO STANDARD AGREEMENT FOR SERVICES"}],"coordinates":[],"confidence":{"state":"pre-added","who":["ml:regex"],"prob":0.5},"fields":{},"normalizations":{}},{"classId":"e_7","part":"s2v1","offsets":[{"start":127,"text":"CITY OF POWAY"}],"coordinates":[],"confidence":{"state":"pre-added","who":["ml:regex"],"prob":0.5},"fields":{},"normalizations":{}},{"classId":"e_1","part":"s2v1","offsets":[{"start":263,"text":"INTERFAITH COMMUNITY SERVICES,"}],"coordinates":[],"confidence":{"state":"pre-added","who":["ml:regex"],"prob":0.5},"fields":{},"normalizations":{}},{"classId":"e_7","part":"s3v1","offsets":[{"start":127,"text":"CITY OF POWAY"}],"coordinates":[],"confidence":{"state":"pre-added","who":["ml:regex"],"prob":0.5},"fields":{},"normalizations":{}},{"classId":"e_1","part":"s3v1","offsets":[{"start":313,"text":"INTERFAITH COMMUNITY SERVICES,"}],"coordinates":[],"confidence":{"state":"pre-added","who":["ml:regex"],"prob":0.5},"fields":{},"normalizations":{}}],"relations":[]}