{"annotatable":{"parts":["s1v1","s2v1","s3v1","s4v1","s5v1","s6v1"]},"anncomplete":true,"sources":[],"metas":{"m_20":{"value":"seniors","confidence":{"state":"pre-added","who":["user:SDTEF"],"prob":1}},"m_24":{"value":"$337,645.09","confidence":{"state":"pre-added","who":["user:SDTEF"],"prob":1}},"m_23":{"value":"city and CDBG funds","confidence":{"state":"pre-added","who":["user:SDTEF"],"prob":1}},"m_21":{"value":"low income","confidence":{"state":"pre-added","who":["user:SDTEF"],"prob":1}},"m_22":{"value":"meals (no touch drive thru)","confidence":{"state":"pre-added","who":["user:SDTEF"],"prob":1}}},"entities":[{"classId":"e_19","part":"s1v1","offsets":[{"start":0,"text":"FIRST AMENDMENT TO STANDARD AGREEMENT FOR SERVICES"}],"coordinates":[{"x":"208.09","y":"84.68"},{"x":"386.68","y":"104.64"}],"confidence":{"state":"pre-added","who":["user:SDTEF"],"prob":1},"fields":{},"normalizations":{}},{"classId":"e_7","part":"s1v1","offsets":[{"start":170,"text":"CITY OF POWAY,"}],"coordinates":[{"x":"300.73","y":"137.62"},{"x":"392.76","y":"143.76"}],"confidence":{"state":"pre-added","who":["user:SDTEF"],"prob":1},"fields":{},"normalizations":{}},{"classId":"e_1","part":"s1v1","offsets":[{"start":227,"text":"JEWISH FAMILY SERVICE OF SAN DIEGO"}],"coordinates":[{"x":"155.76","y":"151.29"},{"x":"400.45","y":"157.43"}],"confidence":{"state":"pre-added","who":["user:SDTEF"],"prob":1},"fields":{},"normalizations":{}},{"classId":"e_19","part":"s1v1","offsets":[{"start":992,"text":"FIRST AMENDMENT TO STANDARD AGREEMENT FOR SERVICES"}],"coordinates":[],"confidence":{"state":"pre-added","who":["ml:regex"],"prob":0.5},"fields":{},"normalizations":{}},{"classId":"e_4","part":"s1v1","offsets":[{"start":1093,"text":"scope of services"}],"coordinates":[],"confidence":{"state":"pre-added","who":["ml:regex"],"prob":0.5},"fields":{},"normalizations":{}},{"classId":"e_4","part":"s1v1","offsets":[{"start":1336,"text":"Scope of Services"}],"coordinates":[],"confidence":{"state":"pre-added","who":["ml:regex"],"prob":0.5},"fields":{},"normalizations":{}},{"classId":"e_4","part":"s1v1","offsets":[{"start":1521,"text":"Scope of Services"}],"coordinates":[],"confidence":{"state":"pre-added","who":["ml:regex"],"prob":0.5},"fields":{},"normalizations":{}},{"classId":"e_2","part":"s1v1","offsets":[{"start":1894,"text":"Compensation and Reimbursement.\n\nIn addition to the previously granted amount ofNinety-One Thousand Four Hundred Seventy-Nine Dollars and Nine Cents ($91,479.09), City shall"}],"coordinates":[{"x":"151.68","y":"668.60"},{"x":"496.95","y":"715.68"}],"confidence":{"state":"pre-added","who":["user:SDTEF"],"prob":1},"fields":{},"normalizations":{}},{"classId":"e_2","part":"s2v1","offsets":[{"start":0,"text":"pay Consultant a fee not to exceed Two Hundred Forty-Six Thousand One Hundred Sixty-Six ($246,166) in accordance with Attachment 2. Total fee for all services is not to exceed Three hundred thirty-seven thousand six hundred and forty-five Dollars and Nine Cents ($337,645.09). Consultant's fee shall include, and Consultant shall be responsible for the payment of all federal, state, and local taxes of any kind which are attributable to the compensation received."}],"coordinates":[{"x":"152.88","y":"71.13"},{"x":"191.20","y":"158.64"}],"confidence":{"state":"pre-added","who":["user:SDTEF"],"prob":1},"fields":{},"normalizations":{}},{"classId":"e_8","part":"s2v1","offsets":[{"start":577,"text":"Term of Agreement.\n\nThis Agreement shall be effective from the period commencing September 25, 2020 and ending March 31, 2022, unless sooner terminated by City as provided in the section of this Agreement entitled, \"Termination.\"\n\nUpon expiration or termination of this Agreement, Consultant shall return to City any and all equipment, documents or materials and all copies made thereof, which Consultant received from City or produced for City for the purposes of this Agreement."}],"coordinates":[{"x":"152.65","y":"220.70"},{"x":"294.79","y":"349.20"}],"confidence":{"state":"pre-added","who":["user:SDTEF"],"prob":1},"fields":{},"normalizations":{}},{"classId":"e_7","part":"s3v1","offsets":[{"start":126,"text":"CITY OF POWAY,"}],"coordinates":[],"confidence":{"state":"pre-added","who":["ml:regex"],"prob":0.5},"fields":{},"normalizations":{}},{"classId":"e_1","part":"s3v1","offsets":[{"start":319,"text":"JEWISH FAMILY SERVICE OF SAN DIEGO"}],"coordinates":[],"confidence":{"state":"pre-added","who":["ml:regex"],"prob":0.5},"fields":{},"normalizations":{}},{"classId":"e_7","part":"s4v1","offsets":[{"start":126,"text":"CITY OF POWAY,"}],"coordinates":[],"confidence":{"state":"pre-added","who":["ml:regex"],"prob":0.5},"fields":{},"normalizations":{}},{"classId":"e_1","part":"s4v1","offsets":[{"start":312,"text":"JEWISH FAMILY SERVICE OF SAN DIEGO"}],"coordinates":[],"confidence":{"state":"pre-added","who":["ml:regex"],"prob":0.5},"fields":{},"normalizations":{}},{"classId":"e_4","part":"s5v1","offsets":[{"start":63,"text":"Senior Nutrition Services"}],"coordinates":[{"x":"200.88","y":"192.91"},{"x":"298.76","y":"197.76"}],"confidence":{"state":"pre-added","who":["user:SDTEF"],"prob":1},"fields":{},"normalizations":{}},{"classId":"e_4","part":"s5v1","offsets":[{"start":90,"text":"Scope of Services"}],"coordinates":[{"x":"98.88","y":"212.66"},{"x":"165.92","y":"217.67"}],"confidence":{"state":"pre-added","who":["user:SDTEF"],"prob":1},"fields":{},"normalizations":{}},{"classId":"e_4","part":"s5v1","offsets":[{"start":112,"text":"Purpose"}],"coordinates":[{"x":"131.29","y":"232.59"},{"x":"161.62","y":"237.60"}],"confidence":{"state":"pre-added","who":["user:SDTEF"],"prob":1},"fields":{},"normalizations":{}},{"classId":"e_1","part":"s5v1","offsets":[{"start":121,"text":"Jewish Family Service of San Diego"}],"coordinates":[],"confidence":{"state":"pre-added","who":["ml:regex"],"prob":0.5},"fields":{},"normalizations":{}},{"classId":"e_4","part":"s5v1","offsets":[{"start":162,"text":"shall provide nutritionally sound meals to individuals sixty (60) years of age and older living throughout the City of Poway. The meals shall be provided via No-Touch Drive· Thru Food Distributions. There is no charge to the senior for these services. The eligible population is individuals sixty (60) years of age or older with emphasis on those in greatest economic and social need."}],"coordinates":[{"x":"291.36","y":"253.38"},{"x":"302.28","y":"309.83"}],"confidence":{"state":"pre-added","who":["user:SDTEF"],"prob":1},"fields":{},"normalizations":{}},{"classId":"e_6","part":"s5v1","offsets":[{"start":551,"text":"Goal\n\nAssist individuals sixty (60) years of age and older who are vulnerable to COVID-19 and need to maintain their nutritional needs while sheltering-in-place."}],"coordinates":[{"x":"131.04","y":"325.38"},{"x":"351.57","y":"368.88"}],"confidence":{"state":"pre-added","who":["user:SDTEF"],"prob":1},"fields":{},"normalizations":{}},{"classId":"e_6","part":"s5v1","offsets":[{"start":717,"text":"Deliverables\n\nContinue providing meals to seniors via No-Touch Drive·thru Food Distributions."}],"coordinates":[{"x":"131.04","y":"389.69"},{"x":"445.06","y":"420.71"}],"confidence":{"state":"pre-added","who":["user:SDTEF"],"prob":1},"fields":{},"normalizations":{}},{"classId":"e_6","part":"s5v1","offsets":[{"start":812,"text":"JFS will distribute a maximum of 25,912 meals at $9.50 a meal to Poway seniors from January 1, 2021 through March 30, 2022."}],"coordinates":[{"x":"130.32","y":"441.79"},{"x":"249.74","y":"459.60"}],"confidence":{"state":"pre-added","who":["user:SDTEF"],"prob":1},"fields":{},"normalizations":{}},{"classId":"e_2","part":"s5v1","offsets":[{"start":861,"text":"$9.50 a meal to Poway seniors"}],"coordinates":[{"x":"327.36","y":"441.79"},{"x":"444.88","y":"446.64"}],"confidence":{"state":"pre-added","who":["user:SDTEF"],"prob":1},"fields":{},"normalizations":{}},{"classId":"e_8","part":"s5v1","offsets":[{"start":896,"text":"January 1, 2021 through March 30, 2022."}],"coordinates":[{"x":"472.32","y":"441.79"},{"x":"249.74","y":"459.60"}],"confidence":{"state":"pre-added","who":["user:SDTEF"],"prob":1},"fields":{},"normalizations":{}},{"classId":"e_7","part":"s6v1","offsets":[{"start":200,"text":".Sincethe onset of our CDBGfunded.program"}],"coordinates":[{"x":"401.08","y":"248.05"},{"x":"301.89","y":"263.28"}],"confidence":{"state":"pre-added","who":["user:SDTEF"],"prob":1},"fields":{},"normalizations":{}},{"classId":"e_4","part":"s6v1","offsets":[{"start":415,"text":"JFSis requestingthe Cityof Powayto continue this partnershipwith a co~,tributionof $246,166. Yoursupport will allov.rJFSto provide25,912 nutritious mealsat $9.50per meal to older adultswho aresheltering in place during the COI/ID-19pandemic.To supplementcurrent home-deliveredmeal programsandensureparticipant safety, mealswill be providedthrough No­ TouchDrive-ThruFoodDistributions in Powayfrom January1, 2021 through March30, 2022. Mealswill be providedat no cost to recipients"}],"coordinates":[{"x":"219.37","y":"301.57"},{"x":"445.57","y":"370.55"}],"confidence":{"state":"pre-added","who":["user:SDTEF"],"prob":1},"fields":{},"normalizations":{}}],"relations":[]}