{"annotatable":{"parts":["s1v1","s2v1","s3v1","s4v1","s5v1","s6v1","s7v1","s8v1","s9v1","s10v1","s11v1","s12v1","s13v1","s14v1","s15v1","s16v1","s17v1","s18v1","s19v1","s20v1","s21v1","s22v1","s23v1","s24v1","s25v1","s26v1","s27v1","s28v1","s29v1","s30v1","s31v1","s32v1","s33v1","s34v1","s35v1","s36v1","s37v1","s38v1","s39v1","s40v1","s41v1","s42v1","s43v1","s44v1","s45v1","s46v1","s47v1","s48v1","s49v1","s50v1","s51v1","s52v1","s53v1"]},"anncomplete":true,"sources":[],"metas":{"m_22":{"value":"emergency food","confidence":{"state":"pre-added","who":["user:SDTEF"],"prob":1}},"m_23":{"value":"city","confidence":{"state":"pre-added","who":["user:SDTEF"],"prob":1}},"m_24":{"value":"$15/meal","confidence":{"state":"pre-added","who":["user:SDTEF"],"prob":1}}},"entities":[{"classId":"e_19","part":"s1v1","offsets":[{"start":0,"text":"EMERGENCYFOODSERVICESAGREEMENTBETWEENTHECITYOFSANDIEGOAND SERVICEAMERICACORPORATIOND/B/A CENTERPLATETOPROVIDEEMERGENCYFOOD SERVICESTO INDIVIDUALSTEMPORARILYRESIDINGATTHESANDIEGOCONVENTION CENTER'SEMERGENCYHOMELESSSHELTER"}],"coordinates":[{"x":"88.21","y":"72.43"},{"x":"422.16","y":"116.63"}],"confidence":{"state":"pre-added","who":["user:SDTEF"],"prob":1},"fields":{},"normalizations":{}},{"classId":"e_4","part":"s1v1","offsets":[{"start":0,"text":"EMERGENCYFOODSERVICESAGREEMENT"}],"coordinates":[{"x":"88.21","y":"72.43"},{"x":"312.90","y":"78.83"}],"confidence":{"state":"pre-added","who":["user:SDTEF"],"prob":1},"fields":{},"normalizations":{}},{"classId":"e_7","part":"s1v1","offsets":[{"start":40,"text":"CITYOFSANDIEGO"}],"coordinates":[{"x":"389.17","y":"72.43"},{"x":"493.50","y":"78.83"}],"confidence":{"state":"pre-added","who":["user:SDTEF"],"prob":1},"fields":{},"normalizations":{}},{"classId":"e_1","part":"s1v1","offsets":[{"start":58,"text":"SERVICEAMERICACORPORATIOND/B/A CENTERPLAT"}],"coordinates":[{"x":"76.68","y":"85.03"},{"x":"361.70","y":"91.43"}],"confidence":{"state":"pre-added","who":["user:SDTEF"],"prob":1},"fields":{},"normalizations":{}},{"classId":"e_4","part":"s1v1","offsets":[{"start":109,"text":"EMERGENCYFOOD SERVICE"}],"coordinates":[{"x":"430.21","y":"85.03"},{"x":"128.19","y":"104.03"}],"confidence":{"state":"pre-added","who":["user:SDTEF"],"prob":1},"fields":{},"normalizations":{}},{"classId":"e_3","part":"s1v1","offsets":[{"start":134,"text":"INDIVIDUALSTEMPORARILYRESIDINGATTHESANDIEGOCONVENTION CENTER'SEMERGENCYHOMELESSSHELTER"}],"coordinates":[{"x":"149.05","y":"97.63"},{"x":"422.16","y":"116.63"}],"confidence":{"state":"pre-added","who":["user:SDTEF"],"prob":1},"fields":{},"normalizations":{}},{"classId":"e_4","part":"s1v1","offsets":[{"start":227,"text":"Emergency Food Services Agreement"}],"coordinates":[{"x":"93.97","y":"136.27"},{"x":"273.56","y":"142.91"}],"confidence":{"state":"pre-added","who":["user:SDTEF"],"prob":1},"fields":{},"normalizations":{}},{"classId":"e_7","part":"s1v1","offsets":[{"start":308,"text":"City of San Diego"}],"coordinates":[{"x":"515.53","y":"136.27"},{"x":"136.01","y":"155.51"}],"confidence":{"state":"pre-added","who":["user:SDTEF"],"prob":1},"fields":{},"normalizations":{}},{"classId":"e_1","part":"s1v1","offsets":[{"start":404,"text":"Service America Corporation d/b/a Centerplate,"}],"coordinates":[{"x":"69.49","y":"161.83"},{"x":"304.09","y":"168.47"}],"confidence":{"state":"pre-added","who":["user:SDTEF"],"prob":1},"fields":{},"normalizations":{}},{"classId":"e_1","part":"s1v1","offsets":[{"start":503,"text":"Centerplate"}],"coordinates":[],"confidence":{"state":"pre-added","who":["ml:regex"],"prob":0.5},"fields":{},"normalizations":{}},{"classId":"e_1","part":"s1v1","offsets":[{"start":527,"text":"Centerplate"}],"coordinates":[],"confidence":{"state":"pre-added","who":["ml:regex"],"prob":0.5},"fields":{},"normalizations":{}},{"classId":"e_7","part":"s1v1","offsets":[{"start":889,"text":"City of San Diego"}],"coordinates":[],"confidence":{"state":"pre-added","who":["ml:regex"],"prob":0.5},"fields":{},"normalizations":{}},{"classId":"e_7","part":"s1v1","offsets":[{"start":979,"text":"City of San Diego"}],"coordinates":[],"confidence":{"state":"pre-added","who":["ml:regex"],"prob":0.5},"fields":{},"normalizations":{}},{"classId":"e_1","part":"s1v1","offsets":[{"start":2083,"text":"Centerplate"}],"coordinates":[{"x":"107.65","y":"515.36"},{"x":"162.51","y":"522.00"}],"confidence":{"state":"pre-added","who":["user:SDTEF"],"prob":1},"fields":{},"normalizations":{}},{"classId":"e_1","part":"s1v1","offsets":[{"start":2239,"text":"Centerplate"}],"coordinates":[],"confidence":{"state":"pre-added","who":["ml:regex"],"prob":0.5},"fields":{},"normalizations":{}},{"classId":"e_1","part":"s1v1","offsets":[{"start":2580,"text":"Centerplate"}],"coordinates":[],"confidence":{"state":"pre-added","who":["ml:regex"],"prob":0.5},"fields":{},"normalizations":{}},{"classId":"e_1","part":"s1v1","offsets":[{"start":2773,"text":"Centerplate"}],"coordinates":[],"confidence":{"state":"pre-added","who":["ml:regex"],"prob":0.5},"fields":{},"normalizations":{}},{"classId":"e_1","part":"s1v1","offsets":[{"start":2924,"text":"Centerplate"}],"coordinates":[],"confidence":{"state":"pre-added","who":["ml:regex"],"prob":0.5},"fields":{},"normalizations":{}},{"classId":"e_1","part":"s2v1","offsets":[{"start":11,"text":"Centerplate"}],"coordinates":[],"confidence":{"state":"pre-added","who":["ml:regex"],"prob":0.5},"fields":{},"normalizations":{}},{"classId":"e_1","part":"s2v1","offsets":[{"start":174,"text":"Centerplate"}],"coordinates":[],"confidence":{"state":"pre-added","who":["ml:regex"],"prob":0.5},"fields":{},"normalizations":{}},{"classId":"e_7","part":"s2v1","offsets":[{"start":479,"text":"City of San Diego"}],"coordinates":[],"confidence":{"state":"pre-added","who":["ml:regex"],"prob":0.5},"fields":{},"normalizations":{}},{"classId":"e_1","part":"s2v1","offsets":[{"start":622,"text":"Centerplate"}],"coordinates":[],"confidence":{"state":"pre-added","who":["ml:regex"],"prob":0.5},"fields":{},"normalizations":{}},{"classId":"e_8","part":"s2v1","offsets":[{"start":688,"text":"Term. This Agreement shall be for an initial term of two months with Services beginning on April 2, 2020 and extending through June 5, 2020. City may, in its sole discretion, extend this Agreement for additional monthly period(s) if the City's declaration of state of emergency as a result of COVID-19continues past the initial two-month term. The term of this Agreement shall not exceed five years unless approved by the CityCouncil by ordinance. Notwithstanding anything to the contrary In this Agreement, Centerplate shall have the right to terminate the Agreement for convenience upon thirty (30) day's prior written notice to City"}],"coordinates":[{"x":"94.33","y":"287.16"},{"x":"457.19","y":"369.35"}],"confidence":{"state":"pre-added","who":["user:SDTEF"],"prob":1},"fields":{},"normalizations":{}},{"classId":"e_1","part":"s2v1","offsets":[{"start":1196,"text":"Centerplate"}],"coordinates":[],"confidence":{"state":"pre-added","who":["ml:regex"],"prob":0.5},"fields":{},"normalizations":{}},{"classId":"e_4","part":"s2v1","offsets":[{"start":1583,"text":"Scopeof Services. Centerplate shall provide the Services to the City as described in Exhibit A, Scope of Work, which is incorporated herein by reference.\n\nAs part of Services, Centerplate shall prepare prepackaged meals for residents and staff at the Facility as mutually agreed upon by the Parties. The menus for such meals shall be created in Centerplate's sole discretion and based on the availability of product. Centerplate shall deliver all meals to a predetermined/prearranged space the Transfer Zone (as described hereunder), to be picked up and distributed to Residents, workers, and medical professionals by Client and/or Client's designee"}],"coordinates":[{"x":"95.40","y":"463.12"},{"x":"194.28","y":"571.31"}],"confidence":{"state":"pre-added","who":["user:SDTEF"],"prob":1},"fields":{},"normalizations":{}},{"classId":"e_1","part":"s2v1","offsets":[{"start":1601,"text":"Centerplate"}],"coordinates":[],"confidence":{"state":"pre-added","who":["ml:regex"],"prob":0.5},"fields":{},"normalizations":{}},{"classId":"e_1","part":"s2v1","offsets":[{"start":1759,"text":"Centerplate"}],"coordinates":[],"confidence":{"state":"pre-added","who":["ml:regex"],"prob":0.5},"fields":{},"normalizations":{}},{"classId":"e_1","part":"s2v1","offsets":[{"start":1928,"text":"Centerplate"}],"coordinates":[],"confidence":{"state":"pre-added","who":["ml:regex"],"prob":0.5},"fields":{},"normalizations":{}},{"classId":"e_1","part":"s2v1","offsets":[{"start":2000,"text":"Centerplate"}],"coordinates":[],"confidence":{"state":"pre-added","who":["ml:regex"],"prob":0.5},"fields":{},"normalizations":{}},{"classId":"e_1","part":"s2v1","offsets":[{"start":2343,"text":"Centerplate"}],"coordinates":[],"confidence":{"state":"pre-added","who":["ml:regex"],"prob":0.5},"fields":{},"normalizations":{}},{"classId":"e_1","part":"s3v1","offsets":[{"start":202,"text":"Centerplate"}],"coordinates":[],"confidence":{"state":"pre-added","who":["ml:regex"],"prob":0.5},"fields":{},"normalizations":{}},{"classId":"e_2","part":"s3v1","offsets":[{"start":348,"text":"Pricing & Billing. Client shall pay Centerplate for Price Per Meal in accordance with Exhibit A of this Agreement in an amount not to exceed $15.00 per meal"}],"coordinates":[{"x":"97.57","y":"210.79"},{"x":"428.51","y":"229.67"}],"confidence":{"state":"pre-added","who":["user:SDTEF"],"prob":1},"fields":{},"normalizations":{}},{"classId":"e_1","part":"s3v1","offsets":[{"start":384,"text":"Centerplate"}],"coordinates":[],"confidence":{"state":"pre-added","who":["ml:regex"],"prob":0.5},"fields":{},"normalizations":{}},{"classId":"e_1","part":"s3v1","offsets":[{"start":647,"text":"Centerplate"}],"coordinates":[],"confidence":{"state":"pre-added","who":["ml:regex"],"prob":0.5},"fields":{},"normalizations":{}},{"classId":"e_1","part":"s3v1","offsets":[{"start":868,"text":"Centerplate"}],"coordinates":[],"confidence":{"state":"pre-added","who":["ml:regex"],"prob":0.5},"fields":{},"normalizations":{}},{"classId":"e_1","part":"s3v1","offsets":[{"start":994,"text":"Centerplate"}],"coordinates":[],"confidence":{"state":"pre-added","who":["ml:regex"],"prob":0.5},"fields":{},"normalizations":{}},{"classId":"e_1","part":"s3v1","offsets":[{"start":1225,"text":"Centerplate"}],"coordinates":[],"confidence":{"state":"pre-added","who":["ml:regex"],"prob":0.5},"fields":{},"normalizations":{}},{"classId":"e_1","part":"s3v1","offsets":[{"start":1398,"text":"Centerplate"}],"coordinates":[],"confidence":{"state":"pre-added","who":["ml:regex"],"prob":0.5},"fields":{},"normalizations":{}},{"classId":"e_1","part":"s3v1","offsets":[{"start":1489,"text":"Centerplate"}],"coordinates":[],"confidence":{"state":"pre-added","who":["ml:regex"],"prob":0.5},"fields":{},"normalizations":{}},{"classId":"e_1","part":"s3v1","offsets":[{"start":1527,"text":"Centerplate"}],"coordinates":[],"confidence":{"state":"pre-added","who":["ml:regex"],"prob":0.5},"fields":{},"normalizations":{}},{"classId":"e_1","part":"s3v1","offsets":[{"start":1790,"text":"Centerplate"}],"coordinates":[],"confidence":{"state":"pre-added","who":["ml:regex"],"prob":0.5},"fields":{},"normalizations":{}},{"classId":"e_1","part":"s3v1","offsets":[{"start":1845,"text":"Centerplate"}],"coordinates":[],"confidence":{"state":"pre-added","who":["ml:regex"],"prob":0.5},"fields":{},"normalizations":{}},{"classId":"e_1","part":"s3v1","offsets":[{"start":2003,"text":"Centerplate"}],"coordinates":[],"confidence":{"state":"pre-added","who":["ml:regex"],"prob":0.5},"fields":{},"normalizations":{}},{"classId":"e_1","part":"s3v1","offsets":[{"start":2046,"text":"Centerplate"}],"coordinates":[],"confidence":{"state":"pre-added","who":["ml:regex"],"prob":0.5},"fields":{},"normalizations":{}},{"classId":"e_1","part":"s3v1","offsets":[{"start":2096,"text":"Centerplate"}],"coordinates":[],"confidence":{"state":"pre-added","who":["ml:regex"],"prob":0.5},"fields":{},"normalizations":{}},{"classId":"e_1","part":"s3v1","offsets":[{"start":2163,"text":"Centerplate"}],"coordinates":[],"confidence":{"state":"pre-added","who":["ml:regex"],"prob":0.5},"fields":{},"normalizations":{}},{"classId":"e_1","part":"s3v1","offsets":[{"start":2186,"text":"Centerplate"}],"coordinates":[],"confidence":{"state":"pre-added","who":["ml:regex"],"prob":0.5},"fields":{},"normalizations":{}},{"classId":"e_1","part":"s3v1","offsets":[{"start":2243,"text":"Centerplate"}],"coordinates":[],"confidence":{"state":"pre-added","who":["ml:regex"],"prob":0.5},"fields":{},"normalizations":{}},{"classId":"e_1","part":"s3v1","offsets":[{"start":2567,"text":"Centerplate"}],"coordinates":[],"confidence":{"state":"pre-added","who":["ml:regex"],"prob":0.5},"fields":{},"normalizations":{}},{"classId":"e_1","part":"s3v1","offsets":[{"start":2614,"text":"Centerplate"}],"coordinates":[],"confidence":{"state":"pre-added","who":["ml:regex"],"prob":0.5},"fields":{},"normalizations":{}},{"classId":"e_1","part":"s4v1","offsets":[{"start":540,"text":"Centerplate"}],"coordinates":[],"confidence":{"state":"pre-added","who":["ml:regex"],"prob":0.5},"fields":{},"normalizations":{}},{"classId":"e_1","part":"s4v1","offsets":[{"start":758,"text":"Centerplate"}],"coordinates":[],"confidence":{"state":"pre-added","who":["ml:regex"],"prob":0.5},"fields":{},"normalizations":{}},{"classId":"e_1","part":"s4v1","offsets":[{"start":889,"text":"Centerplate"}],"coordinates":[],"confidence":{"state":"pre-added","who":["ml:regex"],"prob":0.5},"fields":{},"normalizations":{}},{"classId":"e_1","part":"s4v1","offsets":[{"start":1281,"text":"Centerplate"}],"coordinates":[],"confidence":{"state":"pre-added","who":["ml:regex"],"prob":0.5},"fields":{},"normalizations":{}},{"classId":"e_1","part":"s4v1","offsets":[{"start":1360,"text":"Centerplate"}],"coordinates":[],"confidence":{"state":"pre-added","who":["ml:regex"],"prob":0.5},"fields":{},"normalizations":{}},{"classId":"e_1","part":"s4v1","offsets":[{"start":1415,"text":"Centerplate"}],"coordinates":[],"confidence":{"state":"pre-added","who":["ml:regex"],"prob":0.5},"fields":{},"normalizations":{}},{"classId":"e_1","part":"s4v1","offsets":[{"start":1632,"text":"Centerplate"}],"coordinates":[],"confidence":{"state":"pre-added","who":["ml:regex"],"prob":0.5},"fields":{},"normalizations":{}},{"classId":"e_1","part":"s4v1","offsets":[{"start":1805,"text":"Centerplate"}],"coordinates":[],"confidence":{"state":"pre-added","who":["ml:regex"],"prob":0.5},"fields":{},"normalizations":{}},{"classId":"e_1","part":"s4v1","offsets":[{"start":1877,"text":"Centerplate"}],"coordinates":[],"confidence":{"state":"pre-added","who":["ml:regex"],"prob":0.5},"fields":{},"normalizations":{}},{"classId":"e_1","part":"s4v1","offsets":[{"start":1934,"text":"Centerplate"}],"coordinates":[],"confidence":{"state":"pre-added","who":["ml:regex"],"prob":0.5},"fields":{},"normalizations":{}},{"classId":"e_1","part":"s4v1","offsets":[{"start":1969,"text":"Centerplate"}],"coordinates":[],"confidence":{"state":"pre-added","who":["ml:regex"],"prob":0.5},"fields":{},"normalizations":{}},{"classId":"e_1","part":"s4v1","offsets":[{"start":2026,"text":"Centerplate"}],"coordinates":[],"confidence":{"state":"pre-added","who":["ml:regex"],"prob":0.5},"fields":{},"normalizations":{}},{"classId":"e_1","part":"s4v1","offsets":[{"start":2323,"text":"Centerplate"}],"coordinates":[],"confidence":{"state":"pre-added","who":["ml:regex"],"prob":0.5},"fields":{},"normalizations":{}},{"classId":"e_1","part":"s4v1","offsets":[{"start":2353,"text":"Centerplate"}],"coordinates":[],"confidence":{"state":"pre-added","who":["ml:regex"],"prob":0.5},"fields":{},"normalizations":{}},{"classId":"e_1","part":"s4v1","offsets":[{"start":2472,"text":"Centerplate"}],"coordinates":[],"confidence":{"state":"pre-added","who":["ml:regex"],"prob":0.5},"fields":{},"normalizations":{}},{"classId":"e_1","part":"s4v1","offsets":[{"start":2583,"text":"Centerplate"}],"coordinates":[],"confidence":{"state":"pre-added","who":["ml:regex"],"prob":0.5},"fields":{},"normalizations":{}},{"classId":"e_1","part":"s4v1","offsets":[{"start":2782,"text":"Centerplate"}],"coordinates":[],"confidence":{"state":"pre-added","who":["ml:regex"],"prob":0.5},"fields":{},"normalizations":{}},{"classId":"e_1","part":"s4v1","offsets":[{"start":2961,"text":"Centerplate"}],"coordinates":[],"confidence":{"state":"pre-added","who":["ml:regex"],"prob":0.5},"fields":{},"normalizations":{}},{"classId":"e_1","part":"s5v1","offsets":[{"start":76,"text":"Centerplate"}],"coordinates":[],"confidence":{"state":"pre-added","who":["ml:regex"],"prob":0.5},"fields":{},"normalizations":{}},{"classId":"e_1","part":"s5v1","offsets":[{"start":513,"text":"Centerplate"}],"coordinates":[],"confidence":{"state":"pre-added","who":["ml:regex"],"prob":0.5},"fields":{},"normalizations":{}},{"classId":"e_1","part":"s5v1","offsets":[{"start":1062,"text":"Centerplate"}],"coordinates":[],"confidence":{"state":"pre-added","who":["ml:regex"],"prob":0.5},"fields":{},"normalizations":{}},{"classId":"e_1","part":"s5v1","offsets":[{"start":1183,"text":"Centerplate"}],"coordinates":[],"confidence":{"state":"pre-added","who":["ml:regex"],"prob":0.5},"fields":{},"normalizations":{}},{"classId":"e_1","part":"s5v1","offsets":[{"start":1303,"text":"Centerplate"}],"coordinates":[],"confidence":{"state":"pre-added","who":["ml:regex"],"prob":0.5},"fields":{},"normalizations":{}},{"classId":"e_1","part":"s5v1","offsets":[{"start":1438,"text":"Centerplate"}],"coordinates":[],"confidence":{"state":"pre-added","who":["ml:regex"],"prob":0.5},"fields":{},"normalizations":{}},{"classId":"e_1","part":"s5v1","offsets":[{"start":2256,"text":"Centerplate"}],"coordinates":[],"confidence":{"state":"pre-added","who":["ml:regex"],"prob":0.5},"fields":{},"normalizations":{}},{"classId":"e_1","part":"s5v1","offsets":[{"start":2527,"text":"Centerplate"}],"coordinates":[],"confidence":{"state":"pre-added","who":["ml:regex"],"prob":0.5},"fields":{},"normalizations":{}},{"classId":"e_7","part":"s7v1","offsets":[{"start":152,"text":"CITYOFSANDIEGO"}],"coordinates":[],"confidence":{"state":"pre-added","who":["ml:regex"],"prob":0.5},"fields":{},"normalizations":{}},{"classId":"e_1","part":"s7v1","offsets":[{"start":167,"text":"Centerplate"}],"coordinates":[],"confidence":{"state":"pre-added","who":["ml:regex"],"prob":0.5},"fields":{},"normalizations":{}},{"classId":"e_4","part":"s8v1","offsets":[{"start":0,"text":"Exhibit A\n\nCenterplate shall prepare prepackaged meals for residents, workers, and medical professionals (the \"Recipients\") at the Facility. The menus for such meals shall be prepared in Centerplate's reasonable discretion, driven by the availability of product, and based on actual costs and expenses incurred by Centerplate associated with providing its services with advance written approval by the City"}],"coordinates":[{"x":"285.85","y":"83.84"},{"x":"177.11","y":"166.67"}],"confidence":{"state":"pre-added","who":["user:SDTEF"],"prob":1},"fields":{},"normalizations":{}},{"classId":"e_1","part":"s8v1","offsets":[{"start":11,"text":"Centerplate"}],"coordinates":[],"confidence":{"state":"pre-added","who":["ml:regex"],"prob":0.5},"fields":{},"normalizations":{}},{"classId":"e_1","part":"s8v1","offsets":[{"start":187,"text":"Centerplate"}],"coordinates":[],"confidence":{"state":"pre-added","who":["ml:regex"],"prob":0.5},"fields":{},"normalizations":{}},{"classId":"e_1","part":"s8v1","offsets":[{"start":314,"text":"Centerplate"}],"coordinates":[],"confidence":{"state":"pre-added","who":["ml:regex"],"prob":0.5},"fields":{},"normalizations":{}},{"classId":"e_6","part":"s8v1","offsets":[{"start":409,"text":"Initial Estimated Meals\n\nApril 2-4, 2020 - Centerplate provides box meals including beverage\n\n440 Breakfast for shelter residents 24 Breakfast for command center staff 440 Lunches for shelter residents\n\n6:oo a.m. daily: 6:oo a.m. daily: 11:00a.m. daily: 11:00a.m. daily: 36 Lunches for command center staff\n\nApril 5-7, 2020 - Centerplate provides box meals including beverage\n\n6:oo a.m. daily: 6:oo a.m. daily: 11:00a.m. daily: 11:00a.m. daily: 5:00 p.m. daily:\n\n650 Breakfast for shelter residents. 24 Breakfast for command center staff 650 Lunches for shelter residents 36 Lunches for command center staff 200 Dinners for shelter residents\n\nApril 8-May 30, 2020 - Centerplate provides box meals including beverage Times TBD:\n\n900 Breakfast, Lunches, Dinners each day plus command center staff meals"}],"coordinates":[{"x":"76.32","y":"185.37"},{"x":"104.44","y":"432.00"}],"confidence":{"state":"pre-added","who":["user:SDTEF"],"prob":1},"fields":{},"normalizations":{}},{"classId":"e_1","part":"s8v1","offsets":[{"start":452,"text":"Centerplate"}],"coordinates":[],"confidence":{"state":"pre-added","who":["ml:regex"],"prob":0.5},"fields":{},"normalizations":{}},{"classId":"e_1","part":"s8v1","offsets":[{"start":735,"text":"Centerplate"}],"coordinates":[],"confidence":{"state":"pre-added","who":["ml:regex"],"prob":0.5},"fields":{},"normalizations":{}},{"classId":"e_1","part":"s8v1","offsets":[{"start":1075,"text":"Centerplate"}],"coordinates":[],"confidence":{"state":"pre-added","who":["ml:regex"],"prob":0.5},"fields":{},"normalizations":{}},{"classId":"e_4","part":"s8v1","offsets":[{"start":1212,"text":"Pricing Per Meal:\n\n• $6 for Breakfast • $9 for Lunch • $12 for Dinner"}],"coordinates":[{"x":"76.68","y":"450.68"},{"x":"182.81","y":"508.31"}],"confidence":{"state":"pre-added","who":["user:SDTEF"],"prob":1},"fields":{},"normalizations":{}},{"classId":"e_1","part":"s8v1","offsets":[{"start":1470,"text":"Centerplate"}],"coordinates":[],"confidence":{"state":"pre-added","who":["ml:regex"],"prob":0.5},"fields":{},"normalizations":{}},{"classId":"e_1","part":"s8v1","offsets":[{"start":1565,"text":"Centerplate"}],"coordinates":[],"confidence":{"state":"pre-added","who":["ml:regex"],"prob":0.5},"fields":{},"normalizations":{}},{"classId":"e_1","part":"s8v1","offsets":[{"start":1822,"text":"Centerplate"}],"coordinates":[],"confidence":{"state":"pre-added","who":["ml:regex"],"prob":0.5},"fields":{},"normalizations":{}},{"classId":"e_1","part":"s9v1","offsets":[{"start":72,"text":"Centerplate"}],"coordinates":[],"confidence":{"state":"pre-added","who":["ml:regex"],"prob":0.5},"fields":{},"normalizations":{}},{"classId":"e_1","part":"s9v1","offsets":[{"start":295,"text":"Centerplate"}],"coordinates":[],"confidence":{"state":"pre-added","who":["ml:regex"],"prob":0.5},"fields":{},"normalizations":{}},{"classId":"e_7","part":"s11v1","offsets":[{"start":125,"text":"CITY OF SAN DIEGO"}],"coordinates":[],"confidence":{"state":"pre-added","who":["ml:regex"],"prob":0.5},"fields":{},"normalizations":{}},{"classId":"e_7","part":"s13v1","offsets":[{"start":128,"text":"City of San Diego"}],"coordinates":[],"confidence":{"state":"pre-added","who":["ml:regex"],"prob":0.5},"fields":{},"normalizations":{}},{"classId":"e_7","part":"s27v1","offsets":[{"start":704,"text":"City of San Diego"}],"coordinates":[],"confidence":{"state":"pre-added","who":["ml:regex"],"prob":0.5},"fields":{},"normalizations":{}},{"classId":"e_7","part":"s33v1","offsets":[{"start":154,"text":"City of San Diego"}],"coordinates":[],"confidence":{"state":"pre-added","who":["ml:regex"],"prob":0.5},"fields":{},"normalizations":{}},{"classId":"e_7","part":"s33v1","offsets":[{"start":220,"text":"City of San Diego"}],"coordinates":[],"confidence":{"state":"pre-added","who":["ml:regex"],"prob":0.5},"fields":{},"normalizations":{}},{"classId":"e_7","part":"s33v1","offsets":[{"start":361,"text":"City of San Diego"}],"coordinates":[],"confidence":{"state":"pre-added","who":["ml:regex"],"prob":0.5},"fields":{},"normalizations":{}},{"classId":"e_7","part":"s38v1","offsets":[{"start":266,"text":"City of San Diego"}],"coordinates":[],"confidence":{"state":"pre-added","who":["ml:regex"],"prob":0.5},"fields":{},"normalizations":{}},{"classId":"e_7","part":"s40v1","offsets":[{"start":1951,"text":"City of San Diego"}],"coordinates":[],"confidence":{"state":"pre-added","who":["ml:regex"],"prob":0.5},"fields":{},"normalizations":{}},{"classId":"e_7","part":"s44v1","offsets":[{"start":155,"text":"City of San Diego"}],"coordinates":[],"confidence":{"state":"pre-added","who":["ml:regex"],"prob":0.5},"fields":{},"normalizations":{}},{"classId":"e_7","part":"s46v1","offsets":[{"start":0,"text":"City of San Diego"}],"coordinates":[],"confidence":{"state":"pre-added","who":["ml:regex"],"prob":0.5},"fields":{},"normalizations":{}},{"classId":"e_7","part":"s46v1","offsets":[{"start":939,"text":"City of San Diego"}],"coordinates":[],"confidence":{"state":"pre-added","who":["ml:regex"],"prob":0.5},"fields":{},"normalizations":{}},{"classId":"e_1","part":"s47v1","offsets":[{"start":1208,"text":"Centerplate"}],"coordinates":[],"confidence":{"state":"pre-added","who":["ml:regex"],"prob":0.5},"fields":{},"normalizations":{}},{"classId":"e_1","part":"s47v1","offsets":[{"start":2465,"text":"david.winars k i@centerplate.com"}],"coordinates":[{"x":"419.42","y":"541.46"},{"x":"548.13","y":"548.12"}],"confidence":{"state":"pre-added","who":["user:SDTEF"],"prob":1},"fields":{},"normalizations":{}},{"classId":"e_1","part":"s47v1","offsets":[{"start":2482,"text":"centerplate"}],"coordinates":[],"confidence":{"state":"pre-added","who":["ml:regex"],"prob":0.5},"fields":{},"normalizations":{}},{"classId":"e_1","part":"s47v1","offsets":[{"start":2874,"text":"Centerplate"}],"coordinates":[],"confidence":{"state":"pre-added","who":["ml:regex"],"prob":0.5},"fields":{},"normalizations":{}},{"classId":"e_1","part":"s49v1","offsets":[{"start":70,"text":"Centerplate"}],"coordinates":[],"confidence":{"state":"pre-added","who":["ml:regex"],"prob":0.5},"fields":{},"normalizations":{}},{"classId":"e_7","part":"s50v1","offsets":[{"start":113,"text":"City of San Diego"}],"coordinates":[],"confidence":{"state":"pre-added","who":["ml:regex"],"prob":0.5},"fields":{},"normalizations":{}}],"relations":[]}