{"annotatable":{"parts":["s1v1","s2v1","s3v1","s4v1"]},"anncomplete":true,"sources":[{"name":"ORIG","id":"Elderhelp_of_San_Diego___1st_Amendment.pdf","url":""}],"metas":{},"entities":[{"classId":"e_19","part":"s1v1","offsets":[{"start":0,"text":"FIRST AMENDMENT TO STANDARD\n\nAGREEMENT FOR SERVICES\n\nThis FIRST AMENDMENT TO AGREEMENT is made and entered into effective this I\"\n\nday of July, 2019, by and between the CITY OF POWAY, a municipal corporation ( the \" CITY\"),\n\nand ELDERFIELP OF SAN DIEGO, a California corporation, (\" CONSULTANT\""}],"coordinates":[{"x":"201.60","y":"91.50"},{"x":"446.82","y":"161.28"}],"confidence":{"state":"pre-added","who":["user:SDTEF"],"prob":1},"fields":{},"normalizations":{}},{"classId":"e_7","part":"s1v1","offsets":[{"start":169,"text":"CITY OF POWAY"}],"coordinates":[{"x":"255.60","y":"144.91"},{"x":"344.04","y":"153.00"}],"confidence":{"state":"pre-added","who":["user:SDTEF"],"prob":1},"fields":{},"normalizations":{}},{"classId":"e_1","part":"s1v1","offsets":[{"start":197,"text":"o"}],"coordinates":[{"x":"413.84","y":"144.91"},{"x":"419.67","y":"153.00"}],"confidence":{"state":"pre-added","who":["user:SDTEF"],"prob":1},"fields":{},"normalizations":{}},{"classId":"e_1","part":"s1v1","offsets":[{"start":229,"text":"ELDERFIELP OF SAN DIEGO,"}],"coordinates":[{"x":"97.56","y":"159.75"},{"x":"245.77","y":"163.44"}],"confidence":{"state":"pre-added","who":["user:SDTEF"],"prob":1},"fields":{},"normalizations":{}},{"classId":"e_4","part":"s1v1","offsets":[{"start":550,"text":"Poway' s Home Share and Community Connections Program ( Program)"}],"coordinates":[{"x":"459.00","y":"239.88"},{"x":"330.72","y":"261.36"}],"confidence":{"state":"pre-added","who":["user:SDTEF"],"prob":1},"fields":{},"normalizations":{}},{"classId":"e_8","part":"s1v1","offsets":[{"start":840,"text":"CITY and CONSULTANT now agree to extend the term of the AGREEMENT for a one- year term, beginning July 1, 2019, and terminating June 30, 2020."}],"coordinates":[{"x":"147.96","y":"334.20"},{"x":"400.53","y":"356.40"}],"confidence":{"state":"pre-added","who":["user:SDTEF"],"prob":1},"fields":{},"normalizations":{}},{"classId":"e_7","part":"s1v1","offsets":[{"start":1835,"text":"City of Poway"}],"coordinates":[],"confidence":{"state":"pre-added","who":["ml:regex"],"prob":0.5},"fields":{},"normalizations":{}},{"classId":"e_7","part":"s3v1","offsets":[{"start":127,"text":"CITY OF POWAY"}],"coordinates":[],"confidence":{"state":"pre-added","who":["ml:regex"],"prob":0.5},"fields":{},"normalizations":{}},{"classId":"e_1","part":"s3v1","offsets":[{"start":143,"text":"ELDERHELP OF SAN DIEGO"}],"coordinates":[],"confidence":{"state":"pre-added","who":["ml:regex"],"prob":0.5},"fields":{},"normalizations":{}},{"classId":"e_7","part":"s4v1","offsets":[{"start":127,"text":"CITY OF POWAY"}],"coordinates":[],"confidence":{"state":"pre-added","who":["ml:regex"],"prob":0.5},"fields":{},"normalizations":{}},{"classId":"e_1","part":"s4v1","offsets":[{"start":143,"text":"ELDERHELP OF SAN DIEGO"}],"coordinates":[{"x":"323.28","y":"118.35"},{"x":"474.85","y":"122.40"}],"confidence":{"state":"pre-added","who":["user:SDTEF"],"prob":1},"fields":{},"normalizations":{}}],"relations":[]}