{"annotatable":{"parts":["s1v1","s2v1","s3v1","s4v1","s5v1","s6v1","s7v1","s8v1","s9v1","s10v1","s11v1","s12v1","s13v1","s14v1","s15v1","s16v1","s17v1","s18v1","s19v1","s20v1","s21v1","s22v1","s23v1","s24v1","s25v1","s26v1"]},"anncomplete":true,"sources":[],"metas":{"m_22":{"value":"rental subsidy and case management","confidence":{"state":"pre-added","who":["user:SDTEF"],"prob":1}},"m_24":{"value":"$285,155","confidence":{"state":"pre-added","who":["user:SDTEF"],"prob":1}},"m_23":{"value":"city and ESG-CV","confidence":{"state":"pre-added","who":["user:SDTEF"],"prob":1}}},"entities":[{"classId":"e_19","part":"s1v1","offsets":[{"start":22,"text":"SUBRECIPIENT AGREEMENT\n\nbetween CITY OF ESCONDIDO and INTERFAITH COMMUNITY SERVICES, INC. for the use of Emergency Solutions Grant (ESG-CV) Funds"}],"coordinates":[{"x":"215.29","y":"155.62"},{"x":"433.68","y":"234.96"}],"confidence":{"state":"pre-added","who":["user:SDTEF"],"prob":1},"fields":{},"normalizations":{}},{"classId":"e_7","part":"s1v1","offsets":[{"start":54,"text":"CITY OF ESCONDIDO"}],"coordinates":[{"x":"253.93","y":"181.36"},{"x":"359.25","y":"187.20"}],"confidence":{"state":"pre-added","who":["user:SDTEF"],"prob":1},"fields":{},"normalizations":{}},{"classId":"e_1","part":"s1v1","offsets":[{"start":76,"text":"INTERFAITH COMMUNITY SERVICES, INC"}],"coordinates":[{"x":"202.57","y":"205.36"},{"x":"408.12","y":"211.20"}],"confidence":{"state":"pre-added","who":["user:SDTEF"],"prob":1},"fields":{},"normalizations":{}},{"classId":"e_7","part":"s1v1","offsets":[{"start":127,"text":"Emergency Solutions Grant (ESG-CV) Funds"}],"coordinates":[{"x":"227.52","y":"229.12"},{"x":"433.68","y":"234.96"}],"confidence":{"state":"pre-added","who":["user:SDTEF"],"prob":1},"fields":{},"normalizations":{}},{"classId":"e_7","part":"s1v1","offsets":[{"start":154,"text":"ESG-CV"}],"coordinates":[{"x":"359.53","y":"229.12"},{"x":"398.26","y":"234.96"}],"confidence":{"state":"pre-added","who":["user:SDTEF"],"prob":1},"fields":{},"normalizations":{}},{"classId":"e_4","part":"s1v1","offsets":[{"start":169,"text":"Escondido Ending Homelessness Project - Rapid Rehousing"}],"coordinates":[{"x":"166.09","y":"252.88"},{"x":"445.01","y":"258.72"}],"confidence":{"state":"pre-added","who":["user:SDTEF"],"prob":1},"fields":{},"normalizations":{}},{"classId":"e_7","part":"s1v1","offsets":[{"start":366,"text":"City of Escondido"}],"coordinates":[],"confidence":{"state":"pre-added","who":["ml:regex"],"prob":0.5},"fields":{},"normalizations":{}},{"classId":"e_7","part":"s1v1","offsets":[{"start":687,"text":"Emergency Solutions Grants program"}],"coordinates":[{"x":"320.64","y":"359.92"},{"x":"497.45","y":"365.76"}],"confidence":{"state":"pre-added","who":["user:SDTEF"],"prob":1},"fields":{},"normalizations":{}},{"classId":"e_7","part":"s1v1","offsets":[{"start":724,"text":"ESG"}],"coordinates":[{"x":"508.55","y":"359.92"},{"x":"529.88","y":"365.76"}],"confidence":{"state":"pre-added","who":["user:SDTEF"],"prob":1},"fields":{},"normalizations":{}},{"classId":"e_7","part":"s1v1","offsets":[{"start":820,"text":"ESG"}],"coordinates":[],"confidence":{"state":"pre-added","who":["ml:regex"],"prob":0.5},"fields":{},"normalizations":{}},{"classId":"e_7","part":"s1v1","offsets":[{"start":820,"text":"ESG-CV"}],"coordinates":[{"x":"498.24","y":"371.92"},{"x":"536.97","y":"377.76"}],"confidence":{"state":"pre-added","who":["user:SDTEF"],"prob":1},"fields":{},"normalizations":{}},{"classId":"e_2","part":"s1v1","offsets":[{"start":1918,"text":"Budget"}],"coordinates":[],"confidence":{"state":"pre-added","who":["ml:regex"],"prob":0.5},"fields":{},"normalizations":{}},{"classId":"e_2","part":"s1v1","offsets":[{"start":1999,"text":"Budget"}],"coordinates":[],"confidence":{"state":"pre-added","who":["ml:regex"],"prob":0.5},"fields":{},"normalizations":{}},{"classId":"e_7","part":"s1v1","offsets":[{"start":2178,"text":"ESG"}],"coordinates":[],"confidence":{"state":"pre-added","who":["ml:regex"],"prob":0.5},"fields":{},"normalizations":{}},{"classId":"e_2","part":"s1v1","offsets":[{"start":2242,"text":"Budget"}],"coordinates":[],"confidence":{"state":"pre-added","who":["ml:regex"],"prob":0.5},"fields":{},"normalizations":{}},{"classId":"e_8","part":"s1v1","offsets":[{"start":2477,"text":"TERM. The term of this Agreement shall be from June 24, 2020 through December 30, 2021 (\"Term\")"}],"coordinates":[{"x":"83.28","y":"694.24"},{"x":"121.22","y":"712.80"}],"confidence":{"state":"pre-added","who":["user:SDTEF"],"prob":1},"fields":{},"normalizations":{}},{"classId":"e_7","part":"s2v1","offsets":[{"start":623,"text":"ESG"}],"coordinates":[],"confidence":{"state":"pre-added","who":["ml:regex"],"prob":0.5},"fields":{},"normalizations":{}},{"classId":"e_7","part":"s2v1","offsets":[{"start":1073,"text":"ESG"}],"coordinates":[],"confidence":{"state":"pre-added","who":["ml:regex"],"prob":0.5},"fields":{},"normalizations":{}},{"classId":"e_7","part":"s2v1","offsets":[{"start":1484,"text":"ESG"}],"coordinates":[],"confidence":{"state":"pre-added","who":["ml:regex"],"prob":0.5},"fields":{},"normalizations":{}},{"classId":"e_2","part":"s2v1","offsets":[{"start":1613,"text":"Budget"}],"coordinates":[],"confidence":{"state":"pre-added","who":["ml:regex"],"prob":0.5},"fields":{},"normalizations":{}},{"classId":"e_7","part":"s2v1","offsets":[{"start":1778,"text":"ESG"}],"coordinates":[],"confidence":{"state":"pre-added","who":["ml:regex"],"prob":0.5},"fields":{},"normalizations":{}},{"classId":"e_7","part":"s2v1","offsets":[{"start":1910,"text":"ESG"}],"coordinates":[],"confidence":{"state":"pre-added","who":["ml:regex"],"prob":0.5},"fields":{},"normalizations":{}},{"classId":"e_7","part":"s2v1","offsets":[{"start":1980,"text":"ESG"}],"coordinates":[],"confidence":{"state":"pre-added","who":["ml:regex"],"prob":0.5},"fields":{},"normalizations":{}},{"classId":"e_2","part":"s2v1","offsets":[{"start":2138,"text":"Budget"}],"coordinates":[],"confidence":{"state":"pre-added","who":["ml:regex"],"prob":0.5},"fields":{},"normalizations":{}},{"classId":"e_7","part":"s2v1","offsets":[{"start":2179,"text":"ESG"}],"coordinates":[],"confidence":{"state":"pre-added","who":["ml:regex"],"prob":0.5},"fields":{},"normalizations":{}},{"classId":"e_7","part":"s2v1","offsets":[{"start":2608,"text":"ESG"}],"coordinates":[],"confidence":{"state":"pre-added","who":["ml:regex"],"prob":0.5},"fields":{},"normalizations":{}},{"classId":"e_7","part":"s2v1","offsets":[{"start":2807,"text":"ESG"}],"coordinates":[],"confidence":{"state":"pre-added","who":["ml:regex"],"prob":0.5},"fields":{},"normalizations":{}},{"classId":"e_7","part":"s3v1","offsets":[{"start":28,"text":"ESG"}],"coordinates":[],"confidence":{"state":"pre-added","who":["ml:regex"],"prob":0.5},"fields":{},"normalizations":{}},{"classId":"e_2","part":"s3v1","offsets":[{"start":489,"text":"BUDGET"}],"coordinates":[],"confidence":{"state":"pre-added","who":["ml:regex"],"prob":0.5},"fields":{},"normalizations":{}},{"classId":"e_2","part":"s3v1","offsets":[{"start":537,"text":"Budget"}],"coordinates":[],"confidence":{"state":"pre-added","who":["ml:regex"],"prob":0.5},"fields":{},"normalizations":{}},{"classId":"e_2","part":"s3v1","offsets":[{"start":609,"text":"Budget"}],"coordinates":[],"confidence":{"state":"pre-added","who":["ml:regex"],"prob":0.5},"fields":{},"normalizations":{}},{"classId":"e_7","part":"s3v1","offsets":[{"start":693,"text":"ESG"}],"coordinates":[],"confidence":{"state":"pre-added","who":["ml:regex"],"prob":0.5},"fields":{},"normalizations":{}},{"classId":"e_2","part":"s3v1","offsets":[{"start":903,"text":"Budget"}],"coordinates":[],"confidence":{"state":"pre-added","who":["ml:regex"],"prob":0.5},"fields":{},"normalizations":{}},{"classId":"e_2","part":"s3v1","offsets":[{"start":1082,"text":"Budget"}],"coordinates":[],"confidence":{"state":"pre-added","who":["ml:regex"],"prob":0.5},"fields":{},"normalizations":{}},{"classId":"e_2","part":"s3v1","offsets":[{"start":1190,"text":"Budget"}],"coordinates":[],"confidence":{"state":"pre-added","who":["ml:regex"],"prob":0.5},"fields":{},"normalizations":{}},{"classId":"e_2","part":"s3v1","offsets":[{"start":1299,"text":"Budget"}],"coordinates":[],"confidence":{"state":"pre-added","who":["ml:regex"],"prob":0.5},"fields":{},"normalizations":{}},{"classId":"e_2","part":"s3v1","offsets":[{"start":1397,"text":"PAYMENT\n\nA. The total amount of ESG-CV Funds to be paid by the Grantee under this Agreement shall not exceed $552,803."}],"coordinates":[{"x":"88.56","y":"366.44"},{"x":"184.07","y":"407.52"}],"confidence":{"state":"pre-added","who":["user:SDTEF"],"prob":1},"fields":{},"normalizations":{}},{"classId":"e_7","part":"s3v1","offsets":[{"start":1429,"text":"ESG"}],"coordinates":[],"confidence":{"state":"pre-added","who":["ml:regex"],"prob":0.5},"fields":{},"normalizations":{}},{"classId":"e_7","part":"s3v1","offsets":[{"start":1535,"text":"ESG"}],"coordinates":[],"confidence":{"state":"pre-added","who":["ml:regex"],"prob":0.5},"fields":{},"normalizations":{}},{"classId":"e_7","part":"s3v1","offsets":[{"start":2565,"text":"City of Escondido"}],"coordinates":[],"confidence":{"state":"pre-added","who":["ml:regex"],"prob":0.5},"fields":{},"normalizations":{}},{"classId":"e_1","part":"s4v1","offsets":[{"start":24,"text":"Interfaith Community Services 550 West Washington Escondido, CA 92025"}],"coordinates":[{"x":"108.48","y":"141.04"},{"x":"208.09","y":"170.39"}],"confidence":{"state":"pre-added","who":["user:SDTEF"],"prob":1},"fields":{},"normalizations":{}},{"classId":"e_7","part":"s4v1","offsets":[{"start":342,"text":"ESG"}],"coordinates":[],"confidence":{"state":"pre-added","who":["ml:regex"],"prob":0.5},"fields":{},"normalizations":{}},{"classId":"e_2","part":"s8v1","offsets":[{"start":1110,"text":"total"}],"coordinates":[],"confidence":{"state":"pre-added","who":["ml:regex"],"prob":0.5},"fields":{},"normalizations":{}},{"classId":"e_7","part":"s8v1","offsets":[{"start":1947,"text":"ESG"}],"coordinates":[],"confidence":{"state":"pre-added","who":["ml:regex"],"prob":0.5},"fields":{},"normalizations":{}},{"classId":"e_7","part":"s9v1","offsets":[{"start":287,"text":"ESG"}],"coordinates":[],"confidence":{"state":"pre-added","who":["ml:regex"],"prob":0.5},"fields":{},"normalizations":{}},{"classId":"e_7","part":"s9v1","offsets":[{"start":949,"text":"ESG"}],"coordinates":[],"confidence":{"state":"pre-added","who":["ml:regex"],"prob":0.5},"fields":{},"normalizations":{}},{"classId":"e_7","part":"s9v1","offsets":[{"start":1255,"text":"ESG"}],"coordinates":[],"confidence":{"state":"pre-added","who":["ml:regex"],"prob":0.5},"fields":{},"normalizations":{}},{"classId":"e_7","part":"s9v1","offsets":[{"start":1401,"text":"ESG"}],"coordinates":[],"confidence":{"state":"pre-added","who":["ml:regex"],"prob":0.5},"fields":{},"normalizations":{}},{"classId":"e_2","part":"s9v1","offsets":[{"start":1494,"text":"Budget"}],"coordinates":[],"confidence":{"state":"pre-added","who":["ml:regex"],"prob":0.5},"fields":{},"normalizations":{}},{"classId":"e_7","part":"s9v1","offsets":[{"start":2154,"text":"ESG"}],"coordinates":[],"confidence":{"state":"pre-added","who":["ml:regex"],"prob":0.5},"fields":{},"normalizations":{}},{"classId":"e_7","part":"s9v1","offsets":[{"start":2246,"text":"ESG"}],"coordinates":[],"confidence":{"state":"pre-added","who":["ml:regex"],"prob":0.5},"fields":{},"normalizations":{}},{"classId":"e_7","part":"s10v1","offsets":[{"start":2379,"text":"ESG"}],"coordinates":[],"confidence":{"state":"pre-added","who":["ml:regex"],"prob":0.5},"fields":{},"normalizations":{}},{"classId":"e_7","part":"s10v1","offsets":[{"start":2569,"text":"City of Escondido"}],"coordinates":[],"confidence":{"state":"pre-added","who":["ml:regex"],"prob":0.5},"fields":{},"normalizations":{}},{"classId":"e_7","part":"s11v1","offsets":[{"start":147,"text":"ESG"}],"coordinates":[],"confidence":{"state":"pre-added","who":["ml:regex"],"prob":0.5},"fields":{},"normalizations":{}},{"classId":"e_7","part":"s11v1","offsets":[{"start":317,"text":"ESG"}],"coordinates":[],"confidence":{"state":"pre-added","who":["ml:regex"],"prob":0.5},"fields":{},"normalizations":{}},{"classId":"e_7","part":"s11v1","offsets":[{"start":371,"text":"ESG"}],"coordinates":[],"confidence":{"state":"pre-added","who":["ml:regex"],"prob":0.5},"fields":{},"normalizations":{}},{"classId":"e_7","part":"s11v1","offsets":[{"start":569,"text":"ESG"}],"coordinates":[],"confidence":{"state":"pre-added","who":["ml:regex"],"prob":0.5},"fields":{},"normalizations":{}},{"classId":"e_2","part":"s11v1","offsets":[{"start":1081,"text":"Budget"}],"coordinates":[],"confidence":{"state":"pre-added","who":["ml:regex"],"prob":0.5},"fields":{},"normalizations":{}},{"classId":"e_7","part":"s11v1","offsets":[{"start":1886,"text":"ESG"}],"coordinates":[],"confidence":{"state":"pre-added","who":["ml:regex"],"prob":0.5},"fields":{},"normalizations":{}},{"classId":"e_7","part":"s11v1","offsets":[{"start":2025,"text":"ESG"}],"coordinates":[],"confidence":{"state":"pre-added","who":["ml:regex"],"prob":0.5},"fields":{},"normalizations":{}},{"classId":"e_7","part":"s11v1","offsets":[{"start":2149,"text":"ESG"}],"coordinates":[],"confidence":{"state":"pre-added","who":["ml:regex"],"prob":0.5},"fields":{},"normalizations":{}},{"classId":"e_7","part":"s11v1","offsets":[{"start":2628,"text":"ESG"}],"coordinates":[],"confidence":{"state":"pre-added","who":["ml:regex"],"prob":0.5},"fields":{},"normalizations":{}},{"classId":"e_7","part":"s17v1","offsets":[{"start":20,"text":"ESG"}],"coordinates":[],"confidence":{"state":"pre-added","who":["ml:regex"],"prob":0.5},"fields":{},"normalizations":{}},{"classId":"e_7","part":"s17v1","offsets":[{"start":318,"text":"ESG"}],"coordinates":[],"confidence":{"state":"pre-added","who":["ml:regex"],"prob":0.5},"fields":{},"normalizations":{}},{"classId":"e_7","part":"s19v1","offsets":[{"start":2260,"text":"City of Escondido"}],"coordinates":[],"confidence":{"state":"pre-added","who":["ml:regex"],"prob":0.5},"fields":{},"normalizations":{}},{"classId":"e_7","part":"s20v1","offsets":[{"start":1055,"text":"CITY OF ESCONDIDO"}],"coordinates":[],"confidence":{"state":"pre-added","who":["ml:regex"],"prob":0.5},"fields":{},"normalizations":{}},{"classId":"e_7","part":"s20v1","offsets":[{"start":1217,"text":"CITY OF ESCONDIDO"}],"coordinates":[],"confidence":{"state":"pre-added","who":["ml:regex"],"prob":0.5},"fields":{},"normalizations":{}},{"classId":"e_1","part":"s21v1","offsets":[{"start":29,"text":"Organization: Interfaith Community Services"}],"coordinates":[{"x":"72.96","y":"157.17"},{"x":"283.38","y":"162.95"}],"confidence":{"state":"pre-added","who":["user:SDTEF"],"prob":1},"fields":{},"normalizations":{}},{"classId":"e_4","part":"s21v1","offsets":[{"start":88,"text":"Escondido Ending Homelessness Project - Rapid Rehousing"}],"coordinates":[],"confidence":{"state":"pre-added","who":["ml:regex"],"prob":0.5},"fields":{},"normalizations":{}},{"classId":"e_6","part":"s21v1","offsets":[{"start":144,"text":"Goal Statement: To provide Rapid Rehousing services to Escondido homeless individuals"}],"coordinates":[{"x":"72.72","y":"181.17"},{"x":"492.85","y":"186.95"}],"confidence":{"state":"pre-added","who":["user:SDTEF"],"prob":1},"fields":{},"normalizations":{}},{"classId":"e_4","part":"s21v1","offsets":[{"start":230,"text":"Objective: Interfaith will provide 10 individuals with up to 12 months of rental subsidy and case management"}],"coordinates":[{"x":"72.48","y":"192.94"},{"x":"130.60","y":"210.72"}],"confidence":{"state":"pre-added","who":["user:SDTEF"],"prob":1},"fields":{},"normalizations":{}},{"classId":"e_4","part":"s21v1","offsets":[{"start":340,"text":"Key Activities"}],"coordinates":[{"x":"147.60","y":"235.42"},{"x":"208.90","y":"241.20"}],"confidence":{"state":"pre-added","who":["user:SDTEF"],"prob":1},"fields":{},"normalizations":{}},{"classId":"e_4","part":"s21v1","offsets":[{"start":362,"text":"Create/update documents and files in\n\nJuly-September 2020 accordance with ESG and Coronavirus grant standards\n\nRecruit/Connect with partners, landlords and July 1,2020- December 31, 2021 property management companies\n\nEnsure all clients are entered into the CES July 1,2020- December 31, 2021\n\nMatch clients to lnterfaith's Rapid Rehousing July 1,2020- December 31, 2021 program through CES\n\nConduct/review client assessments to ensure July 1,2020- December 31, 2021 right-size services are offered\n\nPrnvide intensive case management to\n\nJuly 1,2020- December 31, 20·21 participants\n\nProvide Monetary assistance for cost\n\nJuly 1,2020- December 31, 2021 associated with new housing\n\nComplete reports and invoices as required July 1,2020- December 31, 2021 per grant agreement"}],"coordinates":[{"x":"76.08","y":"266.37"},{"x":"164.92","y":"534.48"}],"confidence":{"state":"pre-added","who":["user:SDTEF"],"prob":1},"fields":{},"normalizations":{}},{"classId":"e_7","part":"s21v1","offsets":[{"start":436,"text":"ESG"}],"coordinates":[],"confidence":{"state":"pre-added","who":["ml:regex"],"prob":0.5},"fields":{},"normalizations":{}},{"classId":"e_2","part":"s22v1","offsets":[{"start":11,"text":"BUDGET"}],"coordinates":[{"x":"287.52","y":"119.51"},{"x":"328.48","y":"125.28"}],"confidence":{"state":"pre-added","who":["user:SDTEF"],"prob":1},"fields":{},"normalizations":{}},{"classId":"e_1","part":"s22v1","offsets":[{"start":19,"text":"Organization:\n\nInterfaith Community Services"}],"coordinates":[{"x":"74.16","y":"145.71"},{"x":"293.94","y":"151.20"}],"confidence":{"state":"pre-added","who":["user:SDTEF"],"prob":1},"fields":{},"normalizations":{}},{"classId":"e_4","part":"s22v1","offsets":[{"start":65,"text":"Project Title: Escondido Ending Homelessness Project- Rapid Rehousing"}],"coordinates":[{"x":"74.16","y":"163.06"},{"x":"411.41","y":"168.72"}],"confidence":{"state":"pre-added","who":["user:SDTEF"],"prob":1},"fields":{},"normalizations":{}},{"classId":"e_2","part":"s22v1","offsets":[{"start":196,"text":"TOTAL"}],"coordinates":[],"confidence":{"state":"pre-added","who":["ml:regex"],"prob":0.5},"fields":{},"normalizations":{}},{"classId":"e_2","part":"s22v1","offsets":[{"start":572,"text":"Total"}],"coordinates":[{"x":"92.16","y":"631.22"},{"x":"113.28","y":"636.71"}],"confidence":{"state":"pre-added","who":["user:SDTEF"],"prob":1},"fields":{},"normalizations":{}},{"classId":"e_2","part":"s22v1","offsets":[{"start":579,"text":"$285,155"}],"coordinates":[{"x":"276.00","y":"630.51"},{"x":"315.61","y":"636.00"}],"confidence":{"state":"pre-added","who":["user:SDTEF"],"prob":1},"fields":{},"normalizations":{}}],"relations":[]}