{"annotatable":{"parts":["s1v1","s2v1","s3v1","s4v1","s5v1","s6v1","s7v1","s8v1","s9v1","s10v1","s11v1","s12v1","s13v1","s14v1","s15v1","s16v1","s17v1","s18v1","s19v1","s20v1","s21v1","s22v1"]},"anncomplete":true,"sources":[],"metas":{"m_23":{"value":"city, ESG, and CDBG","confidence":{"state":"pre-added","who":["user:SDTEF"],"prob":1}},"m_21":{"value":"LMI","confidence":{"state":"pre-added","who":["user:SDTEF"],"prob":1}},"m_24":{"value":"$15,000","confidence":{"state":"pre-added","who":["user:SDTEF"],"prob":1}},"m_20":{"value":"individuals and families","confidence":{"state":"pre-added","who":["user:SDTEF"],"prob":1}},"m_22":{"value":"temp housing, transitional and perm housing, income assistance, case management","confidence":{"state":"pre-added","who":["user:SDTEF"],"prob":1}}},"entities":[{"classId":"e_19","part":"s1v1","offsets":[{"start":61,"text":"CONTRACT FOR  MANAGEMENT AND IMPLEMENTATION OF AN EMERGENCY SOLUTIONS GRANT PROJECT 2020-2021"}],"coordinates":[{"x":"275.88","y":"73.42"},{"x":"335.96","y":"122.63"}],"confidence":{"state":"pre-added","who":["user:SDTEF"],"prob":1},"fields":{},"normalizations":{}},{"classId":"e_7","part":"s1v1","offsets":[{"start":111,"text":"EMERGENCY SOLUTIONS GRANT PROJECT"}],"coordinates":[{"x":"218.04","y":"102.22"},{"x":"406.26","y":"109.20"}],"confidence":{"state":"pre-added","who":["user:SDTEF"],"prob":1},"fields":{},"normalizations":{}},{"classId":"e_19","part":"s1v1","offsets":[{"start":185,"text":"“Contract”), numbered 2020-099"}],"coordinates":[{"x":"179.76","y":"142.54"},{"x":"330.67","y":"149.52"}],"confidence":{"state":"pre-added","who":["user:SDTEF"],"prob":1},"fields":{},"normalizations":{}},{"classId":"e_1","part":"s1v1","offsets":[{"start":248,"text":"Interfaith Shelter Network of San Diego"}],"coordinates":[{"x":"488.29","y":"142.54"},{"x":"155.69","y":"162.84"}],"confidence":{"state":"pre-added","who":["user:SDTEF"],"prob":1},"fields":{},"normalizations":{}},{"classId":"e_7","part":"s1v1","offsets":[{"start":314,"text":"City of Chula Vista"}],"coordinates":[{"x":"272.74","y":"155.86"},{"x":"353.49","y":"162.84"}],"confidence":{"state":"pre-added","who":["user:SDTEF"],"prob":1},"fields":{},"normalizations":{}},{"classId":"e_4","part":"s1v1","offsets":[{"start":454,"text":"2020-2021  Rotational Shelter Program"}],"coordinates":[{"x":"387.12","y":"169.30"},{"x":"565.43","y":"176.28"}],"confidence":{"state":"pre-added","who":["user:SDTEF"],"prob":1},"fields":{},"normalizations":{}},{"classId":"e_4","part":"s1v1","offsets":[{"start":493,"text":"HUD Project Number: BGS1165"}],"coordinates":[{"x":"56.04","y":"182.74"},{"x":"196.39","y":"189.72"}],"confidence":{"state":"pre-added","who":["user:SDTEF"],"prob":1},"fields":{},"normalizations":{}},{"classId":"e_7","part":"s1v1","offsets":[{"start":2622,"text":"City of Chula Vista"}],"coordinates":[],"confidence":{"state":"pre-added","who":["ml:regex"],"prob":0.5},"fields":{},"normalizations":{}},{"classId":"e_7","part":"s5v1","offsets":[{"start":540,"text":"City of Chula Vista"}],"coordinates":[],"confidence":{"state":"pre-added","who":["ml:regex"],"prob":0.5},"fields":{},"normalizations":{}},{"classId":"e_8","part":"s13v1","offsets":[{"start":563,"text":"Term. This contract shall commence when executed by the parties and shall continue in effect until terminated as provided herein or until Contractor has carried out all its obligations under the contract. Services of the Contractor shall start on the 1st day of July, 2020 and end on the 30th day of June 2021. With City approval, the term of this contract and the provisions herein shall be extended to cover any additional time period during which the Contractor remains in control of ESG funds."}],"coordinates":[{"x":"81.08","y":"179.00"},{"x":"293.47","y":"243.25"}],"confidence":{"state":"pre-added","who":["user:SDTEF"],"prob":1},"fields":{},"normalizations":{}},{"classId":"e_7","part":"s13v1","offsets":[{"start":3711,"text":"City of Chula Vista"}],"coordinates":[],"confidence":{"state":"pre-added","who":["ml:regex"],"prob":0.5},"fields":{},"normalizations":{}},{"classId":"e_7","part":"s13v1","offsets":[{"start":3863,"text":"City of Chula Vista"}],"coordinates":[],"confidence":{"state":"pre-added","who":["ml:regex"],"prob":0.5},"fields":{},"normalizations":{}},{"classId":"e_1","part":"s14v1","offsets":[{"start":1093,"text":"Interfaith Shelter Network of San Diego"}],"coordinates":[],"confidence":{"state":"pre-added","who":["ml:regex"],"prob":0.5},"fields":{},"normalizations":{}},{"classId":"e_1","part":"s14v1","offsets":[{"start":1133,"text":"Joe Zilvinskis, Manager/Director of Operations 3530 Camino del Rio North Suite 301 San Diego, CA 92108"}],"coordinates":[{"x":"61.44","y":"273.82"},{"x":"155.00","y":"307.68"}],"confidence":{"state":"pre-added","who":["user:SDTEF"],"prob":1},"fields":{},"normalizations":{}},{"classId":"e_7","part":"s14v1","offsets":[{"start":1237,"text":"City of Chula Vista"}],"coordinates":[],"confidence":{"state":"pre-added","who":["ml:regex"],"prob":0.5},"fields":{},"normalizations":{}},{"classId":"e_7","part":"s14v1","offsets":[{"start":1430,"text":"CITY OF CHULA VISTA"}],"coordinates":[],"confidence":{"state":"pre-added","who":["ml:regex"],"prob":0.5},"fields":{},"normalizations":{}},{"classId":"e_7","part":"s14v1","offsets":[{"start":1479,"text":"City of Chula Vista"}],"coordinates":[],"confidence":{"state":"pre-added","who":["ml:regex"],"prob":0.5},"fields":{},"normalizations":{}},{"classId":"e_1","part":"s14v1","offsets":[{"start":1579,"text":"INTERFAITH SHELTER NETWORK"}],"coordinates":[],"confidence":{"state":"pre-added","who":["ml:regex"],"prob":0.5},"fields":{},"normalizations":{}},{"classId":"e_7","part":"s15v1","offsets":[{"start":196,"text":"CITY OF CHULA VISTA"}],"coordinates":[],"confidence":{"state":"pre-added","who":["ml:regex"],"prob":0.5},"fields":{},"normalizations":{}},{"classId":"e_1","part":"s15v1","offsets":[{"start":220,"text":"INTERFAITH SHELTER NETWORK"}],"coordinates":[{"x":"237.48","y":"133.54"},{"x":"383.55","y":"140.52"}],"confidence":{"state":"pre-added","who":["user:SDTEF"],"prob":1},"fields":{},"normalizations":{}},{"classId":"e_7","part":"s15v1","offsets":[{"start":352,"text":"City of Chula Vista"}],"coordinates":[],"confidence":{"state":"pre-added","who":["ml:regex"],"prob":0.5},"fields":{},"normalizations":{}},{"classId":"e_7","part":"s15v1","offsets":[{"start":461,"text":"Community Development Block Grant and Emergency Solutions Grant Funding"}],"coordinates":[{"x":"442.14","y":"187.18"},{"x":"296.44","y":"207.60"}],"confidence":{"state":"pre-added","who":["user:SDTEF"],"prob":1},"fields":{},"normalizations":{}},{"classId":"e_3","part":"s15v1","offsets":[{"start":536,"text":"ESG funds will be used for Emergency Shelter for low income homeless families (with children), most of whom are victims of domestic violence.  In addition to housing, families, Contractor will develop a treatment plan so that the client can work to re-establish self-sufficiency and end their homelessness"}],"coordinates":[{"x":"63.01","y":"227.49"},{"x":"432.25","y":"261.34"}],"confidence":{"state":"pre-added","who":["user:SDTEF"],"prob":1},"fields":{},"normalizations":{}},{"classId":"e_4","part":"s15v1","offsets":[{"start":851,"text":"Scope of Services:  The Subrecipient will carry out the following specific activities as part of the program:  \n\n• Ensure that marketing material acknowledges the City of Chula Vista and the Department of Housing and Urban Development’s support; services to be provided are in compliance with the program Policies and Procedures Manual.  Additionally, the program will provide the following:  o Contractor will provide rotational night-time shelter in partnership with 8 congregations in the South Bay. All clients will receive case management including 1) Intake Screening; 2) Establish and evaluate client centered case plans; 3) Provide assistance in obtaining permanent or transitional housing; 4) Provide assistance with obtaining/maintaining income including public cash benefits. o 50% of clients will leave for transitional or permanent housing. o Contractor shall only use Emergency Solution Grant funds on eligible activities in §576.102 Emergency Shelter Components.    o Contractor shall operate the project in accordance with all local, state, and federal regulations, including a Conditional Use Permit, as amended.   o Contractor shall enter all client information into Homeless Management Information System"}],"coordinates":[{"x":"81.01","y":"281.26"},{"x":"529.95","y":"490.16"}],"confidence":{"state":"pre-added","who":["user:SDTEF"],"prob":1},"fields":{},"normalizations":{}},{"classId":"e_7","part":"s15v1","offsets":[{"start":1014,"text":"City of Chula Vista"}],"coordinates":[],"confidence":{"state":"pre-added","who":["ml:regex"],"prob":0.5},"fields":{},"normalizations":{}},{"classId":"e_6","part":"s19v1","offsets":[{"start":2496,"text":"Performance Measurements: The short term emergency shelter will serve 15 extremely low-income homeless individuals and families that meet HUD’s definition of homelessness. \n\nOutcome Evaluation \n\nOutcome 1:  Maintain case files documenting beginning status of activities (e.g. housing, no income, no bank account), compared to ending status (e.g., finding stable housing, opening a bank account (if feasible), establishing income)"}],"coordinates":[{"x":"78.00","y":"580.06"},{"x":"155.01","y":"681.12"}],"confidence":{"state":"pre-added","who":["user:SDTEF"],"prob":1},"fields":{},"normalizations":{}},{"classId":"e_6","part":"s20v1","offsets":[{"start":88,"text":"Outcome 2: Staff will administer Customer Satisfaction Questionnaires to help determine accomplishment of case plans.   \n\nOutcome 3:  Ensure each program participant has applied for Affordable Housing including Section 8 rental assistance and Public Housing."}],"coordinates":[{"x":"63.84","y":"52.90"},{"x":"199.56","y":"113.64"}],"confidence":{"state":"pre-added","who":["user:SDTEF"],"prob":1},"fields":{},"normalizations":{}},{"classId":"e_2","part":"s22v1","offsets":[{"start":1370,"text":"Estimated Budget:   Contractor will make all good faith and reasonable efforts to complete the work under this Contract within the following estimated budget.  In no case shall Contractor be entitled to, or shall funds be reimbursed in excess of, the total compensation described in Paragraph No. 3 (COMPENSATION SECTION) of this Contract.   \n\n\n\nCost related to Emergency Shelter are subject to the expenditure limits found in 576.100(b), ESG funds may be used for costs of providing essential services to homeless families and individuals in emergency shelters, and operating emergency shelters."}],"coordinates":[{"x":"81.00","y":"321.46"},{"x":"236.53","y":"422.51"}],"confidence":{"state":"pre-added","who":["user:SDTEF"],"prob":1},"fields":{},"normalizations":{}},{"classId":"e_2","part":"s22v1","offsets":[{"start":1972,"text":"Budget Line Item\n\nAmount ProgramManager\n\n$3,100 Outreach Coordinator\n\n$2,400 Director of Operations\n\n$1,100 Office Rent\n\n$3,300 Case Management\n\n$1,400 Client Transportation\n\n$1,000 Total\n\n$15,000"}],"coordinates":[{"x":"86.64","y":"456.22"},{"x":"411.92","y":"560.76"}],"confidence":{"state":"pre-added","who":["user:SDTEF"],"prob":1},"fields":{},"normalizations":{}}],"relations":[]}