{"annotatable":{"parts":["s1v1","s2v1","s3v1","s4v1","s5v1","s6v1","s7v1","s8v1","s9v1","s10v1","s11v1","s12v1","s13v1","s14v1","s15v1","s16v1","s17v1","s18v1","s19v1","s20v1","s21v1","s22v1","s23v1"]},"anncomplete":true,"sources":[],"metas":{"m_23":{"value":"city and CDBG funds","confidence":{"state":"pre-added","who":["user:SDTEF"],"prob":1}},"m_22":{"value":"rental assistance ","confidence":{"state":"pre-added","who":["user:SDTEF"],"prob":1}},"m_24":{"value":"$230,000","confidence":{"state":"pre-added","who":["user:SDTEF"],"prob":1}}},"entities":[{"classId":"e_19","part":"s1v1","offsets":[{"start":0,"text":"FIRST AMENDMENT TO THE CONTRACT BETWEEN THE CITY OF VISTA AND NORTH COUNTY LIFELINE, INC. FOR RENTAL ASSISTANCE SERVICES"}],"coordinates":[{"x":"122.88","y":"99.16"},{"x":"387.05","y":"129.60"}],"confidence":{"state":"pre-added","who":["user:SDTEF"],"prob":1},"fields":{},"normalizations":{}},{"classId":"e_7","part":"s1v1","offsets":[{"start":44,"text":"CITY OF VISTA"}],"coordinates":[{"x":"411.85","y":"99.16"},{"x":"485.45","y":"105.11"}],"confidence":{"state":"pre-added","who":["user:SDTEF"],"prob":1},"fields":{},"normalizations":{}},{"classId":"e_1","part":"s1v1","offsets":[{"start":62,"text":"NORTH COUNTY LIFELINE, INC"}],"coordinates":[{"x":"224.16","y":"111.65"},{"x":"382.02","y":"117.60"}],"confidence":{"state":"pre-added","who":["user:SDTEF"],"prob":1},"fields":{},"normalizations":{}},{"classId":"e_4","part":"s1v1","offsets":[{"start":94,"text":"RENTAL ASSISTANCE SERVICES"}],"coordinates":[{"x":"219.85","y":"123.65"},{"x":"387.05","y":"129.60"}],"confidence":{"state":"pre-added","who":["user:SDTEF"],"prob":1},"fields":{},"normalizations":{}},{"classId":"e_7","part":"s1v1","offsets":[{"start":191,"text":"City of Vista"}],"coordinates":[],"confidence":{"state":"pre-added","who":["ml:regex"],"prob":0.5},"fields":{},"normalizations":{}},{"classId":"e_7","part":"s1v1","offsets":[{"start":374,"text":"City of Vista"}],"coordinates":[],"confidence":{"state":"pre-added","who":["ml:regex"],"prob":0.5},"fields":{},"normalizations":{}},{"classId":"e_1","part":"s1v1","offsets":[{"start":437,"text":"North County Lifeline, Inc"}],"coordinates":[],"confidence":{"state":"pre-added","who":["ml:regex"],"prob":0.5},"fields":{},"normalizations":{}},{"classId":"e_2","part":"s1v1","offsets":[{"start":902,"text":"Section 2.1 is amended increase the contract ceiling by $25,000 to a new total contract ceiling of $255,000, to compensate Contractor for the expanded scope of services."}],"coordinates":[{"x":"149.76","y":"334.31"},{"x":"506.15","y":"352.80"}],"confidence":{"state":"pre-added","who":["user:SDTEF"],"prob":1},"fields":{},"normalizations":{}},{"classId":"e_7","part":"s1v1","offsets":[{"start":1272,"text":"CITY OF VISTA"}],"coordinates":[],"confidence":{"state":"pre-added","who":["ml:regex"],"prob":0.5},"fields":{},"normalizations":{}},{"classId":"e_1","part":"s1v1","offsets":[{"start":1543,"text":"NORTH COUNTY LIFELINE, INC"}],"coordinates":[],"confidence":{"state":"pre-added","who":["ml:regex"],"prob":0.5},"fields":{},"normalizations":{}},{"classId":"e_2","part":"s2v1","offsets":[{"start":313,"text":"Personnel Total $ 55,000"}],"coordinates":[{"x":"244.80","y":"207.04"},{"x":"386.05","y":"212.16"}],"confidence":{"state":"pre-added","who":["user:SDTEF"],"prob":1},"fields":{},"normalizations":{}},{"classId":"e_19","part":"s3v1","offsets":[{"start":0,"text":"COMMUNITY DEVELOPMENT BLOCK GRANT CARES ACT FUNDING AGREEMENT BETWEEN THE CHARTERED CITY OF VISTA AND NORTH COUNTY LIFELINE, INC"}],"coordinates":[{"x":"133.93","y":"96.65"},{"x":"394.85","y":"126.72"}],"confidence":{"state":"pre-added","who":["user:SDTEF"],"prob":1},"fields":{},"normalizations":{}},{"classId":"e_7","part":"s3v1","offsets":[{"start":84,"text":"CITY OF VISTA"}],"coordinates":[],"confidence":{"state":"pre-added","who":["ml:regex"],"prob":0.5},"fields":{},"normalizations":{}},{"classId":"e_1","part":"s3v1","offsets":[{"start":102,"text":"NORTH COUNTY LIFELINE, INC"}],"coordinates":[],"confidence":{"state":"pre-added","who":["ml:regex"],"prob":0.5},"fields":{},"normalizations":{}},{"classId":"e_7","part":"s3v1","offsets":[{"start":136,"text":"COMMUNITY DEVELOPMENT BLOCK GRANT"}],"coordinates":[{"x":"149.29","y":"143.75"},{"x":"394.48","y":"149.76"}],"confidence":{"state":"pre-added","who":["user:SDTEF"],"prob":1},"fields":{},"normalizations":{}},{"classId":"e_7","part":"s3v1","offsets":[{"start":278,"text":"CITY OF VISTA"}],"coordinates":[],"confidence":{"state":"pre-added","who":["ml:regex"],"prob":0.5},"fields":{},"normalizations":{}},{"classId":"e_1","part":"s3v1","offsets":[{"start":340,"text":"NORTH COUNTY LIFELINE, INC"}],"coordinates":[],"confidence":{"state":"pre-added","who":["ml:regex"],"prob":0.5},"fields":{},"normalizations":{}},{"classId":"e_7","part":"s3v1","offsets":[{"start":667,"text":"Community Development Block Grant"}],"coordinates":[],"confidence":{"state":"pre-added","who":["ml:regex"],"prob":0.5},"fields":{},"normalizations":{}},{"classId":"e_7","part":"s3v1","offsets":[{"start":1108,"text":"Community Development Block Grant"}],"coordinates":[],"confidence":{"state":"pre-added","who":["ml:regex"],"prob":0.5},"fields":{},"normalizations":{}},{"classId":"e_1","part":"s4v1","offsets":[{"start":601,"text":"e"}],"coordinates":[],"confidence":{"state":"pre-added","who":["ml:regex"],"prob":0.5},"fields":{},"normalizations":{}},{"classId":"e_1","part":"s4v1","offsets":[{"start":1727,"text":"e"}],"coordinates":[],"confidence":{"state":"pre-added","who":["ml:regex"],"prob":0.5},"fields":{},"normalizations":{}},{"classId":"e_7","part":"s5v1","offsets":[{"start":1227,"text":"City of Vista"}],"coordinates":[],"confidence":{"state":"pre-added","who":["ml:regex"],"prob":0.5},"fields":{},"normalizations":{}},{"classId":"e_7","part":"s5v1","offsets":[{"start":1798,"text":"City of Vista"}],"coordinates":[],"confidence":{"state":"pre-added","who":["ml:regex"],"prob":0.5},"fields":{},"normalizations":{}},{"classId":"e_7","part":"s5v1","offsets":[{"start":2261,"text":"City of Vista"}],"coordinates":[],"confidence":{"state":"pre-added","who":["ml:regex"],"prob":0.5},"fields":{},"normalizations":{}},{"classId":"e_7","part":"s5v1","offsets":[{"start":2470,"text":"City of Vista"}],"coordinates":[],"confidence":{"state":"pre-added","who":["ml:regex"],"prob":0.5},"fields":{},"normalizations":{}},{"classId":"e_7","part":"s5v1","offsets":[{"start":2638,"text":"City of Vista"}],"coordinates":[],"confidence":{"state":"pre-added","who":["ml:regex"],"prob":0.5},"fields":{},"normalizations":{}},{"classId":"e_7","part":"s6v1","offsets":[{"start":2220,"text":"City of Vista"}],"coordinates":[],"confidence":{"state":"pre-added","who":["ml:regex"],"prob":0.5},"fields":{},"normalizations":{}},{"classId":"e_7","part":"s6v1","offsets":[{"start":2336,"text":"City of Vista"}],"coordinates":[],"confidence":{"state":"pre-added","who":["ml:regex"],"prob":0.5},"fields":{},"normalizations":{}},{"classId":"e_7","part":"s8v1","offsets":[{"start":837,"text":"City of Vista"}],"coordinates":[],"confidence":{"state":"pre-added","who":["ml:regex"],"prob":0.5},"fields":{},"normalizations":{}},{"classId":"e_7","part":"s8v1","offsets":[{"start":915,"text":"City of Vista"}],"coordinates":[],"confidence":{"state":"pre-added","who":["ml:regex"],"prob":0.5},"fields":{},"normalizations":{}},{"classId":"e_8","part":"s8v1","offsets":[{"start":1205,"text":"Term. Unless earlier terminated in accordance with Section 7.4 of this Agreement, the term of this Agreement shall be from July 1, 2020 to June 30, 2021."}],"coordinates":[{"x":"148.81","y":"335.69"},{"x":"409.02","y":"353.76"}],"confidence":{"state":"pre-added","who":["user:SDTEF"],"prob":1},"fields":{},"normalizations":{}},{"classId":"e_7","part":"s9v1","offsets":[{"start":2520,"text":"City of Vista"}],"coordinates":[],"confidence":{"state":"pre-added","who":["ml:regex"],"prob":0.5},"fields":{},"normalizations":{}},{"classId":"e_7","part":"s10v1","offsets":[{"start":2093,"text":"City of Vista"}],"coordinates":[],"confidence":{"state":"pre-added","who":["ml:regex"],"prob":0.5},"fields":{},"normalizations":{}},{"classId":"e_7","part":"s12v1","offsets":[{"start":325,"text":"City of Vista"}],"coordinates":[],"confidence":{"state":"pre-added","who":["ml:regex"],"prob":0.5},"fields":{},"normalizations":{}},{"classId":"e_7","part":"s12v1","offsets":[{"start":610,"text":"City of Vista"}],"coordinates":[],"confidence":{"state":"pre-added","who":["ml:regex"],"prob":0.5},"fields":{},"normalizations":{}},{"classId":"e_7","part":"s12v1","offsets":[{"start":1652,"text":"City of Vista"}],"coordinates":[],"confidence":{"state":"pre-added","who":["ml:regex"],"prob":0.5},"fields":{},"normalizations":{}},{"classId":"e_7","part":"s12v1","offsets":[{"start":1817,"text":"City of Vista"}],"coordinates":[],"confidence":{"state":"pre-added","who":["ml:regex"],"prob":0.5},"fields":{},"normalizations":{}},{"classId":"e_7","part":"s12v1","offsets":[{"start":2029,"text":"City of Vista"}],"coordinates":[],"confidence":{"state":"pre-added","who":["ml:regex"],"prob":0.5},"fields":{},"normalizations":{}},{"classId":"e_7","part":"s12v1","offsets":[{"start":2157,"text":"City of Vista"}],"coordinates":[],"confidence":{"state":"pre-added","who":["ml:regex"],"prob":0.5},"fields":{},"normalizations":{}},{"classId":"e_7","part":"s12v1","offsets":[{"start":2501,"text":"City of Vista"}],"coordinates":[],"confidence":{"state":"pre-added","who":["ml:regex"],"prob":0.5},"fields":{},"normalizations":{}},{"classId":"e_7","part":"s12v1","offsets":[{"start":2702,"text":"City of Vista"}],"coordinates":[],"confidence":{"state":"pre-added","who":["ml:regex"],"prob":0.5},"fields":{},"normalizations":{}},{"classId":"e_7","part":"s12v1","offsets":[{"start":2834,"text":"City of Vista"}],"coordinates":[],"confidence":{"state":"pre-added","who":["ml:regex"],"prob":0.5},"fields":{},"normalizations":{}},{"classId":"e_1","part":"s13v1","offsets":[{"start":2165,"text":"e"}],"coordinates":[],"confidence":{"state":"pre-added","who":["ml:regex"],"prob":0.5},"fields":{},"normalizations":{}},{"classId":"e_1","part":"s15v1","offsets":[{"start":1240,"text":"Subrecipient:"}],"coordinates":[],"confidence":{"state":"pre-added","who":["ml:regex"],"prob":0.5},"fields":{},"normalizations":{}},{"classId":"e_7","part":"s15v1","offsets":[{"start":1255,"text":"City of Vista"}],"coordinates":[],"confidence":{"state":"pre-added","who":["ml:regex"],"prob":0.5},"fields":{},"normalizations":{}},{"classId":"e_1","part":"s15v1","offsets":[{"start":1355,"text":"North County Lifeline, Inc"}],"coordinates":[],"confidence":{"state":"pre-added","who":["ml:regex"],"prob":0.5},"fields":{},"normalizations":{}},{"classId":"e_1","part":"s15v1","offsets":[{"start":1383,"text":"3142 Vista Way, Ste 400 Oceanside, CA 92056 Attn: Executive Director"}],"coordinates":[{"x":"285.61","y":"386.63"},{"x":"395.44","y":"417.11"}],"confidence":{"state":"pre-added","who":["user:SDTEF"],"prob":1},"fields":{},"normalizations":{}},{"classId":"e_7","part":"s16v1","offsets":[{"start":1371,"text":"CITY OF VISTA"}],"coordinates":[],"confidence":{"state":"pre-added","who":["ml:regex"],"prob":0.5},"fields":{},"normalizations":{}},{"classId":"e_1","part":"s16v1","offsets":[{"start":1650,"text":"NORTH COUNTY LIFELINE, INC"}],"coordinates":[],"confidence":{"state":"pre-added","who":["ml:regex"],"prob":0.5},"fields":{},"normalizations":{}},{"classId":"e_1","part":"s16v1","offsets":[{"start":1736,"text":"e"}],"coordinates":[],"confidence":{"state":"pre-added","who":["ml:regex"],"prob":0.5},"fields":{},"normalizations":{}},{"classId":"e_1","part":"s17v1","offsets":[{"start":0,"text":"Subrecipient:"}],"coordinates":[{"x":"81.12","y":"146.74"},{"x":"140.65","y":"152.64"}],"confidence":{"state":"pre-added","who":["user:SDTEF"],"prob":1},"fields":{},"normalizations":{}},{"classId":"e_1","part":"s17v1","offsets":[{"start":9,"text":"e"}],"coordinates":[{"x":"123.63","y":"146.74"},{"x":"129.30","y":"152.64"}],"confidence":{"state":"pre-added","who":["user:SDTEF"],"prob":1},"fields":{},"normalizations":{}},{"classId":"e_1","part":"s17v1","offsets":[{"start":25,"text":"Contact Person:\n\nPhone:"}],"coordinates":[{"x":"81.12","y":"194.98"},{"x":"113.45","y":"224.64"}],"confidence":{"state":"pre-added","who":["user:SDTEF"],"prob":1},"fields":{},"normalizations":{}},{"classId":"e_4","part":"s17v1","offsets":[{"start":50,"text":"Project Name:\n\nEXHIBIT A\n\nSTATEMENT OF WORK\n\nNorth County Lifeline, Inc.\n\n3142 Vista Way, Ste 400, Oceanside, CA 92056\n\nDonald Stump, Executive Director\n\n760.842.6250\n\nCOVID-19 Rental Assistance Program"}],"coordinates":[{"x":"81.12","y":"243.21"},{"x":"361.68","y":"249.11"}],"confidence":{"state":"pre-added","who":["user:SDTEF"],"prob":1},"fields":{},"normalizations":{}},{"classId":"e_1","part":"s17v1","offsets":[{"start":95,"text":"North County Lifeline, Inc"}],"coordinates":[],"confidence":{"state":"pre-added","who":["ml:regex"],"prob":0.5},"fields":{},"normalizations":{}},{"classId":"e_1","part":"s17v1","offsets":[{"start":124,"text":"3142 Vista Way, Ste 400, Oceanside, CA 92056\n\nDonald Stump, Executive Director\n\n760.842.6250"}],"coordinates":[{"x":"183.85","y":"171.21"},{"x":"246.23","y":"224.64"}],"confidence":{"state":"pre-added","who":["user:SDTEF"],"prob":1},"fields":{},"normalizations":{}},{"classId":"e_6","part":"s17v1","offsets":[{"start":254,"text":"PROJECT GOALS AND OBJECTIVES\n\nObjective: Provide housing stabilization through short-term financial assistance to help otherwise stable individuals/families overcome temporary financial setbacks due to COVID-19.\n\nOutcome 1: 75% of clients will achieve short-term housing stability, as measured by remaining consistently housed for 6 months after receiving rental assistance.\n\nOutcome 2: 80% of clients who achieved short-term housing stability will achieve long-term housing stability, as measured by remaining consistently housed for 13 months after receiving rental assistance.\n\nOutcome 3: 85% of clients who receive referrals to other supportive services in the community will follow through on at least one of the referrals."}],"coordinates":[{"x":"211.68","y":"267.10"},{"x":"430.00","y":"442.55"}],"confidence":{"state":"pre-added","who":["user:SDTEF"],"prob":1},"fields":{},"normalizations":{}},{"classId":"e_2","part":"s19v1","offsets":[{"start":1277,"text":"TOTAL PROJECTCOST\n\n$ 230,000"}],"coordinates":[{"x":"105.12","y":"445.61"},{"x":"493.50","y":"451.67"}],"confidence":{"state":"pre-added","who":["user:SDTEF"],"prob":1},"fields":{},"normalizations":{}},{"classId":"e_1","part":"s20v1","offsets":[{"start":1187,"text":"North County Lifeline, Inc"}],"coordinates":[],"confidence":{"state":"pre-added","who":["ml:regex"],"prob":0.5},"fields":{},"normalizations":{}},{"classId":"e_1","part":"s20v1","offsets":[{"start":2783,"text":"E"}],"coordinates":[],"confidence":{"state":"pre-added","who":["ml:regex"],"prob":0.5},"fields":{},"normalizations":{}},{"classId":"e_1","part":"s20v1","offsets":[{"start":2856,"text":"E"}],"coordinates":[],"confidence":{"state":"pre-added","who":["ml:regex"],"prob":0.5},"fields":{},"normalizations":{}},{"classId":"e_1","part":"s20v1","offsets":[{"start":2913,"text":"E"}],"coordinates":[],"confidence":{"state":"pre-added","who":["ml:regex"],"prob":0.5},"fields":{},"normalizations":{}},{"classId":"e_7","part":"s20v1","offsets":[{"start":3583,"text":"CITY OF VISTA"}],"coordinates":[],"confidence":{"state":"pre-added","who":["ml:regex"],"prob":0.5},"fields":{},"normalizations":{}},{"classId":"e_1","part":"s21v1","offsets":[{"start":41,"text":"North County Lifeline, Inc"}],"coordinates":[],"confidence":{"state":"pre-added","who":["ml:regex"],"prob":0.5},"fields":{},"normalizations":{}},{"classId":"e_1","part":"s22v1","offsets":[{"start":372,"text":"North County Lifeline, Inc"}],"coordinates":[],"confidence":{"state":"pre-added","who":["ml:regex"],"prob":0.5},"fields":{},"normalizations":{}},{"classId":"e_1","part":"s23v1","offsets":[{"start":1137,"text":"e"}],"coordinates":[],"confidence":{"state":"pre-added","who":["ml:regex"],"prob":0.5},"fields":{},"normalizations":{}}],"relations":[]}