{"annotatable":{"parts":["s1v1","s2v1","s3v1","s4v1","s5v1","s6v1"]},"anncomplete":true,"sources":[],"metas":{"m_24":{"value":"$118,700","confidence":{"state":"pre-added","who":["user:SDTEF"],"prob":1}},"m_23":{"value":"city (General Funds) ","confidence":{"state":"pre-added","who":["user:SDTEF"],"prob":1}},"m_22":{"value":"long term housing","confidence":{"state":"pre-added","who":["user:SDTEF"],"prob":1}}},"entities":[{"classId":"e_19","part":"s1v1","offsets":[{"start":0,"text":"MEMORANDUM OF UNDERSTANDING\n\nFOR USE OF FY 2020-21 GENERAL FUNDS BETWEEN CITY OF ENCINITAS AND COMMUNITY RESOURCE CENTER"}],"coordinates":[{"x":"170.06","y":"93.94"},{"x":"402.74","y":"170.05"}],"confidence":{"state":"pre-added","who":["user:SDTEF"],"prob":1},"fields":{},"normalizations":{}},{"classId":"e_7","part":"s1v1","offsets":[{"start":73,"text":"CITY OF ENCINITAS"}],"coordinates":[{"x":"284.75","y":"137.03"},{"x":"393.40","y":"143.63"}],"confidence":{"state":"pre-added","who":["user:SDTEF"],"prob":1},"fields":{},"normalizations":{}},{"classId":"e_1","part":"s1v1","offsets":[{"start":95,"text":"COMMUNITY RESOURCE CENTER"}],"coordinates":[{"x":"214.20","y":"163.45"},{"x":"402.74","y":"170.05"}],"confidence":{"state":"pre-added","who":["user:SDTEF"],"prob":1},"fields":{},"normalizations":{}},{"classId":"e_1","part":"s1v1","offsets":[{"start":117,"text":"T"}],"coordinates":[{"x":"380.54","y":"163.45"},{"x":"387.32","y":"170.05"}],"confidence":{"state":"pre-added","who":["user:SDTEF"],"prob":1},"fields":{},"normalizations":{}},{"classId":"e_1","part":"s1v1","offsets":[{"start":204,"text":"t"}],"coordinates":[],"confidence":{"state":"pre-added","who":["ml:regex"],"prob":0.5},"fields":{},"normalizations":{}},{"classId":"e_7","part":"s1v1","offsets":[{"start":224,"text":"City of Encinitas"}],"coordinates":[],"confidence":{"state":"pre-added","who":["ml:regex"],"prob":0.5},"fields":{},"normalizations":{}},{"classId":"e_1","part":"s1v1","offsets":[{"start":256,"text":"Community Resource Center"}],"coordinates":[],"confidence":{"state":"pre-added","who":["ml:regex"],"prob":0.5},"fields":{},"normalizations":{}},{"classId":"e_4","part":"s1v1","offsets":[{"start":304,"text":"Opening Doors Program"}],"coordinates":[],"confidence":{"state":"pre-added","who":["ml:regex"],"prob":0.5},"fields":{},"normalizations":{}},{"classId":"e_4","part":"s1v1","offsets":[{"start":336,"text":"to make significant progress toward providing permanent housing to the unsheltered homeless households in the City of Encinitas."}],"coordinates":[{"x":"318.76","y":"213.19"},{"x":"491.70","y":"233.00"}],"confidence":{"state":"pre-added","who":["user:SDTEF"],"prob":1},"fields":{},"normalizations":{}},{"classId":"e_7","part":"s1v1","offsets":[{"start":446,"text":"City of Encinitas"}],"coordinates":[],"confidence":{"state":"pre-added","who":["ml:regex"],"prob":0.5},"fields":{},"normalizations":{}},{"classId":"e_4","part":"s1v1","offsets":[{"start":539,"text":"Opening Doors Program"}],"coordinates":[{"x":"430.92","y":"253.35"},{"x":"554.16","y":"259.77"}],"confidence":{"state":"pre-added","who":["user:SDTEF"],"prob":1},"fields":{},"normalizations":{}},{"classId":"e_3","part":"s1v1","offsets":[{"start":809,"text":"That effort has since expanded significantly to include many homeless subpopulations."}],"coordinates":[{"x":"386.06","y":"293.15"},{"x":"352.01","y":"312.60"}],"confidence":{"state":"pre-added","who":["user:SDTEF"],"prob":1},"fields":{},"normalizations":{}},{"classId":"e_2","part":"s1v1","offsets":[{"start":895,"text":"For Year 5 of this program, COE is granting $118,700 to CRC to provide a Project Specialist, Housing Case Managers, and other resources to link homeless households to available housing resources thereby facilitating the housing placement process."}],"coordinates":[{"x":"361.09","y":"306.18"},{"x":"205.49","y":"352.76"}],"confidence":{"state":"pre-added","who":["user:SDTEF"],"prob":1},"fields":{},"normalizations":{}},{"classId":"e_4","part":"s1v1","offsets":[{"start":1622,"text":"SCOPE OF WORK:\n\nCRC will implement the Program described as follows, and in accordance with the Budget (Exhibit A).\n\nCRC will report the outreach efforts regarding the Program, including encouraging landlord participation and interagency referrals with each quarterly report and progress made to date.\n\nThe priority objective is to end homelessness in Encinitas, assessing each homeless individual and family currently experiencing homelessness in Encinitas -or with ties to Encinitas. Homeless households will be matched to housing resources paired with right-sized supportive services. CRC will serve all who are homeless in Encinitas, including individuals, families, seniors, youth, veterans, chronically homeless, and other subpopulations. Measurable action items including the following:\n\n1. Provide each participant household with Coordinated Entry System (CES) support. The components of this support include initial and/or on-going CES engagement, assessment and referrals to appropriate housing interventions. This support is"}],"coordinates":[{"x":"80.69","y":"478.94"},{"x":"553.98","y":"710.95"}],"confidence":{"state":"pre-added","who":["user:SDTEF"],"prob":1},"fields":{},"normalizations":{}},{"classId":"e_4","part":"s1v1","offsets":[{"start":2700,"text":"Opening Doors Program"}],"coordinates":[],"confidence":{"state":"pre-added","who":["ml:regex"],"prob":0.5},"fields":{},"normalizations":{}},{"classId":"e_4","part":"s2v1","offsets":[{"start":0,"text":"specifically tailored to each household and will be determined by previous CES engagement, available housing resources and interventions available interventions within the system and level of participant-desired engagement. CRC will report the number of initial and ongoing engagements, including 20 Vulnerability Index -Service Prioritization Decision Assistance Tool (VI-SPADAT) assessments, each quarter as well as the number of households who do not engage in CES either because they decline or self-resolve without CES intervention.\n\n2. Assign approximately 70 Encinitas homeless households seeking housing to a Housing Case Manager. CRC will report the number of assignments completed in each quarterly report and progress to date. The report will specify how many assignments were completed for homeless individuals and families and will also report the following subpopulations: such as: veterans, seniors, youth, and those identified as chronically homeless. If the homeless household falls into multiple categories, it will only be reported into one category - as each of these subpopulations would be considered homeless, and will not be double counted. This report will specify the number of unduplicated and duplicated assignments completed.\n\n3. Match 70 percent of Encinitas homeless households, assigned to a Housing Case Manager and seeking housing, to available housing resources CRC will report the number of matches completed in each quarterly report and progress to date. The report will specify how many matches were completed for homeless individuals and families which includes the following subpopulations: veterans, seniors, youth, and those identified as chronically homeless. If the homeless household falls into multiple categories, it will only be reported into one category and will not be double counted. This report will specify the number of unduplicated and duplicated matches completed.\n\n4. Place at least 32 homeless households seeking housing into permanent housing, and a commitment to those who are identified as chronically homeless. CRC will report the number of placements completed in each quarterly report and progress to date. The report will specify how many placements were completed for homeless individuals and families, which will include the following subpopulations: veterans, families, seniors, youth, and those identified as chronically homeless. If the homeless household falls into multiple categories, it will only be reported into one category and will not be double counted.\n\n5. Refer at least 15 individuals who are identified as in crisis and needing clinical mental health assessment and/or substance abuse treatment, to outside mental health providers or substance abuse treatment\n\n6. CRC will provide follow-ups at 6-month program intervals and for the annual reporting with housing placements. This includes the written quarterly and annual update reports."}],"coordinates":[{"x":"115.06","y":"90.85"},{"x":"552.10","y":"642.21"}],"confidence":{"state":"pre-added","who":["user:SDTEF"],"prob":1},"fields":{},"normalizations":{}},{"classId":"e_4","part":"s2v1","offsets":[{"start":3182,"text":"Opening Doors Program"}],"coordinates":[],"confidence":{"state":"pre-added","who":["ml:regex"],"prob":0.5},"fields":{},"normalizations":{}},{"classId":"e_8","part":"s3v1","offsets":[{"start":1145,"text":"TERM:\n\nThis MOU will commence on July 1, 2020, subsequent to execution by both parties and shall remain in effect until June 30, 2021 or until terminated by either party with a 30-day written notice, whichever is sooner."}],"coordinates":[{"x":"81.41","y":"387.04"},{"x":"167.28","y":"446.83"}],"confidence":{"state":"pre-added","who":["user:SDTEF"],"prob":1},"fields":{},"normalizations":{}},{"classId":"e_4","part":"s3v1","offsets":[{"start":2653,"text":"Opening Doors Program"}],"coordinates":[],"confidence":{"state":"pre-added","who":["ml:regex"],"prob":0.5},"fields":{},"normalizations":{}},{"classId":"e_4","part":"s4v1","offsets":[{"start":2750,"text":"Opening Doors Program"}],"coordinates":[],"confidence":{"state":"pre-added","who":["ml:regex"],"prob":0.5},"fields":{},"normalizations":{}},{"classId":"e_7","part":"s5v1","offsets":[{"start":438,"text":"City of Encinitas"}],"coordinates":[],"confidence":{"state":"pre-added","who":["ml:regex"],"prob":0.5},"fields":{},"normalizations":{}},{"classId":"e_4","part":"s5v1","offsets":[{"start":557,"text":"Opening Doors Program"}],"coordinates":[],"confidence":{"state":"pre-added","who":["ml:regex"],"prob":0.5},"fields":{},"normalizations":{}},{"classId":"e_1","part":"s5v1","offsets":[{"start":580,"text":"Community Resource Center"}],"coordinates":[],"confidence":{"state":"pre-added","who":["ml:regex"],"prob":0.5},"fields":{},"normalizations":{}}],"relations":[]}