{"annotatable":{"parts":["s1p1","s1p2"]},"anncomplete":true,"sources":[],"metas":{"m_21":{"value":"substance use disorder and co-occuring mental health disorders","confidence":{"state":"pre-added","who":["user:SDTEF"],"prob":1}},"m_20":{"value":"adults aged 18 years and above","confidence":{"state":"pre-added","who":["user:SDTEF"],"prob":1}},"m_22":{"value":"24-hour non-medical residential SUD treatment, recovery, and ancillary services","confidence":{"state":"pre-added","who":["user:SDTEF"],"prob":1}},"m_24":{"value":"$17,473,524","confidence":{"state":"pre-added","who":["user:SDTEF"],"prob":1}},"m_23":{"value":"county","confidence":{"state":"pre-added","who":["user:SDTEF"],"prob":1}}},"entities":[{"classId":"e_19","part":"s1p1","offsets":[{"start":0,"text":"COUNTY CONTRACT NUMBER 559478"}],"coordinates":[],"confidence":{"state":"pre-added","who":["user:SDTEF"],"prob":1},"fields":{},"normalizations":{}},{"classId":"e_1","part":"s1p1","offsets":[{"start":45,"text":"INTERFAITH COMMUNITY SERVICES"}],"coordinates":[],"confidence":{"state":"pre-added","who":["user:SDTEF"],"prob":1},"fields":{},"normalizations":{}},{"classId":"e_4","part":"s1p1","offsets":[{"start":85,"text":"SUBSTANCE USE DISORDER RESIDENTIAL TREATMENT PROGRAM"}],"coordinates":[],"confidence":{"state":"pre-added","who":["user:SDTEF"],"prob":1},"fields":{},"normalizations":{}},{"classId":"e_1","part":"s1p1","offsets":[{"start":367,"text":"Interfaith Community Services"}],"coordinates":[],"confidence":{"state":"pre-added","who":["ml:regex"],"prob":0.5},"fields":{},"normalizations":{}},{"classId":"e_1","part":"s1p1","offsets":[{"start":398,"text":"550 West Washington Avenue, Escondido CA 92025"}],"coordinates":[],"confidence":{"state":"pre-added","who":["user:SDTEF"],"prob":1},"fields":{},"normalizations":{}},{"classId":"e_4","part":"s1p1","offsets":[{"start":685,"text":"Substance Use Disorder Residential Treatment Program"}],"coordinates":[],"confidence":{"state":"pre-added","who":["ml:regex","user:SDTEF"],"prob":1},"fields":{"f_10":{"value":"drug addiction","confidence":{"state":"pre-added","who":["user:SDTEF"],"prob":1}}},"normalizations":{}},{"classId":"e_19","part":"s1p1","offsets":[{"start":5718,"text":"COUNTY CONTRACT NUMBER 559478"}],"coordinates":[],"confidence":{"state":"pre-added","who":["ml:regex"],"prob":0.5},"fields":{},"normalizations":{}},{"classId":"e_1","part":"s1p1","offsets":[{"start":5763,"text":"INTERFAITH COMMUNITY SERVICES"}],"coordinates":[],"confidence":{"state":"pre-added","who":["ml:regex"],"prob":0.5},"fields":{},"normalizations":{}},{"classId":"e_4","part":"s1p1","offsets":[{"start":5803,"text":"SUBSTANCE USE DISORDER RESIDENTIAL TREATMENT PROGRAM"}],"coordinates":[],"confidence":{"state":"pre-added","who":["ml:regex","user:SDTEF"],"prob":1},"fields":{"f_10":{"value":"drug addiction","confidence":{"state":"pre-added","who":["user:SDTEF"],"prob":1}}},"normalizations":{}},{"classId":"e_19","part":"s1p1","offsets":[{"start":10962,"text":"COUNTY CONTRACT NUMBER 559478"}],"coordinates":[],"confidence":{"state":"pre-added","who":["ml:regex"],"prob":0.5},"fields":{},"normalizations":{}},{"classId":"e_4","part":"s1p1","offsets":[{"start":11047,"text":"SUBSTANCE USE DISORDER RESIDENTIAL TREATMENT PROGRAM"}],"coordinates":[],"confidence":{"state":"pre-added","who":["ml:regex","user:SDTEF"],"prob":1},"fields":{"f_10":{"value":"drug addiction","confidence":{"state":"pre-added","who":["user:SDTEF"],"prob":1}}},"normalizations":{}},{"classId":"e_19","part":"s1p1","offsets":[{"start":16447,"text":"COUNTY CONTRACT NUMBER 559478"}],"coordinates":[],"confidence":{"state":"pre-added","who":["ml:regex"],"prob":0.5},"fields":{},"normalizations":{}},{"classId":"e_1","part":"s1p1","offsets":[{"start":16492,"text":"INTERFAITH COMMUNITY SERVICES"}],"coordinates":[],"confidence":{"state":"pre-added","who":["ml:regex"],"prob":0.5},"fields":{},"normalizations":{}},{"classId":"e_4","part":"s1p1","offsets":[{"start":16532,"text":"SUBSTANCE USE DISORDER RESIDENTIAL TREATMENT PROGRAM"}],"coordinates":[],"confidence":{"state":"pre-added","who":["ml:regex"],"prob":0.5},"fields":{"f_10":{"value":"drug addiction","confidence":{"state":"pre-added","who":["user:SDTEF"],"prob":1}}},"normalizations":{}},{"classId":"e_19","part":"s1p1","offsets":[{"start":21298,"text":"COUNTY CONTRACT NUMBER 559478"}],"coordinates":[],"confidence":{"state":"pre-added","who":["ml:regex"],"prob":0.5},"fields":{},"normalizations":{}},{"classId":"e_1","part":"s1p1","offsets":[{"start":21343,"text":"INTERFAITH COMMUNITY SERVICES"}],"coordinates":[],"confidence":{"state":"pre-added","who":["ml:regex"],"prob":0.5},"fields":{},"normalizations":{}},{"classId":"e_4","part":"s1p1","offsets":[{"start":21383,"text":"SUBSTANCE USE DISORDER RESIDENTIAL TREATMENT PROGRAM"}],"coordinates":[],"confidence":{"state":"pre-added","who":["ml:regex"],"prob":0.5},"fields":{"f_10":{"value":"drug addiction","confidence":{"state":"pre-added","who":["user:SDTEF"],"prob":1}}},"normalizations":{}},{"classId":"e_19","part":"s1p1","offsets":[{"start":26243,"text":"COUNTY CONTRACT NUMBER 559478"}],"coordinates":[],"confidence":{"state":"pre-added","who":["ml:regex"],"prob":0.5},"fields":{},"normalizations":{}},{"classId":"e_1","part":"s1p1","offsets":[{"start":26288,"text":"INTERFAITH COMMUNITY SERVICES"}],"coordinates":[],"confidence":{"state":"pre-added","who":["ml:regex"],"prob":0.5},"fields":{},"normalizations":{}},{"classId":"e_4","part":"s1p1","offsets":[{"start":26328,"text":"SUBSTANCE USE DISORDER RESIDENTIAL TREATMENT PROGRAM"}],"coordinates":[],"confidence":{"state":"pre-added","who":["ml:regex"],"prob":0.5},"fields":{"f_10":{"value":"drug addiction","confidence":{"state":"pre-added","who":["user:SDTEF"],"prob":1}}},"normalizations":{}},{"classId":"e_19","part":"s1p1","offsets":[{"start":31409,"text":"COUNTY CONTRACT NUMBER 559478"}],"coordinates":[],"confidence":{"state":"pre-added","who":["ml:regex"],"prob":0.5},"fields":{},"normalizations":{}},{"classId":"e_1","part":"s1p1","offsets":[{"start":31454,"text":"INTERFAITH COMMUNITY SERVICES"}],"coordinates":[],"confidence":{"state":"pre-added","who":["ml:regex"],"prob":0.5},"fields":{},"normalizations":{}},{"classId":"e_4","part":"s1p1","offsets":[{"start":31494,"text":"SUBSTANCE USE DISORDER RESIDENTIAL TREATMENT PROGRAM"}],"coordinates":[],"confidence":{"state":"pre-added","who":["ml:regex"],"prob":0.5},"fields":{"f_10":{"value":"drug addiction","confidence":{"state":"pre-added","who":["user:SDTEF"],"prob":1}}},"normalizations":{}},{"classId":"e_19","part":"s1p1","offsets":[{"start":36789,"text":"COUNTY CONTRACT NUMBER 559478"}],"coordinates":[],"confidence":{"state":"pre-added","who":["ml:regex"],"prob":0.5},"fields":{},"normalizations":{}},{"classId":"e_1","part":"s1p1","offsets":[{"start":36834,"text":"INTERFAITH COMMUNITY SERVICES"}],"coordinates":[],"confidence":{"state":"pre-added","who":["ml:regex"],"prob":0.5},"fields":{},"normalizations":{}},{"classId":"e_4","part":"s1p1","offsets":[{"start":36874,"text":"SUBSTANCE USE DISORDER RESIDENTIAL TREATMENT PROGRAM"}],"coordinates":[],"confidence":{"state":"pre-added","who":["ml:regex"],"prob":0.5},"fields":{"f_10":{"value":"drug addiction","confidence":{"state":"pre-added","who":["user:SDTEF"],"prob":1}}},"normalizations":{}},{"classId":"e_19","part":"s1p1","offsets":[{"start":42495,"text":"COUNTY CONTRACT NUMBER 559478"}],"coordinates":[],"confidence":{"state":"pre-added","who":["ml:regex"],"prob":0.5},"fields":{},"normalizations":{}},{"classId":"e_4","part":"s1p1","offsets":[{"start":42581,"text":"SUBSTANCE USE DISORDER RESIDENTIAL TREATMENT PROGRAM"}],"coordinates":[],"confidence":{"state":"pre-added","who":["ml:regex"],"prob":0.5},"fields":{"f_10":{"value":"drug addiction","confidence":{"state":"pre-added","who":["user:SDTEF"],"prob":1}}},"normalizations":{}},{"classId":"e_19","part":"s1p1","offsets":[{"start":47117,"text":"COUNTY CONTRACT NUMBER 559478"}],"coordinates":[],"confidence":{"state":"pre-added","who":["ml:regex"],"prob":0.5},"fields":{},"normalizations":{}},{"classId":"e_1","part":"s1p1","offsets":[{"start":47162,"text":"INTERFAITH COMMUNITY SERVICES"}],"coordinates":[],"confidence":{"state":"pre-added","who":["ml:regex"],"prob":0.5},"fields":{},"normalizations":{}},{"classId":"e_4","part":"s1p1","offsets":[{"start":47202,"text":"SUBSTANCE USE DISORDER RESIDENTIAL TREATMENT PROGRAM"}],"coordinates":[],"confidence":{"state":"pre-added","who":["ml:regex"],"prob":0.5},"fields":{"f_10":{"value":"drug addiction","confidence":{"state":"pre-added","who":["user:SDTEF"],"prob":1}}},"normalizations":{}},{"classId":"e_19","part":"s1p1","offsets":[{"start":53001,"text":"COUNTY CONTRACT NUMBER 559478"}],"coordinates":[],"confidence":{"state":"pre-added","who":["ml:regex"],"prob":0.5},"fields":{},"normalizations":{}},{"classId":"e_1","part":"s1p1","offsets":[{"start":53046,"text":"INTERFAITH COMMUNITY SERVICES"}],"coordinates":[],"confidence":{"state":"pre-added","who":["ml:regex"],"prob":0.5},"fields":{},"normalizations":{}},{"classId":"e_4","part":"s1p1","offsets":[{"start":53086,"text":"SUBSTANCE USE DISORDER RESIDENTIAL TREATMENT PROGRAM"}],"coordinates":[],"confidence":{"state":"pre-added","who":["ml:regex"],"prob":0.5},"fields":{"f_10":{"value":"drug addiction","confidence":{"state":"pre-added","who":["user:SDTEF"],"prob":1}}},"normalizations":{}},{"classId":"e_19","part":"s1p1","offsets":[{"start":58277,"text":"COUNTY CONTRACT NUMBER 559478"}],"coordinates":[],"confidence":{"state":"pre-added","who":["ml:regex"],"prob":0.5},"fields":{},"normalizations":{}},{"classId":"e_1","part":"s1p1","offsets":[{"start":58322,"text":"INTERFAITH COMMUNITY SERVICES"}],"coordinates":[],"confidence":{"state":"pre-added","who":["ml:regex"],"prob":0.5},"fields":{},"normalizations":{}},{"classId":"e_4","part":"s1p1","offsets":[{"start":58362,"text":"SUBSTANCE USE DISORDER RESIDENTIAL TREATMENT PROGRAM"}],"coordinates":[],"confidence":{"state":"pre-added","who":["ml:regex"],"prob":0.5},"fields":{"f_10":{"value":"drug addiction","confidence":{"state":"pre-added","who":["user:SDTEF"],"prob":1}}},"normalizations":{}},{"classId":"e_19","part":"s1p1","offsets":[{"start":63571,"text":"COUNTY CONTRACT NUMBER 559478"}],"coordinates":[],"confidence":{"state":"pre-added","who":["ml:regex"],"prob":0.5},"fields":{},"normalizations":{}},{"classId":"e_1","part":"s1p1","offsets":[{"start":63616,"text":"INTERFAITH COMMUNITY SERVICES"}],"coordinates":[],"confidence":{"state":"pre-added","who":["ml:regex"],"prob":0.5},"fields":{},"normalizations":{}},{"classId":"e_4","part":"s1p1","offsets":[{"start":63656,"text":"SUBSTANCE USE DISORDER RESIDENTIAL TREATMENT PROGRAM"}],"coordinates":[],"confidence":{"state":"pre-added","who":["ml:regex"],"prob":0.5},"fields":{"f_10":{"value":"drug addiction","confidence":{"state":"pre-added","who":["user:SDTEF"],"prob":1}}},"normalizations":{}},{"classId":"e_19","part":"s1p1","offsets":[{"start":68854,"text":"COUNTY CONTRACT NUMBER 559478"}],"coordinates":[],"confidence":{"state":"pre-added","who":["ml:regex"],"prob":0.5},"fields":{},"normalizations":{}},{"classId":"e_1","part":"s1p1","offsets":[{"start":68899,"text":"INTERFAITH COMMUNITY SERVICES"}],"coordinates":[],"confidence":{"state":"pre-added","who":["ml:regex"],"prob":0.5},"fields":{},"normalizations":{}},{"classId":"e_4","part":"s1p1","offsets":[{"start":68939,"text":"SUBSTANCE USE DISORDER RESIDENTIAL TREATMENT PROGRAM"}],"coordinates":[],"confidence":{"state":"pre-added","who":["ml:regex"],"prob":0.5},"fields":{"f_10":{"value":"drug addiction","confidence":{"state":"pre-added","who":["user:SDTEF"],"prob":1}}},"normalizations":{}},{"classId":"e_19","part":"s1p1","offsets":[{"start":74398,"text":"COUNTY CONTRACT NUMBER 559478"}],"coordinates":[],"confidence":{"state":"pre-added","who":["ml:regex"],"prob":0.5},"fields":{},"normalizations":{}},{"classId":"e_1","part":"s1p1","offsets":[{"start":74443,"text":"INTERFAITH COMMUNITY SERVICES"}],"coordinates":[],"confidence":{"state":"pre-added","who":["ml:regex"],"prob":0.5},"fields":{},"normalizations":{}},{"classId":"e_4","part":"s1p1","offsets":[{"start":74483,"text":"SUBSTANCE USE DISORDER RESIDENTIAL TREATMENT PROGRAM"}],"coordinates":[],"confidence":{"state":"pre-added","who":["ml:regex"],"prob":0.5},"fields":{"f_10":{"value":"drug addiction","confidence":{"state":"pre-added","who":["user:SDTEF"],"prob":1}}},"normalizations":{}},{"classId":"e_19","part":"s1p1","offsets":[{"start":79446,"text":"COUNTY CONTRACT NUMBER 559478"}],"coordinates":[],"confidence":{"state":"pre-added","who":["ml:regex"],"prob":0.5},"fields":{},"normalizations":{}},{"classId":"e_1","part":"s1p1","offsets":[{"start":79491,"text":"INTERFAITH COMMUNITY SERVICES"}],"coordinates":[],"confidence":{"state":"pre-added","who":["ml:regex"],"prob":0.5},"fields":{},"normalizations":{}},{"classId":"e_4","part":"s1p1","offsets":[{"start":79531,"text":"SUBSTANCE USE DISORDER RESIDENTIAL TREATMENT PROGRAM"}],"coordinates":[],"confidence":{"state":"pre-added","who":["ml:regex"],"prob":0.5},"fields":{"f_10":{"value":"drug addiction","confidence":{"state":"pre-added","who":["user:SDTEF"],"prob":1}}},"normalizations":{}},{"classId":"e_19","part":"s1p1","offsets":[{"start":84842,"text":"COUNTY CONTRACT NUMBER 559478"}],"coordinates":[],"confidence":{"state":"pre-added","who":["ml:regex"],"prob":0.5},"fields":{},"normalizations":{}},{"classId":"e_1","part":"s1p1","offsets":[{"start":84887,"text":"INTERFAITH COMMUNITY SERVICES"}],"coordinates":[],"confidence":{"state":"pre-added","who":["ml:regex"],"prob":0.5},"fields":{},"normalizations":{}},{"classId":"e_4","part":"s1p1","offsets":[{"start":84927,"text":"SUBSTANCE USE DISORDER RESIDENTIAL TREATMENT PROGRAM"}],"coordinates":[],"confidence":{"state":"pre-added","who":["ml:regex"],"prob":0.5},"fields":{"f_10":{"value":"drug addiction","confidence":{"state":"pre-added","who":["user:SDTEF"],"prob":1}}},"normalizations":{}},{"classId":"e_19","part":"s1p1","offsets":[{"start":90916,"text":"COUNTY CONTRACT NUMBER 559478"}],"coordinates":[],"confidence":{"state":"pre-added","who":["ml:regex"],"prob":0.5},"fields":{},"normalizations":{}},{"classId":"e_1","part":"s1p1","offsets":[{"start":90961,"text":"INTERFAITH COMMUNITY SERVICES"}],"coordinates":[],"confidence":{"state":"pre-added","who":["ml:regex"],"prob":0.5},"fields":{},"normalizations":{}},{"classId":"e_4","part":"s1p1","offsets":[{"start":91001,"text":"SUBSTANCE USE DISORDER RESIDENTIAL TREATMENT PROGRAM"}],"coordinates":[],"confidence":{"state":"pre-added","who":["ml:regex"],"prob":0.5},"fields":{"f_10":{"value":"drug addiction","confidence":{"state":"pre-added","who":["user:SDTEF"],"prob":1}}},"normalizations":{}},{"classId":"e_19","part":"s1p1","offsets":[{"start":96158,"text":"COUNTY CONTRACT NUMBER 559478"}],"coordinates":[],"confidence":{"state":"pre-added","who":["ml:regex"],"prob":0.5},"fields":{},"normalizations":{}},{"classId":"e_1","part":"s1p1","offsets":[{"start":96203,"text":"INTERFAITH COMMUNITY SERVICES"}],"coordinates":[],"confidence":{"state":"pre-added","who":["ml:regex"],"prob":0.5},"fields":{},"normalizations":{}},{"classId":"e_4","part":"s1p1","offsets":[{"start":96243,"text":"SUBSTANCE USE DISORDER RESIDENTIAL TREATMENT PROGRAM"}],"coordinates":[],"confidence":{"state":"pre-added","who":["ml:regex"],"prob":0.5},"fields":{"f_10":{"value":"drug addiction","confidence":{"state":"pre-added","who":["user:SDTEF"],"prob":1}}},"normalizations":{}},{"classId":"e_19","part":"s1p1","offsets":[{"start":100500,"text":"COUNTY CONTRACT NUMBER 559478"}],"coordinates":[],"confidence":{"state":"pre-added","who":["ml:regex"],"prob":0.5},"fields":{},"normalizations":{}},{"classId":"e_1","part":"s1p1","offsets":[{"start":100545,"text":"INTERFAITH COMMUNITY SERVICES"}],"coordinates":[],"confidence":{"state":"pre-added","who":["ml:regex"],"prob":0.5},"fields":{},"normalizations":{}},{"classId":"e_4","part":"s1p1","offsets":[{"start":100585,"text":"SUBSTANCE USE DISORDER RESIDENTIAL TREATMENT PROGRAM"}],"coordinates":[],"confidence":{"state":"pre-added","who":["ml:regex"],"prob":0.5},"fields":{"f_10":{"value":"drug addiction","confidence":{"state":"pre-added","who":["user:SDTEF"],"prob":1}}},"normalizations":{}},{"classId":"e_19","part":"s1p1","offsets":[{"start":105276,"text":"COUNTY CONTRACT NUMBER 559478"}],"coordinates":[],"confidence":{"state":"pre-added","who":["ml:regex"],"prob":0.5},"fields":{},"normalizations":{}},{"classId":"e_1","part":"s1p1","offsets":[{"start":105321,"text":"INTERFAITH COMMUNITY SERVICES"}],"coordinates":[],"confidence":{"state":"pre-added","who":["ml:regex"],"prob":0.5},"fields":{},"normalizations":{}},{"classId":"e_4","part":"s1p1","offsets":[{"start":105361,"text":"SUBSTANCE USE DISORDER RESIDENTIAL TREATMENT PROGRAM"}],"coordinates":[],"confidence":{"state":"pre-added","who":["ml:regex"],"prob":0.5},"fields":{"f_10":{"value":"drug addiction","confidence":{"state":"pre-added","who":["user:SDTEF"],"prob":1}}},"normalizations":{}},{"classId":"e_19","part":"s1p1","offsets":[{"start":111121,"text":"COUNTY CONTRACT NUMBER 559478"}],"coordinates":[],"confidence":{"state":"pre-added","who":["ml:regex"],"prob":0.5},"fields":{},"normalizations":{}},{"classId":"e_1","part":"s1p1","offsets":[{"start":111166,"text":"INTERFAITH COMMUNITY SERVICES"}],"coordinates":[],"confidence":{"state":"pre-added","who":["ml:regex"],"prob":0.5},"fields":{},"normalizations":{}},{"classId":"e_4","part":"s1p1","offsets":[{"start":111206,"text":"SUBSTANCE USE DISORDER RESIDENTIAL TREATMENT PROGRAM"}],"coordinates":[],"confidence":{"state":"pre-added","who":["ml:regex"],"prob":0.5},"fields":{"f_10":{"value":"drug addiction","confidence":{"state":"pre-added","who":["user:SDTEF"],"prob":1}}},"normalizations":{}},{"classId":"e_19","part":"s1p1","offsets":[{"start":115365,"text":"COUNTY CONTRACT NUMBER 559478"}],"coordinates":[],"confidence":{"state":"pre-added","who":["ml:regex"],"prob":0.5},"fields":{},"normalizations":{}},{"classId":"e_1","part":"s1p1","offsets":[{"start":115410,"text":"INTERFAITH COMMUNITY SERVICES"}],"coordinates":[],"confidence":{"state":"pre-added","who":["ml:regex"],"prob":0.5},"fields":{},"normalizations":{}},{"classId":"e_4","part":"s1p1","offsets":[{"start":115450,"text":"SUBSTANCE USE DISORDER RESIDENTIAL TREATMENT PROGRAM"}],"coordinates":[],"confidence":{"state":"pre-added","who":["ml:regex"],"prob":0.5},"fields":{"f_10":{"value":"drug addiction","confidence":{"state":"pre-added","who":["user:SDTEF"],"prob":1}}},"normalizations":{}},{"classId":"e_2","part":"s1p1","offsets":[{"start":116784,"text":"COMPENSATION: Pmsuant to Exhibit C or other applicable pricing provisions of this Agreement, County agrees to pay Contractor a maximum Agreement amount not to exceed seventeen million four hundred seventy-three thousand five hundred twenty-four dollars ($17 ,4 73 ,524.00), in accordance with the method of payment stipulated in Article 4. COR"}],"coordinates":[],"confidence":{"state":"pre-added","who":["user:SDTEF"],"prob":1},"fields":{},"normalizations":{}},{"classId":"e_2","part":"s1p1","offsets":[{"start":116950,"text":"seventeen million four hundred seventy-three thousand five hundred twenty-four dollars ($17 ,4 73 ,524.00)"}],"coordinates":[],"confidence":{"state":"pre-added","who":["user:SDTEF"],"prob":1},"fields":{},"normalizations":{}},{"classId":"e_1","part":"s1p1","offsets":[{"start":117517,"text":"Greg Anglea, CEO Interfaith Community Services, Inc. 550 West Washington Avenue, Escondido, CA 92025 Phone: (760) 489-6380 II email: ganglca@interfaithservices.org"}],"coordinates":[],"confidence":{"state":"pre-added","who":["user:SDTEF"],"prob":1},"fields":{},"normalizations":{}},{"classId":"e_1","part":"s1p1","offsets":[{"start":117534,"text":"Interfaith Community Services"}],"coordinates":[],"confidence":{"state":"pre-added","who":["ml:regex"],"prob":0.5},"fields":{},"normalizations":{}},{"classId":"e_19","part":"s1p1","offsets":[{"start":118041,"text":"COUNTY CONTRACT NUMBER 559478"}],"coordinates":[],"confidence":{"state":"pre-added","who":["ml:regex"],"prob":0.5},"fields":{},"normalizations":{}},{"classId":"e_1","part":"s1p1","offsets":[{"start":118086,"text":"INTERFAITH COMMUNITY SERVICES"}],"coordinates":[],"confidence":{"state":"pre-added","who":["ml:regex"],"prob":0.5},"fields":{},"normalizations":{}},{"classId":"e_4","part":"s1p1","offsets":[{"start":118126,"text":"SUBSTANCE USE DISORDER RESIDENTIAL TREATMENT PROGRAM"}],"coordinates":[],"confidence":{"state":"pre-added","who":["ml:regex"],"prob":0.5},"fields":{"f_10":{"value":"drug addiction","confidence":{"state":"pre-added","who":["user:SDTEF"],"prob":1}}},"normalizations":{}},{"classId":"e_4","part":"s1p1","offsets":[{"start":118207,"text":"1. Scope of Work"}],"coordinates":[],"confidence":{"state":"pre-added","who":["user:SDTEF"],"prob":1},"fields":{},"normalizations":{}},{"classId":"e_4","part":"s1p1","offsets":[{"start":118225,"text":"Contractor shall provide 24-hour non-medical residential substance use disorder (SUD) treatment, recovery, and ancillary services to adults aged 18 years and above, with substance use issues, including co-occurring mental health disorders. Services shall include behavioral health care that is: • client- and family-centered • individualized • clinically effective • outcomes-driven • culturally competent • gender specific • trauma informed • developmentally-appropriate • inclusive of evidence-based treatment practices and recovery service approaches Co-occurring disorder services shall include clinical assessments for substance use and mental health conditions, care coordination and a '·warm hand-off\" to appropriate level of care in the mental health system when need exceeds services available through the SUD program. Evidence-based practices (EBPs) shall be uti I ized for all clients, including use of speci fie EBPs that demonstrate success for justice-involved populations when appropriate."}],"coordinates":[],"confidence":{"state":"pre-added","who":["user:SDTEF"],"prob":1},"fields":{},"normalizations":{}},{"classId":"e_19","part":"s1p1","offsets":[{"start":122212,"text":"COUNTY CONTRACT NUMBER 559478"}],"coordinates":[],"confidence":{"state":"pre-added","who":["ml:regex"],"prob":0.5},"fields":{},"normalizations":{}},{"classId":"e_1","part":"s1p1","offsets":[{"start":122257,"text":"INTERFAITH COMMUNITY SERVICES"}],"coordinates":[],"confidence":{"state":"pre-added","who":["ml:regex"],"prob":0.5},"fields":{},"normalizations":{}},{"classId":"e_4","part":"s1p1","offsets":[{"start":122297,"text":"SUBSTANCE USE DISORDER RESIDENTIAL TREATMENT PROGRAM"}],"coordinates":[],"confidence":{"state":"pre-added","who":["ml:regex"],"prob":0.5},"fields":{"f_10":{"value":"drug addiction","confidence":{"state":"pre-added","who":["user:SDTEF"],"prob":1}}},"normalizations":{}},{"classId":"e_6","part":"s1p1","offsets":[{"start":123753,"text":"Overall goals of this program include: client access to timely care, retention in treatment, reduction of substance use relapse, reduction injustice involvement, and improvement in quality of life."}],"coordinates":[],"confidence":{"state":"pre-added","who":["user:SDTEF"],"prob":1},"fields":{},"normalizations":{}},{"classId":"e_6","part":"s1p1","offsets":[{"start":123965,"text":"3 .2. l. Quality of Care 3.2.1.1. Assessment. I 00% of clients who remain in the program over 30 days shall be assessed utilizing County-required tools within the 30-day timeline."}],"coordinates":[],"confidence":{"state":"pre-added","who":["user:SDTEF"],"prob":1},"fields":{},"normalizations":{}},{"classId":"e_6","part":"s1p1","offsets":[{"start":124154,"text":"Care Coordination. At a minimum, 90% of clients in treatment over 30 days shall have had a physical exam within the past 12 months at the end of the treatment phase."}],"coordinates":[],"confidence":{"state":"pre-added","who":["user:SDTEF"],"prob":1},"fields":{},"normalizations":{}},{"classId":"e_6","part":"s1p1","offsets":[{"start":124320,"text":"3.2.1.3. Client Satisfaction - Submission. At a minimum. 80% of clients shall submit the County satisfaction measure at designated system time frame(s)"}],"coordinates":[],"confidence":{"state":"pre-added","who":["user:SDTEF"],"prob":1},"fields":{},"normalizations":{}},{"classId":"e_6","part":"s1p1","offsets":[{"start":124473,"text":"3.2.2. Outcomes 3.2.2.1. Reduction in .Justice Involvement. At a minimum. 90% of clients in treatment over 30 days shall have no new arrests (excluding minor traflic offenses) as measured at the end of the treatment phase"}],"coordinates":[],"confidence":{"state":"pre-added","who":["user:SDTEF"],"prob":1},"fields":{},"normalizations":{}},{"classId":"e_6","part":"s1p1","offsets":[{"start":124696,"text":"3.2.2.2. Housing Support Services. At a minimum. 30% of clients who arc homeless at intake shall be housed at the end of the treatment phase"}],"coordinates":[],"confidence":{"state":"pre-added","who":["user:SDTEF"],"prob":1},"fields":{},"normalizations":{}},{"classId":"e_6","part":"s1p1","offsets":[{"start":124839,"text":".2.2.3. Self-Sufficiency. At a minimum. 70% of clients shal I either be employed. in structured employment preparation program, in a formal educational setting. or enrolled in an eligibility program. as measured at the end of the treatment pha"}],"coordinates":[],"confidence":{"state":"pre-added","who":["user:SDTEF"],"prob":1},"fields":{},"normalizations":{}},{"classId":"e_6","part":"s1p1","offsets":[{"start":125086,"text":"3.2.2.4. RESERVED 3.2.2.5. Continuum of Care. At a minimum, 80% of clients shall be referred and provided \"warm hand-off' to Outpatient Treatment at the end of the treatment phase."}],"coordinates":[],"confidence":{"state":"pre-added","who":["user:SDTEF"],"prob":1},"fields":{},"normalizations":{}},{"classId":"e_6","part":"s1p1","offsets":[{"start":125267,"text":"3.2.2.6. Client Satisfaction. At a minimum, 80% of clients who completed the County designated satisfaction measure shall reflect overall satisfaction by responding ·agree' or 'strongly agree· for at least 80% of the satisfaction survey items."}],"coordinates":[],"confidence":{"state":"pre-added","who":["user:SDTEF"],"prob":1},"fields":{},"normalizations":{}},{"classId":"e_6","part":"s1p1","offsets":[{"start":125511,"text":"3.3. Process Objectives: 3.3.1. Contractor shall provide services utilizing a total of forty-nine (49) SUD l~esidential Beds equating to a minimum of sixteen thousand and ninety-sewn ( 16.097) bed days on an annual basis."}],"coordinates":[],"confidence":{"state":"pre-added","who":["user:SDTEF"],"prob":1},"fields":{},"normalizations":{}},{"classId":"e_19","part":"s1p1","offsets":[{"start":125888,"text":"COUNTY CONTRACT NUMBER 559478"}],"coordinates":[],"confidence":{"state":"pre-added","who":["ml:regex"],"prob":0.5},"fields":{},"normalizations":{}},{"classId":"e_1","part":"s1p1","offsets":[{"start":125933,"text":"INTERFAITH COMMUNITY SERVICES"}],"coordinates":[],"confidence":{"state":"pre-added","who":["ml:regex"],"prob":0.5},"fields":{},"normalizations":{}},{"classId":"e_4","part":"s1p1","offsets":[{"start":125973,"text":"SUBSTANCE USE DISORDER RESIDENTIAL TREATMENT PROGRAM"}],"coordinates":[],"confidence":{"state":"pre-added","who":["ml:regex"],"prob":0.5},"fields":{"f_10":{"value":"drug addiction","confidence":{"state":"pre-added","who":["user:SDTEF"],"prob":1}}},"normalizations":{}},{"classId":"e_4","part":"s1p1","offsets":[{"start":126026,"text":"EXHIBIT A-STATEMENT OF WORK 3.3.1.1. Out of forty-nine (49) total beds, eleven (11) have been certified by DHCS to be for withdrawal management"}],"coordinates":[],"confidence":{"state":"pre-added","who":["user:SDTEF"],"prob":1},"fields":{},"normalizations":{}},{"classId":"e_4","part":"s1p1","offsets":[{"start":126171,"text":"3.3.1.2. Minimum four hundred and sixty-eight (468) client admissions on an annual basis, of which three hundred and thirty-five (335) are withdrawal management"}],"coordinates":[],"confidence":{"state":"pre-added","who":["user:SDTEF"],"prob":1},"fields":{},"normalizations":{}},{"classId":"e_4","part":"s1p1","offsets":[{"start":126333,"text":"3.3.1.3. Minimum sixteen thousand and ninety-seven (16,097) bed days on an annual basis."}],"coordinates":[],"confidence":{"state":"pre-added","who":["user:SDTEF"],"prob":1},"fields":{},"normalizations":{}},{"classId":"e_3","part":"s1p1","offsets":[{"start":126422,"text":"4. Service Population and Primary Service Area 4.1. Contractor shall provide services to adults aged 18 years and above, with substance use conditions, including co-occurring mental health disorders."}],"coordinates":[],"confidence":{"state":"pre-added","who":["user:SDTEF"],"prob":1},"fields":{},"normalizations":{}},{"classId":"e_3","part":"s1p1","offsets":[{"start":126769,"text":"Substance Use Disorder"}],"coordinates":[],"confidence":{"state":"pre-added","who":["ml:regex"],"prob":0.5},"fields":{},"normalizations":{}},{"classId":"e_1","part":"s1p1","offsets":[{"start":127587,"text":"Interfaith Community Services"}],"coordinates":[],"confidence":{"state":"pre-added","who":["ml:regex"],"prob":0.5},"fields":{},"normalizations":{}},{"classId":"e_19","part":"s1p1","offsets":[{"start":129399,"text":"COUNTY CONTRACT NUMBER 559478"}],"coordinates":[],"confidence":{"state":"pre-added","who":["ml:regex"],"prob":0.5},"fields":{},"normalizations":{}},{"classId":"e_1","part":"s1p1","offsets":[{"start":129444,"text":"INTERFAITH COMMUNITY SERVICES"}],"coordinates":[],"confidence":{"state":"pre-added","who":["ml:regex"],"prob":0.5},"fields":{},"normalizations":{}},{"classId":"e_4","part":"s1p1","offsets":[{"start":129484,"text":"SUBSTANCE USE DISORDER RESIDENTIAL TREATMENT PROGRAM"}],"coordinates":[],"confidence":{"state":"pre-added","who":["ml:regex"],"prob":0.5},"fields":{"f_10":{"value":"drug addiction","confidence":{"state":"pre-added","who":["user:SDTEF"],"prob":1}}},"normalizations":{}},{"classId":"e_3","part":"s1p1","offsets":[{"start":133282,"text":"Substance Use Disorder"}],"coordinates":[],"confidence":{"state":"pre-added","who":["ml:regex"],"prob":0.5},"fields":{},"normalizations":{}},{"classId":"e_3","part":"s1p1","offsets":[{"start":133354,"text":"Substance Use Disorder"}],"coordinates":[],"confidence":{"state":"pre-added","who":["ml:regex"],"prob":0.5},"fields":{},"normalizations":{}},{"classId":"e_19","part":"s1p1","offsets":[{"start":134026,"text":"COUNTY CONTRACT NUMBER 559478"}],"coordinates":[],"confidence":{"state":"pre-added","who":["ml:regex"],"prob":0.5},"fields":{},"normalizations":{}},{"classId":"e_1","part":"s1p1","offsets":[{"start":134071,"text":"INTERFAITH COMMUNITY SERVICES"}],"coordinates":[],"confidence":{"state":"pre-added","who":["ml:regex"],"prob":0.5},"fields":{},"normalizations":{}},{"classId":"e_4","part":"s1p1","offsets":[{"start":134111,"text":"SUBSTANCE USE DISORDER RESIDENTIAL TREATMENT PROGRAM"}],"coordinates":[],"confidence":{"state":"pre-added","who":["ml:regex"],"prob":0.5},"fields":{"f_10":{"value":"drug addiction","confidence":{"state":"pre-added","who":["user:SDTEF"],"prob":1}}},"normalizations":{}},{"classId":"e_19","part":"s1p1","offsets":[{"start":138060,"text":"COUNTY CONTRACT NUMBER 559478"}],"coordinates":[],"confidence":{"state":"pre-added","who":["ml:regex"],"prob":0.5},"fields":{},"normalizations":{}},{"classId":"e_1","part":"s1p1","offsets":[{"start":138105,"text":"INTERFAITH COMMUNITY SERVICES"}],"coordinates":[],"confidence":{"state":"pre-added","who":["ml:regex"],"prob":0.5},"fields":{},"normalizations":{}},{"classId":"e_4","part":"s1p1","offsets":[{"start":138145,"text":"SUBSTANCE USE DISORDER RESIDENTIAL TREATMENT PROGRAM"}],"coordinates":[],"confidence":{"state":"pre-added","who":["ml:regex"],"prob":0.5},"fields":{"f_10":{"value":"drug addiction","confidence":{"state":"pre-added","who":["user:SDTEF"],"prob":1}}},"normalizations":{}},{"classId":"e_19","part":"s1p1","offsets":[{"start":142084,"text":"COUNTY CONTRACT NUMBER 559478"}],"coordinates":[],"confidence":{"state":"pre-added","who":["ml:regex"],"prob":0.5},"fields":{},"normalizations":{}},{"classId":"e_1","part":"s1p1","offsets":[{"start":142129,"text":"INTERFAITH COMMUNITY SERVICES"}],"coordinates":[],"confidence":{"state":"pre-added","who":["ml:regex"],"prob":0.5},"fields":{},"normalizations":{}},{"classId":"e_4","part":"s1p1","offsets":[{"start":142169,"text":"SUBSTANCE USE DISORDER RESIDENTIAL TREATMENT PROGRAM"}],"coordinates":[],"confidence":{"state":"pre-added","who":["ml:regex"],"prob":0.5},"fields":{"f_10":{"value":"drug addiction","confidence":{"state":"pre-added","who":["user:SDTEF"],"prob":1}}},"normalizations":{}},{"classId":"e_6","part":"s1p1","offsets":[{"start":142253,"text":"Service Delivery Requirements"}],"coordinates":[],"confidence":{"state":"pre-added","who":["user:SDTEF"],"prob":1},"fields":{},"normalizations":{}},{"classId":"e_6","part":"s1p1","offsets":[{"start":142283,"text":"7 .1. Residential Treatment Service 7.1.1. ASAM 3.1 level of service. Contractor shall provide a minimum of 1 hour of programmatic activity daily, and a minimum of 20 hours of structured activity per week. Out of the 20 hours each week, a minimum of 5 hours shall be clinical services."}],"coordinates":[],"confidence":{"state":"pre-added","who":["user:SDTEF"],"prob":1},"fields":{},"normalizations":{}},{"classId":"e_6","part":"s1p1","offsets":[{"start":142569,"text":"7.1.2. ASAM 3.5 level of service. Contractor shall provide a minimum of 1 hour of programmatic activity daily, and a minimum of 20 hours of structured activity per week. Out of the 20 hours each week, a minimum of 10 hours shall be clinical services"}],"coordinates":[],"confidence":{"state":"pre-added","who":["user:SDTEF"],"prob":1},"fields":{},"normalizations":{}},{"classId":"e_6","part":"s1p1","offsets":[{"start":142820,"text":"7.1.3. Services to Adults. Contractor shall claim DMC residential services up to 90-day maximum, unless medical necessity authorizes a.one-time extension of up to 30 days on an annual basis. Only 2 non­ continuous 90-day regimens shall be authorized in a one-year period for adults."}],"coordinates":[],"confidence":{"state":"pre-added","who":["user:SDTEF"],"prob":1},"fields":{},"normalizations":{}},{"classId":"e_6","part":"s1p1","offsets":[{"start":143103,"text":"7 .1.4. RESERVED 7.1.5. Contractor shall ensure non-DMC claimable services meet medical necessity, be congruent with Residential ASAM determination, and be re-authorized by ASO."}],"coordinates":[],"confidence":{"state":"pre-added","who":["user:SDTEF"],"prob":1},"fields":{},"normalizations":{}},{"classId":"e_6","part":"s1p1","offsets":[{"start":143281,"text":"7.1.6. Contractor shall provide admitted clients all the components of residential treatment including: intake: individual & group counseling. family therapy, patient education, safeguarding medication, collateral services. crisis intervention services, treatment planning, transportation services (to and from medically necessary treatment). and discharge services."}],"coordinates":[],"confidence":{"state":"pre-added","who":["user:SDTEF"],"prob":1},"fields":{},"normalizations":{}},{"classId":"e_6","part":"s1p1","offsets":[{"start":143648,"text":"7.2. Evidence Based Practices (EBPs). Contractor's programing shall at a minimum adhere to the County identified Evidence Based Practices of Motivational Interviewing and Relapse Prevention, with additional age and population appropriate evidence based/informed practices."}],"coordinates":[],"confidence":{"state":"pre-added","who":["user:SDTEF"],"prob":1},"fields":{},"normalizations":{}},{"classId":"e_6","part":"s1p1","offsets":[{"start":143921,"text":"7.3. Withdrawal Management (WM). To provide Withdrawal Management, Contractor shall hold applicable certifications and follow related standards as described in the SUDPOH which include:"}],"coordinates":[],"confidence":{"state":"pre-added","who":["user:SDTEF"],"prob":1},"fields":{},"normalizations":{}},{"classId":"e_6","part":"s1p1","offsets":[{"start":144107,"text":"7.3.1. ASAM Level 3.2-WM designation: clinically managed residential withdrawal management"}],"coordinates":[],"confidence":{"state":"pre-added","who":["user:SDTEF"],"prob":1},"fields":{},"normalizations":{}},{"classId":"e_6","part":"s1p1","offsets":[{"start":144200,"text":".3.2. lnddental Medical Services (IMS) designation"}],"coordinates":[],"confidence":{"state":"pre-added","who":["user:SDTEF"],"prob":1},"fields":{},"normalizations":{}},{"classId":"e_6","part":"s1p1","offsets":[{"start":144252,"text":"7.3.3. Follow policies and procedures approved by the Contractor's Medical Director and incorporate standardized tools such as Clinical I nstitutc Withdrawal Assessment (Cl WA )/Clinical Opiate Withdrawal Scale (COWS), when clinically appropriate."}],"coordinates":[],"confidence":{"state":"pre-added","who":["user:SDTEF"],"prob":1},"fields":{},"normalizations":{}},{"classId":"e_6","part":"s1p1","offsets":[{"start":144500,"text":"7.3.4. Appropriate level for nursing"}],"coordinates":[],"confidence":{"state":"pre-added","who":["user:SDTEF"],"prob":1},"fields":{},"normalizations":{}},{"classId":"e_6","part":"s1p1","offsets":[{"start":144539,"text":".4. Case Management. Case management is an effective intervention as an adjunct to substance abuse treatment to increase access to needed services."}],"coordinates":[],"confidence":{"state":"pre-added","who":["user:SDTEF"],"prob":1},"fields":{},"normalizations":{}},{"classId":"e_6","part":"s1p1","offsets":[{"start":144687,"text":"7.4.1. Contractor shall offer case management services face-to-face, by telephone. or may offer telehealth, and may be provided anywhere in the community, to address needed services."}],"coordinates":[],"confidence":{"state":"pre-added","who":["user:SDTEF"],"prob":1},"fields":{},"normalizations":{}},{"classId":"e_6","part":"s1p1","offsets":[{"start":144870,"text":"7.4.2. Contractor shall provide each admitted client a single point-of-contact who provides a whole person care approach in accessing needed medical. educational. social. vocational. and rehabilitative or other community services."}],"coordinates":[],"confidence":{"state":"pre-added","who":["user:SDTEF"],"prob":1},"fields":{},"normalizations":{}},{"classId":"e_6","part":"s1p1","offsets":[{"start":145102,"text":".5. Recovery Services (formerly known as aficr-carc). Clients may access recovery services after completing their course of treatment whether they have triggered. have relapsed. or as a preventative measure to prevent relapse"}],"coordinates":[],"confidence":{"state":"pre-added","who":["user:SDTEF"],"prob":1},"fields":{},"normalizations":{}},{"classId":"e_6","part":"s1p1","offsets":[{"start":145329,"text":"7.5.1. Contractor shall make every effort. based on ASAM criteria. to connect clients to outpatient level of care where they will access recovery services."}],"coordinates":[],"confidence":{"state":"pre-added","who":["user:SDTEF"],"prob":1},"fields":{},"normalizations":{}},{"classId":"e_6","part":"s1p1","offsets":[{"start":145485,"text":"7.5.2. Contractor may provide recovery services under the following exceptions: 7.5.2.1. If client assessment docs not indicate ASAM level or care for outpatient services; 7.5.2.2. If client is unable or unwilling to transition to outpatient level of care."}],"coordinates":[],"confidence":{"state":"pre-added","who":["user:SDTEF"],"prob":1},"fields":{},"normalizations":{}},{"classId":"e_6","part":"s1p1","offsets":[{"start":145742,"text":"7.5.3. When Contractor provides recovery services. it shall be a minimum of90 minutes per month. 7.5.4. Contractor shall offer the following recovery services components. as further detailed in the SUDPOl I: Outpatient counseling: Recovery monitoring.:"}],"coordinates":[],"confidence":{"state":"pre-added","who":["user:SDTEF"],"prob":1},"fields":{},"normalizations":{}},{"classId":"e_19","part":"s1p1","offsets":[{"start":146200,"text":"COUNTY CONTRACT NUMBER 559478"}],"coordinates":[],"confidence":{"state":"pre-added","who":["ml:regex"],"prob":0.5},"fields":{},"normalizations":{}},{"classId":"e_1","part":"s1p1","offsets":[{"start":146245,"text":"INTERFAITH COMMUNITY SERVICES"}],"coordinates":[],"confidence":{"state":"pre-added","who":["ml:regex"],"prob":0.5},"fields":{},"normalizations":{}},{"classId":"e_4","part":"s1p1","offsets":[{"start":146285,"text":"SUBSTANCE USE DISORDER RESIDENTIAL TREATMENT PROGRAM"}],"coordinates":[],"confidence":{"state":"pre-added","who":["ml:regex"],"prob":0.5},"fields":{"f_10":{"value":"drug addiction","confidence":{"state":"pre-added","who":["user:SDTEF"],"prob":1}}},"normalizations":{}},{"classId":"e_19","part":"s1p1","offsets":[{"start":149528,"text":"COUNTY CONTRACT NUMBER 559478"}],"coordinates":[],"confidence":{"state":"pre-added","who":["ml:regex"],"prob":0.5},"fields":{},"normalizations":{}},{"classId":"e_1","part":"s1p1","offsets":[{"start":149573,"text":"INTERFAITH COMMUNITY SERVICES"}],"coordinates":[],"confidence":{"state":"pre-added","who":["ml:regex"],"prob":0.5},"fields":{},"normalizations":{}},{"classId":"e_4","part":"s1p1","offsets":[{"start":149613,"text":"SUBSTANCE USE DISORDER RESIDENTIAL TREATMENT PROGRAM"}],"coordinates":[],"confidence":{"state":"pre-added","who":["ml:regex"],"prob":0.5},"fields":{"f_10":{"value":"drug addiction","confidence":{"state":"pre-added","who":["user:SDTEF"],"prob":1}}},"normalizations":{}},{"classId":"e_19","part":"s1p1","offsets":[{"start":153043,"text":"COUNTY CONTRACT NUMBER 559478"}],"coordinates":[],"confidence":{"state":"pre-added","who":["ml:regex"],"prob":0.5},"fields":{},"normalizations":{}},{"classId":"e_1","part":"s1p1","offsets":[{"start":153088,"text":"INTERFAITH COMMUNITY SERVICES"}],"coordinates":[],"confidence":{"state":"pre-added","who":["ml:regex"],"prob":0.5},"fields":{},"normalizations":{}},{"classId":"e_4","part":"s1p1","offsets":[{"start":153128,"text":"SUBSTANCE USE DISORDER RESIDENTIAL TREATMENT PROGRAM"}],"coordinates":[],"confidence":{"state":"pre-added","who":["ml:regex"],"prob":0.5},"fields":{"f_10":{"value":"drug addiction","confidence":{"state":"pre-added","who":["user:SDTEF"],"prob":1}}},"normalizations":{}},{"classId":"e_19","part":"s1p1","offsets":[{"start":156452,"text":"COUNTY CONTRACT NUMBER 559478"}],"coordinates":[],"confidence":{"state":"pre-added","who":["ml:regex"],"prob":0.5},"fields":{},"normalizations":{}},{"classId":"e_1","part":"s1p1","offsets":[{"start":156497,"text":"INTERFAITH COMMUNITY SERVICES"}],"coordinates":[],"confidence":{"state":"pre-added","who":["ml:regex"],"prob":0.5},"fields":{},"normalizations":{}},{"classId":"e_4","part":"s1p1","offsets":[{"start":156537,"text":"SUBSTANCE USE DISORDER RESIDENTIAL TREATMENT PROGRAM"}],"coordinates":[],"confidence":{"state":"pre-added","who":["ml:regex"],"prob":0.5},"fields":{"f_10":{"value":"drug addiction","confidence":{"state":"pre-added","who":["user:SDTEF"],"prob":1}}},"normalizations":{}},{"classId":"e_3","part":"s1p1","offsets":[{"start":159159,"text":"substance use disorder"}],"coordinates":[],"confidence":{"state":"pre-added","who":["ml:regex"],"prob":0.5},"fields":{},"normalizations":{}},{"classId":"e_3","part":"s1p1","offsets":[{"start":159400,"text":"substance use disorder"}],"coordinates":[],"confidence":{"state":"pre-added","who":["ml:regex"],"prob":0.5},"fields":{},"normalizations":{}},{"classId":"e_19","part":"s1p1","offsets":[{"start":159972,"text":"COUNTY CONTRACT NUMBER 559478"}],"coordinates":[],"confidence":{"state":"pre-added","who":["ml:regex"],"prob":0.5},"fields":{},"normalizations":{}},{"classId":"e_1","part":"s1p1","offsets":[{"start":160017,"text":"INTERFAITH COMMUNITY SERVICES"}],"coordinates":[],"confidence":{"state":"pre-added","who":["ml:regex"],"prob":0.5},"fields":{},"normalizations":{}},{"classId":"e_4","part":"s1p1","offsets":[{"start":160057,"text":"SUBSTANCE USE DISORDER RESIDENTIAL TREATMENT PROGRAM"}],"coordinates":[],"confidence":{"state":"pre-added","who":["ml:regex"],"prob":0.5},"fields":{"f_10":{"value":"drug addiction","confidence":{"state":"pre-added","who":["user:SDTEF"],"prob":1}}},"normalizations":{}},{"classId":"e_6","part":"s1p1","offsets":[{"start":160147,"text":"Of the 2 on-duty overnight staff, at least I staff is CPR-certified and First-Aid trained. 9.6.3. Neither of the 2 on-duty overnight staff is a volunteer nor an active client of the program."}],"coordinates":[],"confidence":{"state":"pre-added","who":["user:SDTEF"],"prob":1},"fields":{},"normalizations":{}},{"classId":"e_19","part":"s1p1","offsets":[{"start":160449,"text":"COUNTY CONTRACT NUMBER 559478"}],"coordinates":[],"confidence":{"state":"pre-added","who":["ml:regex"],"prob":0.5},"fields":{},"normalizations":{}},{"classId":"e_1","part":"s1p1","offsets":[{"start":160494,"text":"INTERFAITH COMMUNITY SERVICES"}],"coordinates":[],"confidence":{"state":"pre-added","who":["ml:regex"],"prob":0.5},"fields":{},"normalizations":{}},{"classId":"e_4","part":"s1p1","offsets":[{"start":160534,"text":"SUBSTANCE USE DISORDER RESIDENTIAL TREATMENT PROGRAM"}],"coordinates":[],"confidence":{"state":"pre-added","who":["ml:regex"],"prob":0.5},"fields":{"f_10":{"value":"drug addiction","confidence":{"state":"pre-added","who":["user:SDTEF"],"prob":1}}},"normalizations":{}},{"classId":"e_19","part":"s1p1","offsets":[{"start":164510,"text":"COUNTY CONTRACT NUMBER 559478"}],"coordinates":[],"confidence":{"state":"pre-added","who":["ml:regex"],"prob":0.5},"fields":{},"normalizations":{}},{"classId":"e_1","part":"s1p1","offsets":[{"start":164555,"text":"INTERFAITH COMMUNITY SERVICES"}],"coordinates":[],"confidence":{"state":"pre-added","who":["ml:regex"],"prob":0.5},"fields":{},"normalizations":{}},{"classId":"e_4","part":"s1p1","offsets":[{"start":164595,"text":"SUBSTANCE USE DISORDER RESIDENTIAL TREATMENT PROGRAM"}],"coordinates":[],"confidence":{"state":"pre-added","who":["ml:regex"],"prob":0.5},"fields":{"f_10":{"value":"drug addiction","confidence":{"state":"pre-added","who":["user:SDTEF"],"prob":1}}},"normalizations":{}},{"classId":"e_19","part":"s1p1","offsets":[{"start":168515,"text":"COUNTY CONTRACT NUMBER 559478"}],"coordinates":[],"confidence":{"state":"pre-added","who":["ml:regex"],"prob":0.5},"fields":{},"normalizations":{}},{"classId":"e_1","part":"s1p1","offsets":[{"start":168560,"text":"INTERFAITH COMMUNITY SERVICES"}],"coordinates":[],"confidence":{"state":"pre-added","who":["ml:regex"],"prob":0.5},"fields":{},"normalizations":{}},{"classId":"e_4","part":"s1p1","offsets":[{"start":168600,"text":"SUBSTANCE USE DISORDER RESIDENTIAL TREATMENT PROGRAM"}],"coordinates":[],"confidence":{"state":"pre-added","who":["ml:regex"],"prob":0.5},"fields":{"f_10":{"value":"drug addiction","confidence":{"state":"pre-added","who":["user:SDTEF"],"prob":1}}},"normalizations":{}},{"classId":"e_3","part":"s1p1","offsets":[{"start":174190,"text":"Substance Use Disorder"}],"coordinates":[],"confidence":{"state":"pre-added","who":["ml:regex"],"prob":0.5},"fields":{},"normalizations":{}},{"classId":"e_1","part":"s1p1","offsets":[{"start":176978,"text":"Interfaith Community Services"}],"coordinates":[],"confidence":{"state":"pre-added","who":["ml:regex"],"prob":0.5},"fields":{},"normalizations":{}},{"classId":"e_1","part":"s1p1","offsets":[{"start":183757,"text":"Interfaith Community Services"}],"coordinates":[],"confidence":{"state":"pre-added","who":["ml:regex"],"prob":0.5},"fields":{},"normalizations":{}},{"classId":"e_1","part":"s1p1","offsets":[{"start":187051,"text":"Interfaith Community Services"}],"coordinates":[],"confidence":{"state":"pre-added","who":["ml:regex"],"prob":0.5},"fields":{},"normalizations":{}},{"classId":"e_1","part":"s1p1","offsets":[{"start":189295,"text":"Interfaith Community Services"}],"coordinates":[],"confidence":{"state":"pre-added","who":["ml:regex"],"prob":0.5},"fields":{},"normalizations":{}},{"classId":"e_1","part":"s1p1","offsets":[{"start":191962,"text":"Interfaith Community Services"}],"coordinates":[],"confidence":{"state":"pre-added","who":["ml:regex"],"prob":0.5},"fields":{},"normalizations":{}},{"classId":"e_1","part":"s1p1","offsets":[{"start":193816,"text":"Interfaith Community Services"}],"coordinates":[],"confidence":{"state":"pre-added","who":["ml:regex"],"prob":0.5},"fields":{},"normalizations":{}},{"classId":"e_1","part":"s1p1","offsets":[{"start":195666,"text":"Interfaith Community Services"}],"coordinates":[],"confidence":{"state":"pre-added","who":["ml:regex"],"prob":0.5},"fields":{},"normalizations":{}},{"classId":"e_1","part":"s1p1","offsets":[{"start":197301,"text":"Interfaith Community Services"}],"coordinates":[],"confidence":{"state":"pre-added","who":["ml:regex"],"prob":0.5},"fields":{},"normalizations":{}},{"classId":"e_1","part":"s1p1","offsets":[{"start":199173,"text":"Interfaith Community Services"}],"coordinates":[],"confidence":{"state":"pre-added","who":["ml:regex"],"prob":0.5},"fields":{},"normalizations":{}},{"classId":"e_3","part":"s1p1","offsets":[{"start":201444,"text":"Substance Use Disorder"}],"coordinates":[],"confidence":{"state":"pre-added","who":["ml:regex"],"prob":0.5},"fields":{},"normalizations":{}},{"classId":"e_1","part":"s1p1","offsets":[{"start":215107,"text":"Interfaith Community Services"}],"coordinates":[],"confidence":{"state":"pre-added","who":["ml:regex"],"prob":0.5},"fields":{},"normalizations":{}},{"classId":"e_1","part":"s1p1","offsets":[{"start":217726,"text":"Interfaith Community Services"}],"coordinates":[],"confidence":{"state":"pre-added","who":["ml:regex"],"prob":0.5},"fields":{},"normalizations":{}},{"classId":"e_1","part":"s1p1","offsets":[{"start":220483,"text":"Interfaith Community Services"}],"coordinates":[],"confidence":{"state":"pre-added","who":["ml:regex"],"prob":0.5},"fields":{},"normalizations":{}},{"classId":"e_1","part":"s1p1","offsets":[{"start":222299,"text":"Interfaith Community Services"}],"coordinates":[],"confidence":{"state":"pre-added","who":["ml:regex"],"prob":0.5},"fields":{},"normalizations":{}},{"classId":"e_1","part":"s1p1","offsets":[{"start":224137,"text":"Interfaith Community Services"}],"coordinates":[],"confidence":{"state":"pre-added","who":["ml:regex"],"prob":0.5},"fields":{},"normalizations":{}},{"classId":"e_1","part":"s1p1","offsets":[{"start":225741,"text":"Interfaith Community Services"}],"coordinates":[],"confidence":{"state":"pre-added","who":["ml:regex"],"prob":0.5},"fields":{},"normalizations":{}},{"classId":"e_1","part":"s1p1","offsets":[{"start":227510,"text":"Interfaith Community Services"}],"coordinates":[],"confidence":{"state":"pre-added","who":["ml:regex"],"prob":0.5},"fields":{},"normalizations":{}},{"classId":"e_1","part":"s1p1","offsets":[{"start":228958,"text":"Interfaith Community Services"}],"coordinates":[],"confidence":{"state":"pre-added","who":["ml:regex"],"prob":0.5},"fields":{},"normalizations":{}},{"classId":"e_3","part":"s1p1","offsets":[{"start":230972,"text":"Substance Use Disorder"}],"coordinates":[],"confidence":{"state":"pre-added","who":["ml:regex"],"prob":0.5},"fields":{},"normalizations":{}},{"classId":"e_1","part":"s1p1","offsets":[{"start":239992,"text":"Interfaith Community Services"}],"coordinates":[],"confidence":{"state":"pre-added","who":["ml:regex"],"prob":0.5},"fields":{},"normalizations":{}},{"classId":"e_1","part":"s1p1","offsets":[{"start":243333,"text":"Interfaith Community Services"}],"coordinates":[],"confidence":{"state":"pre-added","who":["ml:regex"],"prob":0.5},"fields":{},"normalizations":{}},{"classId":"e_1","part":"s1p1","offsets":[{"start":245157,"text":"Interfaith Community Services"}],"coordinates":[],"confidence":{"state":"pre-added","who":["ml:regex"],"prob":0.5},"fields":{},"normalizations":{}},{"classId":"e_1","part":"s1p1","offsets":[{"start":247024,"text":"Interfaith Community Services"}],"coordinates":[],"confidence":{"state":"pre-added","who":["ml:regex"],"prob":0.5},"fields":{},"normalizations":{}},{"classId":"e_1","part":"s1p1","offsets":[{"start":248688,"text":"Interfaith Community Services"}],"coordinates":[],"confidence":{"state":"pre-added","who":["ml:regex"],"prob":0.5},"fields":{},"normalizations":{}},{"classId":"e_1","part":"s1p1","offsets":[{"start":250515,"text":"Interfaith Community Services"}],"coordinates":[],"confidence":{"state":"pre-added","who":["ml:regex"],"prob":0.5},"fields":{},"normalizations":{}},{"classId":"e_3","part":"s1p1","offsets":[{"start":252700,"text":"Substance Use Disorder"}],"coordinates":[],"confidence":{"state":"pre-added","who":["ml:regex"],"prob":0.5},"fields":{},"normalizations":{}},{"classId":"e_1","part":"s1p1","offsets":[{"start":260572,"text":"Interfaith Community Services"}],"coordinates":[],"confidence":{"state":"pre-added","who":["ml:regex"],"prob":0.5},"fields":{},"normalizations":{}},{"classId":"e_1","part":"s1p1","offsets":[{"start":264308,"text":"Interfaith Community Services"}],"coordinates":[],"confidence":{"state":"pre-added","who":["ml:regex"],"prob":0.5},"fields":{},"normalizations":{}},{"classId":"e_1","part":"s1p1","offsets":[{"start":266112,"text":"Interfaith Community Services"}],"coordinates":[],"confidence":{"state":"pre-added","who":["ml:regex"],"prob":0.5},"fields":{},"normalizations":{}},{"classId":"e_1","part":"s1p1","offsets":[{"start":269649,"text":"Interfaith Community Services"}],"coordinates":[],"confidence":{"state":"pre-added","who":["ml:regex"],"prob":0.5},"fields":{},"normalizations":{}},{"classId":"e_1","part":"s1p1","offsets":[{"start":271456,"text":"Interfaith Community Services"}],"coordinates":[],"confidence":{"state":"pre-added","who":["ml:regex"],"prob":0.5},"fields":{},"normalizations":{}},{"classId":"e_3","part":"s1p1","offsets":[{"start":274018,"text":"Substance Use Disorder"}],"coordinates":[],"confidence":{"state":"pre-added","who":["ml:regex"],"prob":0.5},"fields":{},"normalizations":{}}],"relations":[]}