{"annotatable":{"parts":["s1v1","s2v1","s3v1","s4v1","s5v1","s6v1","s7v1","s8v1","s9v1","s10v1","s11v1","s12v1"]},"anncomplete":true,"sources":[{"name":"ORIG","id":"HEAP___1st_Amendment_to_Consulting_Agreement___Homeless_Case_Management_Services_8_2020.pdf","url":""}],"metas":{"m_24":{"value":"$182,340;","confidence":{"state":"pre-added","who":["user:SDTEF"],"prob":1}},"m_22":{"value":"case management and outreach","confidence":{"state":"pre-added","who":["user:SDTEF"],"prob":1}},"m_23":{"value":"city and HEAP","confidence":{"state":"pre-added","who":["user:SDTEF"],"prob":1}}},"entities":[{"classId":"e_7","part":"s1v1","offsets":[{"start":0,"text":"CITY OF ESCONDIDO"}],"coordinates":[{"x":"240.32","y":"136.85"},{"x":"357.59","y":"143.03"}],"confidence":{"state":"pre-added","who":["user:SDTEF"],"prob":1},"fields":{},"normalizations":{}},{"classId":"e_1","part":"s1v1","offsets":[{"start":0,"text":"C"}],"coordinates":[{"x":"240.32","y":"136.85"},{"x":"248.34","y":"143.03"}],"confidence":{"state":"pre-added","who":["user:SDTEF"],"prob":1},"fields":{},"normalizations":{}},{"classId":"e_19","part":"s1v1","offsets":[{"start":0,"text":"CITY OF ESCONDIDO FIRST AMENDMENT TO CONSULTING AGREEMENT"}],"coordinates":[{"x":"240.32","y":"136.85"},{"x":"438.79","y":"159.35"}],"confidence":{"state":"pre-added","who":["user:SDTEF"],"prob":1},"fields":{},"normalizations":{}},{"classId":"e_7","part":"s1v1","offsets":[{"start":144,"text":"CITY OF ESCONDIDO"}],"coordinates":[],"confidence":{"state":"pre-added","who":["ml:regex"],"prob":0.5},"fields":{},"normalizations":{}},{"classId":"e_1","part":"s1v1","offsets":[{"start":272,"text":"nterfaith Community Services 550 West Washington Avenue Escondido, CA 92025 Attn: Greg Anglea 760-489-6380 x230 (\"CONSULTANT\")"}],"coordinates":[{"x":"194.05","y":"324.06"},{"x":"280.52","y":"393.84"}],"confidence":{"state":"pre-added","who":["user:SDTEF"],"prob":1},"fields":{},"normalizations":{}},{"classId":"e_4","part":"s1v1","offsets":[{"start":563,"text":"homeless case management services"}],"coordinates":[],"confidence":{"state":"pre-added","who":["ml:regex"],"prob":0.5},"fields":{},"normalizations":{}},{"classId":"e_7","part":"s3v1","offsets":[{"start":375,"text":"CITY OF ESCONDIDO"}],"coordinates":[],"confidence":{"state":"pre-added","who":["ml:regex"],"prob":0.5},"fields":{},"normalizations":{}},{"classId":"e_7","part":"s3v1","offsets":[{"start":471,"text":"CITY OF ESCONDIDO"}],"coordinates":[],"confidence":{"state":"pre-added","who":["ml:regex"],"prob":0.5},"fields":{},"normalizations":{}},{"classId":"e_1","part":"s4v1","offsets":[{"start":66,"text":"C"}],"coordinates":[],"confidence":{"state":"pre-added","who":["ml:regex"],"prob":0.5},"fields":{},"normalizations":{}},{"classId":"e_1","part":"s4v1","offsets":[{"start":210,"text":"C"}],"coordinates":[],"confidence":{"state":"pre-added","who":["ml:regex"],"prob":0.5},"fields":{},"normalizations":{}},{"classId":"e_1","part":"s4v1","offsets":[{"start":374,"text":"C"}],"coordinates":[],"confidence":{"state":"pre-added","who":["ml:regex"],"prob":0.5},"fields":{},"normalizations":{}},{"classId":"e_1","part":"s4v1","offsets":[{"start":418,"text":"C"}],"coordinates":[],"confidence":{"state":"pre-added","who":["ml:regex"],"prob":0.5},"fields":{},"normalizations":{}},{"classId":"e_1","part":"s4v1","offsets":[{"start":870,"text":"C"}],"coordinates":[],"confidence":{"state":"pre-added","who":["ml:regex"],"prob":0.5},"fields":{},"normalizations":{}},{"classId":"e_2","part":"s4v1","offsets":[{"start":994,"text":"-"}],"coordinates":[{"x":"265.69","y":"188.39"},{"x":"280.18","y":"197.99"}],"confidence":{"state":"pre-removed","who":["user:SDTEF","ml:regex"],"prob":0.5},"fields":{},"normalizations":{}},{"classId":"e_1","part":"s4v1","offsets":[{"start":2643,"text":"c"}],"coordinates":[],"confidence":{"state":"pre-added","who":["ml:regex"],"prob":0.5},"fields":{},"normalizations":{}},{"classId":"e_4","part":"s5v1","offsets":[{"start":76,"text":"Homeless Case Management Services"}],"coordinates":[{"x":"283.71","y":"134.75"},{"x":"494.58","y":"141.12"}],"confidence":{"state":"pre-added","who":["user:SDTEF"],"prob":1},"fields":{},"normalizations":{}},{"classId":"e_4","part":"s5v1","offsets":[{"start":124,"text":"The City of Escondido (\"City\") is contracting with Interfaith Community Services, Inc. (\"Consultant\") to provide homeless case management services to homeless residents in Escondido to further enhance the work of the existing Community Oriented Policing and Problem Solving (COPPS) unit and provide services to homeless residents in Escondido."}],"coordinates":[{"x":"97.85","y":"186.53"},{"x":"269.71","y":"243.59"}],"confidence":{"state":"pre-added","who":["user:SDTEF"],"prob":1},"fields":{},"normalizations":{}},{"classId":"e_7","part":"s5v1","offsets":[{"start":128,"text":"City of Escondido"}],"coordinates":[],"confidence":{"state":"pre-added","who":["ml:regex"],"prob":0.5},"fields":{},"normalizations":{}},{"classId":"e_4","part":"s5v1","offsets":[{"start":469,"text":"Consultant will provide Street Outreach services, including the provision of client flexible financial assistance that enable creative solutions to client challenges not currently covered through other funding options"}],"coordinates":[{"x":"98.25","y":"263.09"},{"x":"337.78","y":"294.71"}],"confidence":{"state":"pre-added","who":["user:SDTEF"],"prob":1},"fields":{},"normalizations":{}},{"classId":"e_5","part":"s5v1","offsets":[{"start":692,"text":"Location.\n\nServices provided by Contractor will be performed at various locations throughout Escondido"}],"coordinates":[{"x":"99.12","y":"314.26"},{"x":"150.60","y":"358.78"}],"confidence":{"state":"pre-added","who":["user:SDTEF"],"prob":1},"fields":{},"normalizations":{}},{"classId":"e_1","part":"s5v1","offsets":[{"start":797,"text":"C"}],"coordinates":[],"confidence":{"state":"pre-added","who":["ml:regex"],"prob":0.5},"fields":{},"normalizations":{}},{"classId":"e_4","part":"s5v1","offsets":[{"start":800,"text":"Homeless Case Management Services.\n\nContractor shall recruit, hire and train a 1.0 FTE Homeless Outreach Case Manager (\"Manager\") to oversee the homeless case management services. The Manager shall be a social worker, with minimum qualifications to include: • Bachelor's degree in Social Work, Psychology or other behavioral health disciplines; • Master's degree in Social Work • An active State of California license in social work; • Three (3) years' experience providing vase management services; and • Bilingual (English/Spanish) preferred.\n\nAdditionally, Contractor will provide 0.2 FTE Program Manager/SOAR Consultation 0.25 FTE Bridge Behavioral Clinician, 0.05 FTE Behavioral Health Director. Please see Attachment B for the program budget.\n\nThe Manager must be able to pass an Escondido Police Department background check.\n\nConsultant shall ensure that case management services shall be available forty (40) hours per week, Monday through Friday, eight (8) hours per day; occasional nights and weekend hours may be required.\n\nThe Manager shall provide direct services to homeless clients and recently housed individuals and families, which include: intake, assessment, and case management, as well as client advocacy (resources and referrals) with the goal of supporting client self-sufficiency."}],"coordinates":[{"x":"99.13","y":"378.34"},{"x":"207.54","y":"715.20"}],"confidence":{"state":"pre-added","who":["user:SDTEF"],"prob":1},"fields":{},"normalizations":{}},{"classId":"e_4","part":"s5v1","offsets":[{"start":945,"text":"homeless case management services"}],"coordinates":[],"confidence":{"state":"pre-added","who":["ml:regex"],"prob":0.5},"fields":{},"normalizations":{}},{"classId":"e_4","part":"s7v1","offsets":[{"start":0,"text":"• Collaborate with the COPPS unit, the Housing and Neighborhood Services Division, city departments and staff, other government agencies, the Regional Taskforce for the Homeless (RTFH), and Escondido faith centers, service clubs, businesses, nonprofit organizations, and community members. • Participate in the Annual Point in Time Count.\n\nThe Manager will serve 100 individuals in the City of Escondido who are experiencing homelessness. Over the course of this contract, there will be a minimum of 400 instances of services, 20 unsheltered person will become sheltered, and 5 homeless persons shall enter permanent housing.\n\nContractor shall furnish all general office supplies, printing costs and postage associated with normal office and service operations related to case management duties.\n\nFunding for this contract is provided by a HEAP grant from the RTFH. Consultant will cooperate with all reasonable requests for information and reporting requirements from RTFH including: Monthly invoices for services rendered Monthly Programmatic Reports of service will be due on or before the 13th day of the following month (for example, reports for work conducted between July 1 - July 30 are due to the City no later than August 13th), including, but not limited to: o Amount of Award with activities o Contract expenditures o Unduplicated number of homeless persons or persons at imminent risk of homelessness served o Number of instances of service (defined in RTFH NOFA dated September 5, 2018) o Increases in capacity for new and existing programs o The number of unsheltered homeless persons becoming sheltered o The number of homeless persons entering permanent housing o Progress made toward local homeless goals o Alignment between HEAP funded programs and \"Housing First\" principles adopted by the Homeless Coordinating and Financing Council o Any other effects from HEAP funding At the request of the RTFH and/or City, Contractor shall provide, at its own expense, a financial audit prepared by a certified public accountant. All records relating to the project must be retained for a minimum of 5 years after the termination of this agreement. If any litigation, claim, negotiation, audit, monitoring, inspection or other action has been commenced before the expirations of the required record retention period, all records must be retained until completion of the action and resolution of all issues which arise from it."}],"coordinates":[{"x":"96.55","y":"82.79"},{"x":"149.52","y":"708.72"}],"confidence":{"state":"pre-added","who":["user:SDTEF"],"prob":1},"fields":{},"normalizations":{}},{"classId":"e_6","part":"s7v1","offsets":[{"start":340,"text":"The Manager will serve 100 individuals in the City of Escondido who are experiencing homelessness. Over the course of this contract, there will be a minimum of 400 instances of services, 20 unsheltered person will become sheltered, and 5 homeless persons shall enter permanent housing"}],"coordinates":[{"x":"95.93","y":"168.95"},{"x":"437.85","y":"213.35"}],"confidence":{"state":"pre-added","who":["user:SDTEF"],"prob":1},"fields":{},"normalizations":{}},{"classId":"e_7","part":"s7v1","offsets":[{"start":386,"text":"City of Escondido"}],"coordinates":[],"confidence":{"state":"pre-added","who":["ml:regex"],"prob":0.5},"fields":{},"normalizations":{}},{"classId":"e_7","part":"s7v1","offsets":[{"start":797,"text":"Funding for this contract is provided by a HEAP grant from the RTFH."}],"coordinates":[{"x":"96.22","y":"283.91"},{"x":"458.95","y":"290.15"}],"confidence":{"state":"pre-added","who":["user:SDTEF"],"prob":1},"fields":{},"normalizations":{}},{"classId":"e_8","part":"s8v1","offsets":[{"start":168,"text":"Term.\n\nThe term of this Agreement shall be from June 1, 2020 to May 30, 2021. All contract funds shall be expended by May 31, 2021."}],"coordinates":[{"x":"99.06","y":"146.26"},{"x":"356.82","y":"191.03"}],"confidence":{"state":"pre-added","who":["user:SDTEF"],"prob":1},"fields":{},"normalizations":{}},{"classId":"e_2","part":"s8v1","offsets":[{"start":304,"text":"Payment Terms and Schedule.\n\nThe total contract price shall not exceed $182,340.00. Invoices must be submitted monthly after the services have been performed; payments will be paid after aII expense documentation, requisite program participation, and milestone report documents are reviewed, and within 30 days of receipt of invoice for those services."}],"coordinates":[{"x":"101.77","y":"210.34"},{"x":"141.26","y":"293.52"}],"confidence":{"state":"pre-added","who":["user:SDTEF"],"prob":1},"fields":{},"normalizations":{}},{"classId":"e_1","part":"s9v1","offsets":[{"start":1736,"text":"c"}],"coordinates":[],"confidence":{"state":"pre-added","who":["ml:regex"],"prob":0.5},"fields":{},"normalizations":{}},{"classId":"e_1","part":"s10v1","offsets":[{"start":1097,"text":"c"}],"coordinates":[],"confidence":{"state":"pre-added","who":["ml:regex"],"prob":0.5},"fields":{},"normalizations":{}},{"classId":"e_2","part":"s12v1","offsets":[{"start":16,"text":"BUDGET"}],"coordinates":[{"x":"284.89","y":"120.17"},{"x":"330.91","y":"126.48"}],"confidence":{"state":"pre-added","who":["user:SDTEF"],"prob":1},"fields":{},"normalizations":{}},{"classId":"e_2","part":"s12v1","offsets":[{"start":514,"text":"Total\n\n$182,340"}],"coordinates":[{"x":"82.25","y":"510.54"},{"x":"402.89","y":"516.47"}],"confidence":{"state":"pre-added","who":["user:SDTEF"],"prob":1},"fields":{},"normalizations":{}}],"relations":[]}