{"annotatable":{"parts":["s1v1","s2v1","s3v1","s4v1","s5v1","s6v1","s7v1","s8v1","s9v1","s10v1","s11v1","s12v1"]},"anncomplete":true,"sources":[{"name":"ORIG","id":"Womens_Resource_Center__2018_01_23_.pdf","url":""}],"metas":{"m_24":{"value":"$14,896","confidence":{"state":"pre-added","who":["user:SDTEF"],"prob":1}},"m_22":{"value":"temp housing and case management","confidence":{"state":"pre-added","who":["user:SDTEF"],"prob":1}},"m_20":{"value":"women","confidence":{"state":"pre-added","who":["user:SDTEF"],"prob":1}},"m_21":{"value":"domestic violence","confidence":{"state":"pre-added","who":["user:SDTEF"],"prob":1}},"m_23":{"value":"city and CDBG funds","confidence":{"state":"pre-added","who":["user:SDTEF"],"prob":1}}},"entities":[{"classId":"e_19","part":"s1v1","offsets":[{"start":0,"text":"AGREEMENT BETWEEN THE CITY OF CARLSBAD AND WOMEN'S RESOURCE CENTER FOR FEDERAL COMMUNITY DEVELOPMENT BLOCK GRANT FUNDS"}],"coordinates":[{"x":"166.72","y":"81.45"},{"x":"512.70","y":"116.27"}],"confidence":{"state":"pre-added","who":["user:SDTEF"],"prob":1},"fields":{},"normalizations":{}},{"classId":"e_7","part":"s1v1","offsets":[{"start":22,"text":"CITY OF CARLSBAD"}],"coordinates":[{"x":"340.85","y":"81.45"},{"x":"458.81","y":"88.20"}],"confidence":{"state":"pre-added","who":["user:SDTEF"],"prob":1},"fields":{},"normalizations":{}},{"classId":"e_1","part":"s1v1","offsets":[{"start":43,"text":"WOMEN'S RESOURCE CENTER"}],"coordinates":[{"x":"222.15","y":"95.61"},{"x":"404.82","y":"102.36"}],"confidence":{"state":"pre-added","who":["user:SDTEF"],"prob":1},"fields":{},"normalizations":{}},{"classId":"e_7","part":"s1v1","offsets":[{"start":71,"text":"FEDERAL COMMUNITY DEVELOPMENT BLOCK GRANT"}],"coordinates":[{"x":"141.47","y":"109.52"},{"x":"470.15","y":"116.27"}],"confidence":{"state":"pre-added","who":["user:SDTEF"],"prob":1},"fields":{},"normalizations":{}},{"classId":"e_7","part":"s1v1","offsets":[{"start":232,"text":"CITY OF CARLSBAD"}],"coordinates":[],"confidence":{"state":"pre-added","who":["ml:regex"],"prob":0.5},"fields":{},"normalizations":{}},{"classId":"e_8","part":"s1v1","offsets":[{"start":323,"text":"."}],"coordinates":[],"confidence":{"state":"","who":["ml:nalaf"],"prob":0.6936904718221207},"fields":{},"normalizations":{}},{"classId":"e_8","part":"s1v1","offsets":[{"start":1007,"text":"s"}],"coordinates":[],"confidence":{"state":"pre-removed","who":["ml:nalaf","ml:regex"],"prob":0.5},"fields":{},"normalizations":{}},{"classId":"e_8","part":"s1v1","offsets":[{"start":1186,"text":"s"}],"coordinates":[],"confidence":{"state":"pre-removed","who":["ml:nalaf","ml:regex"],"prob":0.5},"fields":{},"normalizations":{}},{"classId":"e_8","part":"s1v1","offsets":[{"start":1316,"text":"."}],"coordinates":[],"confidence":{"state":"","who":["ml:nalaf"],"prob":0.6950695899816349},"fields":{},"normalizations":{}},{"classId":"e_8","part":"s1v1","offsets":[{"start":1455,"text":"."}],"coordinates":[],"confidence":{"state":"","who":["ml:nalaf"],"prob":0.7968314070119825},"fields":{},"normalizations":{}},{"classId":"e_7","part":"s1v1","offsets":[{"start":1499,"text":"federal community development block grant"}],"coordinates":[],"confidence":{"state":"pre-added","who":["ml:regex"],"prob":0.5},"fields":{},"normalizations":{}},{"classId":"e_7","part":"s1v1","offsets":[{"start":1543,"text":"CDBG"}],"coordinates":[{"x":"431.64","y":"554.47"},{"x":"464.59","y":"561.00"}],"confidence":{"state":"pre-added","who":["user:SDTEF"],"prob":1},"fields":{},"normalizations":{}},{"classId":"e_2","part":"s1v1","offsets":[{"start":1557,"text":"in the amount of fourteen thousand eight hundred ninety six dollars ($14,896) to the Subrecipien"}],"coordinates":[{"x":"514.14","y":"554.47"},{"x":"522.03","y":"575.15"}],"confidence":{"state":"pre-added","who":["user:SDTEF"],"prob":1},"fields":{},"normalizations":{}},{"classId":"e_8","part":"s1v1","offsets":[{"start":1760,"text":"period beginning July 1, 2017 and ending June 30, 2018."}],"coordinates":[],"confidence":{"state":"","who":["ml:nalaf"],"prob":0.772446400788456},"fields":{},"normalizations":{}},{"classId":"e_4","part":"s1v1","offsets":[{"start":1956,"text":"Scope of Work"}],"coordinates":[],"confidence":{"state":"pre-added","who":["ml:regex"],"prob":0.5},"fields":{},"normalizations":{}},{"classId":"e_8","part":"s1v1","offsets":[{"start":2067,"text":"."}],"coordinates":[],"confidence":{"state":"","who":["ml:nalaf"],"prob":0.9351867786250857},"fields":{},"normalizations":{}},{"classId":"e_5","part":"s1v1","offsets":[{"start":2070,"text":"Every"}],"coordinates":[],"confidence":{"state":"","who":["ml:nalaf"],"prob":0.8890030073625285},"fields":{},"normalizations":{}},{"classId":"e_8","part":"s1v1","offsets":[{"start":2181,"text":"."}],"coordinates":[],"confidence":{"state":"","who":["ml:nalaf"],"prob":0.7406767018526614},"fields":{},"normalizations":{}},{"classId":"e_5","part":"s1v1","offsets":[{"start":2183,"text":"If"}],"coordinates":[],"confidence":{"state":"","who":["ml:nalaf"],"prob":0.9875102577445793},"fields":{},"normalizations":{}},{"classId":"e_8","part":"s2v1","offsets":[{"start":30,"text":"."}],"coordinates":[],"confidence":{"state":"","who":["ml:nalaf"],"prob":0.9065666956972269},"fields":{},"normalizations":{}},{"classId":"e_5","part":"s2v1","offsets":[{"start":32,"text":"The"}],"coordinates":[],"confidence":{"state":"pre-removed","who":["ml:nalaf","ml:regex"],"prob":0.5},"fields":{},"normalizations":{}},{"classId":"e_8","part":"s2v1","offsets":[{"start":218,"text":"."}],"coordinates":[],"confidence":{"state":"","who":["ml:nalaf"],"prob":0.9128466807854991},"fields":{},"normalizations":{}},{"classId":"e_5","part":"s2v1","offsets":[{"start":221,"text":"2."}],"coordinates":[],"confidence":{"state":"","who":["ml:nalaf"],"prob":0.8977646878050738},"fields":{},"normalizations":{}},{"classId":"e_8","part":"s2v1","offsets":[{"start":222,"text":"."}],"coordinates":[],"confidence":{"state":"","who":["ml:nalaf"],"prob":0.9558647801173107},"fields":{},"normalizations":{}},{"classId":"e_7","part":"s2v1","offsets":[{"start":294,"text":"CDBG"}],"coordinates":[],"confidence":{"state":"pre-added","who":["ml:regex"],"prob":0.5},"fields":{},"normalizations":{}},{"classId":"e_8","part":"s2v1","offsets":[{"start":442,"text":"."}],"coordinates":[],"confidence":{"state":"","who":["ml:nalaf"],"prob":0.914497300333149},"fields":{},"normalizations":{}},{"classId":"e_5","part":"s2v1","offsets":[{"start":444,"text":"The"}],"coordinates":[],"confidence":{"state":"pre-removed","who":["ml:nalaf","ml:regex"],"prob":0.5},"fields":{},"normalizations":{}},{"classId":"e_2","part":"s2v1","offsets":[{"start":444,"text":"The reimbursements for costs shall not exceed a total of $14,896"}],"coordinates":[{"x":"133.26","y":"190.59"},{"x":"467.44","y":"197.40"}],"confidence":{"state":"pre-added","who":["user:SDTEF"],"prob":1},"fields":{},"normalizations":{}},{"classId":"e_8","part":"s2v1","offsets":[{"start":508,"text":"."}],"coordinates":[],"confidence":{"state":"","who":["ml:nalaf"],"prob":0.8178007236234772},"fields":{},"normalizations":{}},{"classId":"e_5","part":"s2v1","offsets":[{"start":510,"text":"However"}],"coordinates":[],"confidence":{"state":"","who":["ml:nalaf"],"prob":0.9138140017552067},"fields":{},"normalizations":{}},{"classId":"e_8","part":"s2v1","offsets":[{"start":634,"text":"."}],"coordinates":[],"confidence":{"state":"","who":["ml:nalaf"],"prob":0.8862635814460968},"fields":{},"normalizations":{}},{"classId":"e_5","part":"s2v1","offsets":[{"start":636,"text":"The"}],"coordinates":[],"confidence":{"state":"pre-removed","who":["ml:nalaf","ml:regex"],"prob":0.5},"fields":{},"normalizations":{}},{"classId":"e_8","part":"s2v1","offsets":[{"start":934,"text":"."}],"coordinates":[],"confidence":{"state":"","who":["ml:nalaf"],"prob":0.9195063681561607},"fields":{},"normalizations":{}},{"classId":"e_5","part":"s2v1","offsets":[{"start":937,"text":"Payment"}],"coordinates":[],"confidence":{"state":"","who":["ml:nalaf"],"prob":0.8677952014016137},"fields":{},"normalizations":{}},{"classId":"e_8","part":"s2v1","offsets":[{"start":1077,"text":"."}],"coordinates":[],"confidence":{"state":"","who":["ml:nalaf"],"prob":0.9306118056352705},"fields":{},"normalizations":{}},{"classId":"e_5","part":"s2v1","offsets":[{"start":1079,"text":"Subrecipient"}],"coordinates":[],"confidence":{"state":"","who":["ml:nalaf"],"prob":0.5354965609445318},"fields":{},"normalizations":{}},{"classId":"e_7","part":"s2v1","offsets":[{"start":1201,"text":"CDBG"}],"coordinates":[],"confidence":{"state":"pre-added","who":["ml:regex"],"prob":0.5},"fields":{},"normalizations":{}},{"classId":"e_8","part":"s2v1","offsets":[{"start":1246,"text":"."}],"coordinates":[],"confidence":{"state":"","who":["ml:nalaf"],"prob":0.8716986439366781},"fields":{},"normalizations":{}},{"classId":"e_5","part":"s2v1","offsets":[{"start":1249,"text":"Subrecipient"}],"coordinates":[],"confidence":{"state":"","who":["ml:nalaf"],"prob":0.6676603155580966},"fields":{},"normalizations":{}},{"classId":"e_8","part":"s2v1","offsets":[{"start":1374,"text":"."}],"coordinates":[],"confidence":{"state":"","who":["ml:nalaf"],"prob":0.9016496328150114},"fields":{},"normalizations":{}},{"classId":"e_5","part":"s2v1","offsets":[{"start":1376,"text":"The"}],"coordinates":[],"confidence":{"state":"pre-removed","who":["ml:nalaf","ml:regex"],"prob":0.5},"fields":{},"normalizations":{}},{"classId":"e_8","part":"s2v1","offsets":[{"start":1484,"text":"."}],"coordinates":[],"confidence":{"state":"","who":["ml:nalaf"],"prob":0.9030164994263199},"fields":{},"normalizations":{}},{"classId":"e_8","part":"s2v1","offsets":[{"start":1574,"text":"City Council and continue until the expiration date, or amended expiration date, of this Agreement."}],"coordinates":[],"confidence":{"state":"","who":["ml:nalaf"],"prob":0.7536764630897355},"fields":{},"normalizations":{}},{"classId":"e_5","part":"s2v1","offsets":[{"start":1675,"text":"Each"}],"coordinates":[],"confidence":{"state":"","who":["ml:nalaf"],"prob":0.955566286983837},"fields":{},"normalizations":{}},{"classId":"e_8","part":"s2v1","offsets":[{"start":1947,"text":"."}],"coordinates":[],"confidence":{"state":"","who":["ml:nalaf"],"prob":0.9407892007437452},"fields":{},"normalizations":{}},{"classId":"e_5","part":"s2v1","offsets":[{"start":1949,"text":"Payroll"}],"coordinates":[],"confidence":{"state":"","who":["ml:nalaf"],"prob":0.9298627181023866},"fields":{},"normalizations":{}},{"classId":"e_8","part":"s2v1","offsets":[{"start":2100,"text":"."}],"coordinates":[],"confidence":{"state":"","who":["ml:nalaf"],"prob":0.9069789972917188},"fields":{},"normalizations":{}},{"classId":"e_5","part":"s2v1","offsets":[{"start":2103,"text":"3."}],"coordinates":[],"confidence":{"state":"","who":["ml:nalaf"],"prob":0.9106888566964462},"fields":{},"normalizations":{}},{"classId":"e_8","part":"s2v1","offsets":[{"start":2104,"text":"."}],"coordinates":[],"confidence":{"state":"","who":["ml:nalaf"],"prob":0.7732366778352777},"fields":{},"normalizations":{}},{"classId":"e_7","part":"s2v1","offsets":[{"start":2245,"text":"CDBG"}],"coordinates":[],"confidence":{"state":"pre-added","who":["ml:regex"],"prob":0.5},"fields":{},"normalizations":{}},{"classId":"e_8","part":"s2v1","offsets":[{"start":2302,"text":"."}],"coordinates":[],"confidence":{"state":"","who":["ml:nalaf"],"prob":0.9354191519919923},"fields":{},"normalizations":{}},{"classId":"e_5","part":"s2v1","offsets":[{"start":2304,"text":"All"}],"coordinates":[],"confidence":{"state":"","who":["ml:nalaf"],"prob":0.9925955604248764},"fields":{},"normalizations":{}},{"classId":"e_8","part":"s2v1","offsets":[{"start":2419,"text":"."}],"coordinates":[],"confidence":{"state":"","who":["ml:nalaf"],"prob":0.8937908733404565},"fields":{},"normalizations":{}},{"classId":"e_5","part":"s2v1","offsets":[{"start":2421,"text":"However"}],"coordinates":[],"confidence":{"state":"","who":["ml:nalaf"],"prob":0.9015484793630903},"fields":{},"normalizations":{}},{"classId":"e_8","part":"s2v1","offsets":[{"start":2548,"text":"."}],"coordinates":[],"confidence":{"state":"","who":["ml:nalaf"],"prob":0.9278127191215284},"fields":{},"normalizations":{}},{"classId":"e_5","part":"s2v1","offsets":[{"start":2550,"text":"The"}],"coordinates":[],"confidence":{"state":"pre-removed","who":["ml:nalaf","ml:regex"],"prob":0.5},"fields":{},"normalizations":{}},{"classId":"e_8","part":"s2v1","offsets":[{"start":2648,"text":"."}],"coordinates":[],"confidence":{"state":"","who":["ml:nalaf"],"prob":0.9351518057343999},"fields":{},"normalizations":{}},{"classId":"e_5","part":"s2v1","offsets":[{"start":2651,"text":"4."}],"coordinates":[],"confidence":{"state":"","who":["ml:nalaf"],"prob":0.7634904773376127},"fields":{},"normalizations":{}},{"classId":"e_8","part":"s2v1","offsets":[{"start":2652,"text":"."}],"coordinates":[],"confidence":{"state":"","who":["ml:nalaf"],"prob":0.8842938066449426},"fields":{},"normalizations":{}},{"classId":"e_8","part":"s2v1","offsets":[{"start":2843,"text":"."}],"coordinates":[],"confidence":{"state":"","who":["ml:nalaf"],"prob":0.8876795525523263},"fields":{},"normalizations":{}},{"classId":"e_5","part":"s2v1","offsets":[{"start":2845,"text":"Under"}],"coordinates":[],"confidence":{"state":"","who":["ml:nalaf"],"prob":0.9529814595271725},"fields":{},"normalizations":{}},{"classId":"e_5","part":"s3v1","offsets":[{"start":0,"text":"financial"}],"coordinates":[],"confidence":{"state":"","who":["ml:nalaf"],"prob":0.9385690615853696},"fields":{},"normalizations":{}},{"classId":"e_7","part":"s3v1","offsets":[{"start":59,"text":"CDBG"}],"coordinates":[],"confidence":{"state":"pre-added","who":["ml:regex"],"prob":0.5},"fields":{},"normalizations":{}},{"classId":"e_8","part":"s3v1","offsets":[{"start":109,"text":"City Council for program year 2017-2018."}],"coordinates":[],"confidence":{"state":"","who":["ml:nalaf"],"prob":0.9106051381454985},"fields":{},"normalizations":{}},{"classId":"e_5","part":"s3v1","offsets":[{"start":151,"text":"5."}],"coordinates":[],"confidence":{"state":"","who":["ml:nalaf"],"prob":0.6047821113533927},"fields":{},"normalizations":{}},{"classId":"e_8","part":"s3v1","offsets":[{"start":152,"text":"."}],"coordinates":[],"confidence":{"state":"","who":["ml:nalaf"],"prob":0.8912230907416823},"fields":{},"normalizations":{}},{"classId":"e_8","part":"s3v1","offsets":[{"start":361,"text":"."}],"coordinates":[],"confidence":{"state":"","who":["ml:nalaf"],"prob":0.9352264896554641},"fields":{},"normalizations":{}},{"classId":"e_5","part":"s3v1","offsets":[{"start":363,"text":"Such"}],"coordinates":[],"confidence":{"state":"","who":["ml:nalaf"],"prob":0.9691525929678657},"fields":{},"normalizations":{}},{"classId":"e_8","part":"s3v1","offsets":[{"start":414,"text":"."}],"coordinates":[],"confidence":{"state":"","who":["ml:nalaf"],"prob":0.9129848836700081},"fields":{},"normalizations":{}},{"classId":"e_5","part":"s3v1","offsets":[{"start":416,"text":"Records providing a full description of each activity undertaken; b."}],"coordinates":[],"confidence":{"state":"","who":["ml:nalaf"],"prob":0.6872007830162158},"fields":{},"normalizations":{}},{"classId":"e_8","part":"s3v1","offsets":[{"start":483,"text":"."}],"coordinates":[],"confidence":{"state":"","who":["ml:nalaf"],"prob":0.7310160893419895},"fields":{},"normalizations":{}},{"classId":"e_5","part":"s3v1","offsets":[{"start":485,"text":"Records"}],"coordinates":[],"confidence":{"state":"","who":["ml:nalaf"],"prob":0.903500396505685},"fields":{},"normalizations":{}},{"classId":"e_7","part":"s3v1","offsets":[{"start":576,"text":"CDBG"}],"coordinates":[],"confidence":{"state":"pre-added","who":["ml:regex"],"prob":0.5},"fields":{},"normalizations":{}},{"classId":"e_7","part":"s3v1","offsets":[{"start":785,"text":"CDBG"}],"coordinates":[],"confidence":{"state":"pre-added","who":["ml:regex"],"prob":0.5},"fields":{},"normalizations":{}},{"classId":"e_7","part":"s3v1","offsets":[{"start":1056,"text":"CDBG"}],"coordinates":[],"confidence":{"state":"pre-added","who":["ml:regex"],"prob":0.5},"fields":{},"normalizations":{}},{"classId":"e_7","part":"s3v1","offsets":[{"start":1094,"text":"CDBG"}],"coordinates":[],"confidence":{"state":"pre-added","who":["ml:regex"],"prob":0.5},"fields":{},"normalizations":{}},{"classId":"e_8","part":"s3v1","offsets":[{"start":1507,"text":"."}],"coordinates":[],"confidence":{"state":"","who":["ml:nalaf"],"prob":0.9407956647381439},"fields":{},"normalizations":{}},{"classId":"e_5","part":"s3v1","offsets":[{"start":1510,"text":"The"}],"coordinates":[],"confidence":{"state":"pre-removed","who":["ml:nalaf","ml:regex"],"prob":0.5},"fields":{},"normalizations":{}},{"classId":"e_8","part":"s3v1","offsets":[{"start":1661,"text":"."}],"coordinates":[],"confidence":{"state":"","who":["ml:nalaf"],"prob":0.9099964122866395},"fields":{},"normalizations":{}},{"classId":"e_5","part":"s3v1","offsets":[{"start":1663,"text":"The final progress report is due no later than June 20, 2018."}],"coordinates":[],"confidence":{"state":"","who":["ml:nalaf"],"prob":0.9783651862018382},"fields":{},"normalizations":{}},{"classId":"e_8","part":"s3v1","offsets":[{"start":1663,"text":"The final progress report is due no later than June 20, 2018."}],"coordinates":[],"confidence":{"state":"","who":["ml:nalaf"],"prob":0.9209439811023833},"fields":{},"normalizations":{}},{"classId":"e_5","part":"s3v1","offsets":[{"start":1725,"text":"The"}],"coordinates":[],"confidence":{"state":"pre-removed","who":["ml:nalaf","ml:regex"],"prob":0.5},"fields":{},"normalizations":{}},{"classId":"e_8","part":"s3v1","offsets":[{"start":1822,"text":"s"}],"coordinates":[],"confidence":{"state":"pre-removed","who":["ml:nalaf","ml:regex"],"prob":0.5},"fields":{},"normalizations":{}},{"classId":"e_8","part":"s3v1","offsets":[{"start":1835,"text":"."}],"coordinates":[],"confidence":{"state":"","who":["ml:nalaf"],"prob":0.8608373623891378},"fields":{},"normalizations":{}},{"classId":"e_5","part":"s3v1","offsets":[{"start":1837,"text":"The"}],"coordinates":[],"confidence":{"state":"pre-removed","who":["ml:nalaf","ml:regex"],"prob":0.5},"fields":{},"normalizations":{}},{"classId":"e_8","part":"s3v1","offsets":[{"start":1935,"text":"."}],"coordinates":[],"confidence":{"state":"","who":["ml:nalaf"],"prob":0.9456439892456157},"fields":{},"normalizations":{}},{"classId":"e_5","part":"s3v1","offsets":[{"start":1938,"text":"At a minimum, the performance reports shall include the following information: a."}],"coordinates":[],"confidence":{"state":"","who":["ml:nalaf"],"prob":0.9506276715844887},"fields":{},"normalizations":{}},{"classId":"e_8","part":"s3v1","offsets":[{"start":2018,"text":"."}],"coordinates":[],"confidence":{"state":"","who":["ml:nalaf"],"prob":0.9136373361376169},"fields":{},"normalizations":{}},{"classId":"e_5","part":"s3v1","offsets":[{"start":2020,"text":"Total number of persons/households participating in the program during reported period; b."}],"coordinates":[],"confidence":{"state":"","who":["ml:nalaf"],"prob":0.9176303603181768},"fields":{},"normalizations":{}},{"classId":"e_8","part":"s3v1","offsets":[{"start":2109,"text":"."}],"coordinates":[],"confidence":{"state":"","who":["ml:nalaf"],"prob":0.7139147854808753},"fields":{},"normalizations":{}},{"classId":"e_5","part":"s3v1","offsets":[{"start":2111,"text":"Total"}],"coordinates":[],"confidence":{"state":"","who":["ml:nalaf"],"prob":0.9760771704560283},"fields":{},"normalizations":{}},{"classId":"e_8","part":"s3v1","offsets":[{"start":2335,"text":"."}],"coordinates":[],"confidence":{"state":"","who":["ml:nalaf"],"prob":0.6703622015903012},"fields":{},"normalizations":{}},{"classId":"e_8","part":"s3v1","offsets":[{"start":2356,"text":"s"}],"coordinates":[],"confidence":{"state":"pre-removed","who":["ml:nalaf","ml:regex"],"prob":0.5},"fields":{},"normalizations":{}},{"classId":"e_8","part":"s3v1","offsets":[{"start":2392,"text":"."}],"coordinates":[],"confidence":{"state":"","who":["ml:nalaf"],"prob":0.8632999232659723},"fields":{},"normalizations":{}},{"classId":"e_5","part":"s3v1","offsets":[{"start":2394,"text":"f"}],"coordinates":[],"confidence":{"state":"","who":["ml:nalaf"],"prob":0.868172453194742},"fields":{},"normalizations":{}},{"classId":"e_8","part":"s3v1","offsets":[{"start":2496,"text":"."}],"coordinates":[],"confidence":{"state":"","who":["ml:nalaf"],"prob":0.8363981079873609},"fields":{},"normalizations":{}},{"classId":"e_5","part":"s3v1","offsets":[{"start":2499,"text":"The"}],"coordinates":[],"confidence":{"state":"pre-removed","who":["ml:nalaf","ml:regex"],"prob":0.5},"fields":{},"normalizations":{}},{"classId":"e_8","part":"s3v1","offsets":[{"start":2597,"text":"."}],"coordinates":[],"confidence":{"state":"","who":["ml:nalaf"],"prob":0.7528529062382551},"fields":{},"normalizations":{}},{"classId":"e_5","part":"s3v1","offsets":[{"start":2600,"text":"3\n\nCA 05/25/2016"}],"coordinates":[],"confidence":{"state":"","who":["ml:nalaf"],"prob":0.9230266664440626},"fields":{},"normalizations":{}},{"classId":"e_5","part":"s4v1","offsets":[{"start":0,"text":"Such data shall include at the minimum client name, address, ethnicity, income level or other basis for determining eligibility, and a description of the service provided."}],"coordinates":[],"confidence":{"state":"","who":["ml:nalaf"],"prob":0.9567438158008695},"fields":{},"normalizations":{}},{"classId":"e_8","part":"s4v1","offsets":[{"start":170,"text":"."}],"coordinates":[],"confidence":{"state":"","who":["ml:nalaf"],"prob":0.7237733903918281},"fields":{},"normalizations":{}},{"classId":"e_5","part":"s4v1","offsets":[{"start":172,"text":"This"}],"coordinates":[],"confidence":{"state":"","who":["ml:nalaf"],"prob":0.9828943142709359},"fields":{},"normalizations":{}},{"classId":"e_8","part":"s4v1","offsets":[{"start":293,"text":"."}],"coordinates":[],"confidence":{"state":"","who":["ml:nalaf"],"prob":0.936130628178216},"fields":{},"normalizations":{}},{"classId":"e_5","part":"s4v1","offsets":[{"start":296,"text":"The"}],"coordinates":[],"confidence":{"state":"pre-removed","who":["ml:nalaf","ml:regex"],"prob":0.5},"fields":{},"normalizations":{}},{"classId":"e_7","part":"s4v1","offsets":[{"start":372,"text":"CDBG"}],"coordinates":[],"confidence":{"state":"pre-added","who":["ml:regex"],"prob":0.5},"fields":{},"normalizations":{}},{"classId":"e_8","part":"s4v1","offsets":[{"start":403,"text":"."}],"coordinates":[],"confidence":{"state":"","who":["ml:nalaf"],"prob":0.930544440184559},"fields":{},"normalizations":{}},{"classId":"e_5","part":"s4v1","offsets":[{"start":405,"text":"The"}],"coordinates":[],"confidence":{"state":"pre-removed","who":["ml:nalaf","ml:regex"],"prob":0.5},"fields":{},"normalizations":{}},{"classId":"e_8","part":"s4v1","offsets":[{"start":732,"text":"."}],"coordinates":[],"confidence":{"state":"","who":["ml:nalaf"],"prob":0.8747963657993426},"fields":{},"normalizations":{}},{"classId":"e_5","part":"s4v1","offsets":[{"start":735,"text":"Unless"}],"coordinates":[],"confidence":{"state":"","who":["ml:nalaf"],"prob":0.9312514999607739},"fields":{},"normalizations":{}},{"classId":"e_8","part":"s4v1","offsets":[{"start":1025,"text":"."}],"coordinates":[],"confidence":{"state":"","who":["ml:nalaf"],"prob":0.9252404445125847},"fields":{},"normalizations":{}},{"classId":"e_5","part":"s4v1","offsets":[{"start":1027,"text":"All"}],"coordinates":[],"confidence":{"state":"","who":["ml:nalaf"],"prob":0.9874460224053102},"fields":{},"normalizations":{}},{"classId":"e_5","part":"s4v1","offsets":[{"start":1368,"text":"If"}],"coordinates":[],"confidence":{"state":"","who":["ml:nalaf"],"prob":0.988054685617448},"fields":{},"normalizations":{}},{"classId":"e_7","part":"s4v1","offsets":[{"start":1472,"text":"City of Carlsbad"}],"coordinates":[],"confidence":{"state":"pre-added","who":["ml:regex"],"prob":0.5},"fields":{},"normalizations":{}},{"classId":"e_8","part":"s4v1","offsets":[{"start":1582,"text":"."}],"coordinates":[],"confidence":{"state":"","who":["ml:nalaf"],"prob":0.9389152425218865},"fields":{},"normalizations":{}},{"classId":"e_5","part":"s4v1","offsets":[{"start":1584,"text":"As required by the Federal Single Audit Act, the"}],"coordinates":[],"confidence":{"state":"","who":["ml:nalaf"],"prob":0.8847585005389194},"fields":{},"normalizations":{}},{"classId":"e_8","part":"s4v1","offsets":[{"start":1775,"text":"."}],"coordinates":[],"confidence":{"state":"","who":["ml:nalaf"],"prob":0.9269744195105608},"fields":{},"normalizations":{}},{"classId":"e_5","part":"s4v1","offsets":[{"start":1777,"text":"The"}],"coordinates":[],"confidence":{"state":"pre-removed","who":["ml:nalaf","ml:regex"],"prob":0.5},"fields":{},"normalizations":{}},{"classId":"e_8","part":"s4v1","offsets":[{"start":1777,"text":"The audit shall cover financial operations of the Subrecipient for the term of this Agreement and is due not later than one year after expiration of the agreement."}],"coordinates":[],"confidence":{"state":"","who":["ml:nalaf"],"prob":0.9512839348133025},"fields":{},"normalizations":{}},{"classId":"e_5","part":"s4v1","offsets":[{"start":1941,"text":"The"}],"coordinates":[],"confidence":{"state":"pre-removed","who":["ml:nalaf","ml:regex"],"prob":0.5},"fields":{},"normalizations":{}},{"classId":"e_8","part":"s4v1","offsets":[{"start":1941,"text":"The Subrecipient shall also be required to submit a second audit for the following period covered under the fiscal year beginning July 1, 2017 and ending June 30, 2018 for any funds received in fiscal year 2017-2018"}],"coordinates":[],"confidence":{"state":"","who":["ml:nalaf"],"prob":0.9336674283927664},"fields":{},"normalizations":{}},{"classId":"e_8","part":"s4v1","offsets":[{"start":2175,"text":"."}],"coordinates":[],"confidence":{"state":"","who":["ml:nalaf"],"prob":0.6097705723102941},"fields":{},"normalizations":{}},{"classId":"e_5","part":"s4v1","offsets":[{"start":2178,"text":"6."}],"coordinates":[],"confidence":{"state":"","who":["ml:nalaf"],"prob":0.6904236629201521},"fields":{},"normalizations":{}},{"classId":"e_8","part":"s4v1","offsets":[{"start":2179,"text":"."}],"coordinates":[],"confidence":{"state":"","who":["ml:nalaf"],"prob":0.8047812980207149},"fields":{},"normalizations":{}},{"classId":"e_8","part":"s4v1","offsets":[{"start":2409,"text":"."}],"coordinates":[],"confidence":{"state":"","who":["ml:nalaf"],"prob":0.80677144852038},"fields":{},"normalizations":{}},{"classId":"e_5","part":"s4v1","offsets":[{"start":2411,"text":"The"}],"coordinates":[],"confidence":{"state":"pre-removed","who":["ml:nalaf","ml:regex"],"prob":0.5},"fields":{},"normalizations":{}},{"classId":"e_8","part":"s4v1","offsets":[{"start":2475,"text":"s"}],"coordinates":[],"confidence":{"state":"pre-removed","who":["ml:nalaf","ml:regex"],"prob":0.5},"fields":{},"normalizations":{}},{"classId":"e_7","part":"s4v1","offsets":[{"start":2477,"text":"CDBG"}],"coordinates":[],"confidence":{"state":"pre-added","who":["ml:regex"],"prob":0.5},"fields":{},"normalizations":{}},{"classId":"e_8","part":"s4v1","offsets":[{"start":2732,"text":"."}],"coordinates":[],"confidence":{"state":"","who":["ml:nalaf"],"prob":0.8777229712761581},"fields":{},"normalizations":{}},{"classId":"e_5","part":"s4v1","offsets":[{"start":2735,"text":"The"}],"coordinates":[],"confidence":{"state":"pre-removed","who":["ml:nalaf","ml:regex"],"prob":0.5},"fields":{},"normalizations":{}},{"classId":"e_7","part":"s4v1","offsets":[{"start":2889,"text":"CDBG"}],"coordinates":[],"confidence":{"state":"pre-added","who":["ml:regex"],"prob":0.5},"fields":{},"normalizations":{}},{"classId":"e_8","part":"s4v1","offsets":[{"start":3013,"text":"."}],"coordinates":[],"confidence":{"state":"","who":["ml:nalaf"],"prob":0.9354440714440255},"fields":{},"normalizations":{}},{"classId":"e_5","part":"s4v1","offsets":[{"start":3016,"text":"The"}],"coordinates":[],"confidence":{"state":"pre-removed","who":["ml:nalaf","ml:regex"],"prob":0.5},"fields":{},"normalizations":{}},{"classId":"e_7","part":"s4v1","offsets":[{"start":3149,"text":"CDBG"}],"coordinates":[],"confidence":{"state":"pre-added","who":["ml:regex"],"prob":0.5},"fields":{},"normalizations":{}},{"classId":"e_5","part":"s5v1","offsets":[{"start":0,"text":"employment"}],"coordinates":[],"confidence":{"state":"","who":["ml:nalaf"],"prob":0.6233976763085901},"fields":{},"normalizations":{}},{"classId":"e_8","part":"s5v1","offsets":[{"start":56,"text":"."}],"coordinates":[],"confidence":{"state":"","who":["ml:nalaf"],"prob":0.9105707950569875},"fields":{},"normalizations":{}},{"classId":"e_5","part":"s5v1","offsets":[{"start":58,"text":"The"}],"coordinates":[],"confidence":{"state":"pre-removed","who":["ml:nalaf","ml:regex"],"prob":0.5},"fields":{},"normalizations":{}},{"classId":"e_8","part":"s5v1","offsets":[{"start":178,"text":"."}],"coordinates":[],"confidence":{"state":"","who":["ml:nalaf"],"prob":0.8496079474413417},"fields":{},"normalizations":{}},{"classId":"e_5","part":"s5v1","offsets":[{"start":180,"text":"The"}],"coordinates":[],"confidence":{"state":"pre-removed","who":["ml:nalaf","ml:regex"],"prob":0.5},"fields":{},"normalizations":{}},{"classId":"e_8","part":"s5v1","offsets":[{"start":222,"text":"s"}],"coordinates":[],"confidence":{"state":"pre-removed","who":["ml:nalaf","ml:regex"],"prob":0.5},"fields":{},"normalizations":{}},{"classId":"e_8","part":"s5v1","offsets":[{"start":323,"text":"."}],"coordinates":[],"confidence":{"state":"","who":["ml:nalaf"],"prob":0.7878954986284262},"fields":{},"normalizations":{}},{"classId":"e_5","part":"s5v1","offsets":[{"start":326,"text":"The"}],"coordinates":[],"confidence":{"state":"pre-removed","who":["ml:nalaf","ml:regex"],"prob":0.5},"fields":{},"normalizations":{}},{"classId":"e_7","part":"s5v1","offsets":[{"start":362,"text":"CDBG"}],"coordinates":[],"confidence":{"state":"pre-added","who":["ml:regex"],"prob":0.5},"fields":{},"normalizations":{}},{"classId":"e_8","part":"s5v1","offsets":[{"start":455,"text":"."}],"coordinates":[],"confidence":{"state":"","who":["ml:nalaf"],"prob":0.935297638224305},"fields":{},"normalizations":{}},{"classId":"e_5","part":"s5v1","offsets":[{"start":458,"text":"The"}],"coordinates":[],"confidence":{"state":"pre-removed","who":["ml:nalaf","ml:regex"],"prob":0.5},"fields":{},"normalizations":{}},{"classId":"e_7","part":"s5v1","offsets":[{"start":539,"text":"CDBG"}],"coordinates":[],"confidence":{"state":"pre-added","who":["ml:regex"],"prob":0.5},"fields":{},"normalizations":{}},{"classId":"e_8","part":"s5v1","offsets":[{"start":650,"text":"."}],"coordinates":[],"confidence":{"state":"","who":["ml:nalaf"],"prob":0.9007291472195483},"fields":{},"normalizations":{}},{"classId":"e_5","part":"s5v1","offsets":[{"start":653,"text":"7."}],"coordinates":[],"confidence":{"state":"","who":["ml:nalaf"],"prob":0.763603687390334},"fields":{},"normalizations":{}},{"classId":"e_8","part":"s5v1","offsets":[{"start":653,"text":"7."}],"coordinates":[],"confidence":{"state":"","who":["ml:nalaf"],"prob":0.5186272592579468},"fields":{},"normalizations":{}},{"classId":"e_7","part":"s5v1","offsets":[{"start":703,"text":"CDBG"}],"coordinates":[],"confidence":{"state":"pre-added","who":["ml:regex"],"prob":0.5},"fields":{},"normalizations":{}},{"classId":"e_8","part":"s5v1","offsets":[{"start":781,"text":"."}],"coordinates":[],"confidence":{"state":"","who":["ml:nalaf"],"prob":0.9362540954140407},"fields":{},"normalizations":{}},{"classId":"e_5","part":"s5v1","offsets":[{"start":783,"text":"If"}],"coordinates":[],"confidence":{"state":"","who":["ml:nalaf"],"prob":0.9877971678096579},"fields":{},"normalizations":{}},{"classId":"e_7","part":"s5v1","offsets":[{"start":838,"text":"CDBG"}],"coordinates":[],"confidence":{"state":"pre-added","who":["ml:regex"],"prob":0.5},"fields":{},"normalizations":{}},{"classId":"e_8","part":"s5v1","offsets":[{"start":965,"text":"."}],"coordinates":[],"confidence":{"state":"","who":["ml:nalaf"],"prob":0.8730936561652123},"fields":{},"normalizations":{}},{"classId":"e_5","part":"s5v1","offsets":[{"start":967,"text":"No"}],"coordinates":[],"confidence":{"state":"","who":["ml:nalaf"],"prob":0.9943287933968783},"fields":{},"normalizations":{}},{"classId":"e_7","part":"s5v1","offsets":[{"start":991,"text":"CDBG"}],"coordinates":[],"confidence":{"state":"pre-added","who":["ml:regex"],"prob":0.5},"fields":{},"normalizations":{}},{"classId":"e_8","part":"s5v1","offsets":[{"start":1070,"text":"."}],"coordinates":[],"confidence":{"state":"","who":["ml:nalaf"],"prob":0.8941325100484574},"fields":{},"normalizations":{}},{"classId":"e_5","part":"s5v1","offsets":[{"start":1073,"text":"8."}],"coordinates":[],"confidence":{"state":"","who":["ml:nalaf"],"prob":0.7129259070626279},"fields":{},"normalizations":{}},{"classId":"e_8","part":"s5v1","offsets":[{"start":1074,"text":"."}],"coordinates":[],"confidence":{"state":"","who":["ml:nalaf"],"prob":0.888387809498944},"fields":{},"normalizations":{}},{"classId":"e_8","part":"s5v1","offsets":[{"start":1270,"text":"."}],"coordinates":[],"confidence":{"state":"","who":["ml:nalaf"],"prob":0.9002753290640184},"fields":{},"normalizations":{}},{"classId":"e_5","part":"s5v1","offsets":[{"start":1273,"text":"9."}],"coordinates":[],"confidence":{"state":"","who":["ml:nalaf"],"prob":0.708032487330591},"fields":{},"normalizations":{}},{"classId":"e_8","part":"s5v1","offsets":[{"start":1274,"text":"."}],"coordinates":[],"confidence":{"state":"","who":["ml:nalaf"],"prob":0.8982891771222217},"fields":{},"normalizations":{}},{"classId":"e_5","part":"s5v1","offsets":[{"start":1276,"text":"SUSPENSION"}],"coordinates":[],"confidence":{"state":"","who":["ml:nalaf"],"prob":0.6381156262948581},"fields":{},"normalizations":{}},{"classId":"e_8","part":"s5v1","offsets":[{"start":1465,"text":"s"}],"coordinates":[],"confidence":{"state":"pre-removed","who":["ml:nalaf","ml:regex"],"prob":0.5},"fields":{},"normalizations":{}},{"classId":"e_8","part":"s5v1","offsets":[{"start":1480,"text":"."}],"coordinates":[],"confidence":{"state":"","who":["ml:nalaf"],"prob":0.862779911535832},"fields":{},"normalizations":{}},{"classId":"e_5","part":"s5v1","offsets":[{"start":1482,"text":"24"}],"coordinates":[],"confidence":{"state":"","who":["ml:nalaf"],"prob":0.8731497574620626},"fields":{},"normalizations":{}},{"classId":"e_8","part":"s5v1","offsets":[{"start":1583,"text":"."}],"coordinates":[],"confidence":{"state":"","who":["ml:nalaf"],"prob":0.9356196256100354},"fields":{},"normalizations":{}},{"classId":"e_5","part":"s5v1","offsets":[{"start":1586,"text":"10."}],"coordinates":[],"confidence":{"state":"","who":["ml:nalaf"],"prob":0.9348705477834245},"fields":{},"normalizations":{}},{"classId":"e_8","part":"s5v1","offsets":[{"start":1588,"text":"."}],"coordinates":[],"confidence":{"state":"","who":["ml:nalaf"],"prob":0.8555871811708614},"fields":{},"normalizations":{}},{"classId":"e_5","part":"s5v1","offsets":[{"start":1590,"text":"REVERSION"}],"coordinates":[],"confidence":{"state":"","who":["ml:nalaf"],"prob":0.5818569625585855},"fields":{},"normalizations":{}},{"classId":"e_7","part":"s5v1","offsets":[{"start":1693,"text":"CDBG"}],"coordinates":[],"confidence":{"state":"pre-added","who":["ml:regex"],"prob":0.5},"fields":{},"normalizations":{}},{"classId":"e_7","part":"s5v1","offsets":[{"start":1793,"text":"CDBG"}],"coordinates":[],"confidence":{"state":"pre-added","who":["ml:regex"],"prob":0.5},"fields":{},"normalizations":{}},{"classId":"e_8","part":"s5v1","offsets":[{"start":1803,"text":"."}],"coordinates":[],"confidence":{"state":"","who":["ml:nalaf"],"prob":0.8968125695610629},"fields":{},"normalizations":{}},{"classId":"e_5","part":"s5v1","offsets":[{"start":1805,"text":"The"}],"coordinates":[],"confidence":{"state":"pre-removed","who":["ml:nalaf","ml:regex"],"prob":0.5},"fields":{},"normalizations":{}},{"classId":"e_8","part":"s5v1","offsets":[{"start":1888,"text":"s"}],"coordinates":[],"confidence":{"state":"pre-removed","who":["ml:nalaf","ml:regex"],"prob":0.5},"fields":{},"normalizations":{}},{"classId":"e_7","part":"s5v1","offsets":[{"start":1953,"text":"CDBG"}],"coordinates":[],"confidence":{"state":"pre-added","who":["ml:regex"],"prob":0.5},"fields":{},"normalizations":{}},{"classId":"e_5","part":"s6v1","offsets":[{"start":0,"text":"attributable"}],"coordinates":[],"confidence":{"state":"","who":["ml:nalaf"],"prob":0.5435792639994456},"fields":{},"normalizations":{}},{"classId":"e_7","part":"s6v1","offsets":[{"start":36,"text":"CDBG"}],"coordinates":[],"confidence":{"state":"pre-added","who":["ml:regex"],"prob":0.5},"fields":{},"normalizations":{}},{"classId":"e_8","part":"s6v1","offsets":[{"start":95,"text":"."}],"coordinates":[],"confidence":{"state":"","who":["ml:nalaf"],"prob":0.8640664220303812},"fields":{},"normalizations":{}},{"classId":"e_5","part":"s6v1","offsets":[{"start":97,"text":"Reimbursement"}],"coordinates":[],"confidence":{"state":"","who":["ml:nalaf"],"prob":0.943066596293965},"fields":{},"normalizations":{}},{"classId":"e_8","part":"s6v1","offsets":[{"start":194,"text":"."}],"coordinates":[],"confidence":{"state":"","who":["ml:nalaf"],"prob":0.9525168862551625},"fields":{},"normalizations":{}},{"classId":"e_5","part":"s6v1","offsets":[{"start":197,"text":"11."}],"coordinates":[],"confidence":{"state":"","who":["ml:nalaf"],"prob":0.9356126901337086},"fields":{},"normalizations":{}},{"classId":"e_8","part":"s6v1","offsets":[{"start":199,"text":"."}],"coordinates":[],"confidence":{"state":"","who":["ml:nalaf"],"prob":0.8683566591274818},"fields":{},"normalizations":{}},{"classId":"e_5","part":"s6v1","offsets":[{"start":201,"text":"HOLD"}],"coordinates":[],"confidence":{"state":"","who":["ml:nalaf"],"prob":0.932745872036319},"fields":{},"normalizations":{}},{"classId":"e_8","part":"s6v1","offsets":[{"start":596,"text":"s"}],"coordinates":[],"confidence":{"state":"pre-removed","who":["ml:nalaf","ml:regex"],"prob":0.5},"fields":{},"normalizations":{}},{"classId":"e_8","part":"s6v1","offsets":[{"start":727,"text":"."}],"coordinates":[],"confidence":{"state":"","who":["ml:nalaf"],"prob":0.9348874410977149},"fields":{},"normalizations":{}},{"classId":"e_8","part":"s6v1","offsets":[{"start":1149,"text":"."}],"coordinates":[],"confidence":{"state":"","who":["ml:nalaf"],"prob":0.9389705561573729},"fields":{},"normalizations":{}},{"classId":"e_5","part":"s6v1","offsets":[{"start":1152,"text":"12."}],"coordinates":[],"confidence":{"state":"","who":["ml:nalaf"],"prob":0.9343991035952275},"fields":{},"normalizations":{}},{"classId":"e_8","part":"s6v1","offsets":[{"start":1154,"text":"."}],"coordinates":[],"confidence":{"state":"","who":["ml:nalaf"],"prob":0.8693378763322007},"fields":{},"normalizations":{}},{"classId":"e_8","part":"s6v1","offsets":[{"start":1312,"text":"."}],"coordinates":[],"confidence":{"state":"","who":["ml:nalaf"],"prob":0.8942562408503562},"fields":{},"normalizations":{}},{"classId":"e_5","part":"s6v1","offsets":[{"start":1315,"text":"13."}],"coordinates":[],"confidence":{"state":"","who":["ml:nalaf"],"prob":0.9331790385455295},"fields":{},"normalizations":{}},{"classId":"e_8","part":"s6v1","offsets":[{"start":1317,"text":"."}],"coordinates":[],"confidence":{"state":"","who":["ml:nalaf"],"prob":0.9120645768156223},"fields":{},"normalizations":{}},{"classId":"e_8","part":"s6v1","offsets":[{"start":1629,"text":"."}],"coordinates":[],"confidence":{"state":"","who":["ml:nalaf"],"prob":0.8757018568074477},"fields":{},"normalizations":{}},{"classId":"e_5","part":"s6v1","offsets":[{"start":1632,"text":"14."}],"coordinates":[],"confidence":{"state":"","who":["ml:nalaf"],"prob":0.9273003107993549},"fields":{},"normalizations":{}},{"classId":"e_8","part":"s6v1","offsets":[{"start":1634,"text":"."}],"coordinates":[],"confidence":{"state":"","who":["ml:nalaf"],"prob":0.5172506229143834},"fields":{},"normalizations":{}},{"classId":"e_7","part":"s6v1","offsets":[{"start":1715,"text":"CDBG"}],"coordinates":[],"confidence":{"state":"pre-added","who":["ml:regex"],"prob":0.5},"fields":{},"normalizations":{}},{"classId":"e_8","part":"s6v1","offsets":[{"start":1872,"text":"s"}],"coordinates":[],"confidence":{"state":"pre-removed","who":["ml:nalaf","ml:regex"],"prob":0.5},"fields":{},"normalizations":{}},{"classId":"e_8","part":"s6v1","offsets":[{"start":2073,"text":"."}],"coordinates":[],"confidence":{"state":"","who":["ml:nalaf"],"prob":0.8232232908403841},"fields":{},"normalizations":{}},{"classId":"e_5","part":"s6v1","offsets":[{"start":2075,"text":"The"}],"coordinates":[],"confidence":{"state":"pre-removed","who":["ml:nalaf","ml:regex"],"prob":0.5},"fields":{},"normalizations":{}},{"classId":"e_8","part":"s6v1","offsets":[{"start":2197,"text":"."}],"coordinates":[],"confidence":{"state":"","who":["ml:nalaf"],"prob":0.9405077350863696},"fields":{},"normalizations":{}},{"classId":"e_5","part":"s6v1","offsets":[{"start":2199,"text":"The"}],"coordinates":[],"confidence":{"state":"pre-removed","who":["ml:nalaf","ml:regex"],"prob":0.5},"fields":{},"normalizations":{}},{"classId":"e_8","part":"s6v1","offsets":[{"start":2256,"text":"s"}],"coordinates":[],"confidence":{"state":"pre-removed","who":["ml:nalaf","ml:regex"],"prob":0.5},"fields":{},"normalizations":{}},{"classId":"e_8","part":"s6v1","offsets":[{"start":2362,"text":"s"}],"coordinates":[],"confidence":{"state":"pre-removed","who":["ml:nalaf","ml:regex"],"prob":0.5},"fields":{},"normalizations":{}},{"classId":"e_8","part":"s6v1","offsets":[{"start":2423,"text":"s"}],"coordinates":[],"confidence":{"state":"pre-removed","who":["ml:nalaf","ml:regex"],"prob":0.5},"fields":{},"normalizations":{}},{"classId":"e_8","part":"s6v1","offsets":[{"start":2458,"text":"."}],"coordinates":[],"confidence":{"state":"","who":["ml:nalaf"],"prob":0.8746207721820234},"fields":{},"normalizations":{}},{"classId":"e_5","part":"s6v1","offsets":[{"start":2460,"text":"The"}],"coordinates":[],"confidence":{"state":"pre-removed","who":["ml:nalaf","ml:regex"],"prob":0.5},"fields":{},"normalizations":{}},{"classId":"e_8","part":"s6v1","offsets":[{"start":2600,"text":"."}],"coordinates":[],"confidence":{"state":"","who":["ml:nalaf"],"prob":0.9389159186180612},"fields":{},"normalizations":{}},{"classId":"e_5","part":"s6v1","offsets":[{"start":2603,"text":"6\n\nCA 05/25/2016"}],"coordinates":[],"confidence":{"state":"","who":["ml:nalaf"],"prob":0.8133396803212091},"fields":{},"normalizations":{}},{"classId":"e_5","part":"s7v1","offsets":[{"start":0,"text":"This"}],"coordinates":[],"confidence":{"state":"","who":["ml:nalaf"],"prob":0.9848057153028857},"fields":{},"normalizations":{}},{"classId":"e_8","part":"s7v1","offsets":[{"start":193,"text":"."}],"coordinates":[],"confidence":{"state":"","who":["ml:nalaf"],"prob":0.7379633354053989},"fields":{},"normalizations":{}},{"classId":"e_5","part":"s7v1","offsets":[{"start":195,"text":"The"}],"coordinates":[],"confidence":{"state":"pre-removed","who":["ml:nalaf","ml:regex"],"prob":0.5},"fields":{},"normalizations":{}},{"classId":"e_8","part":"s7v1","offsets":[{"start":355,"text":"."}],"coordinates":[],"confidence":{"state":"","who":["ml:nalaf"],"prob":0.8982606913027632},"fields":{},"normalizations":{}},{"classId":"e_7","part":"s7v1","offsets":[{"start":373,"text":"CITY OF CARLSBAD"}],"coordinates":[],"confidence":{"state":"pre-added","who":["ml:regex"],"prob":0.5},"fields":{},"normalizations":{}},{"classId":"e_8","part":"s7v1","offsets":[{"start":402,"text":"s"}],"coordinates":[],"confidence":{"state":"pre-removed","who":["ml:nalaf","ml:regex"],"prob":0.5},"fields":{},"normalizations":{}},{"classId":"e_8","part":"s7v1","offsets":[{"start":430,"text":"."}],"coordinates":[],"confidence":{"state":"","who":["ml:nalaf"],"prob":0.8939318564497114},"fields":{},"normalizations":{}},{"classId":"e_8","part":"s7v1","offsets":[{"start":532,"text":"."}],"coordinates":[],"confidence":{"state":"","who":["ml:nalaf"],"prob":0.8839906721109675},"fields":{},"normalizations":{}},{"classId":"e_1","part":"s7v1","offsets":[{"start":562,"text":"/11(,u,l.,,?., ,,;,;)~c:J-e-- 11,,,/u,vt,t:\"'U"}],"coordinates":[{"x":"101.81","y":"235.10"},{"x":"304.98","y":"243.24"}],"confidence":{"state":"pre-added","who":["user:SDTEF"],"prob":1},"fields":{},"normalizations":{}},{"classId":"e_8","part":"s7v1","offsets":[{"start":933,"text":"."}],"coordinates":[],"confidence":{"state":"","who":["ml:nalaf"],"prob":0.8630384591733714},"fields":{},"normalizations":{}},{"classId":"e_5","part":"s7v1","offsets":[{"start":936,"text":"Chairman"}],"coordinates":[],"confidence":{"state":"","who":["ml:nalaf"],"prob":0.866991150326807},"fields":{},"normalizations":{}},{"classId":"e_8","part":"s7v1","offsets":[{"start":1063,"text":"."}],"coordinates":[],"confidence":{"state":"","who":["ml:nalaf"],"prob":0.968775167220432},"fields":{},"normalizations":{}},{"classId":"e_5","part":"s7v1","offsets":[{"start":1065,"text":"Otherwise"}],"coordinates":[],"confidence":{"state":"","who":["ml:nalaf"],"prob":0.6660859982796973},"fields":{},"normalizations":{}},{"classId":"e_8","part":"s7v1","offsets":[{"start":1211,"text":"s"}],"coordinates":[],"confidence":{"state":"pre-removed","who":["ml:nalaf","ml:regex"],"prob":0.5},"fields":{},"normalizations":{}},{"classId":"e_8","part":"s7v1","offsets":[{"start":1245,"text":"."}],"coordinates":[],"confidence":{"state":"","who":["ml:nalaf"],"prob":0.6256722485734845},"fields":{},"normalizations":{}},{"classId":"e_8","part":"s7v1","offsets":[{"start":1277,"text":"."}],"coordinates":[],"confidence":{"state":"","who":["ml:nalaf"],"prob":0.9427002834370822},"fields":{},"normalizations":{}},{"classId":"e_5","part":"s7v1","offsets":[{"start":1279,"text":"Brewer"}],"coordinates":[],"confidence":{"state":"","who":["ml:nalaf"],"prob":0.8977922917257828},"fields":{},"normalizations":{}},{"classId":"e_5","part":"s7v1","offsets":[{"start":1337,"text":"Ron"}],"coordinates":[],"confidence":{"state":"","who":["ml:nalaf"],"prob":0.9149133923204984},"fields":{},"normalizations":{}},{"classId":"e_8","part":"s8v1","offsets":[{"start":290,"text":"."}],"coordinates":[],"confidence":{"state":"","who":["ml:nalaf"],"prob":0.901467932767743},"fields":{},"normalizations":{}},{"classId":"e_5","part":"s8v1","offsets":[{"start":293,"text":"State"}],"coordinates":[],"confidence":{"state":"","who":["ml:nalaf"],"prob":0.9158287982016773},"fields":{},"normalizations":{}},{"classId":"e_8","part":"s8v1","offsets":[{"start":407,"text":"."}],"coordinates":[],"confidence":{"state":"","who":["ml:nalaf"],"prob":0.8320703254856572},"fields":{},"normalizations":{}},{"classId":"e_8","part":"s8v1","offsets":[{"start":549,"text":"."}],"coordinates":[],"confidence":{"state":"","who":["ml:nalaf"],"prob":0.8571889153418822},"fields":{},"normalizations":{}},{"classId":"e_8","part":"s8v1","offsets":[{"start":551,"text":"."}],"coordinates":[],"confidence":{"state":"","who":["ml:nalaf"],"prob":0.5646981490489389},"fields":{},"normalizations":{}},{"classId":"e_8","part":"s8v1","offsets":[{"start":580,"text":"s"}],"coordinates":[],"confidence":{"state":"pre-removed","who":["ml:nalaf","ml:regex"],"prob":0.5},"fields":{},"normalizations":{}},{"classId":"e_8","part":"s8v1","offsets":[{"start":593,"text":"s"}],"coordinates":[],"confidence":{"state":"pre-removed","who":["ml:nalaf","ml:regex"],"prob":0.5},"fields":{},"normalizations":{}},{"classId":"e_8","part":"s8v1","offsets":[{"start":668,"text":"s"}],"coordinates":[],"confidence":{"state":"pre-removed","who":["ml:nalaf","ml:regex"],"prob":0.5},"fields":{},"normalizations":{}},{"classId":"e_8","part":"s8v1","offsets":[{"start":682,"text":"s"}],"coordinates":[],"confidence":{"state":"pre-removed","who":["ml:nalaf","ml:regex"],"prob":0.5},"fields":{},"normalizations":{}},{"classId":"e_8","part":"s8v1","offsets":[{"start":865,"text":"s"}],"coordinates":[],"confidence":{"state":"pre-removed","who":["ml:nalaf","ml:regex"],"prob":0.5},"fields":{},"normalizations":{}},{"classId":"e_8","part":"s8v1","offsets":[{"start":897,"text":"s"}],"coordinates":[],"confidence":{"state":"pre-removed","who":["ml:nalaf","ml:regex"],"prob":0.5},"fields":{},"normalizations":{}},{"classId":"e_8","part":"s8v1","offsets":[{"start":947,"text":"s"}],"coordinates":[],"confidence":{"state":"pre-removed","who":["ml:nalaf","ml:regex"],"prob":0.5},"fields":{},"normalizations":{}},{"classId":"e_8","part":"s8v1","offsets":[{"start":980,"text":"."}],"coordinates":[],"confidence":{"state":"","who":["ml:nalaf"],"prob":0.8603751773473161},"fields":{},"normalizations":{}},{"classId":"e_5","part":"s8v1","offsets":[{"start":983,"text":"I"}],"coordinates":[],"confidence":{"state":"","who":["ml:nalaf"],"prob":0.9651256534628445},"fields":{},"normalizations":{}},{"classId":"e_8","part":"s8v1","offsets":[{"start":1108,"text":"."}],"coordinates":[],"confidence":{"state":"","who":["ml:nalaf"],"prob":0.8814413570735895},"fields":{},"normalizations":{}},{"classId":"e_8","part":"s8v1","offsets":[{"start":1216,"text":"."}],"coordinates":[],"confidence":{"state":"","who":["ml:nalaf"],"prob":0.8845725750811871},"fields":{},"normalizations":{}},{"classId":"e_8","part":"s8v1","offsets":[{"start":1271,"text":"."}],"coordinates":[],"confidence":{"state":"","who":["ml:nalaf"],"prob":0.8767260398453887},"fields":{},"normalizations":{}},{"classId":"e_8","part":"s8v1","offsets":[{"start":1317,"text":"."}],"coordinates":[],"confidence":{"state":"","who":["ml:nalaf"],"prob":0.8585782830954778},"fields":{},"normalizations":{}},{"classId":"e_5","part":"s8v1","offsets":[{"start":1329,"text":"# San Diego county"}],"coordinates":[],"confidence":{"state":"","who":["ml:nalaf"],"prob":0.603367582258246},"fields":{},"normalizations":{}},{"classId":"e_8","part":"s8v1","offsets":[{"start":1377,"text":"."}],"coordinates":[],"confidence":{"state":"","who":["ml:nalaf"],"prob":0.8909979739301792},"fields":{},"normalizations":{}},{"classId":"e_8","part":"s8v1","offsets":[{"start":1433,"text":"."}],"coordinates":[],"confidence":{"state":"","who":["ml:nalaf"],"prob":0.6795856114393973},"fields":{},"normalizations":{}},{"classId":"e_8","part":"s8v1","offsets":[{"start":1437,"text":"."}],"coordinates":[],"confidence":{"state":"","who":["ml:nalaf"],"prob":0.5166511056001114},"fields":{},"normalizations":{}},{"classId":"e_8","part":"s8v1","offsets":[{"start":1565,"text":"."}],"coordinates":[],"confidence":{"state":"","who":["ml:nalaf"],"prob":0.8178741937865192},"fields":{},"normalizations":{}},{"classId":"e_8","part":"s8v1","offsets":[{"start":1567,"text":"."}],"coordinates":[],"confidence":{"state":"","who":["ml:nalaf"],"prob":0.9057111952615469},"fields":{},"normalizations":{}},{"classId":"e_8","part":"s8v1","offsets":[{"start":1758,"text":"."}],"coordinates":[],"confidence":{"state":"","who":["ml:nalaf"],"prob":0.8269309550466647},"fields":{},"normalizations":{}},{"classId":"e_5","part":"s8v1","offsets":[{"start":1761,"text":"Description"}],"coordinates":[],"confidence":{"state":"","who":["ml:nalaf"],"prob":0.8983699451070732},"fields":{},"normalizations":{}},{"classId":"e_8","part":"s8v1","offsets":[{"start":1921,"text":"s"}],"coordinates":[],"confidence":{"state":"pre-removed","who":["ml:nalaf","ml:regex"],"prob":0.5},"fields":{},"normalizations":{}},{"classId":"e_8","part":"s8v1","offsets":[{"start":2010,"text":"s"}],"coordinates":[],"confidence":{"state":"pre-removed","who":["ml:nalaf","ml:regex"],"prob":0.5},"fields":{},"normalizations":{}},{"classId":"e_8","part":"s8v1","offsets":[{"start":2020,"text":"s"}],"coordinates":[],"confidence":{"state":"pre-removed","who":["ml:nalaf","ml:regex"],"prob":0.5},"fields":{},"normalizations":{}},{"classId":"e_8","part":"s8v1","offsets":[{"start":2051,"text":"s"}],"coordinates":[],"confidence":{"state":"pre-removed","who":["ml:nalaf","ml:regex"],"prob":0.5},"fields":{},"normalizations":{}},{"classId":"e_8","part":"s8v1","offsets":[{"start":2101,"text":"."}],"coordinates":[],"confidence":{"state":"","who":["ml:nalaf"],"prob":0.9011723437622275},"fields":{},"normalizations":{}},{"classId":"e_8","part":"s8v1","offsets":[{"start":2139,"text":"s"}],"coordinates":[],"confidence":{"state":"pre-removed","who":["ml:nalaf","ml:regex"],"prob":0.5},"fields":{},"normalizations":{}},{"classId":"e_8","part":"s8v1","offsets":[{"start":2369,"text":"."}],"coordinates":[],"confidence":{"state":"","who":["ml:nalaf"],"prob":0.9010484931976052},"fields":{},"normalizations":{}},{"classId":"e_5","part":"s8v1","offsets":[{"start":2372,"text":"Signer"}],"coordinates":[],"confidence":{"state":"","who":["ml:nalaf"],"prob":0.9166522892765333},"fields":{},"normalizations":{}},{"classId":"e_8","part":"s8v1","offsets":[{"start":2419,"text":"."}],"coordinates":[],"confidence":{"state":"","who":["ml:nalaf"],"prob":0.8081618624142072},"fields":{},"normalizations":{}},{"classId":"e_8","part":"s8v1","offsets":[{"start":2560,"text":"."}],"coordinates":[],"confidence":{"state":"","who":["ml:nalaf"],"prob":0.5614105043311897},"fields":{},"normalizations":{}},{"classId":"e_7","part":"s9v1","offsets":[{"start":13,"text":"CITY OF CARLSBAD"}],"coordinates":[],"confidence":{"state":"pre-added","who":["ml:regex"],"prob":0.5},"fields":{},"normalizations":{}},{"classId":"e_4","part":"s9v1","offsets":[{"start":88,"text":"Subrecipient Name: Address:\n\nProject Description:\n\nSCOPE OF WORK\n\nJuly 1, 2017 to June 30, 2018 Women's Resource Center"}],"coordinates":[{"x":"73.17","y":"204.47"},{"x":"310.43","y":"211.08"}],"confidence":{"state":"pre-added","who":["user:SDTEF"],"prob":1},"fields":{},"normalizations":{}},{"classId":"e_4","part":"s9v1","offsets":[{"start":139,"text":"SCOPE OF WORK"}],"coordinates":[{"x":"256.57","y":"147.81"},{"x":"357.83","y":"154.44"}],"confidence":{"state":"pre-added","who":["user:SDTEF"],"prob":1},"fields":{},"normalizations":{}},{"classId":"e_8","part":"s9v1","offsets":[{"start":154,"text":"July 1, 2017 to June 30, 2018"}],"coordinates":[],"confidence":{"state":"","who":["ml:nalaf"],"prob":0.5590047259266231},"fields":{},"normalizations":{}},{"classId":"e_5","part":"s9v1","offsets":[{"start":208,"text":"1963 Apple Street, Oceanside, CA 92054"}],"coordinates":[{"x":"181.93","y":"218.88"},{"x":"379.52","y":"225.24"}],"confidence":{"state":"pre-added","who":["user:SDTEF"],"prob":1},"fields":{},"normalizations":{}},{"classId":"e_4","part":"s9v1","offsets":[{"start":248,"text":"Alternatives to abuse domestic violence shelte"}],"coordinates":[{"x":"181.11","y":"247.43"},{"x":"403.32","y":"253.79"}],"confidence":{"state":"pre-added","who":["user:SDTEF"],"prob":1},"fields":{},"normalizations":{}},{"classId":"e_6","part":"s9v1","offsets":[{"start":297,"text":"Project Goals & Objectives: (Please Attach Additional Sheets As Necessary.)\n\n1. CDBG funds will be used to fund the following activities in compliance with the project description outlined and in conformance with the Federal regulations for the CDBG program: (Please specify if CDBG funds will be used to Jund costs associated with staffing, rents, utilities, supplies, etc.)\n\nFunds will be used to assist in paying for staff costs related to the operation of the shelter.\n\n2. Project objectives to be accomplished during the contract period: (Please describe the specific services or activities to be provided to low/moderate income Carlsbad residents with the CDBG funds awarded. {f applicable, please provide a target objective for the number of persons/households to benefit from the Subrecipient's services/project.)\n\nApproximately 32 Carlsbad residents will be provided with shelter and case management services.\n\n3. Project objectives performance measures: a. Provide quarterly performance reports to the City of Carlsbad, Housing and Neighborhood Services Department on the CDBG Quarterly Performance Report form as provided. b. Maintain records, invoices, and relevant statistics supporting the quarterly reports. c. Provide a final performance report, including an evaluation report of the program's success in meeting established goals, to the City of Carlsbad Housing and Neighborhood Services Department within 10 days of termination of the contract date on the CDBG Annual Performa"}],"coordinates":[{"x":"73.32","y":"275.75"},{"x":"192.18","y":"650.75"}],"confidence":{"state":"pre-added","who":["user:SDTEF"],"prob":1},"fields":{},"normalizations":{}},{"classId":"e_8","part":"s9v1","offsets":[{"start":370,"text":"."}],"coordinates":[],"confidence":{"state":"","who":["ml:nalaf"],"prob":0.5551350594444768},"fields":{},"normalizations":{}},{"classId":"e_5","part":"s9v1","offsets":[{"start":374,"text":"1."}],"coordinates":[],"confidence":{"state":"","who":["ml:nalaf"],"prob":0.7923280260263144},"fields":{},"normalizations":{}},{"classId":"e_8","part":"s9v1","offsets":[{"start":375,"text":"."}],"coordinates":[],"confidence":{"state":"","who":["ml:nalaf"],"prob":0.7174767219780226},"fields":{},"normalizations":{}},{"classId":"e_5","part":"s9v1","offsets":[{"start":377,"text":"CDBG"}],"coordinates":[],"confidence":{"state":"","who":["ml:nalaf"],"prob":0.6639673739039287},"fields":{},"normalizations":{}},{"classId":"e_7","part":"s9v1","offsets":[{"start":542,"text":"CDBG"}],"coordinates":[],"confidence":{"state":"pre-added","who":["ml:regex"],"prob":0.5},"fields":{},"normalizations":{}},{"classId":"e_7","part":"s9v1","offsets":[{"start":575,"text":"CDBG"}],"coordinates":[],"confidence":{"state":"pre-added","who":["ml:regex"],"prob":0.5},"fields":{},"normalizations":{}},{"classId":"e_8","part":"s9v1","offsets":[{"start":670,"text":"."}],"coordinates":[],"confidence":{"state":"","who":["ml:nalaf"],"prob":0.7171434141286028},"fields":{},"normalizations":{}},{"classId":"e_5","part":"s9v1","offsets":[{"start":674,"text":"Funds"}],"coordinates":[],"confidence":{"state":"","who":["ml:nalaf"],"prob":0.7429826157776462},"fields":{},"normalizations":{}},{"classId":"e_8","part":"s9v1","offsets":[{"start":768,"text":"."}],"coordinates":[],"confidence":{"state":"","who":["ml:nalaf"],"prob":0.8821948635885204},"fields":{},"normalizations":{}},{"classId":"e_5","part":"s9v1","offsets":[{"start":771,"text":"2."}],"coordinates":[],"confidence":{"state":"","who":["ml:nalaf"],"prob":0.8977646878050738},"fields":{},"normalizations":{}},{"classId":"e_8","part":"s9v1","offsets":[{"start":772,"text":"."}],"coordinates":[],"confidence":{"state":"","who":["ml:nalaf"],"prob":0.9558647801173107},"fields":{},"normalizations":{}},{"classId":"e_3","part":"s9v1","offsets":[{"start":841,"text":"Please describe the specific services or activities to be provided to low/moderate income Carlsbad residents with the CDBG funds awarded. {f applicable, please provide a target objective for the number of persons/households to benefit from the Subrecipient's services/projec"}],"coordinates":[{"x":"442.76","y":"418.19"},{"x":"422.99","y":"466.92"}],"confidence":{"state":"pre-added","who":["user:SDTEF"],"prob":1},"fields":{},"normalizations":{}},{"classId":"e_7","part":"s9v1","offsets":[{"start":959,"text":"CDBG"}],"coordinates":[],"confidence":{"state":"pre-added","who":["ml:regex"],"prob":0.5},"fields":{},"normalizations":{}},{"classId":"e_8","part":"s9v1","offsets":[{"start":977,"text":"."}],"coordinates":[],"confidence":{"state":"","who":["ml:nalaf"],"prob":0.897496047960372},"fields":{},"normalizations":{}},{"classId":"e_8","part":"s9v1","offsets":[{"start":1098,"text":"s"}],"coordinates":[],"confidence":{"state":"pre-removed","who":["ml:nalaf","ml:regex"],"prob":0.5},"fields":{},"normalizations":{}},{"classId":"e_4","part":"s9v1","offsets":[{"start":1120,"text":"Approximately 32 Carlsbad residents will be provided with shelter and case management services."}],"coordinates":[{"x":"91.36","y":"489.11"},{"x":"132.11","y":"509.40"}],"confidence":{"state":"pre-added","who":["user:SDTEF"],"prob":1},"fields":{},"normalizations":{}},{"classId":"e_8","part":"s9v1","offsets":[{"start":1214,"text":"."}],"coordinates":[],"confidence":{"state":"","who":["ml:nalaf"],"prob":0.7987349809160141},"fields":{},"normalizations":{}},{"classId":"e_5","part":"s9v1","offsets":[{"start":1217,"text":"3."}],"coordinates":[],"confidence":{"state":"","who":["ml:nalaf"],"prob":0.9106888566964462},"fields":{},"normalizations":{}},{"classId":"e_8","part":"s9v1","offsets":[{"start":1218,"text":"."}],"coordinates":[],"confidence":{"state":"","who":["ml:nalaf"],"prob":0.7732366778352777},"fields":{},"normalizations":{}},{"classId":"e_5","part":"s9v1","offsets":[{"start":1220,"text":"Project"}],"coordinates":[],"confidence":{"state":"","who":["ml:nalaf"],"prob":0.6489937535984431},"fields":{},"normalizations":{}},{"classId":"e_8","part":"s9v1","offsets":[{"start":1262,"text":"."}],"coordinates":[],"confidence":{"state":"","who":["ml:nalaf"],"prob":0.9118544686287962},"fields":{},"normalizations":{}},{"classId":"e_5","part":"s9v1","offsets":[{"start":1264,"text":"Provide quarterly performance reports to the City of Carlsbad, Housing and Neighborhood Services Department on the CDBG Quarterly Performance Report form as provided."}],"coordinates":[],"confidence":{"state":"","who":["ml:nalaf"],"prob":0.9896809176221896},"fields":{},"normalizations":{}},{"classId":"e_8","part":"s9v1","offsets":[{"start":1429,"text":"."}],"coordinates":[],"confidence":{"state":"","who":["ml:nalaf"],"prob":0.9305224141101008},"fields":{},"normalizations":{}},{"classId":"e_5","part":"s9v1","offsets":[{"start":1431,"text":"b."}],"coordinates":[],"confidence":{"state":"","who":["ml:nalaf"],"prob":0.9655563234531899},"fields":{},"normalizations":{}},{"classId":"e_8","part":"s9v1","offsets":[{"start":1432,"text":"."}],"coordinates":[],"confidence":{"state":"","who":["ml:nalaf"],"prob":0.8794133801902542},"fields":{},"normalizations":{}},{"classId":"e_5","part":"s9v1","offsets":[{"start":1434,"text":"Maintain"}],"coordinates":[],"confidence":{"state":"","who":["ml:nalaf"],"prob":0.9717513958494194},"fields":{},"normalizations":{}},{"classId":"e_8","part":"s9v1","offsets":[{"start":1518,"text":"."}],"coordinates":[],"confidence":{"state":"","who":["ml:nalaf"],"prob":0.8963075830872324},"fields":{},"normalizations":{}},{"classId":"e_8","part":"s9v1","offsets":[{"start":1605,"text":"s"}],"coordinates":[],"confidence":{"state":"pre-removed","who":["ml:nalaf","ml:regex"],"prob":0.5},"fields":{},"normalizations":{}},{"classId":"e_6","part":"s9v1","offsets":[{"start":1792,"text":"nce Report form as provided. d. Provide notification to the City of any audits or investigations including results, findings, and/or liens"}],"coordinates":[{"x":"192.40","y":"644.39"},{"x":"164.94","y":"679.32"}],"confidence":{"state":"pre-added","who":["user:SDTEF"],"prob":1},"fields":{},"normalizations":{}},{"classId":"e_8","part":"s9v1","offsets":[{"start":1819,"text":"."}],"coordinates":[],"confidence":{"state":"","who":["ml:nalaf"],"prob":0.9296539009012444},"fields":{},"normalizations":{}},{"classId":"e_5","part":"s9v1","offsets":[{"start":1821,"text":"d"}],"coordinates":[],"confidence":{"state":"","who":["ml:nalaf"],"prob":0.9125457726832207},"fields":{},"normalizations":{}},{"classId":"e_8","part":"s9v1","offsets":[{"start":1930,"text":"."}],"coordinates":[],"confidence":{"state":"","who":["ml:nalaf"],"prob":0.9365844165504578},"fields":{},"normalizations":{}},{"classId":"e_5","part":"s9v1","offsets":[{"start":1933,"text":"CA 8/13/2012"}],"coordinates":[],"confidence":{"state":"","who":["ml:nalaf"],"prob":0.9393651733962813},"fields":{},"normalizations":{}},{"classId":"e_7","part":"s10v1","offsets":[{"start":13,"text":"CITY OF CARLSBAD"}],"coordinates":[],"confidence":{"state":"pre-added","who":["ml:regex"],"prob":0.5},"fields":{},"normalizations":{}},{"classId":"e_8","part":"s10v1","offsets":[{"start":81,"text":"Contract Term:\n\nJuly 1, 2017 to June 30, 2018"}],"coordinates":[],"confidence":{"state":"","who":["ml:nalaf"],"prob":0.8558140586462839},"fields":{},"normalizations":{}},{"classId":"e_4","part":"s10v1","offsets":[{"start":128,"text":"Subrecipient Name: Women's Resource Cente"}],"coordinates":[{"x":"73.63","y":"206.30"},{"x":"306.67","y":"213.00"}],"confidence":{"state":"pre-added","who":["user:SDTEF"],"prob":1},"fields":{},"normalizations":{}},{"classId":"e_8","part":"s10v1","offsets":[{"start":153,"text":"s"}],"coordinates":[],"confidence":{"state":"pre-removed","who":["ml:nalaf","ml:regex"],"prob":0.5},"fields":{},"normalizations":{}},{"classId":"e_5","part":"s10v1","offsets":[{"start":182,"text":"1963 Apple Street, Oceanside, CA 92054"}],"coordinates":[],"confidence":{"state":"pre-added","who":["ml:regex"],"prob":0.5},"fields":{},"normalizations":{}},{"classId":"e_4","part":"s10v1","offsets":[{"start":222,"text":"Project Description: Alternatives to abuse domestic violence shelte"}],"coordinates":[{"x":"73.56","y":"263.66"},{"x":"403.63","y":"270.36"}],"confidence":{"state":"pre-added","who":["user:SDTEF"],"prob":1},"fields":{},"normalizations":{}},{"classId":"e_4","part":"s10v1","offsets":[{"start":292,"text":"Cost Breakdown: All funds will be used to assist in paying for staffing costs related to the operation of the shelter"}],"coordinates":[{"x":"73.48","y":"292.22"},{"x":"291.72","y":"313.31"}],"confidence":{"state":"pre-added","who":["user:SDTEF"],"prob":1},"fields":{},"normalizations":{}},{"classId":"e_8","part":"s10v1","offsets":[{"start":409,"text":"."}],"coordinates":[],"confidence":{"state":"","who":["ml:nalaf"],"prob":0.8819488810302791},"fields":{},"normalizations":{}},{"classId":"e_5","part":"s10v1","offsets":[{"start":412,"text":"CA 8/13/2012"}],"coordinates":[],"confidence":{"state":"","who":["ml:nalaf"],"prob":0.9393651733962813},"fields":{},"normalizations":{}},{"classId":"e_8","part":"s11v1","offsets":[{"start":217,"text":"s"}],"coordinates":[],"confidence":{"state":"pre-removed","who":["ml:nalaf","ml:regex"],"prob":0.5},"fields":{},"normalizations":{}},{"classId":"e_8","part":"s11v1","offsets":[{"start":465,"text":"s"}],"coordinates":[],"confidence":{"state":"pre-removed","who":["ml:nalaf","ml:regex"],"prob":0.5},"fields":{},"normalizations":{}},{"classId":"e_8","part":"s11v1","offsets":[{"start":607,"text":"."}],"coordinates":[],"confidence":{"state":"","who":["ml:nalaf"],"prob":0.3804721608672901},"fields":{},"normalizations":{}},{"classId":"e_5","part":"s11v1","offsets":[{"start":610,"text":"Date"}],"coordinates":[],"confidence":{"state":"","who":["ml:nalaf"],"prob":0.9588320702040564},"fields":{},"normalizations":{}},{"classId":"e_5","part":"s11v1","offsets":[{"start":724,"text":"Witn"}],"coordinates":[],"confidence":{"state":"","who":["ml:nalaf"],"prob":0.750305814194897},"fields":{},"normalizations":{}},{"classId":"e_8","part":"s11v1","offsets":[{"start":731,"text":"."}],"coordinates":[],"confidence":{"state":"","who":["ml:nalaf"],"prob":0.663314026497039},"fields":{},"normalizations":{}},{"classId":"e_8","part":"s11v1","offsets":[{"start":734,"text":"."}],"coordinates":[],"confidence":{"state":"","who":["ml:nalaf"],"prob":0.9090664777980925},"fields":{},"normalizations":{}},{"classId":"e_8","part":"s12v1","offsets":[{"start":83,"text":"S"}],"coordinates":[],"confidence":{"state":"pre-removed","who":["ml:nalaf","ml:regex"],"prob":0.5},"fields":{},"normalizations":{}},{"classId":"e_8","part":"s12v1","offsets":[{"start":212,"text":"s"}],"coordinates":[],"confidence":{"state":"pre-removed","who":["ml:nalaf","ml:regex"],"prob":0.5},"fields":{},"normalizations":{}},{"classId":"e_8","part":"s12v1","offsets":[{"start":214,"text":"."}],"coordinates":[],"confidence":{"state":"","who":["ml:nalaf"],"prob":0.8153289404272821},"fields":{},"normalizations":{}},{"classId":"e_5","part":"s12v1","offsets":[{"start":217,"text":"Requested"}],"coordinates":[],"confidence":{"state":"","who":["ml:nalaf"],"prob":0.8481554957472084},"fields":{},"normalizations":{}},{"classId":"e_8","part":"s12v1","offsets":[{"start":301,"text":"s"}],"coordinates":[],"confidence":{"state":"pre-removed","who":["ml:nalaf","ml:regex"],"prob":0.5},"fields":{},"normalizations":{}},{"classId":"e_8","part":"s12v1","offsets":[{"start":329,"text":"s"}],"coordinates":[],"confidence":{"state":"pre-removed","who":["ml:nalaf","ml:regex"],"prob":0.5},"fields":{},"normalizations":{}},{"classId":"e_8","part":"s12v1","offsets":[{"start":338,"text":"S"}],"coordinates":[],"confidence":{"state":"pre-removed","who":["ml:nalaf","ml:regex"],"prob":0.5},"fields":{},"normalizations":{}},{"classId":"e_8","part":"s12v1","offsets":[{"start":507,"text":"S"}],"coordinates":[],"confidence":{"state":"pre-removed","who":["ml:nalaf","ml:regex"],"prob":0.5},"fields":{},"normalizations":{}},{"classId":"e_4","part":"s12v1","offsets":[{"start":701,"text":"scope of work"}],"coordinates":[],"confidence":{"state":"pre-added","who":["ml:regex"],"prob":0.5},"fields":{},"normalizations":{}},{"classId":"e_8","part":"s12v1","offsets":[{"start":750,"text":"."}],"coordinates":[],"confidence":{"state":"","who":["ml:nalaf"],"prob":0.8191165936782014},"fields":{},"normalizations":{}},{"classId":"e_8","part":"s12v1","offsets":[{"start":868,"text":"."}],"coordinates":[],"confidence":{"state":"","who":["ml:nalaf"],"prob":0.9008241507222221},"fields":{},"normalizations":{}},{"classId":"e_8","part":"s12v1","offsets":[{"start":1000,"text":"."}],"coordinates":[],"confidence":{"state":"","who":["ml:nalaf"],"prob":0.9192651071479505},"fields":{},"normalizations":{}},{"classId":"e_5","part":"s12v1","offsets":[{"start":1002,"text":"Work"}],"coordinates":[],"confidence":{"state":"","who":["ml:nalaf"],"prob":0.8592002715681252},"fields":{},"normalizations":{}},{"classId":"e_8","part":"s12v1","offsets":[{"start":1173,"text":"."}],"coordinates":[],"confidence":{"state":"","who":["ml:nalaf"],"prob":0.846651589257452},"fields":{},"normalizations":{}},{"classId":"e_8","part":"s12v1","offsets":[{"start":1218,"text":"."}],"coordinates":[],"confidence":{"state":"","who":["ml:nalaf"],"prob":0.6976125410629631},"fields":{},"normalizations":{}},{"classId":"e_5","part":"s12v1","offsets":[{"start":1220,"text":"explain"}],"coordinates":[],"confidence":{"state":"","who":["ml:nalaf"],"prob":0.6146283847960559},"fields":{},"normalizations":{}}],"relations":[]}