{"annotatable":{"parts":["s1v1","s2v1","s3v1","s4v1","s5v1","s6v1","s7v1","s8v1","s9v1","s10v1","s11v1","s12v1","s13v1","s14v1","s15v1","s16v1","s17v1","s18v1","s19v1","s20v1","s21v1","s22v1","s23v1","s24v1","s25v1","s26v1","s27v1"]},"anncomplete":true,"sources":[{"name":"ORIG","id":"Copy_of_18_19_Agreement___ECTLC_CDBG.pdf","url":""}],"metas":{"m_23":{"value":"city and CDBG funds","confidence":{"state":"pre-added","who":["user:SDTEF"],"prob":1}},"m_24":{"value":"$100,000; $185,500","confidence":{"state":"pre-added","who":["user:SDTEF"],"prob":1}},"m_22":{"value":"temp housing, case management, meals","confidence":{"state":"pre-added","who":["user:SDTEF"],"prob":1}},"m_21":{"value":"LMI","confidence":{"state":"pre-added","who":["user:SDTEF"],"prob":1}}},"entities":[{"classId":"e_19","part":"s1v1","offsets":[{"start":176,"text":"FY2018-19Agreement for Use of CDBGFunds"}],"coordinates":[{"x":"126.25","y":"317.97"},{"x":"385.21","y":"325.20"}],"confidence":{"state":"pre-added","who":["user:SDTEF"],"prob":1},"fields":{},"normalizations":{}},{"classId":"e_7","part":"s1v1","offsets":[{"start":341,"text":"CDBG funds"}],"coordinates":[],"confidence":{"state":"pre-added","who":["ml:regex"],"prob":0.5},"fields":{},"normalizations":{}},{"classId":"e_19","part":"s2v1","offsets":[{"start":0,"text":"AGREEMENT BETWEEN THE CITY OF EL CAJON AND East County Transitional living Center, Inc"}],"coordinates":[{"x":"272.89","y":"58.34"},{"x":"402.65","y":"86.39"}],"confidence":{"state":"pre-added","who":["user:SDTEF"],"prob":1},"fields":{},"normalizations":{}},{"classId":"e_7","part":"s2v1","offsets":[{"start":22,"text":"CITY OF EL CAJON"}],"coordinates":[{"x":"284.40","y":"69.63"},{"x":"372.77","y":"75.12"}],"confidence":{"state":"pre-added","who":["user:SDTEF"],"prob":1},"fields":{},"normalizations":{}},{"classId":"e_1","part":"s2v1","offsets":[{"start":43,"text":"East County Transitional living Center, Inc"}],"coordinates":[{"x":"202.32","y":"80.90"},{"x":"402.65","y":"86.39"}],"confidence":{"state":"pre-added","who":["user:SDTEF"],"prob":1},"fields":{},"normalizations":{}},{"classId":"e_7","part":"s2v1","offsets":[{"start":181,"text":"CITY OF EL CAJON"}],"coordinates":[],"confidence":{"state":"pre-added","who":["ml:regex"],"prob":0.5},"fields":{},"normalizations":{}},{"classId":"e_1","part":"s2v1","offsets":[{"start":260,"text":"East County Transitional Living Center, Inc"}],"coordinates":[],"confidence":{"state":"pre-added","who":["ml:regex"],"prob":0.5},"fields":{},"normalizations":{}},{"classId":"e_7","part":"s2v1","offsets":[{"start":458,"text":"City of El Cajon"}],"coordinates":[],"confidence":{"state":"pre-added","who":["ml:regex"],"prob":0.5},"fields":{},"normalizations":{}},{"classId":"e_4","part":"s2v1","offsets":[{"start":731,"text":"Emergency Shelter Program for Homeless\""}],"coordinates":[{"x":"152.89","y":"190.83"},{"x":"349.92","y":"196.32"}],"confidence":{"state":"pre-added","who":["user:SDTEF"],"prob":1},"fields":{},"normalizations":{}},{"classId":"e_4","part":"s2v1","offsets":[{"start":1389,"text":"Emergency Shelter Program for Homeless"}],"coordinates":[],"confidence":{"state":"pre-added","who":["ml:regex"],"prob":0.5},"fields":{},"normalizations":{}},{"classId":"e_7","part":"s2v1","offsets":[{"start":1720,"text":"City of El Cajon"}],"coordinates":[],"confidence":{"state":"pre-added","who":["ml:regex"],"prob":0.5},"fields":{},"normalizations":{}},{"classId":"e_4","part":"s2v1","offsets":[{"start":1847,"text":"Scope of Work and Budget"}],"coordinates":[],"confidence":{"state":"pre-added","who":["ml:regex"],"prob":0.5},"fields":{},"normalizations":{}},{"classId":"e_8","part":"s2v1","offsets":[{"start":1998,"text":"Time of Performance:\n\n6.\n\n7.\n\nSaid services of the Subrecipient are to commence no sooner than July 1, 2018, and shall be completed no later than June 30, 2019"}],"coordinates":[{"x":"95.76","y":"475.47"},{"x":"217.81","y":"509.99"}],"confidence":{"state":"pre-added","who":["user:SDTEF"],"prob":1},"fields":{"f_12":{"value":"1","confidence":{"state":"pre-added","who":["user:SDTEF"],"prob":1}}},"normalizations":{}},{"classId":"e_2","part":"s2v1","offsets":[{"start":2160,"text":"Compensation and Method of Payment:\n\nThe City shall reimburse the Subrecipient for allowable costs incurred under the scope of the Agreement and applicable Federal regulations, which have not been paid for or reimbursed in any other manner by any other Agency or private source of funding. The total of all reimbursements shall not exceed One Hundred Thousand and no/100s dollars ($100,000.00)."}],"coordinates":[{"x":"96.48","y":"522.03"},{"x":"371.39","y":"579.35"}],"confidence":{"state":"pre-added","who":["user:SDTEF"],"prob":1},"fields":{},"normalizations":{}},{"classId":"e_6","part":"s3v1","offsets":[{"start":626,"text":"Monitoring:\n\nThe City will conduct periodic program monitoring reviews. These reviews will focus on the extent to which the planned program has been implemented, measurable goals achieved, effectiveness of program management, and impact of the program. Authorized representatives of the City and HUD shall have the right of access to all activities and facilities operated by the Subrecipient under this Agreement. Facilities include all files, records, and other documents related to the performance of this Agreement. Activities include attendance at staff, board of directors, advisory committee, and advisory board meetings and inspection by City and HUD representatives, and to ensure that its employees and board members furnish such information, as in the judgment of City and HUD representatives, may be relevant to the question of compliance with contractual conditions and HUD directives, or the effectiveness, legality and achievements of the program."}],"coordinates":[{"x":"90.96","y":"150.37"},{"x":"219.62","y":"276.96"}],"confidence":{"state":"pre-added","who":["user:SDTEF"],"prob":1},"fields":{},"normalizations":{}},{"classId":"e_3","part":"s4v1","offsets":[{"start":1988,"text":"Beneficiary Qualification:\n\nThe Subrecipient agrees to guarantee that at least fifty-one percent (51%) of the beneficiaries of the program identified in Exhibit \"A,\" Scope of Work and Budget, are low and moderate income persons or households. Under the CDBG regulations, the following clienteles are presumed to be low and moderate income persons and can qualify for service regardless of income: abused children, elderly persons, battered spouses, homeless persons, disabled persons, illiterate persons, and migrant farm workers. Beneficiaries qualifying on the basis of income shall have an annual income equal to or less than the HUD Section 8 (of the United States Housing Act of 1937) Income Limits. HUD Section 8 Income Limits for the San Diego MSA, define the maximum family income for low and moderate income households. The Subrecipient is responsible for obtaining the current applicable HUD Section 8 Income Limits for each year of the Agreement term identified in Paragraph 6, Time of Performance. The Subrecipient shall retain these forms for three (3) years after conclusion of the Agreement."}],"coordinates":[{"x":"95.52","y":"323.48"},{"x":"377.94","y":"461.52"}],"confidence":{"state":"pre-added","who":["user:SDTEF"],"prob":1},"fields":{},"normalizations":{}},{"classId":"e_3","part":"s4v1","offsets":[{"start":2288,"text":"presumed to be low and moderate income persons and can qualify for service regardless of income: abused children, elderly persons, battered spouses, homeless persons, disabled persons, illiterate persons, and migrant farm workers"}],"coordinates":[{"x":"397.92","y":"363.80"},{"x":"541.92","y":"392.40"}],"confidence":{"state":"pre-added","who":["user:SDTEF"],"prob":1},"fields":{},"normalizations":{}},{"classId":"e_7","part":"s4v1","offsets":[{"start":5010,"text":"CDBG funds"}],"coordinates":[],"confidence":{"state":"pre-added","who":["ml:regex"],"prob":0.5},"fields":{},"normalizations":{}},{"classId":"e_7","part":"s5v1","offsets":[{"start":79,"text":"CDBG funds"}],"coordinates":[{"x":"393.85","y":"75.27"},{"x":"449.01","y":"80.88"}],"confidence":{"state":"pre-added","who":["user:SDTEF"],"prob":1},"fields":{},"normalizations":{}},{"classId":"e_7","part":"s5v1","offsets":[{"start":593,"text":"CDBG funds"}],"coordinates":[],"confidence":{"state":"pre-added","who":["ml:regex"],"prob":0.5},"fields":{},"normalizations":{}},{"classId":"e_7","part":"s5v1","offsets":[{"start":713,"text":"CDBG funds"}],"coordinates":[],"confidence":{"state":"pre-added","who":["ml:regex"],"prob":0.5},"fields":{},"normalizations":{}},{"classId":"e_7","part":"s5v1","offsets":[{"start":890,"text":"CDBG funds"}],"coordinates":[],"confidence":{"state":"pre-added","who":["ml:regex"],"prob":0.5},"fields":{},"normalizations":{}},{"classId":"e_7","part":"s5v1","offsets":[{"start":1423,"text":"CDBG funds"}],"coordinates":[],"confidence":{"state":"pre-added","who":["ml:regex"],"prob":0.5},"fields":{},"normalizations":{}},{"classId":"e_7","part":"s6v1","offsets":[{"start":2754,"text":"CDBG funds"}],"coordinates":[],"confidence":{"state":"pre-added","who":["ml:regex"],"prob":0.5},"fields":{},"normalizations":{}},{"classId":"e_7","part":"s6v1","offsets":[{"start":3669,"text":"CDBG funds"}],"coordinates":[],"confidence":{"state":"pre-added","who":["ml:regex"],"prob":0.5},"fields":{},"normalizations":{}},{"classId":"e_7","part":"s7v1","offsets":[{"start":1426,"text":"CDBG funds"}],"coordinates":[],"confidence":{"state":"pre-added","who":["ml:regex"],"prob":0.5},"fields":{},"normalizations":{}},{"classId":"e_7","part":"s7v1","offsets":[{"start":2060,"text":"CDBG funds"}],"coordinates":[],"confidence":{"state":"pre-added","who":["ml:regex"],"prob":0.5},"fields":{},"normalizations":{}},{"classId":"e_7","part":"s7v1","offsets":[{"start":3388,"text":"CDBG funds"}],"coordinates":[],"confidence":{"state":"pre-added","who":["ml:regex"],"prob":0.5},"fields":{},"normalizations":{}},{"classId":"e_7","part":"s7v1","offsets":[{"start":4438,"text":"CDBG funds"}],"coordinates":[],"confidence":{"state":"pre-added","who":["ml:regex"],"prob":0.5},"fields":{},"normalizations":{}},{"classId":"e_7","part":"s8v1","offsets":[{"start":93,"text":"CDBG funds"}],"coordinates":[],"confidence":{"state":"pre-added","who":["ml:regex"],"prob":0.5},"fields":{},"normalizations":{}},{"classId":"e_7","part":"s8v1","offsets":[{"start":1901,"text":"CDBG funds"}],"coordinates":[],"confidence":{"state":"pre-added","who":["ml:regex"],"prob":0.5},"fields":{},"normalizations":{}},{"classId":"e_7","part":"s8v1","offsets":[{"start":2443,"text":"CDBG funds"}],"coordinates":[],"confidence":{"state":"pre-added","who":["ml:regex"],"prob":0.5},"fields":{},"normalizations":{}},{"classId":"e_7","part":"s8v1","offsets":[{"start":2873,"text":"CDBG funds"}],"coordinates":[],"confidence":{"state":"pre-added","who":["ml:regex"],"prob":0.5},"fields":{},"normalizations":{}},{"classId":"e_7","part":"s9v1","offsets":[{"start":4306,"text":"CDBG funds"}],"coordinates":[],"confidence":{"state":"pre-added","who":["ml:regex"],"prob":0.5},"fields":{},"normalizations":{}},{"classId":"e_7","part":"s10v1","offsets":[{"start":1082,"text":"CDBG funds"}],"coordinates":[],"confidence":{"state":"pre-added","who":["ml:regex"],"prob":0.5},"fields":{},"normalizations":{}},{"classId":"e_7","part":"s10v1","offsets":[{"start":1338,"text":"CDBG funds"}],"coordinates":[],"confidence":{"state":"pre-added","who":["ml:regex"],"prob":0.5},"fields":{},"normalizations":{}},{"classId":"e_7","part":"s10v1","offsets":[{"start":2409,"text":"Community Development - Housing"}],"coordinates":[{"x":"116.64","y":"503.72"},{"x":"270.66","y":"509.27"}],"confidence":{"state":"pre-added","who":["user:SDTEF"],"prob":1},"fields":{},"normalizations":{}},{"classId":"e_7","part":"s10v1","offsets":[{"start":2442,"text":"City of El Cajon"}],"coordinates":[{"x":"116.64","y":"527.00"},{"x":"183.25","y":"532.55"}],"confidence":{"state":"pre-added","who":["ml:regex","user:SDTEF"],"prob":1},"fields":{},"normalizations":{}},{"classId":"e_7","part":"s10v1","offsets":[{"start":2460,"text":"200 Civic Center Way El Cajon, CA 92020"}],"coordinates":[{"x":"116.64","y":"549.80"},{"x":"201.90","y":"567.12"}],"confidence":{"state":"pre-added","who":["user:SDTEF"],"prob":1},"fields":{},"normalizations":{}},{"classId":"e_1","part":"s10v1","offsets":[{"start":2517,"text":"East County Transitional Inc. Attn: Harold H. Brown, Chief Executive Officer 1527 East Main Street El Cajon, CA 92021"}],"coordinates":[{"x":"311.29","y":"503.49"},{"x":"399.42","y":"566.63"}],"confidence":{"state":"pre-added","who":["user:SDTEF"],"prob":1},"fields":{},"normalizations":{}},{"classId":"e_1","part":"s10v1","offsets":[{"start":2636,"text":"Living Center,"}],"coordinates":[{"x":"427.68","y":"503.72"},{"x":"489.65","y":"509.27"}],"confidence":{"state":"pre-added","who":["user:SDTEF"],"prob":1},"fields":{},"normalizations":{}},{"classId":"e_7","part":"s11v1","offsets":[{"start":886,"text":"CITY OF EL CAJON"}],"coordinates":[],"confidence":{"state":"pre-added","who":["ml:regex"],"prob":0.5},"fields":{},"normalizations":{}},{"classId":"e_4","part":"s12v1","offsets":[{"start":12,"text":"SCOPE OF WORK AND BUDGET"}],"coordinates":[{"x":"225.85","y":"55.61"},{"x":"377.36","y":"61.20"}],"confidence":{"state":"pre-added","who":["user:SDTEF"],"prob":1},"fields":{},"normalizations":{}},{"classId":"e_4","part":"s12v1","offsets":[{"start":38,"text":"Project:"}],"coordinates":[{"x":"58.08","y":"90.45"},{"x":"90.63","y":"96.00"}],"confidence":{"state":"pre-added","who":["user:SDTEF"],"prob":1},"fields":{},"normalizations":{}},{"classId":"e_4","part":"s12v1","offsets":[{"start":48,"text":"Emergency Shelter Program for Homeless"}],"coordinates":[{"x":"164.40","y":"90.45"},{"x":"358.28","y":"96.00"}],"confidence":{"state":"pre-added","who":["user:SDTEF"],"prob":1},"fields":{},"normalizations":{}},{"classId":"e_1","part":"s12v1","offsets":[{"start":88,"text":"Contact Person: Harold H. Brown, Chief Executive Officer (619-442-0457)"}],"coordinates":[{"x":"57.85","y":"108.21"},{"x":"411.53","y":"113.52"}],"confidence":{"state":"pre-added","who":["user:SDTEF"],"prob":1},"fields":{},"normalizations":{}},{"classId":"e_7","part":"s12v1","offsets":[{"start":215,"text":"Community Development Block Grant funds"}],"coordinates":[{"x":"316.57","y":"125.49"},{"x":"503.96","y":"131.04"}],"confidence":{"state":"pre-added","who":["user:SDTEF"],"prob":1},"fields":{},"normalizations":{}},{"classId":"e_4","part":"s12v1","offsets":[{"start":318,"text":"Emergency Shelter Program for Homeless"}],"coordinates":[],"confidence":{"state":"pre-added","who":["ml:regex"],"prob":0.5},"fields":{},"normalizations":{}},{"classId":"e_7","part":"s12v1","offsets":[{"start":380,"text":"City of El Cajon"}],"coordinates":[],"confidence":{"state":"pre-added","who":["ml:regex"],"prob":0.5},"fields":{},"normalizations":{}},{"classId":"e_6","part":"s12v1","offsets":[{"start":590,"text":"Section 2 - Records and Reporting\n\nThe Subrecipient shall submit a Periodic Performance Report, which shall become Exhibit \"C\" hereto, for the previous reporting period. Reporting periods may be monthly or quarterly, at the Subrecipient's option, but must remain consistent throughout the year. Periodic Performance Reports are due by the 10th of the month following the reporting period. These reports shall include the following information:\n\nA. Number of individual clients served (individual client may be a person or a household)\n\nB. Race of clients served\n\nC. Ethnicity of clients served (Hispanic, yes or no - a person may be of any race and be Hispanic)\n\nD. Number of disabled clients served (as defined by the Social Security Administrative Guidelines)\n\nE. Whether or not the head of the household is female\n\nF. Number of clients who are low income (per HUD guidelines)\n\nG. Whether or not the client is an El Cajon resident.\n\nH. Number of new clients assisted.\n\nIn addition, a brief narrative (Exhibit \"C-2\") must accompany the report. Narrative should include (but is not limited to) the following:\n\nA. Outreach methods used;\n\nB. Number and disposition of complaints received; and\n\nC. Progress made toward goals as evidenced in Exhibit \"A\", or an explanation of lack thereof.\n\nD. Any other accomplishments or problems/concerns the Agency wishes to report."}],"coordinates":[{"x":"58.08","y":"241.88"},{"x":"472.95","y":"538.32"}],"confidence":{"state":"pre-added","who":["user:SDTEF"],"prob":1},"fields":{},"normalizations":{}},{"classId":"e_4","part":"s12v1","offsets":[{"start":1957,"text":"Section 3 - Key Program Goals and Timeline services in the City of El Cajon during the period of July 1, 2018 to June 30, 2019."}],"coordinates":[{"x":"60.00","y":"550.52"},{"x":"413.54","y":"612.24"}],"confidence":{"state":"pre-added","who":["user:SDTEF"],"prob":1},"fields":{},"normalizations":{}},{"classId":"e_7","part":"s12v1","offsets":[{"start":2016,"text":"City of El Cajon"}],"coordinates":[],"confidence":{"state":"pre-added","who":["ml:regex"],"prob":0.5},"fields":{},"normalizations":{}},{"classId":"e_8","part":"s12v1","offsets":[{"start":2033,"text":"during the period of July 1, 2018 to June 30, 2019."}],"coordinates":[{"x":"195.85","y":"606.69"},{"x":"413.54","y":"612.24"}],"confidence":{"state":"pre-added","who":["user:SDTEF"],"prob":1},"fields":{},"normalizations":{}},{"classId":"e_2","part":"s12v1","offsets":[{"start":2086,"text":"Section 4 - Budget\n\n___ ) individuals with\n\n~ -,-\n\nThe City agrees to pay Subrecipient a total sum of One Hundred Thousand and no/100s dollars ($100,000.00) to assist in the provision of the above mentioned services."}],"coordinates":[{"x":"60.72","y":"624.69"},{"x":"313.16","y":"658.79"}],"confidence":{"state":"pre-added","who":["user:SDTEF"],"prob":1},"fields":{},"normalizations":{}},{"classId":"e_7","part":"s13v1","offsets":[{"start":1163,"text":"CDBG funds"}],"coordinates":[],"confidence":{"state":"pre-added","who":["ml:regex"],"prob":0.5},"fields":{},"normalizations":{}},{"classId":"e_7","part":"s14v1","offsets":[{"start":230,"text":"City of El Cajon"}],"coordinates":[],"confidence":{"state":"pre-added","who":["ml:regex"],"prob":0.5},"fields":{},"normalizations":{}},{"classId":"e_7","part":"s15v1","offsets":[{"start":0,"text":"CITY OF El CAJON"}],"coordinates":[],"confidence":{"state":"pre-added","who":["ml:regex"],"prob":0.5},"fields":{},"normalizations":{}},{"classId":"e_7","part":"s16v1","offsets":[{"start":331,"text":"City of El Cajon"}],"coordinates":[],"confidence":{"state":"pre-added","who":["ml:regex"],"prob":0.5},"fields":{},"normalizations":{}},{"classId":"e_7","part":"s17v1","offsets":[{"start":10,"text":"CITY OF EL CAJON"}],"coordinates":[],"confidence":{"state":"pre-added","who":["ml:regex"],"prob":0.5},"fields":{},"normalizations":{}},{"classId":"e_7","part":"s18v1","offsets":[{"start":22,"text":"CITY OF EL CAJON"}],"coordinates":[],"confidence":{"state":"pre-added","who":["ml:regex"],"prob":0.5},"fields":{},"normalizations":{}},{"classId":"e_7","part":"s19v1","offsets":[{"start":32,"text":"CITY OF EL CAJON"}],"coordinates":[],"confidence":{"state":"pre-added","who":["ml:regex"],"prob":0.5},"fields":{},"normalizations":{}},{"classId":"e_7","part":"s20v1","offsets":[{"start":10,"text":"CITY OF EL CAJON"}],"coordinates":[],"confidence":{"state":"pre-added","who":["ml:regex"],"prob":0.5},"fields":{},"normalizations":{}},{"classId":"e_7","part":"s21v1","offsets":[{"start":10,"text":"CITY OF EL CAJON"}],"coordinates":[],"confidence":{"state":"pre-added","who":["ml:regex"],"prob":0.5},"fields":{},"normalizations":{}},{"classId":"e_7","part":"s21v1","offsets":[{"start":301,"text":"City of El Cajon"}],"coordinates":[],"confidence":{"state":"pre-added","who":["ml:regex"],"prob":0.5},"fields":{},"normalizations":{}},{"classId":"e_7","part":"s21v1","offsets":[{"start":928,"text":"City of El Cajon"}],"coordinates":[],"confidence":{"state":"pre-added","who":["ml:regex"],"prob":0.5},"fields":{},"normalizations":{}},{"classId":"e_7","part":"s22v1","offsets":[{"start":10,"text":"CITY OF EL CAJON"}],"coordinates":[],"confidence":{"state":"pre-added","who":["ml:regex"],"prob":0.5},"fields":{},"normalizations":{}},{"classId":"e_7","part":"s23v1","offsets":[{"start":10,"text":"CITY OF EL CAJON"}],"coordinates":[],"confidence":{"state":"pre-added","who":["ml:regex"],"prob":0.5},"fields":{},"normalizations":{}},{"classId":"e_7","part":"s24v1","offsets":[{"start":22,"text":"CITY OF EL CAJON"}],"coordinates":[],"confidence":{"state":"pre-added","who":["ml:regex"],"prob":0.5},"fields":{},"normalizations":{}},{"classId":"e_1","part":"s25v1","offsets":[{"start":1481,"text":"East County Transitional Living Center, Inc"}],"coordinates":[],"confidence":{"state":"pre-added","who":["ml:regex"],"prob":0.5},"fields":{},"normalizations":{}}],"relations":[]}