{"annotatable":{"parts":["s1v1","s2v1","s3v1","s4v1","s5v1","s6v1","s7v1","s8v1","s9v1","s10v1","s11v1","s12v1","s13v1","s14v1","s15v1","s16v1","s17v1","s18v1","s19v1","s20v1","s21v1","s22v1","s23v1","s24v1","s25v1","s26v1","s27v1","s28v1","s29v1","s30v1","s31v1","s32v1","s33v1","s34v1","s35v1","s36v1","s37v1","s38v1","s39v1","s40v1","s41v1","s42v1","s43v1","s44v1","s45v1","s46v1","s47v1","s48v1","s49v1","s50v1","s51v1","s52v1","s53v1","s54v1","s55v1","s56v1","s57v1","s58v1","s59v1","s60v1","s61v1","s62v1","s63v1","s64v1","s65v1","s66v1","s67v1","s68v1","s69v1","s70v1","s71v1","s72v1","s73v1","s74v1","s75v1","s76v1","s77v1","s78v1"]},"anncomplete":true,"sources":[],"metas":{"m_24":{"value":"$720,664","confidence":{"state":"pre-added","who":["user:SDTEF"],"prob":1}},"m_22":{"value":"transitional storage center","confidence":{"state":"pre-added","who":["user:SDTEF"],"prob":1}},"m_23":{"value":"city and HEAP","confidence":{"state":"pre-added","who":["user:SDTEF"],"prob":1}},"m_20":{"value":"individuals and families","confidence":{"state":"pre-added","who":["user:SDTEF"],"prob":1}}},"entities":[{"classId":"e_19","part":"s1v1","offsets":[{"start":25,"text":"City of San Diego\n\nAGREEMENTFORTRANSITIONALSTORAGECENTER\n\nWITH\n\nM.ENTALHEALTHSYSTEMS,INC"}],"coordinates":[{"x":"263.17","y":"108.36"},{"x":"390.81","y":"191.88"}],"confidence":{"state":"pre-added","who":["user:SDTEF"],"prob":1},"fields":{},"normalizations":{}},{"classId":"e_7","part":"s1v1","offsets":[{"start":25,"text":"City of San Diego"}],"coordinates":[{"x":"263.17","y":"108.36"},{"x":"345.52","y":"114.83"}],"confidence":{"state":"pre-added","who":["user:SDTEF"],"prob":1},"fields":{},"normalizations":{}},{"classId":"e_4","part":"s1v1","offsets":[{"start":56,"text":"TRANSITIONALSTORAGECENTER"}],"coordinates":[{"x":"259.21","y":"133.53"},{"x":"443.96","y":"140.39"}],"confidence":{"state":"pre-added","who":["user:SDTEF"],"prob":1},"fields":{},"normalizations":{}},{"classId":"e_1","part":"s1v1","offsets":[{"start":89,"text":"M.ENTALHEALTHSYSTEMS,INC"}],"coordinates":[{"x":"214.93","y":"184.90"},{"x":"390.81","y":"191.88"}],"confidence":{"state":"pre-added","who":["user:SDTEF"],"prob":1},"fields":{},"normalizations":{}},{"classId":"e_7","part":"s1v1","offsets":[{"start":235,"text":"CITYOFSANDIEGO"}],"coordinates":[{"x":"318.97","y":"274.75"},{"x":"425.36","y":"281.51"}],"confidence":{"state":"pre-added","who":["user:SDTEF"],"prob":1},"fields":{},"normalizations":{}},{"classId":"e_1","part":"s1v1","offsets":[{"start":287,"text":"MENTALHEALTHSYSTEMS.INC. 9465FarnhamStreet SanDil1go,California92123"}],"coordinates":[{"x":"318.25","y":"338.84"},{"x":"443.98","y":"370.79"}],"confidence":{"state":"pre-added","who":["user:SDTEF"],"prob":1},"fields":{},"normalizations":{}},{"classId":"e_8","part":"s2v1","offsets":[{"start":5,"text":"TIMEOF PERFORMANCE a. hJitial'l!;rm Allse!'vicesrequiredput,;uanlto thisAgreementshallcommenceNovember18,2019through November18,2020.ThisAgreementis enbctiveon thelastdatethatthe Agreementis signedbythe partiesand approvedby the CityAttomeyin accordancewitl1ChrnterMction40. Unlessothe1wise terminated,thisAgreementis effectiveuntil it iscompletedor as otherwiseagreeduponinwriti11gby the pmties,whicheveris earliest.ThisAgreementtermcannotexceedfive (5) yearsunlessapproved by theCityCouncilby ordinance"}],"coordinates":[{"x":"124.57","y":"108.61"},{"x":"237.27","y":"217.43"}],"confidence":{"state":"pre-added","who":["user:SDTEF"],"prob":1},"fields":{},"normalizations":{}},{"classId":"e_2","part":"s2v1","offsets":[{"start":751,"text":"MaximumCompensation\n\nThototalcompensationfor all servicesperformedpurnuanto thisAgrccmcntshallnot exceed\n\nthe sum of SEVENHUNDRED TWENTYTHOUSAND SIX HUNDRED SIXTY-FOURAND NO/I00 Dollars($720,664.00). Contmctoracknowledgesthat tile City is under no obligationto i:ompensntcContractorfor servicesrenderedor ex.pe11-~es;iccruedunderthisAgreementinexces~of the maximumcompensationspecified above. It shall be the responsibilityof the Contrnctorto\n\nmonitor its activitiesto ensurethat the scope of servicesspecified in Contract AttachmentNo. 2 {Specifications/Scopeof Work)maybe completedandnochargesaccmedincxce.~sof themaximum compensationduring the tenn of this Agreement. !11the event that the work requiredcannot be completedwithintheamountspecified,or it appearsthatthemaximumcompensatitmprovided111ay be exceededbcfurethetermof theA&>reementexpires,Co11tn1ctorshallpr()mptlynotifythe City"}],"coordinates":[{"x":"158.05","y":"338.76"},{"x":"505.07","y":"485.27"}],"confidence":{"state":"pre-added","who":["user:SDTEF"],"prob":1},"fields":{},"normalizations":{}},{"classId":"e_6","part":"s7v1","offsets":[{"start":290,"text":"r"}],"coordinates":[],"confidence":{"state":"pre-added","who":["ml:regex"],"prob":0.5},"fields":{},"normalizations":{}},{"classId":"e_6","part":"s10v1","offsets":[{"start":411,"text":"r"}],"coordinates":[],"confidence":{"state":"pre-added","who":["ml:regex"],"prob":0.5},"fields":{},"normalizations":{}},{"classId":"e_6","part":"s12v1","offsets":[{"start":1903,"text":"r"}],"coordinates":[],"confidence":{"state":"pre-added","who":["ml:regex"],"prob":0.5},"fields":{},"normalizations":{}},{"classId":"e_4","part":"s19v1","offsets":[{"start":88,"text":"Transitional Storage Cenier"}],"coordinates":[{"x":"213.49","y":"157.57"},{"x":"342.87","y":"164.15"}],"confidence":{"state":"pre-added","who":["user:SDTEF"],"prob":1},"fields":{},"normalizations":{}},{"classId":"e_4","part":"s19v1","offsets":[{"start":129,"text":"for homeless individuals (\"Clients\") to store their lielongingsat the site located"}],"coordinates":[{"x":"402.85","y":"157.57"},{"x":"337.21","y":"177.11"}],"confidence":{"state":"pre-added","who":["user:SDTEF"],"prob":1},"fields":{},"normalizations":{}},{"classId":"e_5","part":"s19v1","offsets":[{"start":218,"text":"Lea Street Terminus,Si,nDiego, California92105"}],"coordinates":[{"x":"368.29","y":"170.53"},{"x":"165.84","y":"189.35"}],"confidence":{"state":"pre-added","who":["user:SDTEF"],"prob":1},"fields":{},"normalizations":{}},{"classId":"e_4","part":"s19v1","offsets":[{"start":279,"text":"THE PROGRAM\n\nThepurposeof thisFacilityis tohavesecure,protectedspaceforClientsin theCityof SanDiego10\n\nstoretheirpersonalbelongingSonanongoingbasis,andhavea(;cessto theirbelongingsduringhours of operation.BachClientof theFacilitywillhaveaccesstoonestoragecontainerfreeof charge.\n\nSraffoperatingtheFacilitywillprovideClientswithaccessto theirbelongingsina stagingareaunder st1pervision.Facilitystaff willneedto developa systemfor intakeof Clfontsand inventoryof their belongingsto providesec11restorageand access to tl)osebelongingswhile they are storedat the Facility.\n\nAs part of the ramp-upprocess, the City will pwvide 50 lockablestorage containerswith a combinationof large rolling storage cont11incrsto be placedon the ground. Contractorwill be responsibleforthe safetyandsecurityof thesioragecontainersandtheC<'.lntentsthereof. Contractor wiltneed to developappropriateprotocolforClientplacementandretrievalof belongings.TheCity reservestberight to retainall itemspurchasedunder theAgrce111e1itincluding,bUinot limitedto, lockablestoragecontainers,at theconclusionof theFacility'soperations.\n\nOperationwill al.sorcqllircrcpmtingof basicoutcomes:11ut11bcrofdailyusebyClients,total number of people.served,numberandpercentofstoragecontainersused"}],"coordinates":[{"x":"88.57","y":"207.95"},{"x":"364.00","y":"457.19"}],"confidence":{"state":"pre-added","who":["user:SDTEF"],"prob":1},"fields":{},"normalizations":{}},{"classId":"e_5","part":"s19v1","offsets":[{"start":1531,"text":"LOCATION\n\nConlrnctorshallmanagethe Facilityatthe Premiseslocatedat theLea StreetTcm1inus,SanDiego, California92I05."}],"coordinates":[{"x":"87.85","y":"475.64"},{"x":"165.01","y":"520.55"}],"confidence":{"state":"pre-added","who":["user:SDTEF"],"prob":1},"fields":{},"normalizations":{}},{"classId":"e_3","part":"s19v1","offsets":[{"start":2038,"text":"TARGETPOPULATIO"}],"coordinates":[{"x":"87.49","y":"680.13"},{"x":"206.36","y":"686.88"}],"confidence":{"state":"pre-added","who":["user:SDTEF"],"prob":1},"fields":{},"normalizations":{}},{"classId":"e_3","part":"s20v1","offsets":[{"start":0,"text":"The Facility's targetpopulationconsistsof homeless individualsand familiesresidingin theCity.\n\nEachClicntshallbeHomelessasdefinedbytheU.S.Departmentofl-lousingandUrbanDevelopment (HUD).All Client~will sell~cer!if'yashomelessas part of the.intakeprocess.\n\nThe followingcriteriamaynot be used to detennineusageof the storngecenter service: • Access may not b-0denied to those expressing signs of inebriation, drug use or mental health issues,as longas the behaviors/actionsdonot pose a danger or threat to others • . Puymentor nbilityto pay • Identificatio"}],"coordinates":[{"x":"95.04","y":"117.72"},{"x":"184.87","y":"245.51"}],"confidence":{"state":"pre-added","who":["user:SDTEF"],"prob":1},"fields":{},"normalizations":{}},{"classId":"e_6","part":"s20v1","offsets":[{"start":873,"text":"PROGRAM:REQUIREMENTS\n\nContractorshall:\n\n• Providestorageto Clientsand limitthat storageto no morethan one storagecontainerper Client at any one time. • Providea servicedelivery system that effectively~c.rv~-sthe targl't populatiml in a safo, secure,and welcomingClient-centriccnvil'onmcnt. • Maintainan invcnto1ysystemwhichtmcksthe locationof stored items in suchmannerthat enablesaccuruteretrievalas req11ested. • Devisearidmaintainan inventorysystem to log itemsstoredby Clients. • Makeeffortsto ensureClientsdonot queue, litteror loiterwithina (>Ile-blockradiusof the Facility. Contractor will report all suspected criminal activity to law enforcement a11d notifyCity's EnvhonmentalServicesDepnrtmentto mitigaterelated issues. • Enter and maintninbasic intakedata Into the regionall:lomelessManagementInformation System (HMIS), in accordancewith the RegionalTask Forceon Hornelcss11ess(RTFH) data standards.[http://www.rtfhsd.org/lunis/]. • Coordinatewith the SanDiegoPoliceDepartmentto implementa comprehensivestrategy for Client oumiach. • Provide presence, visibility, and assist11nccto lmlividuals who are experiencing homelessnessin the vicit1ityof the Facil.ity.\n\n· • Employ a strategy of proactive engagement of Clients within the community to place belongingsin storageas an alternativeto in thepublic right of way or on privateproperty. • Further,workwithCity depart111entsand communityserviceagencies to:"}],"coordinates":[{"x":"94.33","y":"371.91"},{"x":"448.21","y":"690.47"}],"confidence":{"state":"pre-added","who":["user:SDTEF"],"prob":1},"fields":{},"normalizations":{}},{"classId":"e_6","part":"s21v1","offsets":[{"start":2,"text":"Provide Clients basic infommtionon locntions where Clients can gain access to other homelessservices. o Coon!inatc with. San Diego Police Department (SDPD) and the City's EnvironmentalServicesDepartmentto devisea system for intakeof properlywith unknown owners which provides for: intake, inventory, tugging with a unique identifier,and storingof the propertyfor a prescribedamount of time. Verifyand restorebelongingstoclaimants and provideopportunityfor ongoingstomge. o Provide a point of contact re11resenllltivewho shall coonlinate security und accessibilityissueswith the SDPD, thoCity, and the community. o Ensurereg,,lar e;(teriorclean-upof the :Premisesby the EnvironmentalServices Department. • Conduct intake, review tho Rules and Regulationsand Terms of Seivice of the Facility with Clients; Ru!.esnnd Regulations and Terms of Service m11ybe developed by the Cuntrncloras reasonablynecessaryto ensure operattonal.effectiveness.but shall include the minimum standardscontainedherein and shall be subject to review and approval by the City. • RequireCli.entsto signan agreementacknnwledgingcoinpliancewith theTemis ofService set forthherein, and certifyingtheyare not in violationof thoserequitemenl~. • Al every check in/check out, require Clients to sii,111an agreement acknowledging compliance with the Tcm\\s of Service set forth herein, and certifying they are not in violationof those requiremellts. • Createa \"l'erms of Service\"to include the followingat minimum: o . One lockingstoragecpntainerp\\wpersonaged 1Byears or older or an emancipated minor o Storagecontainersureassigned to individualsonly; no joiut ownerahippermitted o An assignedcontainermayonly he accessedby theClient it fa assigned to o Only site attendants or authorizedvolunteers may retrieve storage containe11> fromsio111gearea o Storagecontainersmay not contain the following items: • Foodor beverages • Perishables • Alcohol,drugs, or drug parnphemali,1 • Medication • Weapons • Hai.ardous,combustible,or chemicalmaterials • Animalsor livingthings • Itemsshowingsigns of infestation • Any illegal ilems, includingstolen items, contraband.or any item that is not legallyin the Client's possession • Shopping l1a1ts.bicycles, cmts, or other wh~elcd devices, except privntelyowned shoppingcarts which fit in the storagecontaine"}],"coordinates":[{"x":"156.25","y":"109.49"},{"x":"470.26","y":"683.64"}],"confidence":{"state":"pre-added","who":["user:SDTEF"],"prob":1},"fields":{},"normalizations":{}},{"classId":"e_6","part":"s21v1","offsets":[{"start":2314,"text":"r"}],"coordinates":[{"x":"470.25","y":"677.22"},{"x":"474.08","y":"683.64"}],"confidence":{"state":"pre-added","who":["user:SDTEF"],"prob":1},"fields":{},"normalizations":{}},{"classId":"e_6","part":"s22v1","offsets":[{"start":2119,"text":"PROGRAM OUTCOMES a. The Contractor agrees to enter all HUD UDEs and progrnm-specific data elements (PSDEs), as applicable, into the RTFH-appmvcdHMIS for data collection.and analytics"}],"coordinates":[{"x":"93.25","y":"654.16"},{"x":"520.41","y":"699.47"}],"confidence":{"state":"pre-added","who":["user:SDTEF"],"prob":1},"fields":{},"normalizations":{}},{"classId":"e_6","part":"s23v1","offsets":[{"start":0,"text":"All programprogresswill bedocumentedto theCitythroughmonthlynndtenn-end reports in a fonnand formatdetem1inedbytheCity.All monthlyreportingis due to theCitywilhin 15 calendar days of the end of the repmtingperiod. Failure to submit monthly reports within 15 calendar days of the end of the reporting period may result in an action of 11011compliance. b. If stated benchmark$are not met, ContrnctQrmay be required to submit a pe1formance improvementplan in a form and formatdeterminedby the City. c. For the Agreementterm, theContrnct(>rwill ensurethe followingprimaryprogramuutputs and staridard"}],"coordinates":[{"x":"122.05","y":"107.64"},{"x":"181.00","y":"238.32"}],"confidence":{"state":"pre-added","who":["user:SDTEF"],"prob":1},"fields":{},"normalizations":{}},{"classId":"e_6","part":"s26v1","offsets":[{"start":382,"text":"R"}],"coordinates":[],"confidence":{"state":"pre-added","who":["ml:regex"],"prob":0.5},"fields":{},"normalizations":{}},{"classId":"e_6","part":"s26v1","offsets":[{"start":410,"text":"r"}],"coordinates":[],"confidence":{"state":"pre-added","who":["ml:regex"],"prob":0.5},"fields":{},"normalizations":{}},{"classId":"e_6","part":"s31v1","offsets":[{"start":534,"text":"r"}],"coordinates":[],"confidence":{"state":"pre-added","who":["ml:regex"],"prob":0.5},"fields":{},"normalizations":{}},{"classId":"e_6","part":"s31v1","offsets":[{"start":642,"text":"r"}],"coordinates":[],"confidence":{"state":"pre-added","who":["ml:regex"],"prob":0.5},"fields":{},"normalizations":{}},{"classId":"e_6","part":"s31v1","offsets":[{"start":1017,"text":"r"}],"coordinates":[],"confidence":{"state":"pre-added","who":["ml:regex"],"prob":0.5},"fields":{},"normalizations":{}},{"classId":"e_6","part":"s31v1","offsets":[{"start":1208,"text":"r"}],"coordinates":[],"confidence":{"state":"pre-added","who":["ml:regex"],"prob":0.5},"fields":{},"normalizations":{}},{"classId":"e_6","part":"s31v1","offsets":[{"start":1332,"text":"r"}],"coordinates":[],"confidence":{"state":"pre-added","who":["ml:regex"],"prob":0.5},"fields":{},"normalizations":{}},{"classId":"e_6","part":"s31v1","offsets":[{"start":1370,"text":"r"}],"coordinates":[],"confidence":{"state":"pre-added","who":["ml:regex"],"prob":0.5},"fields":{},"normalizations":{}},{"classId":"e_6","part":"s32v1","offsets":[{"start":189,"text":"r"}],"coordinates":[],"confidence":{"state":"pre-added","who":["ml:regex"],"prob":0.5},"fields":{},"normalizations":{}},{"classId":"e_6","part":"s32v1","offsets":[{"start":370,"text":"r"}],"coordinates":[],"confidence":{"state":"pre-added","who":["ml:regex"],"prob":0.5},"fields":{},"normalizations":{}},{"classId":"e_7","part":"s33v1","offsets":[{"start":282,"text":"City of San Diego"}],"coordinates":[],"confidence":{"state":"pre-added","who":["ml:regex"],"prob":0.5},"fields":{},"normalizations":{}},{"classId":"e_7","part":"s36v1","offsets":[{"start":267,"text":"City of San Diego"}],"coordinates":[],"confidence":{"state":"pre-added","who":["ml:regex"],"prob":0.5},"fields":{},"normalizations":{}},{"classId":"e_6","part":"s36v1","offsets":[{"start":790,"text":"r"}],"coordinates":[],"confidence":{"state":"pre-added","who":["ml:regex"],"prob":0.5},"fields":{},"normalizations":{}},{"classId":"e_7","part":"s36v1","offsets":[{"start":907,"text":"City of San Diego"}],"coordinates":[],"confidence":{"state":"pre-added","who":["ml:regex"],"prob":0.5},"fields":{},"normalizations":{}},{"classId":"e_6","part":"s37v1","offsets":[{"start":1001,"text":"r"}],"coordinates":[],"confidence":{"state":"pre-added","who":["ml:regex"],"prob":0.5},"fields":{},"normalizations":{}},{"classId":"e_6","part":"s38v1","offsets":[{"start":49,"text":"R"}],"coordinates":[],"confidence":{"state":"pre-added","who":["ml:regex"],"prob":0.5},"fields":{},"normalizations":{}},{"classId":"e_6","part":"s38v1","offsets":[{"start":98,"text":"R"}],"coordinates":[],"confidence":{"state":"pre-added","who":["ml:regex"],"prob":0.5},"fields":{},"normalizations":{}},{"classId":"e_7","part":"s40v1","offsets":[{"start":76,"text":"1-fomeJessEmeruoncyAid Program"}],"coordinates":[{"x":"202.33","y":"156.18"},{"x":"379.48","y":"162.72"}],"confidence":{"state":"pre-added","who":["user:SDTEF"],"prob":1},"fields":{},"normalizations":{}},{"classId":"e_7","part":"s40v1","offsets":[{"start":106,"text":"(HgAP"}],"coordinates":[{"x":"379.45","y":"155.76"},{"x":"415.19","y":"162.72"}],"confidence":{"state":"pre-added","who":["user:SDTEF"],"prob":1},"fields":{},"normalizations":{}},{"classId":"e_7","part":"s40v1","offsets":[{"start":114,"text":"CityofSanDiego"}],"coordinates":[],"confidence":{"state":"pre-added","who":["ml:regex"],"prob":0.5},"fields":{},"normalizations":{}},{"classId":"e_7","part":"s47v1","offsets":[{"start":31,"text":"CityofSanDiego"}],"coordinates":[],"confidence":{"state":"pre-added","who":["ml:regex"],"prob":0.5},"fields":{},"normalizations":{}},{"classId":"e_6","part":"s47v1","offsets":[{"start":93,"text":"r"}],"coordinates":[],"confidence":{"state":"pre-added","who":["ml:regex"],"prob":0.5},"fields":{},"normalizations":{}},{"classId":"e_6","part":"s47v1","offsets":[{"start":1823,"text":"R"}],"coordinates":[],"confidence":{"state":"pre-added","who":["ml:regex"],"prob":0.5},"fields":{},"normalizations":{}},{"classId":"e_7","part":"s55v1","offsets":[{"start":97,"text":"CityofSanDiego"}],"coordinates":[],"confidence":{"state":"pre-added","who":["ml:regex"],"prob":0.5},"fields":{},"normalizations":{}},{"classId":"e_6","part":"s66v1","offsets":[{"start":3721,"text":"R"}],"coordinates":[],"confidence":{"state":"pre-added","who":["ml:regex"],"prob":0.5},"fields":{},"normalizations":{}}],"relations":[]}