{"annotatable":{"parts":["s1p1","s1p2","s1p3","s1p4","s1p5","s1p6","s1p7","s1p8","s1p9","s1p10","s1p11","s1p12","s1p13","s1p14","s1p15","s1p16","s1p17","s1p18","s1p19","s1p20","s1p21","s1p22","s1p23","s1p24","s1p25","s1p26","s1p27"]},"anncomplete":true,"sources":[{"name":"ORIG","id":"560669_Amendment_.pdf","url":""}],"metas":{"m_24":{"value":"$417,309.96","confidence":{"state":"pre-added","who":["user:SDTEF"],"prob":1}},"m_22":{"value":"short term case management and long term financial assistance","confidence":{"state":"pre-added","who":["user:SDTEF"],"prob":1}}},"entities":[{"classId":"e_19","part":"s1p1","offsets":[{"start":0,"text":"COUNTY CONTRACT NUMBER 560669"}],"coordinates":[],"confidence":{"state":"pre-added","who":["user:SDTEF"],"prob":1},"fields":{},"normalizations":{}},{"classId":"e_1","part":"s1p1","offsets":[{"start":45,"text":"INTERFAITH COMMUNITY SERVICES"}],"coordinates":[],"confidence":{"state":"","who":["ml:nalaf"],"prob":0.7904592282371542},"fields":{},"normalizations":{}},{"classId":"e_4","part":"s1p1","offsets":[{"start":79,"text":"HOME SAFE PROGRAM"}],"coordinates":[],"confidence":{"state":"pre-added","who":["user:SDTEF"],"prob":1},"fields":{},"normalizations":{}},{"classId":"e_19","part":"s1p1","offsets":[{"start":109,"text":"PAYMENT SCHEDULE"}],"coordinates":[],"confidence":{"state":"pre-added","who":["user:SDTEF"],"prob":1},"fields":{},"normalizations":{}},{"classId":"e_19","part":"s1p2","offsets":[{"start":0,"text":"560669 Amendment 01"}],"coordinates":[],"confidence":{"state":"pre-added","who":["user:SDTEF"],"prob":1},"fields":{},"normalizations":{}},{"classId":"e_19","part":"s1p3","offsets":[{"start":11,"text":"Payment Schedule"}],"coordinates":[],"confidence":{"state":"pre-added","who":["ml:regex"],"prob":0.5},"fields":{},"normalizations":{}},{"classId":"e_8","part":"s1p4","offsets":[{"start":13,"text":"July 1, 2020- June 30, 2021"}],"coordinates":[],"confidence":{"state":"pre-added","who":["user:SDTEF"],"prob":1},"fields":{"f_12":{"value":"1","confidence":{"state":"pre-added","who":["user:SDTEF"],"prob":1}}},"normalizations":{}},{"classId":"e_4","part":"s1p4","offsets":[{"start":129,"text":"Home Safe Program"}],"coordinates":[],"confidence":{"state":"pre-added","who":["ml:regex"],"prob":0.5},"fields":{},"normalizations":{}},{"classId":"e_4","part":"s1p7","offsets":[{"start":12,"text":"Short-Term Case Management"}],"coordinates":[],"confidence":{"state":"pre-added","who":["user:SDTEF"],"prob":1},"fields":{},"normalizations":{}},{"classId":"e_4","part":"s1p14","offsets":[{"start":37,"text":"Short-Term Case Management"}],"coordinates":[],"confidence":{"state":"pre-added","who":["ml:regex"],"prob":0.5},"fields":{},"normalizations":{}},{"classId":"e_4","part":"s1p22","offsets":[{"start":16,"text":"Longer Term Emergency Financial Assistance"}],"coordinates":[],"confidence":{"state":"pre-added","who":["user:SDTEF"],"prob":1},"fields":{},"normalizations":{}},{"classId":"e_4","part":"s1p22","offsets":[{"start":114,"text":"Long Term Assistance"}],"coordinates":[],"confidence":{"state":"pre-added","who":["user:SDTEF"],"prob":1},"fields":{},"normalizations":{}},{"classId":"e_2","part":"s1p26","offsets":[{"start":0,"text":"Contract Total Not-to-Exceed"}],"coordinates":[],"confidence":{"state":"pre-added","who":["user:SDTEF"],"prob":1},"fields":{},"normalizations":{}},{"classId":"e_2","part":"s1p27","offsets":[{"start":0,"text":"$417,309.96"}],"coordinates":[],"confidence":{"state":"pre-added","who":["user:SDTEF"],"prob":1},"fields":{},"normalizations":{}}],"relations":[]}