{"annotatable":{"parts":["s1v1","s2v1","s3v1","s4v1","s5v1","s6v1","s7v1","s8v1","s9v1","s10v1","s11v1","s12v1","s13v1","s14v1","s15v1","s16v1","s17v1"]},"anncomplete":true,"sources":[{"name":"ORIG","id":"Legal_Aid_Society_of_San_Diego__2019__1_.pdf","url":""}],"metas":{"m_23":{"value":"city and CDBG funds","confidence":{"state":"pre-added","who":["user:SDTEF"],"prob":1}},"m_24":{"value":"$22,744","confidence":{"state":"pre-added","who":["user:SDTEF"],"prob":1}},"m_22":{"value":"fair housing and tenant landlord services","confidence":{"state":"pre-added","who":["user:SDTEF"],"prob":1}},"m_21":{"value":"LMI","confidence":{"state":"pre-added","who":["user:SDTEF"],"prob":1}}},"entities":[{"classId":"e_19","part":"s1v1","offsets":[{"start":0,"text":"AGREEMENT BETWEEN THE CITY OF CARLSBAD AND LEGAL AID SOCIETY OF SAN DIEGO FOR FEDERAL COMMUNITY DEVELOPMENT BLOCK GRANT FUNDS"}],"coordinates":[{"x":"174.92","y":"96.58"},{"x":"501.70","y":"129.72"}],"confidence":{"state":"pre-added","who":["user:SDTEF"],"prob":1},"fields":{},"normalizations":{}},{"classId":"e_7","part":"s1v1","offsets":[{"start":22,"text":"CITY OF CARLSBAD"}],"coordinates":[{"x":"338.74","y":"96.58"},{"x":"450.19","y":"102.86"}],"confidence":{"state":"pre-added","who":["user:SDTEF"],"prob":1},"fields":{},"normalizations":{}},{"classId":"e_1","part":"s1v1","offsets":[{"start":43,"text":"LEGAL AID SOCIETY OF SAN DIEGO"}],"coordinates":[{"x":"214.00","y":"110.00"},{"x":"414.88","y":"116.28"}],"confidence":{"state":"pre-added","who":["user:SDTEF"],"prob":1},"fields":{},"normalizations":{}},{"classId":"e_7","part":"s1v1","offsets":[{"start":78,"text":"FEDERAL COMMUNITY DEVELOPMENT BLOCK GRANT FUNDS"}],"coordinates":[{"x":"151.11","y":"123.44"},{"x":"501.70","y":"129.72"}],"confidence":{"state":"pre-added","who":["user:SDTEF"],"prob":1},"fields":{},"normalizations":{}},{"classId":"e_7","part":"s1v1","offsets":[{"start":237,"text":"CITY OF CARLSBAD"}],"coordinates":[],"confidence":{"state":"pre-added","who":["ml:regex"],"prob":0.5},"fields":{},"normalizations":{}},{"classId":"e_7","part":"s1v1","offsets":[{"start":267,"text":"Legal Aid Society ~an Diego,"}],"coordinates":[{"x":"504.16","y":"164.25"},{"x":"209.91","y":"183.97"}],"confidence":{"state":"pre-added","who":["user:SDTEF"],"prob":1},"fields":{},"normalizations":{}},{"classId":"e_1","part":"s1v1","offsets":[{"start":1016,"text":"Legal Aid Society of San Diego"}],"coordinates":[],"confidence":{"state":"pre-added","who":["ml:regex"],"prob":0.5},"fields":{},"normalizations":{}},{"classId":"e_7","part":"s1v1","offsets":[{"start":1239,"text":"Community Development Block Grant funds"}],"coordinates":[{"x":"263.38","y":"433.85"},{"x":"472.69","y":"439.82"}],"confidence":{"state":"pre-added","who":["user:SDTEF"],"prob":1},"fields":{},"normalizations":{}},{"classId":"e_7","part":"s1v1","offsets":[{"start":1565,"text":"CDBG"}],"coordinates":[{"x":"424.22","y":"541.13"},{"x":"455.08","y":"547.10"}],"confidence":{"state":"pre-added","who":["user:SDTEF"],"prob":1},"fields":{},"normalizations":{}},{"classId":"e_2","part":"s1v1","offsets":[{"start":1580,"text":"n the amount of twenty two thousand seven hundred forty four dollars ($22,744)"}],"coordinates":[{"x":"505.26","y":"541.13"},{"x":"437.33","y":"560.06"}],"confidence":{"state":"pre-added","who":["user:SDTEF"],"prob":1},"fields":{},"normalizations":{}},{"classId":"e_8","part":"s1v1","offsets":[{"start":1790,"text":"for the period beginning July 1, 2019 and ending June 30, 2020"}],"coordinates":[{"x":"174.57","y":"580.24"},{"x":"496.25","y":"586.21"}],"confidence":{"state":"pre-added","who":["user:SDTEF"],"prob":1},"fields":{},"normalizations":{}},{"classId":"e_4","part":"s1v1","offsets":[{"start":1994,"text":"Scope of Work"}],"coordinates":[],"confidence":{"state":"pre-added","who":["ml:regex"],"prob":0.5},"fields":{},"normalizations":{}},{"classId":"e_7","part":"s2v1","offsets":[{"start":206,"text":"CDBG"}],"coordinates":[],"confidence":{"state":"pre-added","who":["ml:regex"],"prob":0.5},"fields":{},"normalizations":{}},{"classId":"e_7","part":"s2v1","offsets":[{"start":1114,"text":"CDBG"}],"coordinates":[],"confidence":{"state":"pre-added","who":["ml:regex"],"prob":0.5},"fields":{},"normalizations":{}},{"classId":"e_7","part":"s2v1","offsets":[{"start":2158,"text":"CDBG"}],"coordinates":[],"confidence":{"state":"pre-added","who":["ml:regex"],"prob":0.5},"fields":{},"normalizations":{}},{"classId":"e_7","part":"s2v1","offsets":[{"start":2855,"text":"CDBG"}],"coordinates":[],"confidence":{"state":"pre-added","who":["ml:regex"],"prob":0.5},"fields":{},"normalizations":{}},{"classId":"e_2","part":"s2v1","offsets":[{"start":2860,"text":"funds of $22,744 maximum as allocated by the City Council for program year 2019-2020."}],"coordinates":[{"x":"389.60","y":"683.92"},{"x":"353.41","y":"703.79"}],"confidence":{"state":"pre-added","who":["user:SDTEF"],"prob":1},"fields":{},"normalizations":{}},{"classId":"e_7","part":"s3v1","offsets":[{"start":425,"text":"CDBG"}],"coordinates":[],"confidence":{"state":"pre-added","who":["ml:regex"],"prob":0.5},"fields":{},"normalizations":{}},{"classId":"e_7","part":"s3v1","offsets":[{"start":633,"text":"CDBG"}],"coordinates":[],"confidence":{"state":"pre-added","who":["ml:regex"],"prob":0.5},"fields":{},"normalizations":{}},{"classId":"e_7","part":"s3v1","offsets":[{"start":904,"text":"CDBG"}],"coordinates":[],"confidence":{"state":"pre-added","who":["ml:regex"],"prob":0.5},"fields":{},"normalizations":{}},{"classId":"e_7","part":"s3v1","offsets":[{"start":942,"text":"CDBG"}],"coordinates":[],"confidence":{"state":"pre-added","who":["ml:regex"],"prob":0.5},"fields":{},"normalizations":{}},{"classId":"e_6","part":"s3v1","offsets":[{"start":1789,"text":"At a minimum, the performance reports shall include the following information: a. Total number of persons/households participating in the program during reported period; b. Total number of participants from Carlsbad; c. Number of low/moderate income Carlsbad persons/households participating in the program during the reporting period; d. Age and ethnic background of Carlsbad participants; and, e. Summary of program(s) provided to Carlsbad participants. f. Quarterly repo11s must be submitted by the following: October 10, January l 0, April l 0, and June 20."}],"coordinates":[{"x":"70.79","y":"488.84"},{"x":"247.85","y":"632.50"}],"confidence":{"state":"pre-added","who":["user:SDTEF"],"prob":1},"fields":{},"normalizations":{}},{"classId":"e_7","part":"s4v1","offsets":[{"start":83,"text":"CDBG"}],"coordinates":[],"confidence":{"state":"pre-added","who":["ml:regex"],"prob":0.5},"fields":{},"normalizations":{}},{"classId":"e_7","part":"s4v1","offsets":[{"start":1185,"text":"City of Carlsbad"}],"coordinates":[],"confidence":{"state":"pre-added","who":["ml:regex"],"prob":0.5},"fields":{},"normalizations":{}},{"classId":"e_7","part":"s4v1","offsets":[{"start":2190,"text":"CDBG"}],"coordinates":[],"confidence":{"state":"pre-added","who":["ml:regex"],"prob":0.5},"fields":{},"normalizations":{}},{"classId":"e_7","part":"s4v1","offsets":[{"start":2602,"text":"CDBG"}],"coordinates":[],"confidence":{"state":"pre-added","who":["ml:regex"],"prob":0.5},"fields":{},"normalizations":{}},{"classId":"e_7","part":"s4v1","offsets":[{"start":2862,"text":"CDBG"}],"coordinates":[],"confidence":{"state":"pre-added","who":["ml:regex"],"prob":0.5},"fields":{},"normalizations":{}},{"classId":"e_7","part":"s5v1","offsets":[{"start":226,"text":"CDBG"}],"coordinates":[],"confidence":{"state":"pre-added","who":["ml:regex"],"prob":0.5},"fields":{},"normalizations":{}},{"classId":"e_7","part":"s5v1","offsets":[{"start":403,"text":"CDBG"}],"coordinates":[],"confidence":{"state":"pre-added","who":["ml:regex"],"prob":0.5},"fields":{},"normalizations":{}},{"classId":"e_7","part":"s5v1","offsets":[{"start":567,"text":"CDBG"}],"coordinates":[],"confidence":{"state":"pre-added","who":["ml:regex"],"prob":0.5},"fields":{},"normalizations":{}},{"classId":"e_7","part":"s5v1","offsets":[{"start":702,"text":"CDBG"}],"coordinates":[],"confidence":{"state":"pre-added","who":["ml:regex"],"prob":0.5},"fields":{},"normalizations":{}},{"classId":"e_7","part":"s5v1","offsets":[{"start":855,"text":"CDBG"}],"coordinates":[],"confidence":{"state":"pre-added","who":["ml:regex"],"prob":0.5},"fields":{},"normalizations":{}},{"classId":"e_7","part":"s5v1","offsets":[{"start":1557,"text":"CDBG"}],"coordinates":[],"confidence":{"state":"pre-added","who":["ml:regex"],"prob":0.5},"fields":{},"normalizations":{}},{"classId":"e_7","part":"s5v1","offsets":[{"start":1657,"text":"CDBG"}],"coordinates":[],"confidence":{"state":"pre-added","who":["ml:regex"],"prob":0.5},"fields":{},"normalizations":{}},{"classId":"e_7","part":"s5v1","offsets":[{"start":1816,"text":"CDBG"}],"coordinates":[],"confidence":{"state":"pre-added","who":["ml:regex"],"prob":0.5},"fields":{},"normalizations":{}},{"classId":"e_7","part":"s5v1","offsets":[{"start":2219,"text":"CDBG"}],"coordinates":[],"confidence":{"state":"pre-added","who":["ml:regex"],"prob":0.5},"fields":{},"normalizations":{}},{"classId":"e_7","part":"s6v1","offsets":[{"start":1519,"text":"CDBG"}],"coordinates":[],"confidence":{"state":"pre-added","who":["ml:regex"],"prob":0.5},"fields":{},"normalizations":{}},{"classId":"e_7","part":"s8v1","offsets":[{"start":14,"text":"CITY OF CARLSBAD"}],"coordinates":[],"confidence":{"state":"pre-added","who":["ml:regex"],"prob":0.5},"fields":{},"normalizations":{}},{"classId":"e_7","part":"s8v1","offsets":[{"start":31,"text":"COMMUNITY DEVELOPMENT BLOCK GRANT PROGRAM"}],"coordinates":[{"x":"138.29","y":"116.71"},{"x":"472.41","y":"122.99"}],"confidence":{"state":"pre-added","who":["user:SDTEF"],"prob":1},"fields":{},"normalizations":{}},{"classId":"e_4","part":"s8v1","offsets":[{"start":74,"text":"SCOPE OF WORK"}],"coordinates":[{"x":"255.13","y":"144.32"},{"x":"356.40","y":"150.60"}],"confidence":{"state":"pre-added","who":["user:SDTEF"],"prob":1},"fields":{},"normalizations":{}},{"classId":"e_8","part":"s8v1","offsets":[{"start":89,"text":"Contract Term:\n\nJuly 1, 2019 to June 30, 2020"}],"coordinates":[{"x":"71.83","y":"186.22"},{"x":"320.48","y":"192.36"}],"confidence":{"state":"pre-added","who":["user:SDTEF"],"prob":1},"fields":{},"normalizations":{}},{"classId":"e_1","part":"s8v1","offsets":[{"start":136,"text":"Subrecipient Name:"}],"coordinates":[],"confidence":{"state":"pre-added","who":["ml:regex"],"prob":0.5},"fields":{},"normalizations":{}},{"classId":"e_1","part":"s8v1","offsets":[{"start":155,"text":"LEGAL AID SOCIETY OF SAN DIEGO"}],"coordinates":[],"confidence":{"state":"pre-added","who":["ml:regex"],"prob":0.5},"fields":{},"normalizations":{}},{"classId":"e_1","part":"s8v1","offsets":[{"start":187,"text":"Address:\n\n110 South Euclid Avenue, San Diego, CA 92114"}],"coordinates":[{"x":"71.92","y":"241.65"},{"x":"414.56","y":"247.79"}],"confidence":{"state":"pre-added","who":["user:SDTEF"],"prob":1},"fields":{},"normalizations":{}},{"classId":"e_4","part":"s8v1","offsets":[{"start":243,"text":"Project Description: Fair housing and tenant landlord services"}],"coordinates":[{"x":"72.14","y":"269.26"},{"x":"376.66","y":"275.40"}],"confidence":{"state":"pre-added","who":["user:SDTEF"],"prob":1},"fields":{},"normalizations":{}},{"classId":"e_6","part":"s8v1","offsets":[{"start":307,"text":"Project Goals & Objectives: (Please Attach Additional Sheets As Necessary.)\n\n1. CDBG funds will be used to fund the following activities in compliance with the project description outlined and in confonnance with the Federal regulations for the CDBG program: (Please spec([v (/' CDBG funds will be used to fimd costs associated with staffing, rents, utilities, supplies, etc.)\n\nActivities will include conducting workshops, distribution of literature on fair housing, monitoring related legislation, responding to inquiries related to fair housing from the public and processing, provide conflict resolution counseling on the telephone and resolving discrimination complaints received from Carlsbad residents.\n\n2. Project objectives to be accomplished during the contract period: (Please describe the specific services or activities to be provided to lmdmoderate income Carlsbad residents with the CDBGfimds awarded. {/'applicable, please provide a target ol?fectivefor the number of persons/households to benefit.from the Subrecipient's se1Tices/project.)\n\nProvide at least one fair housing workshop in Carlsbad. Respond and assist at a minimum of 50 Carlsbad residents with fair housing related issues. Work with other fair housing service providers to develop a standard reporting format.\n\n3. Project objectives perfonnance measures: a. Provide quarterly performance reports to the City of Carlsbad, Housing and Neighborhood Services Department on the CDBG Quarterly Performance Report fonn as provided. b. Maintain records, invoices, and relevant statistics supporting the qumierly rep01is. c. Provide a final performance report, including an evaluation repmi of the program's success in meeting established goals, to the City of Carlsbad Housing and Neighborhood Services Department within 10 days of termination of the contract date on the CDBG Annual Performance Report form as provided. d. Provide notification to the City of any audits or investigations including results, findings"}],"coordinates":[{"x":"72.12","y":"296.61"},{"x":"534.94","y":"717.00"}],"confidence":{"state":"pre-added","who":["user:SDTEF"],"prob":1},"fields":{},"normalizations":{}},{"classId":"e_7","part":"s8v1","offsets":[{"start":387,"text":"CDBG"}],"coordinates":[],"confidence":{"state":"pre-added","who":["ml:regex"],"prob":0.5},"fields":{},"normalizations":{}},{"classId":"e_7","part":"s8v1","offsets":[{"start":552,"text":"CDBG"}],"coordinates":[],"confidence":{"state":"pre-added","who":["ml:regex"],"prob":0.5},"fields":{},"normalizations":{}},{"classId":"e_7","part":"s8v1","offsets":[{"start":586,"text":"CDBG"}],"coordinates":[],"confidence":{"state":"pre-added","who":["ml:regex"],"prob":0.5},"fields":{},"normalizations":{}},{"classId":"e_3","part":"s8v1","offsets":[{"start":1140,"text":"to be provided to lmdmoderate income Carlsbad residents"}],"coordinates":[{"x":"231.89","y":"476.36"},{"x":"514.74","y":"482.52"}],"confidence":{"state":"pre-added","who":["user:SDTEF"],"prob":1},"fields":{},"normalizations":{}},{"classId":"e_7","part":"s8v1","offsets":[{"start":1692,"text":"City of Carlsbad"}],"coordinates":[],"confidence":{"state":"pre-added","who":["ml:regex"],"prob":0.5},"fields":{},"normalizations":{}},{"classId":"e_7","part":"s8v1","offsets":[{"start":1762,"text":"CDBG"}],"coordinates":[],"confidence":{"state":"pre-added","who":["ml:regex"],"prob":0.5},"fields":{},"normalizations":{}},{"classId":"e_7","part":"s8v1","offsets":[{"start":2033,"text":"City of Carlsbad"}],"coordinates":[],"confidence":{"state":"pre-added","who":["ml:regex"],"prob":0.5},"fields":{},"normalizations":{}},{"classId":"e_7","part":"s8v1","offsets":[{"start":2153,"text":"CDBG"}],"coordinates":[],"confidence":{"state":"pre-added","who":["ml:regex"],"prob":0.5},"fields":{},"normalizations":{}},{"classId":"e_7","part":"s10v1","offsets":[{"start":13,"text":"CITY OF CARLSBAD"}],"coordinates":[],"confidence":{"state":"pre-added","who":["ml:regex"],"prob":0.5},"fields":{},"normalizations":{}},{"classId":"e_7","part":"s10v1","offsets":[{"start":30,"text":"COMMUNITY DEVELOPMENT BLOCK GRANT PROGRAM"}],"coordinates":[],"confidence":{"state":"pre-added","who":["ml:regex"],"prob":0.5},"fields":{},"normalizations":{}},{"classId":"e_8","part":"s10v1","offsets":[{"start":81,"text":"Contract Tenn:\n\nJuly 1,2019 to June 30, 2020"}],"coordinates":[{"x":"72.58","y":"173.45"},{"x":"321.00","y":"179.64"}],"confidence":{"state":"pre-added","who":["user:SDTEF"],"prob":1},"fields":{},"normalizations":{}},{"classId":"e_1","part":"s10v1","offsets":[{"start":127,"text":"Subrecipient Name:"}],"coordinates":[{"x":"72.50","y":"201.29"},{"x":"166.64","y":"207.48"}],"confidence":{"state":"pre-added","who":["user:SDTEF"],"prob":1},"fields":{},"normalizations":{}},{"classId":"e_1","part":"s10v1","offsets":[{"start":146,"text":"LEGAL AID SOCIETY OF SAN DIEGO"}],"coordinates":[],"confidence":{"state":"pre-added","who":["ml:regex"],"prob":0.5},"fields":{},"normalizations":{}},{"classId":"e_1","part":"s10v1","offsets":[{"start":178,"text":"Address:\n\n110 South Euclid Avenue, San Diego, CA 92114"}],"coordinates":[],"confidence":{"state":"pre-added","who":["ml:regex"],"prob":0.5},"fields":{},"normalizations":{}},{"classId":"e_4","part":"s10v1","offsets":[{"start":234,"text":"Project Description: Fair housing and tenant landlord services"}],"coordinates":[],"confidence":{"state":"pre-added","who":["ml:regex"],"prob":0.5},"fields":{},"normalizations":{}},{"classId":"e_4","part":"s10v1","offsets":[{"start":298,"text":"Cost Breakdown: Activities will include conducting workshops, distribution of literature on fair housing, monitoring related legislation, responding to inquiries related to fair housing from the public and processing, provide conflict resolution counseling on the telephone and resolving discrimination complaints received from Carlsbad residents"}],"coordinates":[{"x":"72.08","y":"284.31"},{"x":"336.88","y":"345.69"}],"confidence":{"state":"pre-added","who":["user:SDTEF"],"prob":1},"fields":{},"normalizations":{}},{"classId":"e_7","part":"s13v1","offsets":[{"start":3369,"text":"CITY OF CARLSBAD"}],"coordinates":[],"confidence":{"state":"pre-added","who":["ml:regex"],"prob":0.5},"fields":{},"normalizations":{}},{"classId":"e_7","part":"s13v1","offsets":[{"start":3674,"text":"CITY OF CARLSBAD"}],"coordinates":[],"confidence":{"state":"pre-added","who":["ml:regex"],"prob":0.5},"fields":{},"normalizations":{}},{"classId":"e_7","part":"s15v1","offsets":[{"start":402,"text":"City of Carlsbad"}],"coordinates":[],"confidence":{"state":"pre-added","who":["ml:regex"],"prob":0.5},"fields":{},"normalizations":{}},{"classId":"e_7","part":"s17v1","offsets":[{"start":489,"text":"City of Carlsbad"}],"coordinates":[],"confidence":{"state":"pre-added","who":["ml:regex"],"prob":0.5},"fields":{},"normalizations":{}}],"relations":[]}