{"annotatable":{"parts":["s1v1","s2v1","s3v1","s4v1","s5v1","s6v1","s7v1","s8v1","s9v1","s10v1","s11v1","s12v1","s13v1","s14v1","s15v1","s16v1","s17v1","s18v1","s19v1","s20v1","s21v1","s22v1","s23v1","s24v1","s25v1","s26v1","s27v1"]},"anncomplete":true,"sources":[{"name":"ORIG","id":"Copy_of_19_20_Agreement___ECTLC_Security_Fencing_project.pdf","url":""}],"metas":{"m_24":{"value":"$25,000","confidence":{"state":"pre-added","who":["user:SDTEF"],"prob":1}},"m_23":{"value":"city and CBDG funds","confidence":{"state":"pre-added","who":["user:SDTEF"],"prob":1}},"m_22":{"value":"security fencing","confidence":{"state":"pre-added","who":["user:SDTEF"],"prob":1}},"m_21":{"value":"LMI","confidence":{"state":"pre-added","who":["user:SDTEF"],"prob":1}}},"entities":[{"classId":"e_5","part":"s1v1","offsets":[{"start":0,"text":"The"}],"coordinates":[],"confidence":{"state":"pre-removed","who":["ml:nalaf","ml:regex"],"prob":0.5},"fields":{},"normalizations":{}},{"classId":"e_1","part":"s1v1","offsets":[{"start":116,"text":"East County Transitional Living Center, Inc"}],"coordinates":[],"confidence":{"state":"","who":["ml:nalaf"],"prob":0.8410648328744542},"fields":{},"normalizations":{}},{"classId":"e_8","part":"s1v1","offsets":[{"start":315,"text":"FY 2019-20"}],"coordinates":[{"x":"123.12","y":"290.34"},{"x":"185.14","y":"297.36"}],"confidence":{"state":"pre-added","who":["user:SDTEF"],"prob":1},"fields":{},"normalizations":{}},{"classId":"e_19","part":"s1v1","offsets":[{"start":315,"text":"FY 2019-20 Agreement for Use of CDBG Funds CFDA No.: 14.218"}],"coordinates":[{"x":"123.12","y":"290.34"},{"x":"222.81","y":"311.04"}],"confidence":{"state":"pre-added","who":["user:SDTEF"],"prob":1},"fields":{},"normalizations":{}},{"classId":"e_7","part":"s1v1","offsets":[{"start":347,"text":"CDBG Funds"}],"coordinates":[{"x":"314.40","y":"290.34"},{"x":"388.44","y":"297.36"}],"confidence":{"state":"pre-added","who":["user:SDTEF"],"prob":1},"fields":{},"normalizations":{}},{"classId":"e_7","part":"s1v1","offsets":[{"start":376,"text":"Community Development Block Grant)"}],"coordinates":[{"x":"230.25","y":"304.02"},{"x":"450.13","y":"311.04"}],"confidence":{"state":"pre-added","who":["user:SDTEF"],"prob":1},"fields":{},"normalizations":{}},{"classId":"e_7","part":"s1v1","offsets":[{"start":542,"text":"CDBG funds"}],"coordinates":[],"confidence":{"state":"pre-added","who":["ml:regex"],"prob":0.5},"fields":{},"normalizations":{}},{"classId":"e_19","part":"s2v1","offsets":[{"start":0,"text":"AGREEMENT BETWEEN THE CITY OF EL CAJON AND East County Transitional Living Center, Inc."}],"coordinates":[{"x":"275.05","y":"68.12"},{"x":"409.15","y":"96.48"}],"confidence":{"state":"pre-added","who":["user:SDTEF"],"prob":1},"fields":{},"normalizations":{}},{"classId":"e_1","part":"s2v1","offsets":[{"start":43,"text":"East County Transitional Living Center, Inc."}],"coordinates":[],"confidence":{"state":"","who":["ml:nalaf"],"prob":0.8660162666496443},"fields":{},"normalizations":{}},{"classId":"e_7","part":"s2v1","offsets":[{"start":180,"text":"CITY OF EL CAJON"}],"coordinates":[],"confidence":{"state":"pre-added","who":["ml:regex"],"prob":0.5},"fields":{},"normalizations":{}},{"classId":"e_1","part":"s2v1","offsets":[{"start":262,"text":"East County Transitional Living Center, Inc"}],"coordinates":[],"confidence":{"state":"","who":["ml:nalaf"],"prob":0.8769841279084903},"fields":{},"normalizations":{}},{"classId":"e_7","part":"s2v1","offsets":[{"start":460,"text":"City of El Cajon"}],"coordinates":[],"confidence":{"state":"pre-added","who":["ml:regex"],"prob":0.5},"fields":{},"normalizations":{}},{"classId":"e_5","part":"s2v1","offsets":[{"start":644,"text":"expressed a desire and has the expertise and experience to operate the program entitled \"Security Fencing at 1527 E. Main Street\" in El Cajon; and\n\nWHEREAS, the City has entered into a contract with the United States of America through its Department of Housing and Urban Development, hereinafter called HUD, to execute the City's Community Development Block Grant, hereinafter called CDBG, program under the Housing and Community Development Act of 1974, as amended, hereinafter called the \"Act\"."}],"coordinates":[],"confidence":{"state":"","who":["ml:nalaf"],"prob":0.794170091225203},"fields":{},"normalizations":{}},{"classId":"e_5","part":"s2v1","offsets":[{"start":1257,"text":"The City reserves the right to review and approve actions and decisions taken by the Subrecipient with respect to the operation of the Security Fencing at 1527 E. Main Street for compliance with all applicable regulations."}],"coordinates":[],"confidence":{"state":"","who":["ml:nalaf"],"prob":0.8117570676051646},"fields":{},"normalizations":{}},{"classId":"e_5","part":"s2v1","offsets":[{"start":1672,"text":"Service Area:\n\nThe Service area is City-wide in the City of El Cajon."}],"coordinates":[],"confidence":{"state":"","who":["ml:nalaf"],"prob":0.9076758524561748},"fields":{},"normalizations":{}},{"classId":"e_8","part":"s2v1","offsets":[{"start":2028,"text":"Said services of the Subrecipient are to commence no sooner than July 1, 2019, and shall be completed no later than June 30, 2020."}],"coordinates":[],"confidence":{"state":"pre-added","who":["ml:nalaf","user:SDTEF"],"prob":1},"fields":{},"normalizations":{}},{"classId":"e_2","part":"s2v1","offsets":[{"start":2160,"text":"Compensation and Method of Payment:\n\nThe City shall reimburse the Subrecipient for allowable costs incurred under the scope of the Agreement and applicable Federal regulations, which have not been paid for or reimbursed in any other manner by any other Agency or private source of funding."}],"coordinates":[],"confidence":{"state":"","who":["ml:nalaf"],"prob":0.9769895016423581},"fields":{},"normalizations":{}},{"classId":"e_2","part":"s2v1","offsets":[{"start":2450,"text":"The total of all reimbursements shall not exceed Twenty Five Thousand and no/100s dollars ($25,000.00)."}],"coordinates":[],"confidence":{"state":"","who":["ml:nalaf"],"prob":0.9370401547342113},"fields":{},"normalizations":{}},{"classId":"e_5","part":"s2v1","offsets":[{"start":2450,"text":"The"}],"coordinates":[],"confidence":{"state":"pre-removed","who":["ml:nalaf","ml:regex"],"prob":0.5},"fields":{},"normalizations":{}},{"classId":"e_6","part":"s2v1","offsets":[{"start":3412,"text":"U"}],"coordinates":[],"confidence":{"state":"pre-added","who":["ml:regex"],"prob":0.5},"fields":{},"normalizations":{}},{"classId":"e_5","part":"s3v1","offsets":[{"start":32,"text":"The"}],"coordinates":[],"confidence":{"state":"pre-removed","who":["ml:nalaf","ml:regex"],"prob":0.5},"fields":{},"normalizations":{}},{"classId":"e_5","part":"s3v1","offsets":[{"start":3470,"text":"Number"}],"coordinates":[],"confidence":{"state":"pre-removed","who":["ml:nalaf","ml:regex"],"prob":0.5},"fields":{},"normalizations":{}},{"classId":"e_5","part":"s4v1","offsets":[{"start":1065,"text":"The"}],"coordinates":[],"confidence":{"state":"pre-removed","who":["ml:nalaf","ml:regex"],"prob":0.5},"fields":{},"normalizations":{}},{"classId":"e_3","part":"s4v1","offsets":[{"start":1989,"text":"Beneficiary Qualification:\n\nThe Subrecipient agrees to guarantee that at least fifty-one percent (51%) of the beneficiaries of the program identified in Exhibit \"A,\" Scope of Work and Budget, are low and moderate income persons or households. Under the CDBG regulations, the following clienteles are presumed to be low and moderate income persons and can qualify for service regardless of income: abused children, elderly persons, battered spouses, homeless persons, disabled persons, illiterate persons, and migrant farm workers."}],"coordinates":[{"x":"94.08","y":"334.28"},{"x":"550.83","y":"403.43"}],"confidence":{"state":"pre-added","who":["user:SDTEF"],"prob":1},"fields":{},"normalizations":{}},{"classId":"e_3","part":"s4v1","offsets":[{"start":2520,"text":"Beneficiaries qualifying on the basis of income shall have an annual income equal to or less than the HUD Section 8 (of the United States Housing Act of 1937) Income Limits."}],"coordinates":[],"confidence":{"state":"","who":["ml:nalaf"],"prob":0.9600673773812003},"fields":{},"normalizations":{}},{"classId":"e_3","part":"s4v1","offsets":[{"start":2694,"text":"HUD Section 8 Income Limits for the San Diego MSA, define the maximum family income for low and moderate income households."}],"coordinates":[],"confidence":{"state":"","who":["ml:nalaf"],"prob":0.9747316983036731},"fields":{},"normalizations":{}},{"classId":"e_5","part":"s4v1","offsets":[{"start":2818,"text":"The"}],"coordinates":[],"confidence":{"state":"pre-removed","who":["ml:nalaf","ml:regex"],"prob":0.5},"fields":{},"normalizations":{}},{"classId":"e_5","part":"s4v1","offsets":[{"start":2999,"text":"The"}],"coordinates":[],"confidence":{"state":"pre-removed","who":["ml:nalaf","ml:regex"],"prob":0.5},"fields":{},"normalizations":{}},{"classId":"e_7","part":"s4v1","offsets":[{"start":5011,"text":"CDBG funds"}],"coordinates":[],"confidence":{"state":"pre-added","who":["ml:regex"],"prob":0.5},"fields":{},"normalizations":{}},{"classId":"e_7","part":"s5v1","offsets":[{"start":90,"text":"CDBG funds"}],"coordinates":[],"confidence":{"state":"pre-added","who":["ml:regex"],"prob":0.5},"fields":{},"normalizations":{}},{"classId":"e_7","part":"s5v1","offsets":[{"start":595,"text":"CDBG funds"}],"coordinates":[],"confidence":{"state":"pre-added","who":["ml:regex"],"prob":0.5},"fields":{},"normalizations":{}},{"classId":"e_7","part":"s5v1","offsets":[{"start":715,"text":"CDBG funds"}],"coordinates":[],"confidence":{"state":"pre-added","who":["ml:regex"],"prob":0.5},"fields":{},"normalizations":{}},{"classId":"e_7","part":"s5v1","offsets":[{"start":892,"text":"CDBG funds"}],"coordinates":[],"confidence":{"state":"pre-added","who":["ml:regex"],"prob":0.5},"fields":{},"normalizations":{}},{"classId":"e_7","part":"s5v1","offsets":[{"start":1425,"text":"CDBG funds"}],"coordinates":[],"confidence":{"state":"pre-added","who":["ml:regex"],"prob":0.5},"fields":{},"normalizations":{}},{"classId":"e_5","part":"s5v1","offsets":[{"start":2463,"text":"All"}],"coordinates":[],"confidence":{"state":"pre-removed","who":["ml:nalaf","ml:regex"],"prob":0.5},"fields":{},"normalizations":{}},{"classId":"e_5","part":"s6v1","offsets":[{"start":484,"text":"B."}],"coordinates":[],"confidence":{"state":"pre-removed","who":["ml:nalaf","ml:regex"],"prob":0.5},"fields":{},"normalizations":{}},{"classId":"e_5","part":"s6v1","offsets":[{"start":2059,"text":"B."}],"coordinates":[],"confidence":{"state":"pre-removed","who":["ml:nalaf","ml:regex"],"prob":0.5},"fields":{},"normalizations":{}},{"classId":"e_5","part":"s6v1","offsets":[{"start":2540,"text":"The"}],"coordinates":[],"confidence":{"state":"pre-removed","who":["ml:nalaf","ml:regex"],"prob":0.5},"fields":{},"normalizations":{}},{"classId":"e_7","part":"s6v1","offsets":[{"start":2753,"text":"CDBG funds"}],"coordinates":[],"confidence":{"state":"pre-added","who":["ml:regex"],"prob":0.5},"fields":{},"normalizations":{}},{"classId":"e_5","part":"s6v1","offsets":[{"start":2819,"text":"The"}],"coordinates":[],"confidence":{"state":"pre-removed","who":["ml:nalaf","ml:regex"],"prob":0.5},"fields":{},"normalizations":{}},{"classId":"e_7","part":"s6v1","offsets":[{"start":3668,"text":"CDBG funds"}],"coordinates":[],"confidence":{"state":"pre-added","who":["ml:regex"],"prob":0.5},"fields":{},"normalizations":{}},{"classId":"e_7","part":"s7v1","offsets":[{"start":1432,"text":"CDBG funds"}],"coordinates":[],"confidence":{"state":"pre-added","who":["ml:regex"],"prob":0.5},"fields":{},"normalizations":{}},{"classId":"e_5","part":"s7v1","offsets":[{"start":1756,"text":"The"}],"coordinates":[],"confidence":{"state":"pre-removed","who":["ml:nalaf","ml:regex"],"prob":0.5},"fields":{},"normalizations":{}},{"classId":"e_7","part":"s7v1","offsets":[{"start":2066,"text":"CDBG funds"}],"coordinates":[],"confidence":{"state":"pre-added","who":["ml:regex"],"prob":0.5},"fields":{},"normalizations":{}},{"classId":"e_5","part":"s7v1","offsets":[{"start":2384,"text":"The"}],"coordinates":[],"confidence":{"state":"pre-removed","who":["ml:nalaf","ml:regex"],"prob":0.5},"fields":{},"normalizations":{}},{"classId":"e_5","part":"s7v1","offsets":[{"start":2836,"text":"The"}],"coordinates":[],"confidence":{"state":"pre-removed","who":["ml:nalaf","ml:regex"],"prob":0.5},"fields":{},"normalizations":{}},{"classId":"e_5","part":"s7v1","offsets":[{"start":2928,"text":"This"}],"coordinates":[],"confidence":{"state":"pre-removed","who":["ml:nalaf","ml:regex"],"prob":0.5},"fields":{},"normalizations":{}},{"classId":"e_7","part":"s7v1","offsets":[{"start":3390,"text":"CDBG funds"}],"coordinates":[],"confidence":{"state":"pre-added","who":["ml:regex"],"prob":0.5},"fields":{},"normalizations":{}},{"classId":"e_7","part":"s7v1","offsets":[{"start":4440,"text":"CDBG funds"}],"coordinates":[],"confidence":{"state":"pre-added","who":["ml:regex"],"prob":0.5},"fields":{},"normalizations":{}},{"classId":"e_7","part":"s8v1","offsets":[{"start":93,"text":"CDBG funds"}],"coordinates":[],"confidence":{"state":"pre-added","who":["ml:regex"],"prob":0.5},"fields":{},"normalizations":{}},{"classId":"e_7","part":"s8v1","offsets":[{"start":1901,"text":"CDBG funds"}],"coordinates":[],"confidence":{"state":"pre-added","who":["ml:regex"],"prob":0.5},"fields":{},"normalizations":{}},{"classId":"e_7","part":"s8v1","offsets":[{"start":2443,"text":"CDBG funds"}],"coordinates":[],"confidence":{"state":"pre-added","who":["ml:regex"],"prob":0.5},"fields":{},"normalizations":{}},{"classId":"e_7","part":"s8v1","offsets":[{"start":2873,"text":"CDBG funds"}],"coordinates":[],"confidence":{"state":"pre-added","who":["ml:regex"],"prob":0.5},"fields":{},"normalizations":{}},{"classId":"e_5","part":"s9v1","offsets":[{"start":0,"text":"B."}],"coordinates":[],"confidence":{"state":"pre-removed","who":["ml:nalaf","ml:regex"],"prob":0.5},"fields":{},"normalizations":{}},{"classId":"e_5","part":"s9v1","offsets":[{"start":668,"text":"The"}],"coordinates":[],"confidence":{"state":"pre-removed","who":["ml:nalaf","ml:regex"],"prob":0.5},"fields":{},"normalizations":{}},{"classId":"e_5","part":"s9v1","offsets":[{"start":1186,"text":"The"}],"coordinates":[],"confidence":{"state":"pre-removed","who":["ml:nalaf","ml:regex"],"prob":0.5},"fields":{},"normalizations":{}},{"classId":"e_5","part":"s9v1","offsets":[{"start":3443,"text":"The"}],"coordinates":[],"confidence":{"state":"pre-removed","who":["ml:nalaf","ml:regex"],"prob":0.5},"fields":{},"normalizations":{}},{"classId":"e_6","part":"s9v1","offsets":[{"start":4079,"text":"U"}],"coordinates":[],"confidence":{"state":"pre-added","who":["ml:regex"],"prob":0.5},"fields":{},"normalizations":{}},{"classId":"e_6","part":"s9v1","offsets":[{"start":4228,"text":"U"}],"coordinates":[],"confidence":{"state":"pre-added","who":["ml:regex"],"prob":0.5},"fields":{},"normalizations":{}},{"classId":"e_5","part":"s9v1","offsets":[{"start":4241,"text":"The"}],"coordinates":[],"confidence":{"state":"pre-removed","who":["ml:nalaf","ml:regex"],"prob":0.5},"fields":{},"normalizations":{}},{"classId":"e_7","part":"s9v1","offsets":[{"start":4308,"text":"CDBG funds"}],"coordinates":[],"confidence":{"state":"pre-added","who":["ml:regex"],"prob":0.5},"fields":{},"normalizations":{}},{"classId":"e_6","part":"s10v1","offsets":[{"start":72,"text":"U"}],"coordinates":[],"confidence":{"state":"pre-added","who":["ml:regex"],"prob":0.5},"fields":{},"normalizations":{}},{"classId":"e_7","part":"s10v1","offsets":[{"start":1084,"text":"CDBG funds"}],"coordinates":[],"confidence":{"state":"pre-added","who":["ml:regex"],"prob":0.5},"fields":{},"normalizations":{}},{"classId":"e_7","part":"s10v1","offsets":[{"start":1340,"text":"CDBG funds"}],"coordinates":[],"confidence":{"state":"pre-added","who":["ml:regex"],"prob":0.5},"fields":{},"normalizations":{}},{"classId":"e_5","part":"s10v1","offsets":[{"start":2135,"text":"The"}],"coordinates":[],"confidence":{"state":"pre-removed","who":["ml:nalaf","ml:regex"],"prob":0.5},"fields":{},"normalizations":{}},{"classId":"e_5","part":"s10v1","offsets":[{"start":2351,"text":"The"}],"coordinates":[],"confidence":{"state":"pre-removed","who":["ml:nalaf","ml:regex"],"prob":0.5},"fields":{},"normalizations":{}},{"classId":"e_7","part":"s10v1","offsets":[{"start":2444,"text":"City of El Cajon"}],"coordinates":[{"x":"113.04","y":"537.51"},{"x":"180.85","y":"543.12"}],"confidence":{"state":"pre-added","who":["user:SDTEF"],"prob":1},"fields":{},"normalizations":{}},{"classId":"e_1","part":"s10v1","offsets":[{"start":2519,"text":"East County Transitional Living Center, Inc. Attn: Harold H. Brown, Chief Executive Officer 1527 East Main Street El Cajon, CA 92021"}],"coordinates":[],"confidence":{"state":"","who":["ml:nalaf"],"prob":0.9072053145933608},"fields":{},"normalizations":{}},{"classId":"e_4","part":"s12v1","offsets":[{"start":0,"text":"EXHIBIT \"A\" SCOPE OF WORK AND BUDGET\n\nProject:\n\nSecurity Fencing at 1527 E. Main Street\n\nContact Person: Harold H. Brown, Chief Executive Officer (619-442-0457)\n\nStatement of Work: The Subrecipient agrees to use the Community Development Block Grant funds allocated by the City for Fiscal Year 2019-2020 to provide the Security Fencing at 1527 E. Main Street Program/Project in the City of El Cajon."}],"coordinates":[{"x":"269.28","y":"34.78"},{"x":"223.65","y":"145.44"}],"confidence":{"state":"pre-added","who":["user:SDTEF"],"prob":1},"fields":{},"normalizations":{}},{"classId":"e_4","part":"s12v1","offsets":[{"start":401,"text":"Section 1 - Work Description:\n\n(To be completed by Subrecipient-must reflect work activities approved by City Council)\n\nfu.~ ~it c,-.---.d~sto.£..e fffk-\"=JC ~g.,~\n\nzso ' ~± ,c [p\n\n1 .. e, ~\n\nSe"}],"coordinates":[{"x":"52.08","y":"157.35"},{"x":"63.22","y":"238.79"}],"confidence":{"state":"pre-added","who":["user:SDTEF"],"prob":1},"fields":{},"normalizations":{}},{"classId":"e_6","part":"s12v1","offsets":[{"start":628,"text":"The Subrecipient shall submit a Periodic Performance Report, which shall become Exhibit \"C\" hereto, for the previous reporting period."}],"coordinates":[],"confidence":{"state":"pre-added","who":["ml:nalaf","user:SDTEF"],"prob":1},"fields":{},"normalizations":{}},{"classId":"e_6","part":"s12v1","offsets":[{"start":888,"text":"Periodic Performance Reports are due by the 10th of the month following the reporting period."}],"coordinates":[],"confidence":{"state":"pre-added","who":["ml:nalaf","user:SDTEF"],"prob":1},"fields":{},"normalizations":{}},{"classId":"e_6","part":"s12v1","offsets":[{"start":982,"text":"These reports shall include the following information:\n\nA."}],"coordinates":[],"confidence":{"state":"pre-added","who":["ml:nalaf","user:SDTEF"],"prob":1},"fields":{},"normalizations":{}},{"classId":"e_5","part":"s12v1","offsets":[{"start":1041,"text":"Number"}],"coordinates":[],"confidence":{"state":"pre-removed","who":["ml:nalaf","ml:regex"],"prob":0.5},"fields":{},"normalizations":{}},{"classId":"e_5","part":"s12v1","offsets":[{"start":1132,"text":"Race"}],"coordinates":[],"confidence":{"state":"pre-removed","who":["ml:nalaf","ml:regex"],"prob":0.5},"fields":{},"normalizations":{}},{"classId":"e_5","part":"s12v1","offsets":[{"start":1297,"text":"defined by the Social Security Administrative Guidelines)\n\nE"}],"coordinates":[],"confidence":{"state":"pre-removed","who":["ml:nalaf","ml:regex"],"prob":0.5},"fields":{},"normalizations":{}},{"classId":"e_5","part":"s12v1","offsets":[{"start":1495,"text":"client is an El Cajon resident."}],"coordinates":[],"confidence":{"state":"pre-removed","who":["ml:nalaf","ml:regex"],"prob":0.5},"fields":{},"normalizations":{}},{"classId":"e_2","part":"s12v1","offsets":[{"start":1528,"text":"H. Number of new clients assisted."}],"coordinates":[],"confidence":{"state":"pre-removed","who":["ml:nalaf","ml:regex"],"prob":0.5},"fields":{},"normalizations":{}},{"classId":"e_5","part":"s12v1","offsets":[{"start":1770,"text":"Progress made toward goals as evidenced in Exhibit \"A\", or an explanation of lack thereof."}],"coordinates":[],"confidence":{"state":"pre-removed","who":["ml:nalaf","ml:regex"],"prob":0.5},"fields":{},"normalizations":{}},{"classId":"e_6","part":"s12v1","offsets":[{"start":1942,"text":"Section 3 -\n\nGo a Ti ·ne a ition, East County Transitional Living Center, Inc"}],"coordinates":[],"confidence":{"state":"pre-added","who":["ml:nalaf","user:SDTEF"],"prob":1},"fields":{},"normalizations":{}},{"classId":"e_1","part":"s12v1","offsets":[{"start":1976,"text":"East County Transitional Living Center, Inc"}],"coordinates":[],"confidence":{"state":"","who":["ml:nalaf"],"prob":0.8780742594606724},"fields":{},"normalizations":{}},{"classId":"e_2","part":"s12v1","offsets":[{"start":2130,"text":"Section 4 - Budget\n\nThe City agrees to pay Subrecipient a total sum of Twenty Five Thousand and no/100s ($25,000.00) to assist in the completion of improvements and provision of the above mentioned services. It is further agreed that no funding shall be disbursed unless the Subrecipient is in full compliance with the provisions of this Agreement. The City shall make payment of these funds on a reimbursement basis contingent upon a written request and submittal of receipts or appropriate proof of payment from the Subrecipient. Payments will not be paid unless and until periodic reports are current. Payments may be made on a monthly or quarterly basis, at the Subrecipient's option"}],"coordinates":[{"x":"48.24","y":"594.86"},{"x":"139.46","y":"686.88"}],"confidence":{"state":"pre-added","who":["user:SDTEF"],"prob":1},"fields":{},"normalizations":{}},{"classId":"e_6","part":"s12v1","offsets":[{"start":2517,"text":"u"}],"coordinates":[{"x":"225.18","y":"646.47"},{"x":"230.57","y":"652.08"}],"confidence":{"state":"pre-added","who":["user:SDTEF"],"prob":1},"fields":{},"normalizations":{}},{"classId":"e_7","part":"s13v1","offsets":[{"start":1447,"text":"CDBG funds"}],"coordinates":[],"confidence":{"state":"pre-added","who":["ml:regex"],"prob":0.5},"fields":{},"normalizations":{}},{"classId":"e_7","part":"s13v1","offsets":[{"start":1523,"text":"City of El Cajon"}],"coordinates":[],"confidence":{"state":"pre-added","who":["ml:regex"],"prob":0.5},"fields":{},"normalizations":{}},{"classId":"e_7","part":"s14v1","offsets":[{"start":230,"text":"City of El Cajon"}],"coordinates":[],"confidence":{"state":"pre-added","who":["ml:regex"],"prob":0.5},"fields":{},"normalizations":{}},{"classId":"e_1","part":"s14v1","offsets":[{"start":451,"text":"East County Transitional Living Center Inc"}],"coordinates":[],"confidence":{"state":"","who":["ml:nalaf"],"prob":0.6702317676454911},"fields":{},"normalizations":{}},{"classId":"e_8","part":"s14v1","offsets":[{"start":1238,"text":"FY 2019-20"}],"coordinates":[],"confidence":{"state":"pre-added","who":["ml:regex"],"prob":0.5},"fields":{},"normalizations":{}},{"classId":"e_4","part":"s14v1","offsets":[{"start":1313,"text":"749-6413"}],"coordinates":[],"confidence":{"state":"pre-added","who":["ml:regex"],"prob":0.5},"fields":{},"normalizations":{}},{"classId":"e_7","part":"s15v1","offsets":[{"start":0,"text":"CITY OF EL CAJON"}],"coordinates":[],"confidence":{"state":"pre-added","who":["ml:regex"],"prob":0.5},"fields":{},"normalizations":{}},{"classId":"e_8","part":"s15v1","offsets":[{"start":123,"text":"F....Y .2._0___1 _9- __20 _2 __0"}],"coordinates":[{"x":"150.72","y":"66.76"},{"x":"213.64","y":"72.71"}],"confidence":{"state":"pre-added","who":["user:SDTEF"],"prob":1},"fields":{},"normalizations":{}},{"classId":"e_4","part":"s15v1","offsets":[{"start":212,"text":"Name: East County Transitional Living Center Inc\n\nProgram Name: Security Fencing 1527 E. Main St. - FY 2019-20\n\nReporter's Name: Ivan Andujar\n\nPhone Number: (619)"}],"coordinates":[],"confidence":{"state":"pre-added","who":["ml:nalaf","user:SDTEF"],"prob":1},"fields":{},"normalizations":{}},{"classId":"e_1","part":"s15v1","offsets":[{"start":218,"text":"East County Transitional Living Center Inc"}],"coordinates":[],"confidence":{"state":"","who":["ml:nalaf"],"prob":0.7258931382308308},"fields":{},"normalizations":{}},{"classId":"e_4","part":"s15v1","offsets":[{"start":369,"text":"(619) 749-6413"}],"coordinates":[{"x":"363.84","y":"106.20"},{"x":"418.70","y":"110.88"}],"confidence":{"state":"pre-added","who":["user:SDTEF"],"prob":1},"fields":{},"normalizations":{}},{"classId":"e_4","part":"s15v1","offsets":[{"start":375,"text":"749-6413"}],"coordinates":[{"x":"384.48","y":"106.20"},{"x":"418.70","y":"110.88"}],"confidence":{"state":"pre-added","who":["user:SDTEF"],"prob":1},"fields":{},"normalizations":{}},{"classId":"e_5","part":"s15v1","offsets":[{"start":443,"text":"Number"}],"coordinates":[],"confidence":{"state":"pre-removed","who":["ml:nalaf","ml:regex"],"prob":0.5},"fields":{},"normalizations":{}},{"classId":"e_4","part":"s16v1","offsets":[{"start":196,"text":"Thisformmust be completedfor projects providing eligibleCDBG/HOMEactivitiesto Low to Moderate Incomeresidentsof the City of EICajon."}],"coordinates":[],"confidence":{"state":"pre-added","who":["ml:nalaf","user:SDTEF"],"prob":1},"fields":{},"normalizations":{}},{"classId":"e_3","part":"s16v1","offsets":[{"start":274,"text":"Low to Moderate Incomeresidents"}],"coordinates":[{"x":"149.53","y":"79.69"},{"x":"290.06","y":"85.44"}],"confidence":{"state":"pre-added","who":["user:SDTEF"],"prob":1},"fields":{},"normalizations":{}},{"classId":"e_7","part":"s16v1","offsets":[{"start":312,"text":"City of EICajon"}],"coordinates":[{"x":"316.33","y":"79.56"},{"x":"385.68","y":"85.44"}],"confidence":{"state":"pre-added","who":["user:SDTEF"],"prob":1},"fields":{},"normalizations":{}},{"classId":"e_1","part":"s16v1","offsets":[{"start":436,"text":"East CountyTransitionalLivingCenterInc"}],"coordinates":[],"confidence":{"state":"","who":["ml:nalaf"],"prob":0.7782367696520306},"fields":{},"normalizations":{}},{"classId":"e_5","part":"s16v1","offsets":[{"start":490,"text":"SecurityFencingat 1527 E. MainSt."}],"coordinates":[{"x":"130.32","y":"132.01"},{"x":"275.90","y":"137.76"}],"confidence":{"state":"pre-added","who":["user:SDTEF"],"prob":1},"fields":{},"normalizations":{}},{"classId":"e_8","part":"s16v1","offsets":[{"start":524,"text":"FY 2019-20"}],"coordinates":[],"confidence":{"state":"pre-added","who":["ml:regex"],"prob":0.5},"fields":{},"normalizations":{}},{"classId":"e_7","part":"s17v1","offsets":[{"start":31,"text":"CITY OF EL CAJON"}],"coordinates":[],"confidence":{"state":"pre-added","who":["ml:regex"],"prob":0.5},"fields":{},"normalizations":{}},{"classId":"e_7","part":"s18v1","offsets":[{"start":22,"text":"CITY OF EL CAJON"}],"coordinates":[],"confidence":{"state":"pre-added","who":["ml:regex"],"prob":0.5},"fields":{},"normalizations":{}},{"classId":"e_5","part":"s18v1","offsets":[{"start":2033,"text":"The"}],"coordinates":[],"confidence":{"state":"pre-removed","who":["ml:nalaf","ml:regex"],"prob":0.5},"fields":{},"normalizations":{}},{"classId":"e_7","part":"s19v1","offsets":[{"start":32,"text":"CITY OF EL CAJON"}],"coordinates":[],"confidence":{"state":"pre-added","who":["ml:regex"],"prob":0.5},"fields":{},"normalizations":{}},{"classId":"e_5","part":"s19v1","offsets":[{"start":319,"text":"The"}],"coordinates":[],"confidence":{"state":"pre-removed","who":["ml:nalaf","ml:regex"],"prob":0.5},"fields":{},"normalizations":{}},{"classId":"e_7","part":"s20v1","offsets":[{"start":22,"text":"CITY OF EL CAJON"}],"coordinates":[],"confidence":{"state":"pre-added","who":["ml:regex"],"prob":0.5},"fields":{},"normalizations":{}},{"classId":"e_5","part":"s20v1","offsets":[{"start":1923,"text":"All"}],"coordinates":[],"confidence":{"state":"pre-removed","who":["ml:nalaf","ml:regex"],"prob":0.5},"fields":{},"normalizations":{}},{"classId":"e_7","part":"s21v1","offsets":[{"start":10,"text":"CITY OF EL CAJON"}],"coordinates":[],"confidence":{"state":"pre-added","who":["ml:regex"],"prob":0.5},"fields":{},"normalizations":{}},{"classId":"e_7","part":"s21v1","offsets":[{"start":301,"text":"City of El Cajon"}],"coordinates":[],"confidence":{"state":"pre-added","who":["ml:regex"],"prob":0.5},"fields":{},"normalizations":{}},{"classId":"e_5","part":"s21v1","offsets":[{"start":575,"text":"This"}],"coordinates":[],"confidence":{"state":"pre-removed","who":["ml:nalaf","ml:regex"],"prob":0.5},"fields":{},"normalizations":{}},{"classId":"e_7","part":"s21v1","offsets":[{"start":923,"text":"City of El Cajon"}],"coordinates":[],"confidence":{"state":"pre-added","who":["ml:regex"],"prob":0.5},"fields":{},"normalizations":{}},{"classId":"e_7","part":"s22v1","offsets":[{"start":22,"text":"CITY OF EL CAJON"}],"coordinates":[],"confidence":{"state":"pre-added","who":["ml:regex"],"prob":0.5},"fields":{},"normalizations":{}},{"classId":"e_5","part":"s22v1","offsets":[{"start":446,"text":"All"}],"coordinates":[],"confidence":{"state":"pre-removed","who":["ml:nalaf","ml:regex"],"prob":0.5},"fields":{},"normalizations":{}},{"classId":"e_5","part":"s22v1","offsets":[{"start":1952,"text":"The"}],"coordinates":[],"confidence":{"state":"pre-removed","who":["ml:nalaf","ml:regex"],"prob":0.5},"fields":{},"normalizations":{}},{"classId":"e_5","part":"s23v1","offsets":[{"start":0,"text":"SUBJECT:\n\nREFERENCE:\n\nCITY OF EL CAJON CITY COUNCIL POLICY\n\nInsurance Requirements\n\nAdopted 7/26/94 Amended 11/29/05 Amended 04/14/15\n\nEXHIBITD\n\nPOLICY\n\nD-3\n\nEFFECTIVE PAGE\n\n04/14/15"}],"coordinates":[],"confidence":{"state":"pre-removed","who":["ml:nalaf","ml:regex"],"prob":0.5},"fields":{},"normalizations":{}},{"classId":"e_5","part":"s23v1","offsets":[{"start":1474,"text":"Any"}],"coordinates":[],"confidence":{"state":"pre-removed","who":["ml:nalaf","ml:regex"],"prob":0.5},"fields":{},"normalizations":{}},{"classId":"e_7","part":"s24v1","offsets":[{"start":22,"text":"CITY OF EL CAJON"}],"coordinates":[],"confidence":{"state":"pre-added","who":["ml:regex"],"prob":0.5},"fields":{},"normalizations":{}},{"classId":"e_1","part":"s25v1","offsets":[{"start":1475,"text":"East County Transitional Living Center, Inc."}],"coordinates":[],"confidence":{"state":"","who":["ml:nalaf"],"prob":0.9123869788569048},"fields":{},"normalizations":{}},{"classId":"e_7","part":"s26v1","offsets":[{"start":167,"text":"Community Development Block Grant)"}],"coordinates":[],"confidence":{"state":"pre-added","who":["ml:regex"],"prob":0.5},"fields":{},"normalizations":{}},{"classId":"e_5","part":"s26v1","offsets":[{"start":650,"text":"more in\n\nFederal funds during the prior fiscal year (FY 2018-19)/calendar year (2018)."}],"coordinates":[],"confidence":{"state":"pre-removed","who":["ml:nalaf","ml:regex"],"prob":0.5},"fields":{},"normalizations":{}}],"relations":[]}