{"annotatable":{"parts":["s1v1","s2v1","s3v1","s4v1","s5v1","s6v1","s7v1","s8v1","s9v1","s10v1","s11v1","s12v1","s13v1","s14v1","s15v1","s16v1","s17v1","s18v1","s19v1","s20v1"]},"anncomplete":true,"sources":[{"name":"ORIG","id":"Copy_of_18_19_Grant_Agreement___Crisis_House_Homeless_Outreach_signed.pdf","url":""}],"metas":{"m_22":{"value":"long term housing ","confidence":{"state":"pre-added","who":["user:SDTEF"],"prob":1}},"m_24":{"value":"$150,000","confidence":{"state":"pre-added","who":["user:SDTEF"],"prob":1}},"m_23":{"value":"city, CDBG funds, General Funds","confidence":{"state":"pre-added","who":["user:SDTEF"],"prob":1}}},"entities":[{"classId":"e_19","part":"s1v1","offsets":[{"start":0,"text":"GRANT AGREEMENT BETWEEN THE EL CAJON HOUSING AUTHORITY AND CRISIS HOUSE FOR THE PROVISION OF SERVICES FOR THE HOMELESS"}],"coordinates":[{"x":"248.88","y":"93.53"},{"x":"486.84","y":"123.60"}],"confidence":{"state":"pre-added","who":["user:SDTEF"],"prob":1},"fields":{},"normalizations":{}},{"classId":"e_7","part":"s1v1","offsets":[{"start":28,"text":"EL CAJON HOUSING AUTHORITY"}],"coordinates":[{"x":"244.57","y":"105.53"},{"x":"412.53","y":"111.60"}],"confidence":{"state":"pre-added","who":["user:SDTEF"],"prob":1},"fields":{},"normalizations":{}},{"classId":"e_1","part":"s1v1","offsets":[{"start":59,"text":"CRISIS HOUSE"}],"coordinates":[{"x":"116.40","y":"117.53"},{"x":"191.56","y":"123.60"}],"confidence":{"state":"pre-added","who":["user:SDTEF"],"prob":1},"fields":{},"normalizations":{}},{"classId":"e_4","part":"s1v1","offsets":[{"start":122,"text":"T"}],"coordinates":[],"confidence":{"state":"pre-added","who":["ml:regex"],"prob":0.5},"fields":{},"normalizations":{}},{"classId":"e_4","part":"s1v1","offsets":[{"start":190,"text":"t"}],"coordinates":[],"confidence":{"state":"pre-added","who":["ml:regex"],"prob":0.5},"fields":{},"normalizations":{}},{"classId":"e_7","part":"s1v1","offsets":[{"start":237,"text":"EL CAJON HOUSING AUTHORITY"}],"coordinates":[],"confidence":{"state":"pre-added","who":["ml:regex"],"prob":0.5},"fields":{},"normalizations":{}},{"classId":"e_1","part":"s1v1","offsets":[{"start":333,"text":"CRISIS HOUSE"}],"coordinates":[],"confidence":{"state":"pre-added","who":["ml:regex"],"prob":0.5},"fields":{},"normalizations":{}},{"classId":"e_2","part":"s1v1","offsets":[{"start":667,"text":"in the amounts of SEVENTY THOUSAND DOLLARS ($70,000.00) and EIGHTY THOUSAND DOLLARS ($80,000.00),"}],"coordinates":[{"x":"256.33","y":"239.27"},{"x":"394.98","y":"257.28"}],"confidence":{"state":"pre-added","who":["user:SDTEF"],"prob":1},"fields":{},"normalizations":{}},{"classId":"e_7","part":"s1v1","offsets":[{"start":818,"text":"Community Development Block Grant (CDBG) and General Funds"}],"coordinates":[{"x":"199.45","y":"263.75"},{"x":"509.14","y":"269.76"}],"confidence":{"state":"pre-added","who":["user:SDTEF"],"prob":1},"fields":{},"normalizations":{}},{"classId":"e_4","part":"s1v1","offsets":[{"start":878,"text":"for a dedicated Housing Navigator and additional Housing Assistance incentives."}],"coordinates":[{"x":"515.04","y":"263.75"},{"x":"439.37","y":"282.00"}],"confidence":{"state":"pre-added","who":["user:SDTEF"],"prob":1},"fields":{},"normalizations":{}},{"classId":"e_7","part":"s1v1","offsets":[{"start":1848,"text":"El Cajon Housing Authority"}],"coordinates":[],"confidence":{"state":"pre-added","who":["ml:regex"],"prob":0.5},"fields":{},"normalizations":{}},{"classId":"e_2","part":"s1v1","offsets":[{"start":1875,"text":"considered and approved entering into a grant agreement with Grant Recipient for the continued provision of services for homeless individuals and families, in the total amount of ONE HUNDRED FIFTY THOUSAND DOLLARS ($150,000.00) for a dedicated Housing Navigator and additional Housing Assistance incentives as described in this Agreement (the \"Grant Award\")."}],"coordinates":[{"x":"163.93","y":"445.66"},{"x":"149.92","y":"500.15"}],"confidence":{"state":"pre-added","who":["user:SDTEF"],"prob":1},"fields":{},"normalizations":{}},{"classId":"e_7","part":"s1v1","offsets":[{"start":2638,"text":"El Cajon Housing Authority"}],"coordinates":[],"confidence":{"state":"pre-added","who":["ml:regex"],"prob":0.5},"fields":{},"normalizations":{}},{"classId":"e_4","part":"s1v1","offsets":[{"start":2717,"text":"with the intent to house a minimum of twenty (20) El Cajon-residing homeless individuals and families"}],"coordinates":[{"x":"138.24","y":"591.34"},{"x":"185.98","y":"609.35"}],"confidence":{"state":"pre-added","who":["user:SDTEF"],"prob":1},"fields":{},"normalizations":{}},{"classId":"e_2","part":"s2v1","offsets":[{"start":46,"text":"The Grant Award. The Grant Award, for the purpose of the Project, as defined in Exhibit \"A,\" \"Scope of Work for Use of Housing Navigator and Housing Assistance Funds, in the amount of not to exceed ONE HUNDRED FIFTY THOUSAND DOLLARS ($150,000.00), is hereby approved by Housing Authority to be provided to the Grant Recipient, according to the terms and conditions set forth below and in Exhibit \"A."}],"coordinates":[{"x":"182.65","y":"112.31"},{"x":"409.34","y":"167.04"}],"confidence":{"state":"pre-added","who":["user:SDTEF"],"prob":1},"fields":{},"normalizations":{}},{"classId":"e_7","part":"s2v1","offsets":[{"start":1858,"text":"El Cajon Housing Authority"}],"coordinates":[],"confidence":{"state":"pre-added","who":["ml:regex"],"prob":0.5},"fields":{},"normalizations":{}},{"classId":"e_4","part":"s2v1","offsets":[{"start":3286,"text":"The Housing Authority shall reimburse Grant Recipient for eligible expenditures related to the housing of a minimum of twenty (20) homeless individuals and families"}],"coordinates":[{"x":"134.88","y":"676.55"},{"x":"524.13","y":"694.56"}],"confidence":{"state":"pre-added","who":["user:SDTEF"],"prob":1},"fields":{},"normalizations":{}},{"classId":"e_3","part":"s2v1","offsets":[{"start":3394,"text":"minimum of twenty (20) homeless individuals and families"}],"coordinates":[{"x":"258.24","y":"688.55"},{"x":"524.13","y":"694.56"}],"confidence":{"state":"pre-added","who":["user:SDTEF"],"prob":1},"fields":{},"normalizations":{}},{"classId":"e_7","part":"s3v1","offsets":[{"start":2272,"text":"El Cajon Housing Authority"}],"coordinates":[],"confidence":{"state":"pre-added","who":["ml:regex"],"prob":0.5},"fields":{},"normalizations":{}},{"classId":"e_4","part":"s5v1","offsets":[{"start":1036,"text":"t"}],"coordinates":[],"confidence":{"state":"pre-added","who":["ml:regex"],"prob":0.5},"fields":{},"normalizations":{}},{"classId":"e_7","part":"s5v1","offsets":[{"start":1744,"text":"El Cajon Housing Authority"}],"coordinates":[],"confidence":{"state":"pre-added","who":["ml:regex"],"prob":0.5},"fields":{},"normalizations":{}},{"classId":"e_7","part":"s7v1","offsets":[{"start":19,"text":"El Cajon Housing Authority"}],"coordinates":[],"confidence":{"state":"pre-added","who":["ml:regex"],"prob":0.5},"fields":{},"normalizations":{}},{"classId":"e_1","part":"s7v1","offsets":[{"start":130,"text":"Crisis House"}],"coordinates":[],"confidence":{"state":"pre-added","who":["ml:regex"],"prob":0.5},"fields":{},"normalizations":{}},{"classId":"e_1","part":"s7v1","offsets":[{"start":143,"text":"1034 Magnolia Avenue El Cajon, CA 92020 Attn: Mary Case"}],"coordinates":[{"x":"217.21","y":"179.33"},{"x":"297.89","y":"209.76"}],"confidence":{"state":"pre-added","who":["user:SDTEF"],"prob":1},"fields":{},"normalizations":{}},{"classId":"e_7","part":"s8v1","offsets":[{"start":117,"text":"EL CAJON HOUSING AUTHORITY"}],"coordinates":[],"confidence":{"state":"pre-added","who":["ml:regex"],"prob":0.5},"fields":{},"normalizations":{}},{"classId":"e_7","part":"s8v1","offsets":[{"start":253,"text":"El Cajon Housing Authority"}],"coordinates":[],"confidence":{"state":"pre-added","who":["ml:regex"],"prob":0.5},"fields":{},"normalizations":{}},{"classId":"e_1","part":"s8v1","offsets":[{"start":299,"text":"CRISIS HOUSE"}],"coordinates":[],"confidence":{"state":"pre-added","who":["ml:regex"],"prob":0.5},"fields":{},"normalizations":{}},{"classId":"e_4","part":"s9v1","offsets":[{"start":402,"text":"In pursuit of this goal, Crisis House will hire, train and manage a full-time, dedicated Housing\n\nNavigator position to match homeless persons in El Cajon with long-term or permanent housing, using all available resources. Crisis House will conduct the services utilizing HMIS for data entry, following all HMIS Policies and Procedures, using the Coordinated Entry System, following all\n\nCoordinated Entry Policies and Procedures, following the guidelines in the RTFH Community\n\nStandards, and ensuring that the project aligns with the RTFH Community Plan and efforts to create a regional crisis response system."}],"coordinates":[{"x":"78.72","y":"263.62"},{"x":"261.55","y":"389.52"}],"confidence":{"state":"pre-added","who":["user:SDTEF"],"prob":1},"fields":{},"normalizations":{}},{"classId":"e_1","part":"s9v1","offsets":[{"start":427,"text":"Crisis House"}],"coordinates":[],"confidence":{"state":"pre-added","who":["ml:regex"],"prob":0.5},"fields":{},"normalizations":{}},{"classId":"e_1","part":"s9v1","offsets":[{"start":625,"text":"Crisis House"}],"coordinates":[],"confidence":{"state":"pre-added","who":["ml:regex"],"prob":0.5},"fields":{},"normalizations":{}},{"classId":"e_4","part":"s9v1","offsets":[{"start":1016,"text":"Housing Assistance Funds will be utilized primarily to secure housing and will include but not be limited to credit checks, deposits, rental assistance, and utilities start-up (except telephone). Funds may be used to provide practical temporary financial assistance that facilitate employment and financial stability (Bus/Trolley Pass)."}],"coordinates":[{"x":"78.24","y":"412.90"},{"x":"249.18","y":"479.04"}],"confidence":{"state":"pre-added","who":["user:SDTEF"],"prob":1},"fields":{},"normalizations":{}},{"classId":"e_4","part":"s10v1","offsets":[{"start":176,"text":"The Housing Navigator together with the client (head of household) will develop a Housing Plan that is realistic and attainable and leads to stable housing that the tenant can sustain long-term. The\n\nHousing Navigator is responsible for ensuring households are not over/under housed, that the living arrangements are appropriate and meet the household's needs. Housing Plans will clearly describe the amount and term of Housing Assistance to be provided based on each households need and will not exceed six-months. Housing Plans which are expected to exceed $5,000 in total must be submitted to and approved by the Housing Authority in advance. Housing Authority reserves the right to disallow costs it deems unreasonable or unacceptable."}],"coordinates":[{"x":"78.00","y":"392.80"},{"x":"419.67","y":"538.79"}],"confidence":{"state":"pre-added","who":["user:SDTEF"],"prob":1},"fields":{},"normalizations":{}},{"classId":"e_4","part":"s11v1","offsets":[{"start":207,"text":"Rental agreements/leases will be in the client's name, households will be responsible for a minimum of 30% of the entire household's income in rent paid direct to the property manager or landlord. Supplemental financial rental assistance will be paid directly to the property manager or landlord· in the form of a check issued by Crisis House. Deposits paid on behalf of a household with Housing Assistance Funds may be retained by the client/tenant as the lessee, upon move-out less any repairs or cleaning costs. The rationale is intended to be an incentive to maintain the living space in good condition. Crisis House and the El Cajon Housing Authority assume NO responsibility for damages, repairs or loss of property resulting from tenant neglect or destruction."}],"coordinates":[{"x":"77.52","y":"165.04"},{"x":"527.05","y":"311.27"}],"confidence":{"state":"pre-added","who":["user:SDTEF"],"prob":1},"fields":{},"normalizations":{}},{"classId":"e_1","part":"s11v1","offsets":[{"start":537,"text":"Crisis House"}],"coordinates":[],"confidence":{"state":"pre-added","who":["ml:regex"],"prob":0.5},"fields":{},"normalizations":{}},{"classId":"e_1","part":"s11v1","offsets":[{"start":815,"text":"Crisis House"}],"coordinates":[],"confidence":{"state":"pre-added","who":["ml:regex"],"prob":0.5},"fields":{},"normalizations":{}},{"classId":"e_7","part":"s11v1","offsets":[{"start":836,"text":"El Cajon Housing Authority"}],"coordinates":[],"confidence":{"state":"pre-added","who":["ml:regex"],"prob":0.5},"fields":{},"normalizations":{}},{"classId":"e_2","part":"s11v1","offsets":[{"start":976,"text":"Budget\n\nThe Housing Authority agrees to pay Grant Recipient a total sum of up to Seventy Thousand and no/l00s dollars ($70,000) in funding from the Low and Moderate Income Housing Asset Funds\n\n(LMIHAF) to assist in the provision of the Housing Navigator services mentioned above. It is further agreed that no funding shall be disbursed unless the Grant Recipient is in full compliance with the provisions of this Agreement. The Housing Authority shall make payment of these funds on a reimbursement basis contingent upon a written request and submittal of receipts or appropriate proof of payment from the Grant Recipient. Payments will not be paid unless and until periodic reports are current. Payments may be made on a monthly or quarterly basis, at the Grant\n\nRecipient's option.\n\nThe Housing Authority further agrees to pay Grant Recipient a maximum total sum of up to Eighty\n\nThousand and no/l00s dollars ($80,000) in funding from the Low and Moderate Income Housing\n\nAsset Funds (LMIHAF) to assist in the provision of Housing Assistance as mentioned above.\n\nBased on the Housing Assistance award of $80,000 and the performance standard to assist 20 households over the period of 12-months, the average amount of financial assistance available per household is $4,000. Housing Assistance funds will not be utilized for administrative costs"}],"coordinates":[{"x":"77.28","y":"334.96"},{"x":"497.56","y":"659.27"}],"confidence":{"state":"pre-added","who":["user:SDTEF"],"prob":1},"fields":{},"normalizations":{}},{"classId":"e_4","part":"s11v1","offsets":[{"start":1571,"text":"t"}],"coordinates":[{"x":"155.06","y":"483.77"},{"x":"158.20","y":"490.08"}],"confidence":{"state":"pre-added","who":["user:SDTEF"],"prob":1},"fields":{},"normalizations":{}}],"relations":[]}