{"annotatable":{"parts":["s1v1","s2v1","s3v1","s4v1","s5v1","s6v1","s7v1","s8v1","s9v1","s10v1","s11v1","s12v1","s13v1","s14v1","s15v1","s16v1","s17v1","s18v1","s19v1","s20v1","s21v1","s22v1","s23v1","s24v1","s25v1","s26v1"]},"anncomplete":true,"sources":[],"metas":{"m_21":{"value":"LMI","confidence":{"state":"pre-added","who":["user:SDTEF"],"prob":1}},"m_23":{"value":"city and CDBG funds","confidence":{"state":"pre-added","who":["user:SDTEF"],"prob":1}},"m_20":{"value":"individuals and families","confidence":{"state":"pre-added","who":["user:SDTEF"],"prob":1}},"m_24":{"value":"$10,000; $353,336","confidence":{"state":"pre-added","who":["user:SDTEF"],"prob":1}},"m_22":{"value":"temp housing ","confidence":{"state":"pre-added","who":["user:SDTEF"],"prob":1}}},"entities":[{"classId":"e_19","part":"s1v1","offsets":[{"start":0,"text":"AGREEMENT BETWEEN THE CITY OF EL CAJON AND Interfaith Shelter Network of San Diego"}],"coordinates":[{"x":"273.13","y":"65.43"},{"x":"396.80","y":"94.07"}],"confidence":{"state":"pre-added","who":["user:SDTEF"],"prob":1},"fields":{},"normalizations":{}},{"classId":"e_7","part":"s1v1","offsets":[{"start":22,"text":"CITY OF EL CAJON"}],"coordinates":[{"x":"285.13","y":"76.95"},{"x":"375.11","y":"82.56"}],"confidence":{"state":"pre-added","who":["user:SDTEF"],"prob":1},"fields":{},"normalizations":{}},{"classId":"e_1","part":"s1v1","offsets":[{"start":43,"text":"Interfaith Shelter Network of San Diego"}],"coordinates":[{"x":"212.88","y":"88.30"},{"x":"396.80","y":"94.07"}],"confidence":{"state":"pre-added","who":["user:SDTEF"],"prob":1},"fields":{},"normalizations":{}},{"classId":"e_7","part":"s1v1","offsets":[{"start":196,"text":"CITY OF EL CAJON"}],"coordinates":[],"confidence":{"state":"pre-added","who":["ml:regex"],"prob":0.5},"fields":{},"normalizations":{}},{"classId":"e_1","part":"s1v1","offsets":[{"start":277,"text":"Interfaith Shelter Network of San Diego"}],"coordinates":[],"confidence":{"state":"pre-added","who":["ml:regex"],"prob":0.5},"fields":{},"normalizations":{}},{"classId":"e_7","part":"s1v1","offsets":[{"start":470,"text":"City of El Cajon"}],"coordinates":[],"confidence":{"state":"pre-added","who":["ml:regex"],"prob":0.5},"fields":{},"normalizations":{}},{"classId":"e_4","part":"s1v1","offsets":[{"start":743,"text":"Rotational Emergency Shelter Program"}],"coordinates":[{"x":"152.69","y":"198.47"},{"x":"336.28","y":"204.24"}],"confidence":{"state":"pre-added","who":["user:SDTEF"],"prob":1},"fields":{},"normalizations":{}},{"classId":"e_4","part":"s1v1","offsets":[{"start":1394,"text":"Rotational Emergency Shelter Program"}],"coordinates":[],"confidence":{"state":"pre-added","who":["ml:regex"],"prob":0.5},"fields":{},"normalizations":{}},{"classId":"e_7","part":"s1v1","offsets":[{"start":1726,"text":"City of El Cajon"}],"coordinates":[],"confidence":{"state":"pre-added","who":["ml:regex"],"prob":0.5},"fields":{},"normalizations":{}},{"classId":"e_8","part":"s1v1","offsets":[{"start":2004,"text":"Time of Performance:\n\n6.\n\n7.\n\nSaid services of the Subrecipient are to commence no sooner than July 1, 2020 and shall be completed no later than June 30, 2021."}],"coordinates":[{"x":"91.68","y":"495.26"},{"x":"217.00","y":"529.92"}],"confidence":{"state":"pre-added","who":["user:SDTEF"],"prob":1},"fields":{},"normalizations":{}},{"classId":"e_2","part":"s1v1","offsets":[{"start":2165,"text":"Compensation and Method of Payment:\n\nThe City shall reimburse the Subrecipient for allowable costs incurred under the scope of the Agreement and applicable Federal regulations, which have not been paid for or reimbursed in any other manner by any other Agency or private source of funding. The total of all reimbursements shall not exceed Ten Thousand and no/100s dollars ($10,000.00)."}],"coordinates":[{"x":"91.92","y":"542.07"},{"x":"315.94","y":"599.51"}],"confidence":{"state":"pre-added","who":["user:SDTEF"],"prob":1},"fields":{},"normalizations":{}},{"classId":"e_3","part":"s3v1","offsets":[{"start":1999,"text":"Beneficiary Qualification:\n\nThe Subrecipient agrees to guarantee that at least fifty-one percent (51%) of the beneficiaries of the program identified in Exhibit \"A,\" Scope of Work and Budget, are low and moderate income persons or households. Under the CDBG regulations, the following clienteles are presumed to be low and moderate income persons and can qualify for service regardless of income: abused children, elderly persons, battered spouses, homeless persons, disabled persons, illiterate persons, and migrant farm workers. Beneficiaries qualifying on the basis of income shall have an annual income equal to or less than the current applicable Income Limits schedule published by HUD for the San Diego MSA, which defines the maximum income for low and moderate income households. The Subrecipient is responsible for obtaining the current applicable HUD Income Limits schedule for each year of the Agreement term identified in Paragraph 6, Time of Performance. The Subrecipient shall retain these forms for three (3) years after conclusion of the Agreement."}],"coordinates":[{"x":"93.12","y":"355.53"},{"x":"268.19","y":"493.92"}],"confidence":{"state":"pre-added","who":["user:SDTEF"],"prob":1},"fields":{},"normalizations":{}},{"classId":"e_7","part":"s9v1","offsets":[{"start":3389,"text":"City of El Cajon"}],"coordinates":[],"confidence":{"state":"pre-added","who":["ml:regex"],"prob":0.5},"fields":{},"normalizations":{}},{"classId":"e_1","part":"s9v1","offsets":[{"start":3464,"text":"Interfaith Shelter Network of San Diego"}],"coordinates":[],"confidence":{"state":"pre-added","who":["ml:regex"],"prob":0.5},"fields":{},"normalizations":{}},{"classId":"e_7","part":"s10v1","offsets":[{"start":886,"text":"CITY OF EL CAJON"}],"coordinates":[],"confidence":{"state":"pre-added","who":["ml:regex"],"prob":0.5},"fields":{},"normalizations":{}},{"classId":"e_4","part":"s11v1","offsets":[{"start":48,"text":"Rotational Emergency Shelter Program"}],"coordinates":[],"confidence":{"state":"pre-added","who":["ml:regex"],"prob":0.5},"fields":{},"normalizations":{}},{"classId":"e_1","part":"s11v1","offsets":[{"start":86,"text":"Contact Person: Trisha Brereton, Executive Director (619-702-5399)"}],"coordinates":[{"x":"57.61","y":"103.54"},{"x":"389.62","y":"109.20"}],"confidence":{"state":"pre-added","who":["user:SDTEF"],"prob":1},"fields":{},"normalizations":{}},{"classId":"e_4","part":"s11v1","offsets":[{"start":154,"text":"Statement of Work: The Subrecipient agrees to use the Community Development Block Grant funds allocated by the City for Fiscal Year 2020-2021 to provide the Rotational Emergency Shelter Program Program/Project in the City of El Cajon.\n\nSection 1 - Work Description:\n\n(To be completed by Subrecipient-must describe work activities approved by City Council) Subrecipient will provide seasonal, night-time emergency shelter to homeless low-to-moderate income families and individuals through area churches and synagogues. Shelter guests are referred to a sub­ contracted social service agency(ies) for intake, screening, and on-going case management."}],"coordinates":[{"x":"57.36","y":"121.06"},{"x":"492.77","y":"221.04"}],"confidence":{"state":"pre-added","who":["user:SDTEF"],"prob":1},"fields":{},"normalizations":{}},{"classId":"e_7","part":"s11v1","offsets":[{"start":208,"text":"Community Development Block Grant funds"}],"coordinates":[{"x":"343.68","y":"121.06"},{"x":"550.77","y":"126.72"}],"confidence":{"state":"pre-added","who":["user:SDTEF"],"prob":1},"fields":{},"normalizations":{}},{"classId":"e_8","part":"s11v1","offsets":[{"start":274,"text":"Fiscal Year 2020-2021"}],"coordinates":[{"x":"177.85","y":"132.34"},{"x":"281.58","y":"138.00"}],"confidence":{"state":"pre-added","who":["user:SDTEF"],"prob":1},"fields":{},"normalizations":{}},{"classId":"e_4","part":"s11v1","offsets":[{"start":311,"text":"Rotational Emergency Shelter Program"}],"coordinates":[],"confidence":{"state":"pre-added","who":["ml:regex"],"prob":0.5},"fields":{},"normalizations":{}},{"classId":"e_7","part":"s11v1","offsets":[{"start":371,"text":"City of El Cajon"}],"coordinates":[],"confidence":{"state":"pre-added","who":["ml:regex"],"prob":0.5},"fields":{},"normalizations":{}},{"classId":"e_6","part":"s11v1","offsets":[{"start":2170,"text":"Section 3 - Key Program Goals and Timeline\n\nInterfaith Shelter Network of San Diego will provide _thirty - forty_ (_30 - 40_) individuals with seasonal, night-time emergency shelter, meals, financial and employment education and support through area faith centers in the East County region; and sub-contracted intake, screening and case management services in the City of El Cajon during the period of July 1, 2020 to June 30, 2021."}],"coordinates":[{"x":"57.13","y":"542.26"},{"x":"415.72","y":"599.76"}],"confidence":{"state":"pre-added","who":["user:SDTEF"],"prob":1},"fields":{},"normalizations":{}},{"classId":"e_1","part":"s11v1","offsets":[{"start":2214,"text":"Interfaith Shelter Network of San Diego"}],"coordinates":[],"confidence":{"state":"pre-added","who":["ml:regex"],"prob":0.5},"fields":{},"normalizations":{}},{"classId":"e_7","part":"s11v1","offsets":[{"start":2534,"text":"City of El Cajon"}],"coordinates":[],"confidence":{"state":"pre-added","who":["ml:regex"],"prob":0.5},"fields":{},"normalizations":{}},{"classId":"e_8","part":"s11v1","offsets":[{"start":2551,"text":"during the period of July 1, 2020 to June 30, 2021"}],"coordinates":[{"x":"194.65","y":"594.10"},{"x":"413.00","y":"599.76"}],"confidence":{"state":"pre-added","who":["user:SDTEF"],"prob":1},"fields":{},"normalizations":{}},{"classId":"e_2","part":"s11v1","offsets":[{"start":2604,"text":"Section 4 - Budget\n\nThe City agrees to pay Subrecipient a total sum of Ten Thousand and no/100s dollars ($10,000.00) to assist in the provision of the above mentioned services. It is further agreed that no funding shall be disbursed unless the Subrecipient is in full compliance with the provisions of this Agreement. The City shall make payment of these funds on a reimbursement basis contingent upon a written request and submittal of receipts or appropriate proof of payment from the Subrecipient. Payments will not be paid unless and until periodic reports are current. Payments may be made on a monthly or quarterly basis, at the Subrecipient's option."}],"coordinates":[{"x":"57.13","y":"611.61"},{"x":"430.94","y":"692.16"}],"confidence":{"state":"pre-added","who":["user:SDTEF"],"prob":1},"fields":{},"normalizations":{}},{"classId":"e_4","part":"s12v1","offsets":[{"start":62,"text":"Rotational Emergency Shelter Program"}],"coordinates":[],"confidence":{"state":"pre-added","who":["ml:regex"],"prob":0.5},"fields":{},"normalizations":{}},{"classId":"e_2","part":"s12v1","offsets":[{"start":861,"text":"Total Project Budget"}],"coordinates":[{"x":"71.76","y":"513.89"},{"x":"167.00","y":"519.60"}],"confidence":{"state":"pre-added","who":["user:SDTEF"],"prob":1},"fields":{},"normalizations":{}},{"classId":"e_2","part":"s12v1","offsets":[{"start":900,"text":"353,336"}],"coordinates":[{"x":"483.60","y":"518.33"},{"x":"516.42","y":"524.15"}],"confidence":{"state":"pre-added","who":["user:SDTEF"],"prob":1},"fields":{},"normalizations":{}},{"classId":"e_7","part":"s13v1","offsets":[{"start":228,"text":"City of El Cajon"}],"coordinates":[],"confidence":{"state":"pre-added","who":["ml:regex"],"prob":0.5},"fields":{},"normalizations":{}},{"classId":"e_7","part":"s14v1","offsets":[{"start":0,"text":"CITY OF EL CAJON"}],"coordinates":[],"confidence":{"state":"pre-added","who":["ml:regex"],"prob":0.5},"fields":{},"normalizations":{}},{"classId":"e_8","part":"s15v1","offsets":[{"start":57,"text":"FISCAL YEAR 2020-2021"}],"coordinates":[],"confidence":{"state":"pre-added","who":["ml:regex"],"prob":0.5},"fields":{},"normalizations":{}},{"classId":"e_7","part":"s15v1","offsets":[{"start":331,"text":"City of El Cajon"}],"coordinates":[],"confidence":{"state":"pre-added","who":["ml:regex"],"prob":0.5},"fields":{},"normalizations":{}},{"classId":"e_7","part":"s16v1","offsets":[{"start":31,"text":"CITY OF EL CAJON"}],"coordinates":[],"confidence":{"state":"pre-added","who":["ml:regex"],"prob":0.5},"fields":{},"normalizations":{}},{"classId":"e_7","part":"s17v1","offsets":[{"start":22,"text":"CITY OF EL CAJON"}],"coordinates":[],"confidence":{"state":"pre-added","who":["ml:regex"],"prob":0.5},"fields":{},"normalizations":{}},{"classId":"e_7","part":"s18v1","offsets":[{"start":32,"text":"CITY OF EL CAJON"}],"coordinates":[],"confidence":{"state":"pre-added","who":["ml:regex"],"prob":0.5},"fields":{},"normalizations":{}},{"classId":"e_7","part":"s19v1","offsets":[{"start":22,"text":"CITY OF EL CAJON"}],"coordinates":[],"confidence":{"state":"pre-added","who":["ml:regex"],"prob":0.5},"fields":{},"normalizations":{}},{"classId":"e_7","part":"s20v1","offsets":[{"start":10,"text":"CITY OF EL CAJON"}],"coordinates":[],"confidence":{"state":"pre-added","who":["ml:regex"],"prob":0.5},"fields":{},"normalizations":{}},{"classId":"e_7","part":"s20v1","offsets":[{"start":301,"text":"City of El Cajon"}],"coordinates":[],"confidence":{"state":"pre-added","who":["ml:regex"],"prob":0.5},"fields":{},"normalizations":{}},{"classId":"e_7","part":"s20v1","offsets":[{"start":928,"text":"City of El Cajon"}],"coordinates":[],"confidence":{"state":"pre-added","who":["ml:regex"],"prob":0.5},"fields":{},"normalizations":{}},{"classId":"e_7","part":"s21v1","offsets":[{"start":22,"text":"CITY OF EL CAJON"}],"coordinates":[],"confidence":{"state":"pre-added","who":["ml:regex"],"prob":0.5},"fields":{},"normalizations":{}},{"classId":"e_7","part":"s22v1","offsets":[{"start":22,"text":"CITY OF EL CAJON"}],"coordinates":[],"confidence":{"state":"pre-added","who":["ml:regex"],"prob":0.5},"fields":{},"normalizations":{}},{"classId":"e_7","part":"s23v1","offsets":[{"start":22,"text":"CITY OF EL CAJON"}],"coordinates":[],"confidence":{"state":"pre-added","who":["ml:regex"],"prob":0.5},"fields":{},"normalizations":{}},{"classId":"e_1","part":"s24v1","offsets":[{"start":1589,"text":"Interfaith Shelter Network of San Diego"}],"coordinates":[],"confidence":{"state":"pre-added","who":["ml:regex"],"prob":0.5},"fields":{},"normalizations":{}},{"classId":"e_1","part":"s25v1","offsets":[{"start":643,"text":"Interfaith Shelter Network of San Diego"}],"coordinates":[],"confidence":{"state":"pre-added","who":["ml:regex"],"prob":0.5},"fields":{},"normalizations":{}},{"classId":"e_1","part":"s26v1","offsets":[{"start":508,"text":"Interfaith Shelter Network of San Diego"}],"coordinates":[],"confidence":{"state":"pre-added","who":["ml:regex"],"prob":0.5},"fields":{},"normalizations":{}}],"relations":[]}