{"annotatable":{"parts":["s1v1","s2v1","s3v1","s4v1","s5v1","s6v1","s7v1","s8v1","s9v1","s10v1","s11v1","s12v1","s13v1","s14v1","s15v1","s16v1","s17v1","s18v1","s19v1","s20v1","s21v1","s22v1","s23v1","s24v1","s25v1","s26v1"]},"anncomplete":true,"sources":[{"name":"ORIG","id":"Copy_of_20_21_Agreement___ECTLC_Emerg_Shelter_CARES_Act.pdf","url":""}],"metas":{"m_24":{"value":"$185,294","confidence":{"state":"pre-added","who":["user:SDTEF"],"prob":1}},"m_20":{"value":"families ","confidence":{"state":"pre-added","who":["user:SDTEF"],"prob":1}},"m_23":{"value":"city and CDBG funds","confidence":{"state":"pre-added","who":["user:SDTEF"],"prob":1}},"m_22":{"value":"temp housing, case management, meals","confidence":{"state":"pre-added","who":["user:SDTEF"],"prob":1}},"m_21":{"value":"LMI","confidence":{"state":"pre-added","who":["user:SDTEF"],"prob":1}}},"entities":[{"classId":"e_19","part":"s1v1","offsets":[{"start":0,"text":"AGREEMENT BETWEEN THE CITY OF EL CAJON AND East County Transitional Living Center, Inc."}],"coordinates":[{"x":"272.89","y":"63.75"},{"x":"407.92","y":"92.39"}],"confidence":{"state":"pre-added","who":["user:SDTEF"],"prob":1},"fields":{},"normalizations":{}},{"classId":"e_7","part":"s1v1","offsets":[{"start":183,"text":"CITY OF EL CAJON"}],"coordinates":[],"confidence":{"state":"pre-added","who":["ml:regex"],"prob":0.5},"fields":{},"normalizations":{}},{"classId":"e_1","part":"s1v1","offsets":[{"start":281,"text":"East County Transitional Living Center, Inc"}],"coordinates":[],"confidence":{"state":"pre-removed","who":["ml:nalaf","ml:regex"],"prob":0.5},"fields":{},"normalizations":{}},{"classId":"e_7","part":"s1v1","offsets":[{"start":479,"text":"City of El Cajon"}],"coordinates":[],"confidence":{"state":"pre-added","who":["ml:regex"],"prob":0.5},"fields":{},"normalizations":{}},{"classId":"e_4","part":"s1v1","offsets":[{"start":843,"text":"Emergency Shelter\""}],"coordinates":[{"x":"152.45","y":"208.30"},{"x":"245.08","y":"214.07"}],"confidence":{"state":"pre-added","who":["user:SDTEF"],"prob":1},"fields":{},"normalizations":{}},{"classId":"e_7","part":"s1v1","offsets":[{"start":1063,"text":"Community Development Block Grant,"}],"coordinates":[{"x":"413.76","y":"237.75"},{"x":"83.36","y":"254.88"}],"confidence":{"state":"pre-added","who":["user:SDTEF"],"prob":1},"fields":{},"normalizations":{}},{"classId":"e_7","part":"s1v1","offsets":[{"start":1117,"text":"CDBG,"}],"coordinates":[{"x":"171.85","y":"249.27"},{"x":"202.57","y":"254.88"}],"confidence":{"state":"pre-added","who":["user:SDTEF"],"prob":1},"fields":{},"normalizations":{}},{"classId":"e_4","part":"s1v1","offsets":[{"start":1556,"text":"Emergency Shelter"}],"coordinates":[],"confidence":{"state":"pre-added","who":["ml:regex"],"prob":0.5},"fields":{},"normalizations":{}},{"classId":"e_4","part":"s1v1","offsets":[{"start":1825,"text":"Emergency Shelter"}],"coordinates":[],"confidence":{"state":"pre-added","who":["ml:regex"],"prob":0.5},"fields":{},"normalizations":{}},{"classId":"e_5","part":"s1v1","offsets":[{"start":2102,"text":"The Service area is City-wide in the City of El Cajon."}],"coordinates":[],"confidence":{"state":"","who":["ml:nalaf"],"prob":0.9543625844732873},"fields":{},"normalizations":{}},{"classId":"e_4","part":"s1v1","offsets":[{"start":2158,"text":"Scope of Services"}],"coordinates":[],"confidence":{"state":"","who":["ml:nalaf"],"prob":0.8113951522257062},"fields":{},"normalizations":{}},{"classId":"e_4","part":"s1v1","offsets":[{"start":2411,"text":"5."}],"coordinates":[],"confidence":{"state":"pre-removed","who":["ml:nalaf","ml:regex"],"prob":0.5},"fields":{},"normalizations":{}},{"classId":"e_8","part":"s1v1","offsets":[{"start":2414,"text":"Time of Performance:"}],"coordinates":[{"x":"91.44","y":"534.38"},{"x":"186.38","y":"539.99"}],"confidence":{"state":"pre-added","who":["user:SDTEF"],"prob":1},"fields":{},"normalizations":{}},{"classId":"e_8","part":"s1v1","offsets":[{"start":2444,"text":"Said services of the Subrecipient are to commence no sooner than May 13, 2020 and shall be completed no later than June 30, 2021."}],"coordinates":[],"confidence":{"state":"pre-added","who":["ml:nalaf","user:SDTEF"],"prob":1},"fields":{},"normalizations":{}},{"classId":"e_2","part":"s1v1","offsets":[{"start":2575,"text":"Compensation and Method of Payment:\n\nThe City shall reimburse the Subrecipient for allowable costs incurred under the scope of the Agreement and applicable Federal regulations, which have not been paid for or reimbursed in any other manner by any other Agency or private source of funding. The total of all reimbursements shall not exceed One Hundred Eighty Five Thousand Two Hundred Ninety Four Dollars and no/100s dollars ($185,294)."}],"coordinates":[{"x":"91.44","y":"580.95"},{"x":"141.05","y":"649.91"}],"confidence":{"state":"pre-added","who":["user:SDTEF"],"prob":1},"fields":{},"normalizations":{}},{"classId":"e_2","part":"s1v1","offsets":[{"start":2865,"text":"The total of all reimbursements shall not exceed One Hundred Eighty Five Thousand Two Hundred Ninety Four Dollars and no/100s dollars ($185,294)."}],"coordinates":[],"confidence":{"state":"","who":["ml:nalaf"],"prob":0.921708762358725},"fields":{},"normalizations":{}},{"classId":"e_5","part":"s2v1","offsets":[{"start":3525,"text":"The"}],"coordinates":[],"confidence":{"state":"pre-removed","who":["ml:nalaf","ml:regex"],"prob":0.5},"fields":{},"normalizations":{}},{"classId":"e_5","part":"s2v1","offsets":[{"start":3623,"text":"Number"}],"coordinates":[],"confidence":{"state":"pre-removed","who":["ml:nalaf","ml:regex"],"prob":0.5},"fields":{},"normalizations":{}},{"classId":"e_5","part":"s3v1","offsets":[{"start":1487,"text":"The"}],"coordinates":[],"confidence":{"state":"pre-removed","who":["ml:nalaf","ml:regex"],"prob":0.5},"fields":{},"normalizations":{}},{"classId":"e_3","part":"s3v1","offsets":[{"start":2411,"text":"Beneficiary Qualification:\n\nThe Subrecipient agrees to guarantee that at least fifty-one percent (51%) of the beneficiaries of the program identified in Exhibit \"A,\"Scope of Work and Budget, are low and moderate income persons or households."}],"coordinates":[],"confidence":{"state":"pre-added","who":["ml:nalaf","user:SDTEF"],"prob":1},"fields":{},"normalizations":{}},{"classId":"e_3","part":"s3v1","offsets":[{"start":2576,"text":"Scope of Work and Budget, are low and moderate income persons or households."}],"coordinates":[],"confidence":{"state":"pre-added","who":["ml:nalaf","user:SDTEF"],"prob":1},"fields":{},"normalizations":{}},{"classId":"e_3","part":"s3v1","offsets":[{"start":2653,"text":"Under the CDBG regulations, the following clienteles are presumed to be low and moderate income persons and can qualify for service regardless of income: abused children, elderly persons, battered spouses, homeless persons, disabled persons, illiterate persons, and migrant farm workers."}],"coordinates":[],"confidence":{"state":"pre-added","who":["ml:nalaf","user:SDTEF"],"prob":1},"fields":{},"normalizations":{}},{"classId":"e_5","part":"s3v1","offsets":[{"start":3198,"text":"The"}],"coordinates":[],"confidence":{"state":"pre-removed","who":["ml:nalaf","ml:regex"],"prob":0.5},"fields":{},"normalizations":{}},{"classId":"e_5","part":"s3v1","offsets":[{"start":3378,"text":"The"}],"coordinates":[],"confidence":{"state":"pre-removed","who":["ml:nalaf","ml:regex"],"prob":0.5},"fields":{},"normalizations":{}},{"classId":"e_5","part":"s3v1","offsets":[{"start":4716,"text":"If"}],"coordinates":[],"confidence":{"state":"","who":["ml:nalaf"],"prob":0.7209376456320769},"fields":{},"normalizations":{}},{"classId":"e_5","part":"s4v1","offsets":[{"start":2137,"text":"The"}],"coordinates":[],"confidence":{"state":"pre-removed","who":["ml:nalaf","ml:regex"],"prob":0.5},"fields":{},"normalizations":{}},{"classId":"e_5","part":"s4v1","offsets":[{"start":2900,"text":"All"}],"coordinates":[],"confidence":{"state":"pre-removed","who":["ml:nalaf","ml:regex"],"prob":0.5},"fields":{},"normalizations":{}},{"classId":"e_5","part":"s5v1","offsets":[{"start":416,"text":"No"}],"coordinates":[],"confidence":{"state":"pre-removed","who":["ml:nalaf","ml:regex"],"prob":0.5},"fields":{},"normalizations":{}},{"classId":"e_2","part":"s5v1","offsets":[{"start":898,"text":"B."}],"coordinates":[],"confidence":{"state":"pre-removed","who":["ml:nalaf","ml:regex"],"prob":0.5},"fields":{},"normalizations":{}},{"classId":"e_4","part":"s5v1","offsets":[{"start":898,"text":"B."}],"coordinates":[],"confidence":{"state":"pre-removed","who":["ml:nalaf","ml:regex"],"prob":0.5},"fields":{},"normalizations":{}},{"classId":"e_5","part":"s5v1","offsets":[{"start":898,"text":"B."}],"coordinates":[],"confidence":{"state":"pre-removed","who":["ml:nalaf","ml:regex"],"prob":0.5},"fields":{},"normalizations":{}},{"classId":"e_2","part":"s5v1","offsets":[{"start":2470,"text":"B."}],"coordinates":[],"confidence":{"state":"pre-removed","who":["ml:nalaf","ml:regex"],"prob":0.5},"fields":{},"normalizations":{}},{"classId":"e_4","part":"s5v1","offsets":[{"start":2470,"text":"B."}],"coordinates":[],"confidence":{"state":"pre-removed","who":["ml:nalaf","ml:regex"],"prob":0.5},"fields":{},"normalizations":{}},{"classId":"e_5","part":"s5v1","offsets":[{"start":2470,"text":"B."}],"coordinates":[],"confidence":{"state":"pre-removed","who":["ml:nalaf","ml:regex"],"prob":0.5},"fields":{},"normalizations":{}},{"classId":"e_5","part":"s5v1","offsets":[{"start":2777,"text":"Any"}],"coordinates":[],"confidence":{"state":"pre-removed","who":["ml:nalaf","ml:regex"],"prob":0.5},"fields":{},"normalizations":{}},{"classId":"e_5","part":"s5v1","offsets":[{"start":3221,"text":"The"}],"coordinates":[],"confidence":{"state":"pre-removed","who":["ml:nalaf","ml:regex"],"prob":0.5},"fields":{},"normalizations":{}},{"classId":"e_5","part":"s6v1","offsets":[{"start":2183,"text":"Non"}],"coordinates":[],"confidence":{"state":"pre-removed","who":["ml:nalaf","ml:regex"],"prob":0.5},"fields":{},"normalizations":{}},{"classId":"e_5","part":"s6v1","offsets":[{"start":2365,"text":"The"}],"coordinates":[],"confidence":{"state":"pre-removed","who":["ml:nalaf","ml:regex"],"prob":0.5},"fields":{},"normalizations":{}},{"classId":"e_5","part":"s6v1","offsets":[{"start":2993,"text":"The"}],"coordinates":[],"confidence":{"state":"pre-removed","who":["ml:nalaf","ml:regex"],"prob":0.5},"fields":{},"normalizations":{}},{"classId":"e_5","part":"s6v1","offsets":[{"start":3449,"text":"The"}],"coordinates":[],"confidence":{"state":"pre-removed","who":["ml:nalaf","ml:regex"],"prob":0.5},"fields":{},"normalizations":{}},{"classId":"e_5","part":"s6v1","offsets":[{"start":3541,"text":"This"}],"coordinates":[],"confidence":{"state":"pre-removed","who":["ml:nalaf","ml:regex"],"prob":0.5},"fields":{},"normalizations":{}},{"classId":"e_5","part":"s8v1","offsets":[{"start":1218,"text":"The"}],"coordinates":[],"confidence":{"state":"pre-removed","who":["ml:nalaf","ml:regex"],"prob":0.5},"fields":{},"normalizations":{}},{"classId":"e_5","part":"s8v1","offsets":[{"start":1736,"text":"The"}],"coordinates":[],"confidence":{"state":"pre-removed","who":["ml:nalaf","ml:regex"],"prob":0.5},"fields":{},"normalizations":{}},{"classId":"e_5","part":"s8v1","offsets":[{"start":3993,"text":"The"}],"coordinates":[],"confidence":{"state":"pre-removed","who":["ml:nalaf","ml:regex"],"prob":0.5},"fields":{},"normalizations":{}},{"classId":"e_5","part":"s9v1","offsets":[{"start":795,"text":"The"}],"coordinates":[],"confidence":{"state":"pre-removed","who":["ml:nalaf","ml:regex"],"prob":0.5},"fields":{},"normalizations":{}},{"classId":"e_5","part":"s9v1","offsets":[{"start":2729,"text":"The"}],"coordinates":[],"confidence":{"state":"pre-removed","who":["ml:nalaf","ml:regex"],"prob":0.5},"fields":{},"normalizations":{}},{"classId":"e_5","part":"s9v1","offsets":[{"start":2945,"text":"The"}],"coordinates":[],"confidence":{"state":"pre-removed","who":["ml:nalaf","ml:regex"],"prob":0.5},"fields":{},"normalizations":{}},{"classId":"e_7","part":"s9v1","offsets":[{"start":3038,"text":"City of El Cajon"}],"coordinates":[{"x":"112.56","y":"654.93"},{"x":"180.12","y":"660.48"}],"confidence":{"state":"pre-added","who":["user:SDTEF"],"prob":1},"fields":{},"normalizations":{}},{"classId":"e_1","part":"s9v1","offsets":[{"start":3113,"text":"East County Transitional Inc. Attn: Harold H. Brown, Chief Executive Officer 1527 East Main Street El Cajon, CA 92021\n\nLiving Center,"}],"coordinates":[],"confidence":{"state":"","who":["ml:nalaf"],"prob":0.9130823825409318},"fields":{},"normalizations":{}},{"classId":"e_5","part":"s10v1","offsets":[{"start":128,"text":"There"}],"coordinates":[],"confidence":{"state":"","who":["ml:nalaf"],"prob":0.7430199306892148},"fields":{},"normalizations":{}},{"classId":"e_7","part":"s10v1","offsets":[{"start":887,"text":"CITY OF EL CAJON"}],"coordinates":[],"confidence":{"state":"pre-added","who":["ml:regex"],"prob":0.5},"fields":{},"normalizations":{}},{"classId":"e_4","part":"s11v1","offsets":[{"start":0,"text":"EXHIBIT\"A\" SCOPE OF WORK AND BUDGET\n\nProject:\n\nEmergency Shelter\n\nContact Person: Harold H. Brown, Chief Executive Officer (619-977-0633)\n\nStatement of Work: The Subrecipient agrees to use the Community Development Block Grant funds allocated by the City for Fiscal Year 2019-2020 to provide the Emergency Shelter Program/Project in the City of El Cajon.\n\nSection 1 - Work Description:\n\n(To be completed by Subrecipient-must describe work activi!ies approved by City Council)\n\n. /J\n\nU,.k).-&t ~ ~-~ 1.vl-tt,_,~J"}],"coordinates":[{"x":"276.96","y":"31.61"},{"x":"307.57","y":"177.59"}],"confidence":{"state":"pre-added","who":["user:SDTEF"],"prob":1},"fields":{},"normalizations":{}},{"classId":"e_4","part":"s11v1","offsets":[{"start":47,"text":"Emergency Shelter"}],"coordinates":[{"x":"166.57","y":"77.93"},{"x":"254.59","y":"83.52"}],"confidence":{"state":"pre-added","who":["user:SDTEF"],"prob":1},"fields":{},"normalizations":{}},{"classId":"e_1","part":"s11v1","offsets":[{"start":82,"text":"Harold H. Brown, Chief Executive Officer (619-977-0633)"}],"coordinates":[{"x":"166.33","y":"95.08"},{"x":"417.19","y":"100.80"}],"confidence":{"state":"pre-added","who":["user:SDTEF"],"prob":1},"fields":{},"normalizations":{}},{"classId":"e_4","part":"s11v1","offsets":[{"start":139,"text":"Statement of Work"}],"coordinates":[],"confidence":{"state":"","who":["ml:nalaf"],"prob":0.8307847567057832},"fields":{},"normalizations":{}},{"classId":"e_7","part":"s11v1","offsets":[{"start":193,"text":"Community Development Block Grant funds"}],"coordinates":[{"x":"320.17","y":"112.12"},{"x":"511.66","y":"117.84"}],"confidence":{"state":"pre-added","who":["user:SDTEF"],"prob":1},"fields":{},"normalizations":{}},{"classId":"e_4","part":"s11v1","offsets":[{"start":296,"text":"Emergency Shelter Program"}],"coordinates":[],"confidence":{"state":"","who":["ml:nalaf"],"prob":0.6530647287011829},"fields":{},"normalizations":{}},{"classId":"e_7","part":"s11v1","offsets":[{"start":337,"text":"City of El Cajon"}],"coordinates":[{"x":"482.41","y":"123.40"},{"x":"550.73","y":"129.12"}],"confidence":{"state":"pre-added","who":["user:SDTEF"],"prob":1},"fields":{},"normalizations":{}},{"classId":"e_2","part":"s11v1","offsets":[{"start":1039,"text":"Race of clients served\n\nC. Ethnicity of clients served (Hispanic, yes or no - a person may be of any race and be Hispanic)\n\nD. Number of disabled clients served (as defined by the Social Security Administrative Guidelines)\n\nE. Whether or not the head of the household is female\n\nF. Number of clients who are low income (per HUD guidelines)\n\nG. Whether or not the client is an El Cajon resident."}],"coordinates":[],"confidence":{"state":"pre-removed","who":["ml:nalaf","ml:regex"],"prob":0.5},"fields":{},"normalizations":{}},{"classId":"e_5","part":"s11v1","offsets":[{"start":1039,"text":"Race"}],"coordinates":[],"confidence":{"state":"pre-removed","who":["ml:nalaf","ml:regex"],"prob":0.5},"fields":{},"normalizations":{}},{"classId":"e_5","part":"s11v1","offsets":[{"start":1204,"text":"defined by the Social Security Administrative Guidelines)\n\nE"}],"coordinates":[],"confidence":{"state":"pre-removed","who":["ml:nalaf","ml:regex"],"prob":0.5},"fields":{},"normalizations":{}},{"classId":"e_5","part":"s11v1","offsets":[{"start":1402,"text":"client is an El Cajon resident."}],"coordinates":[],"confidence":{"state":"pre-removed","who":["ml:nalaf","ml:regex"],"prob":0.5},"fields":{},"normalizations":{}},{"classId":"e_2","part":"s11v1","offsets":[{"start":1435,"text":"H. Number of new clients assisted."}],"coordinates":[],"confidence":{"state":"pre-removed","who":["ml:nalaf","ml:regex"],"prob":0.5},"fields":{},"normalizations":{}},{"classId":"e_5","part":"s11v1","offsets":[{"start":1639,"text":"Number"}],"coordinates":[],"confidence":{"state":"pre-removed","who":["ml:nalaf","ml:regex"],"prob":0.5},"fields":{},"normalizations":{}},{"classId":"e_5","part":"s11v1","offsets":[{"start":1694,"text":"Progress made toward goals as evidenced in Exhibit \"A\", or an explanation of lack thereof."}],"coordinates":[],"confidence":{"state":"pre-removed","who":["ml:nalaf","ml:regex"],"prob":0.5},"fields":{},"normalizations":{}},{"classId":"e_2","part":"s11v1","offsets":[{"start":1786,"text":"D. Any other accomplishments or problems/concerns the Agency wishes to report."}],"coordinates":[],"confidence":{"state":"pre-removed","who":["ml:nalaf","ml:regex"],"prob":0.5},"fields":{},"normalizations":{}},{"classId":"e_5","part":"s11v1","offsets":[{"start":1786,"text":"D. Any other accomplishments or problems/concerns the Agency wishes to report."}],"coordinates":[],"confidence":{"state":"pre-removed","who":["ml:nalaf","ml:regex"],"prob":0.5},"fields":{},"normalizations":{}},{"classId":"e_6","part":"s11v1","offsets":[{"start":1866,"text":"Section 3 - Key Program Goals and Timeline e City of El Cajon during the period of May 13, 2020 to June 30, 2021."}],"coordinates":[],"confidence":{"state":"pre-added","who":["ml:nalaf","user:SDTEF"],"prob":1},"fields":{},"normalizations":{}},{"classId":"e_6","part":"s11v1","offsets":[{"start":1866,"text":"Section 3 - Key Program Goals and Timeline e City of El Cajon during the period of May 13, 2020 to June 30, 2021."}],"coordinates":[],"confidence":{"state":"pre-added","who":["ml:nalaf","user:SDTEF"],"prob":1},"fields":{},"normalizations":{}},{"classId":"e_7","part":"s11v1","offsets":[{"start":1911,"text":"City of El Cajon"}],"coordinates":[{"x":"124.56","y":"581.55"},{"x":"193.14","y":"587.27"}],"confidence":{"state":"pre-added","who":["user:SDTEF"],"prob":1},"fields":{},"normalizations":{}},{"classId":"e_8","part":"s11v1","offsets":[{"start":1928,"text":"during the period of May 13, 2020 to June 30, 2021."}],"coordinates":[{"x":"196.33","y":"581.55"},{"x":"424.85","y":"587.27"}],"confidence":{"state":"pre-added","who":["user:SDTEF"],"prob":1},"fields":{},"normalizations":{}},{"classId":"e_4","part":"s12v1","offsets":[{"start":62,"text":"Emergency Shelter"}],"coordinates":[],"confidence":{"state":"pre-added","who":["ml:regex"],"prob":0.5},"fields":{},"normalizations":{}},{"classId":"e_5","part":"s12v1","offsets":[{"start":966,"text":"To"}],"coordinates":[],"confidence":{"state":"","who":["ml:nalaf"],"prob":0.7394804125765251},"fields":{},"normalizations":{}},{"classId":"e_1","part":"s13v1","offsets":[{"start":451,"text":"East County Transitional Living Center Inc"}],"coordinates":[],"confidence":{"state":"","who":["ml:nalaf"],"prob":0.9441651586881857},"fields":{},"normalizations":{}},{"classId":"e_4","part":"s13v1","offsets":[{"start":1249,"text":"Emergency Shelter"}],"coordinates":[],"confidence":{"state":"pre-added","who":["ml:regex"],"prob":0.5},"fields":{},"normalizations":{}},{"classId":"e_5","part":"s13v1","offsets":[{"start":1908,"text":"Date"}],"coordinates":[],"confidence":{"state":"pre-removed","who":["ml:nalaf","ml:regex"],"prob":0.5},"fields":{},"normalizations":{}},{"classId":"e_8","part":"s14v1","offsets":[{"start":119,"text":"F-'Y'\"\"'2\"\"0\"\"'1:.;:"}],"coordinates":[{"x":"156.73","y":"79.24"},{"x":"223.54","y":"84.00"}],"confidence":{"state":"pre-added","who":["user:SDTEF"],"prob":1},"fields":{},"normalizations":{}},{"classId":"e_1","part":"s14v1","offsets":[{"start":181,"text":"East County Transitional Living Center Inc"}],"coordinates":[],"confidence":{"state":"","who":["ml:nalaf"],"prob":0.9403845160049616},"fields":{},"normalizations":{}},{"classId":"e_4","part":"s14v1","offsets":[{"start":239,"text":"Emergency Shelter Program"}],"coordinates":[],"confidence":{"state":"","who":["ml:nalaf"],"prob":0.7209684685968529},"fields":{},"normalizations":{}},{"classId":"e_5","part":"s14v1","offsets":[{"start":2550,"text":"Rev."}],"coordinates":[],"confidence":{"state":"","who":["ml:nalaf"],"prob":0.9060460122869936},"fields":{},"normalizations":{}},{"classId":"e_4","part":"s15v1","offsets":[{"start":206,"text":"This form must be completed for projects providing eligible CDBG/HOME activities to Low to Moderate Income residents of the City of El Cajon."}],"coordinates":[],"confidence":{"state":"pre-added","who":["ml:nalaf","user:SDTEF"],"prob":1},"fields":{},"normalizations":{}},{"classId":"e_3","part":"s15v1","offsets":[{"start":290,"text":"Low to Moderate Income residents"}],"coordinates":[{"x":"157.68","y":"89.74"},{"x":"294.91","y":"95.04"}],"confidence":{"state":"pre-added","who":["user:SDTEF"],"prob":1},"fields":{},"normalizations":{}},{"classId":"e_1","part":"s15v1","offsets":[{"start":461,"text":"East County Transitional Living Center Inc"}],"coordinates":[],"confidence":{"state":"","who":["ml:nalaf"],"prob":0.944792640478274},"fields":{},"normalizations":{}},{"classId":"e_4","part":"s15v1","offsets":[{"start":520,"text":"Emergency Shelter Program"}],"coordinates":[],"confidence":{"state":"","who":["ml:nalaf"],"prob":0.7934439088522233},"fields":{},"normalizations":{}},{"classId":"e_7","part":"s16v1","offsets":[{"start":538,"text":"City of El Cajon"}],"coordinates":[],"confidence":{"state":"pre-added","who":["ml:regex"],"prob":0.5},"fields":{},"normalizations":{}},{"classId":"e_2","part":"s16v1","offsets":[{"start":2041,"text":"If a general aggregate limit applies, either the general aggregate limit shall apply separately to this project/location or the general aggregate limit shall be twice the required occurrence limit."}],"coordinates":[],"confidence":{"state":"pre-removed","who":["ml:nalaf","ml:regex"],"prob":0.5},"fields":{},"normalizations":{}},{"classId":"e_4","part":"s17v1","offsets":[{"start":462,"text":"2."}],"coordinates":[],"confidence":{"state":"pre-removed","who":["ml:nalaf","ml:regex"],"prob":0.5},"fields":{},"normalizations":{}},{"classId":"e_5","part":"s17v1","offsets":[{"start":811,"text":"Commercial General Liability (CGL): Insurance Services Office Form CG 00 01 covering CGL on an \"occurrence\" basis, including products and completed operations, property damage, bodily injury and personal & advertising injury with limits no less than"}],"coordinates":[],"confidence":{"state":"pre-removed","who":["ml:nalaf","ml:regex"],"prob":0.5},"fields":{},"normalizations":{}},{"classId":"e_4","part":"s17v1","offsets":[{"start":1088,"text":"If a general aggregate limit applies, either the general aggregate limit shall apply separately to this project/location or the general aggregate limit shall be twice the required occurrence limit."}],"coordinates":[],"confidence":{"state":"pre-removed","who":["ml:nalaf","ml:regex"],"prob":0.5},"fields":{},"normalizations":{}},{"classId":"e_5","part":"s17v1","offsets":[{"start":1088,"text":"If a general aggregate limit applies, either the general aggregate limit shall apply separately to this project/location or the general aggregate limit shall be twice the required occurrence limit."}],"coordinates":[],"confidence":{"state":"pre-removed","who":["ml:nalaf","ml:regex"],"prob":0.5},"fields":{},"normalizations":{}},{"classId":"e_4","part":"s17v1","offsets":[{"start":1287,"text":"3."}],"coordinates":[],"confidence":{"state":"pre-removed","who":["ml:nalaf","ml:regex"],"prob":0.5},"fields":{},"normalizations":{}},{"classId":"e_5","part":"s17v1","offsets":[{"start":2044,"text":"The"}],"coordinates":[],"confidence":{"state":"pre-removed","who":["ml:nalaf","ml:regex"],"prob":0.5},"fields":{},"normalizations":{}},{"classId":"e_4","part":"s17v1","offsets":[{"start":2166,"text":"5."}],"coordinates":[],"confidence":{"state":"pre-removed","who":["ml:nalaf","ml:regex"],"prob":0.5},"fields":{},"normalizations":{}},{"classId":"e_7","part":"s18v1","offsets":[{"start":32,"text":"CITY OF EL CAJON"}],"coordinates":[],"confidence":{"state":"pre-added","who":["ml:regex"],"prob":0.5},"fields":{},"normalizations":{}},{"classId":"e_5","part":"s18v1","offsets":[{"start":319,"text":"The"}],"coordinates":[],"confidence":{"state":"pre-removed","who":["ml:nalaf","ml:regex"],"prob":0.5},"fields":{},"normalizations":{}},{"classId":"e_4","part":"s19v1","offsets":[{"start":646,"text":"2."}],"coordinates":[],"confidence":{"state":"pre-removed","who":["ml:nalaf","ml:regex"],"prob":0.5},"fields":{},"normalizations":{}},{"classId":"e_4","part":"s19v1","offsets":[{"start":1659,"text":"3."}],"coordinates":[],"confidence":{"state":"pre-removed","who":["ml:nalaf","ml:regex"],"prob":0.5},"fields":{},"normalizations":{}},{"classId":"e_5","part":"s19v1","offsets":[{"start":1923,"text":"All"}],"coordinates":[],"confidence":{"state":"pre-removed","who":["ml:nalaf","ml:regex"],"prob":0.5},"fields":{},"normalizations":{}},{"classId":"e_5","part":"s20v1","offsets":[{"start":577,"text":"This"}],"coordinates":[],"confidence":{"state":"pre-removed","who":["ml:nalaf","ml:regex"],"prob":0.5},"fields":{},"normalizations":{}},{"classId":"e_5","part":"s21v1","offsets":[{"start":0,"text":"SUBJECT:\n\nREFERENCE:\n\nCITY OF EL CAJON CITY COUNCIL POLICY\n\nInsurance Requirements\n\nAdopted 7/26/94 Amended 11/29/05 Amended 04/14/15\n\nEXHIBITD\n\nPOLICY\n\nD-3\n\nEFFECTIVE PAGE\n\n04/14/15"}],"coordinates":[],"confidence":{"state":"pre-removed","who":["ml:nalaf","ml:regex"],"prob":0.5},"fields":{},"normalizations":{}},{"classId":"e_5","part":"s21v1","offsets":[{"start":445,"text":"All"}],"coordinates":[],"confidence":{"state":"pre-removed","who":["ml:nalaf","ml:regex"],"prob":0.5},"fields":{},"normalizations":{}},{"classId":"e_5","part":"s21v1","offsets":[{"start":1951,"text":"The"}],"coordinates":[],"confidence":{"state":"pre-removed","who":["ml:nalaf","ml:regex"],"prob":0.5},"fields":{},"normalizations":{}},{"classId":"e_5","part":"s24v1","offsets":[{"start":292,"text":"a."}],"coordinates":[],"confidence":{"state":"pre-removed","who":["ml:nalaf","ml:regex"],"prob":0.5},"fields":{},"normalizations":{}},{"classId":"e_5","part":"s24v1","offsets":[{"start":460,"text":"b."}],"coordinates":[],"confidence":{"state":"pre-removed","who":["ml:nalaf","ml:regex"],"prob":0.5},"fields":{},"normalizations":{}},{"classId":"e_1","part":"s24v1","offsets":[{"start":1580,"text":"East County Transitional Living Center, Inc."}],"coordinates":[],"confidence":{"state":"","who":["ml:nalaf"],"prob":0.921961766706205},"fields":{},"normalizations":{}},{"classId":"e_5","part":"s25v1","offsets":[{"start":620,"text":"more in\n\nFederal funds during the prior fiscal year (FY 2018-19)/calendar year (2018)."}],"coordinates":[],"confidence":{"state":"pre-removed","who":["ml:nalaf","ml:regex"],"prob":0.5},"fields":{},"normalizations":{}}],"relations":[]}