{"annotatable":{"parts":["s1p1"]},"anncomplete":true,"sources":[{"name":"ORIG","id":"CONTRACT_559501_Amendmen_09292020.pdf","url":""}],"metas":{"m_24":{"value":"$8,527,560.76","confidence":{"state":"pre-added","who":["user:SDTEF"],"prob":1}},"m_23":{"value":"county and DHCS","confidence":{"state":"pre-added","who":["user:SDTEF"],"prob":1}},"m_21":{"value":"substance use disorder","confidence":{"state":"pre-added","who":["user:SDTEF"],"prob":1}},"m_22":{"value":"substance use disorder outpatient treatment","confidence":{"state":"pre-added","who":["user:SDTEF"],"prob":1}}},"entities":[{"classId":"e_7","part":"s1p1","offsets":[{"start":0,"text":"COUNTY OF SAN DIEGO"}],"coordinates":[],"confidence":{"state":"","who":["ml:nalaf"],"prob":0.9287976048644443},"fields":{},"normalizations":{}},{"classId":"e_19","part":"s1p1","offsets":[{"start":63,"text":"CONTRACT NO. 559501 AMENDMENT NO. l"}],"coordinates":[],"confidence":{"state":"pre-added","who":["user:SDTEF"],"prob":1},"fields":{},"normalizations":{}},{"classId":"e_19","part":"s1p1","offsets":[{"start":63,"text":"CONTRACT NO. 559501"}],"coordinates":[],"confidence":{"state":"pre-added","who":["user:SDTEF"],"prob":1},"fields":{},"normalizations":{}},{"classId":"e_1","part":"s1p1","offsets":[{"start":99,"text":"Interfaith Community Services"}],"coordinates":[],"confidence":{"state":"","who":["ml:nalaf"],"prob":0.9435535723033053},"fields":{},"normalizations":{}},{"classId":"e_7","part":"s1p1","offsets":[{"start":153,"text":"County of San Diego"}],"coordinates":[],"confidence":{"state":"","who":["ml:nalaf"],"prob":0.9667164845487017},"fields":{},"normalizations":{}},{"classId":"e_3","part":"s1p1","offsets":[{"start":318,"text":"Substance Use Disorder"}],"coordinates":[],"confidence":{"state":"","who":["ml:nalaf"],"prob":0.9271215341258463},"fields":{},"normalizations":{}},{"classId":"e_4","part":"s1p1","offsets":[{"start":318,"text":"Substance Use Disorder Outpatient Treatment Program"}],"coordinates":[],"confidence":{"state":"pre-added","who":["user:SDTEF"],"prob":1},"fields":{},"normalizations":{}},{"classId":"e_7","part":"s1p1","offsets":[{"start":411,"text":"County of San Diego"}],"coordinates":[],"confidence":{"state":"","who":["ml:nalaf"],"prob":0.9063664727452477},"fields":{},"normalizations":{}},{"classId":"e_2","part":"s1p1","offsets":[{"start":856,"text":"Compensation: 2.1. The compensation due to Contractor under the Contract is increased by a maximum amount of$9,626.76 for an amended total contract price not to exceed $8,527.560.76"}],"coordinates":[],"confidence":{"state":"pre-added","who":["user:SDTEF"],"prob":1},"fields":{},"normalizations":{}},{"classId":"e_2","part":"s1p1","offsets":[{"start":989,"text":"total contract price not to exceed $8,527.560.76"}],"coordinates":[],"confidence":{"state":"","who":["ml:nalaf"],"prob":0.7323716302719644},"fields":{},"normalizations":{}},{"classId":"e_4","part":"s1p1","offsets":[{"start":1086,"text":"for the purpose of purchasing equipment needed for telehealth and related COVID-19 expenses"}],"coordinates":[],"confidence":{"state":"pre-added","who":["user:SDTEF"],"prob":1},"fields":{},"normalizations":{}},{"classId":"e_8","part":"s1p1","offsets":[{"start":1356,"text":"Contract time for completion remains unchanged through June 30, 2023"}],"coordinates":[],"confidence":{"state":"","who":["ml:nalaf"],"prob":0.7236656436386929},"fields":{},"normalizations":{}},{"classId":"e_7","part":"s1p1","offsets":[{"start":2630,"text":"State Agreements"}],"coordinates":[],"confidence":{"state":"pre-added","who":["ml:regex"],"prob":0.5},"fields":{},"normalizations":{}},{"classId":"e_7","part":"s1p1","offsets":[{"start":2915,"text":"For Mental Health contracts, the Medi-Cal Behavioral Health Services Performance Agreement between the California Department of Health Care Services (DHCS) and the County"}],"coordinates":[],"confidence":{"state":"pre-added","who":["user:SDTEF"],"prob":1},"fields":{},"normalizations":{}},{"classId":"e_7","part":"s1p1","offsets":[{"start":3018,"text":"California Department of Health Care Services"}],"coordinates":[],"confidence":{"state":"pre-added","who":["user:SDTEF"],"prob":1},"fields":{},"normalizations":{}},{"classId":"e_3","part":"s1p1","offsets":[{"start":3100,"text":"Substance Use Disorder"}],"coordinates":[],"confidence":{"state":"","who":["ml:nalaf"],"prob":0.8763664684597172},"fields":{},"normalizations":{}},{"classId":"e_7","part":"s1p1","offsets":[{"start":3134,"text":"the San Diego County Alcohol and Drug Program Administrator Agreement between DHCS and the County"}],"coordinates":[],"confidence":{"state":"pre-added","who":["ml:nalaf","user:SDTEF"],"prob":1},"fields":{"f_13":{"value":"county","confidence":{"state":"pre-added","who":["user:SDTEF"],"prob":1}}},"normalizations":{}},{"classId":"e_7","part":"s1p1","offsets":[{"start":4099,"text":"State Agreements"}],"coordinates":[],"confidence":{"state":"pre-added","who":["ml:regex","user:SDTEF"],"prob":1},"fields":{},"normalizations":{}},{"classId":"e_1","part":"s1p1","offsets":[{"start":4125,"text":"Business Associate"}],"coordinates":[],"confidence":{"state":"pre-added","who":["user:SDTEF"],"prob":1},"fields":{},"normalizations":{}},{"classId":"e_7","part":"s1p1","offsets":[{"start":4365,"text":"State Agreements"}],"coordinates":[],"confidence":{"state":"pre-added","who":["ml:regex"],"prob":0.5},"fields":{},"normalizations":{}},{"classId":"e_7","part":"s1p1","offsets":[{"start":4432,"text":"Covered Entity"}],"coordinates":[],"confidence":{"state":"pre-added","who":["user:SDTEF"],"prob":1},"fields":{},"normalizations":{}},{"classId":"e_7","part":"s1p1","offsets":[{"start":4497,"text":"Security incident"}],"coordinates":[],"confidence":{"state":"pre-added","who":["user:SDTEF"],"prob":1},"fields":{},"normalizations":{}},{"classId":"e_7","part":"s1p1","offsets":[{"start":4562,"text":"State Agreements"}],"coordinates":[],"confidence":{"state":"pre-added","who":["user:SDTEF"],"prob":1},"fields":{},"normalizations":{}},{"classId":"e_6","part":"s1p1","offsets":[{"start":4951,"text":"Contractor shall ensure sufficient administrative, physical, and technical controls are in place to prevent use or disclosure of County PHI/Pl/PII"}],"coordinates":[],"confidence":{"state":"pre-added","who":["user:SDTEF"],"prob":1},"fields":{},"normalizations":{}},{"classId":"e_6","part":"s1p1","offsets":[{"start":5117,"text":"Contractor shall mitigate, to the extent practicable, any harmful effects caused by violation of the requirements of this Article, as directed by the County."}],"coordinates":[],"confidence":{"state":"","who":["ml:nalaf"],"prob":0.9763666534273757},"fields":{},"normalizations":{}},{"classId":"e_6","part":"s1p1","offsets":[{"start":5275,"text":"14.3.4 Subcontractors."}],"coordinates":[],"confidence":{"state":"","who":["ml:nalaf"],"prob":0.8069415168172348},"fields":{},"normalizations":{}},{"classId":"e_6","part":"s1p1","offsets":[{"start":5298,"text":"Contractor shall ensure that any agent, including a subcontractor, to whom it provides County PHUPI/Pll, imposes the same conditions on such agents that apply to Contractor under this Article."}],"coordinates":[],"confidence":{"state":"","who":["ml:nalaf"],"prob":0.9838642030574036},"fields":{},"normalizations":{}},{"classId":"e_6","part":"s1p1","offsets":[{"start":5491,"text":"14.3.5 Cooperation with County."}],"coordinates":[],"confidence":{"state":"","who":["ml:nalaf"],"prob":0.8788060876833421},"fields":{},"normalizations":{}},{"classId":"e_6","part":"s1p1","offsets":[{"start":5523,"text":"14.3.5.1 Contractor shall provide access to County PHI/Pl/PII, as well as internal practices and records related to County PHI/PI/Pll, at the written request of County within ten ( I 0) calendar days."}],"coordinates":[],"confidence":{"state":"","who":["ml:nalaf"],"prob":0.9721588633045652},"fields":{},"normalizations":{}},{"classId":"e_6","part":"s1p1","offsets":[{"start":5724,"text":"14.3.5.2 Contractor will assist County regarding individual's access, copy, amendment, accounting of disclosure, and other such requests for County PHI/PI/PII in the time and manner designated by County."}],"coordinates":[],"confidence":{"state":"","who":["ml:nalaf"],"prob":0.9726367426430635},"fields":{},"normalizations":{}},{"classId":"e_6","part":"s1p1","offsets":[{"start":5928,"text":"14.3.6 Breach Reporting."}],"coordinates":[],"confidence":{"state":"","who":["ml:nalaf"],"prob":0.856477542489742},"fields":{},"normalizations":{}},{"classId":"e_6","part":"s1p1","offsets":[{"start":5953,"text":"Contractor shall report breaches and suspected security incidents to County, to include: 14.3.6.1 Initial Report."}],"coordinates":[],"confidence":{"state":"","who":["ml:nalaf"],"prob":0.9625035757256187},"fields":{},"normalizations":{}},{"classId":"e_6","part":"s1p1","offsets":[{"start":6067,"text":"Page 2 ofS CONTRACT #550907 AMENDMENT #I Article-14-Info-Privacy-Security-ProvisionsJune 2020 14.3.6.2 Contractor shall email County Contracting Officer's Representative (COR) and HHSA Privacy Officer immediately upon the discovery of a suspected security incident that involves data provided to County by the Social Security Administration, as per the State Agreements."}],"coordinates":[],"confidence":{"state":"","who":["ml:nalaf"],"prob":0.9703923821318431},"fields":{},"normalizations":{}},{"classId":"e_6","part":"s1p1","offsets":[{"start":6438,"text":"14.3.6.2.1 Contractor shall email COR and HHSA Privacy Officer immediately of breaches and suspected privacy incidents involving 500 or more individuals."}],"coordinates":[],"confidence":{"state":"","who":["ml:nalaf"],"prob":0.9408701417006606},"fields":{},"normalizations":{}},{"classId":"e_6","part":"s1p1","offsets":[{"start":6592,"text":"14.3.6.2.2 Contractor shall additionally submit an online County \"Privacy Incident Report\" through the online portal at www.cosdcompliance.org within one (I) business day for all breaches and suspected security incidents."}],"coordinates":[],"confidence":{"state":"","who":["ml:nalaf"],"prob":0.9592710822011677},"fields":{},"normalizations":{}},{"classId":"e_6","part":"s1p1","offsets":[{"start":6814,"text":"14.3.6.3 Investigation Report."}],"coordinates":[],"confidence":{"state":"","who":["ml:nalaf"],"prob":0.897612312707075},"fields":{},"normalizations":{}},{"classId":"e_6","part":"s1p1","offsets":[{"start":6845,"text":"Contractor shall immediately investigate such suspected security incident or breach and provide the County a complete report of the investigation within seven (7) working days using County's \"Privacy Incident Report\" online form."}],"coordinates":[],"confidence":{"state":"","who":["ml:nalaf"],"prob":0.9776365882846582},"fields":{},"normalizations":{}},{"classId":"e_6","part":"s1p1","offsets":[{"start":7075,"text":"14.3.6.4 Notification."}],"coordinates":[],"confidence":{"state":"","who":["ml:nalaf"],"prob":0.8871023169419044},"fields":{},"normalizations":{}},{"classId":"e_6","part":"s1p1","offsets":[{"start":7098,"text":"Contractor will comply with County's request to notify individuals and/or media and shall pay any costs of such notifications, as well as any costs associated with the breach."}],"coordinates":[],"confidence":{"state":"","who":["ml:nalaf"],"prob":0.9830340935513882},"fields":{},"normalizations":{}},{"classId":"e_4","part":"s1p1","offsets":[{"start":7274,"text":"County shall approve the time, manner and content of any such notifications before notifications are made."}],"coordinates":[],"confidence":{"state":"","who":["ml:nalaf"],"prob":0.9270405981165849},"fields":{},"normalizations":{}},{"classId":"e_6","part":"s1p1","offsets":[{"start":7274,"text":"County shall approve the time, manner and content of any such notifications before notifications are made."}],"coordinates":[],"confidence":{"state":"","who":["ml:nalaf"],"prob":0.9721294600360257},"fields":{},"normalizations":{}},{"classId":"e_4","part":"s1p1","offsets":[{"start":7381,"text":"14.3.7 Designation oflndividuals."}],"coordinates":[],"confidence":{"state":"","who":["ml:nalaf"],"prob":0.700910957245583},"fields":{},"normalizations":{}},{"classId":"e_6","part":"s1p1","offsets":[{"start":7381,"text":"14.3.7 Designation oflndividuals."}],"coordinates":[],"confidence":{"state":"","who":["ml:nalaf"],"prob":0.8373286072667675},"fields":{},"normalizations":{}},{"classId":"e_6","part":"s1p1","offsets":[{"start":7415,"text":"Contractor shall designate a Privacy Official and a Security Official to oversee its privacy and security requirements herein."}],"coordinates":[],"confidence":{"state":"pre-added","who":["ml:nalaf","user:SDTEF"],"prob":1},"fields":{},"normalizations":{}},{"classId":"e_6","part":"s1p1","offsets":[{"start":7542,"text":"14.3.8 Termination."}],"coordinates":[],"confidence":{"state":"","who":["ml:nalaf"],"prob":0.8267986333608285},"fields":{},"normalizations":{}},{"classId":"e_5","part":"s1p1","offsets":[{"start":7562,"text":"Upon termination of the Agreement for any reason, Contractor shall return or destroy all County PHI/Pll/Pl, except County PHI/Pll/Pl necessary for"}],"coordinates":[],"confidence":{"state":"","who":["ml:nalaf"],"prob":0.6569619755841761},"fields":{},"normalizations":{}},{"classId":"e_6","part":"s1p1","offsets":[{"start":7562,"text":"Upon termination of the Agreement for any reason, Contractor shall return or destroy all County PHI/Pll/Pl, except County PHI/Pll/Pl necessary for Contractor to continue its proper management and administration or to carry out its legal responsibilities, as mutually agreed upon by the Parties."}],"coordinates":[],"confidence":{"state":"","who":["ml:nalaf"],"prob":0.988697409395156},"fields":{},"normalizations":{}},{"classId":"e_7","part":"s1p1","offsets":[{"start":8185,"text":"COUNTY OF SAN DIEGO"}],"coordinates":[],"confidence":{"state":"","who":["ml:nalaf"],"prob":0.9125412631424271},"fields":{},"normalizations":{}},{"classId":"e_6","part":"s1p1","offsets":[{"start":8261,"text":"55950 I AMENDMENT NO."}],"coordinates":[],"confidence":{"state":"pre-removed","who":["ml:nalaf","ml:regex"],"prob":0.5},"fields":{},"normalizations":{}},{"classId":"e_2","part":"s1p1","offsets":[{"start":9567,"text":"§ 180.935)."}],"coordinates":[],"confidence":{"state":"","who":["ml:nalaf"],"prob":0.7195560423813229},"fields":{},"normalizations":{}},{"classId":"e_6","part":"s1p1","offsets":[{"start":9567,"text":"§ 180.935)."}],"coordinates":[],"confidence":{"state":"","who":["ml:nalaf"],"prob":0.9409432145398203},"fields":{},"normalizations":{}},{"classId":"e_4","part":"s1p1","offsets":[{"start":11668,"text":"1352, Contractor shall also file a disclosure form at the end of each calendar quarter in which there occurs any event that requires disclosure or that materially affects the accuracy of the information contained in any disclosure form previously filed."}],"coordinates":[],"confidence":{"state":"","who":["ml:nalaf"],"prob":0.7734725838128805},"fields":{},"normalizations":{}},{"classId":"e_6","part":"s1p1","offsets":[{"start":11668,"text":"1352, Contractor shall also file a disclosure form at the end of each calendar quarter in which there occurs any event that requires disclosure or that materially affects the accuracy of the information contained in any disclosure form previously filed."}],"coordinates":[],"confidence":{"state":"","who":["ml:nalaf"],"prob":0.9787065905823764},"fields":{},"normalizations":{}},{"classId":"e_5","part":"s1p1","offsets":[{"start":11922,"text":"Contractor shall include this provision in all subcontracts and require each of its subcontractors to comply with the certification and disclosure requirements of this provision."}],"coordinates":[],"confidence":{"state":"","who":["ml:nalaf"],"prob":0.5368881549781149},"fields":{},"normalizations":{}},{"classId":"e_6","part":"s1p1","offsets":[{"start":11922,"text":"Contractor shall include this provision in all subcontracts and require each of its subcontractors to comply with the certification and disclosure requirements of this provision."}],"coordinates":[],"confidence":{"state":"","who":["ml:nalaf"],"prob":0.9721529019369363},"fields":{},"normalizations":{}},{"classId":"e_6","part":"s1p1","offsets":[{"start":12101,"text":"4."}],"coordinates":[],"confidence":{"state":"","who":["ml:nalaf"],"prob":0.5531921328301065},"fields":{},"normalizations":{}},{"classId":"e_6","part":"s1p1","offsets":[{"start":12104,"text":"Procurement of Recovered Materials: Contractor shall comply with 2 CFR part 200.322."}],"coordinates":[],"confidence":{"state":"","who":["ml:nalaf"],"prob":0.9190407238700142},"fields":{},"normalizations":{}},{"classId":"e_6","part":"s1p1","offsets":[{"start":12189,"text":"Contractor shall procure only items designated in guidelines of the Environmental Protection Agency (EPA) at 40 CFR part 247 that contain the highest percentage of recovered materials practicable, consistent with maintaining a satisfactory level of competition, where the purchase price of the item exceeds $10,000 or the value of the quantity acquired during the preceding fiscal year exceeded $10,000."}],"coordinates":[],"confidence":{"state":"","who":["ml:nalaf"],"prob":0.9932873182932225},"fields":{},"normalizations":{}},{"classId":"e_4","part":"s1p1","offsets":[{"start":13038,"text":"5."}],"coordinates":[],"confidence":{"state":"","who":["ml:nalaf"],"prob":0.5865587762629599},"fields":{},"normalizations":{}},{"classId":"e_6","part":"s1p1","offsets":[{"start":13038,"text":"5."}],"coordinates":[],"confidence":{"state":"","who":["ml:nalaf"],"prob":0.48966677766242306},"fields":{},"normalizations":{}},{"classId":"e_7","part":"s1p1","offsets":[{"start":13904,"text":"COUNTY OF SAN DIEGO"}],"coordinates":[],"confidence":{"state":"","who":["ml:nalaf"],"prob":0.8500239616513847},"fields":{},"normalizations":{}},{"classId":"e_19","part":"s1p1","offsets":[{"start":13967,"text":"CONTRACT NO. 55950 I AMENDMENT NO. I"}],"coordinates":[],"confidence":{"state":"pre-added","who":["user:SDTEF"],"prob":1},"fields":{},"normalizations":{}}],"relations":[]}