{"annotatable":{"parts":["s1v1","s2v1","s3v1","s4v1","s5v1"]},"anncomplete":true,"sources":[{"name":"ORIG","id":"ESG_CV_First_Amendment_to_RRH_Subrecipient_Agreement___executed.pdf","url":""}],"metas":{"m_24":{"value":"$500,000","confidence":{"state":"pre-added","who":["user:SDTEF"],"prob":1}},"m_23":{"value":"city and ESG-CV","confidence":{"state":"pre-added","who":["user:SDTEF"],"prob":1}},"m_21":{"value":"at risk of homelessness and COVID","confidence":{"state":"pre-added","who":["user:SDTEF"],"prob":1}},"m_22":{"value":"case management and rental assistance","confidence":{"state":"pre-added","who":["user:SDTEF"],"prob":1}}},"entities":[{"classId":"e_5","part":"s1v1","offsets":[{"start":0,"text":"CITY"}],"coordinates":[],"confidence":{"state":"","who":["ml:nalaf"],"prob":0.9844419061876051},"fields":{},"normalizations":{}},{"classId":"e_7","part":"s1v1","offsets":[{"start":0,"text":"CITY OF ESCONDIDO"}],"coordinates":[],"confidence":{"state":"","who":["ml:nalaf"],"prob":0.9946722131758344},"fields":{},"normalizations":{}},{"classId":"e_19","part":"s1v1","offsets":[{"start":0,"text":"CITY OF ESCONDIDO FIRST AMENDMENT TO SUBRECIPIENT AGREEMENT"}],"coordinates":[{"x":"251.52","y":"163.59"},{"x":"431.76","y":"184.08"}],"confidence":{"state":"pre-added","who":["user:SDTEF"],"prob":1},"fields":{},"normalizations":{}},{"classId":"e_6","part":"s1v1","offsets":[{"start":178,"text":"."}],"coordinates":[],"confidence":{"state":"","who":["ml:nalaf"],"prob":0.23100308630711228},"fields":{},"normalizations":{}},{"classId":"e_8","part":"s1v1","offsets":[{"start":178,"text":"."}],"coordinates":[],"confidence":{"state":"pre-removed","who":["ml:nalaf","ml:regex"],"prob":0.5},"fields":{},"normalizations":{}},{"classId":"e_8","part":"s1v1","offsets":[{"start":184,"text":"."}],"coordinates":[],"confidence":{"state":"pre-removed","who":["ml:nalaf","ml:regex"],"prob":0.5},"fields":{},"normalizations":{}},{"classId":"e_7","part":"s1v1","offsets":[{"start":229,"text":"CITY OF ESCONDIDO"}],"coordinates":[],"confidence":{"state":"","who":["ml:nalaf"],"prob":0.9844254620414743},"fields":{},"normalizations":{}},{"classId":"e_1","part":"s1v1","offsets":[{"start":359,"text":"interfaith Community Services"}],"coordinates":[],"confidence":{"state":"","who":["ml:nalaf"],"prob":0.7407461875869291},"fields":{},"normalizations":{}},{"classId":"e_8","part":"s1v1","offsets":[{"start":435,"text":"."}],"coordinates":[],"confidence":{"state":"pre-removed","who":["ml:nalaf","ml:regex"],"prob":0.5},"fields":{},"normalizations":{}},{"classId":"e_1","part":"s1v1","offsets":[{"start":473,"text":"Attn: Greg Anglea 760-489-6380"}],"coordinates":[{"x":"204.49","y":"394.47"},{"x":"263.49","y":"411.35"}],"confidence":{"state":"pre-added","who":["user:SDTEF"],"prob":1},"fields":{},"normalizations":{}},{"classId":"e_8","part":"s1v1","offsets":[{"start":520,"text":"."}],"coordinates":[],"confidence":{"state":"pre-removed","who":["ml:nalaf","ml:regex"],"prob":0.5},"fields":{},"normalizations":{}},{"classId":"e_5","part":"s1v1","offsets":[{"start":523,"text":"("}],"coordinates":[],"confidence":{"state":"","who":["ml:nalaf"],"prob":0.9062797709984466},"fields":{},"normalizations":{}},{"classId":"e_8","part":"s1v1","offsets":[{"start":1068,"text":"."}],"coordinates":[],"confidence":{"state":"pre-removed","who":["ml:nalaf","ml:regex"],"prob":0.5},"fields":{},"normalizations":{}},{"classId":"e_8","part":"s1v1","offsets":[{"start":1261,"text":"."}],"coordinates":[],"confidence":{"state":"pre-removed","who":["ml:nalaf","ml:regex"],"prob":0.5},"fields":{},"normalizations":{}},{"classId":"e_5","part":"s1v1","offsets":[{"start":1263,"text":"The"}],"coordinates":[],"confidence":{"state":"","who":["ml:nalaf"],"prob":0.9927535181275993},"fields":{},"normalizations":{}},{"classId":"e_8","part":"s1v1","offsets":[{"start":1365,"text":"."}],"coordinates":[],"confidence":{"state":"pre-removed","who":["ml:nalaf","ml:regex"],"prob":0.5},"fields":{},"normalizations":{}},{"classId":"e_4","part":"s1v1","offsets":[{"start":1368,"text":"2."}],"coordinates":[],"confidence":{"state":"","who":["ml:nalaf"],"prob":0.8275822363155643},"fields":{},"normalizations":{}},{"classId":"e_5","part":"s1v1","offsets":[{"start":1368,"text":"2."}],"coordinates":[],"confidence":{"state":"","who":["ml:nalaf"],"prob":0.9730274297643557},"fields":{},"normalizations":{}},{"classId":"e_6","part":"s1v1","offsets":[{"start":1368,"text":"2."}],"coordinates":[],"confidence":{"state":"","who":["ml:nalaf"],"prob":0.7864153821157303},"fields":{},"normalizations":{}},{"classId":"e_8","part":"s1v1","offsets":[{"start":1369,"text":"."}],"coordinates":[],"confidence":{"state":"pre-removed","who":["ml:nalaf","ml:regex"],"prob":0.5},"fields":{},"normalizations":{}},{"classId":"e_2","part":"s1v1","offsets":[{"start":1371,"text":"The CITY will compensate SUBRECIPIENT in an additional amount not to exceed the sum of $500,000, pursuant to the conditions contained in \"Attachment A\" to this First Amendment."}],"coordinates":[],"confidence":{"state":"","who":["ml:nalaf"],"prob":0.9144187321911718},"fields":{},"normalizations":{}},{"classId":"e_5","part":"s1v1","offsets":[{"start":1371,"text":"The"}],"coordinates":[],"confidence":{"state":"","who":["ml:nalaf"],"prob":0.9802212926698534},"fields":{},"normalizations":{}},{"classId":"e_8","part":"s1v1","offsets":[{"start":1546,"text":"."}],"coordinates":[],"confidence":{"state":"pre-removed","who":["ml:nalaf","ml:regex"],"prob":0.5},"fields":{},"normalizations":{}},{"classId":"e_5","part":"s1v1","offsets":[{"start":1549,"text":"First"}],"coordinates":[],"confidence":{"state":"","who":["ml:nalaf"],"prob":0.9516363397219202},"fields":{},"normalizations":{}},{"classId":"e_4","part":"s2v1","offsets":[{"start":0,"text":"3."}],"coordinates":[],"confidence":{"state":"","who":["ml:nalaf"],"prob":0.8489239224511049},"fields":{},"normalizations":{}},{"classId":"e_5","part":"s2v1","offsets":[{"start":0,"text":"3."}],"coordinates":[],"confidence":{"state":"","who":["ml:nalaf"],"prob":0.9772572526579109},"fields":{},"normalizations":{}},{"classId":"e_6","part":"s2v1","offsets":[{"start":0,"text":"3."}],"coordinates":[],"confidence":{"state":"","who":["ml:nalaf"],"prob":0.7587960455176697},"fields":{},"normalizations":{}},{"classId":"e_8","part":"s2v1","offsets":[{"start":1,"text":"."}],"coordinates":[],"confidence":{"state":"pre-removed","who":["ml:nalaf","ml:regex"],"prob":0.5},"fields":{},"normalizations":{}},{"classId":"e_5","part":"s2v1","offsets":[{"start":3,"text":"Ali"}],"coordinates":[],"confidence":{"state":"","who":["ml:nalaf"],"prob":0.9917932826668572},"fields":{},"normalizations":{}},{"classId":"e_2","part":"s2v1","offsets":[{"start":55,"text":":his First Amendment shall remainunchanged and in full force and effect."}],"coordinates":[],"confidence":{"state":"","who":["ml:nalaf"],"prob":0.8911526963769597},"fields":{},"normalizations":{}},{"classId":"e_8","part":"s2v1","offsets":[{"start":126,"text":"."}],"coordinates":[],"confidence":{"state":"pre-removed","who":["ml:nalaf","ml:regex"],"prob":0.5},"fields":{},"normalizations":{}},{"classId":"e_5","part":"s2v1","offsets":[{"start":128,"text":"In"}],"coordinates":[],"confidence":{"state":"","who":["ml:nalaf"],"prob":0.9954484596564322},"fields":{},"normalizations":{}},{"classId":"e_8","part":"s2v1","offsets":[{"start":251,"text":"."}],"coordinates":[],"confidence":{"state":"pre-removed","who":["ml:nalaf","ml:regex"],"prob":0.5},"fields":{},"normalizations":{}},{"classId":"e_4","part":"s2v1","offsets":[{"start":254,"text":"4."}],"coordinates":[],"confidence":{"state":"","who":["ml:nalaf"],"prob":0.8023291370327736},"fields":{},"normalizations":{}},{"classId":"e_5","part":"s2v1","offsets":[{"start":254,"text":"4."}],"coordinates":[],"confidence":{"state":"","who":["ml:nalaf"],"prob":0.9628303055768863},"fields":{},"normalizations":{}},{"classId":"e_6","part":"s2v1","offsets":[{"start":254,"text":"4."}],"coordinates":[],"confidence":{"state":"","who":["ml:nalaf"],"prob":0.8646925010312092},"fields":{},"normalizations":{}},{"classId":"e_8","part":"s2v1","offsets":[{"start":255,"text":"."}],"coordinates":[],"confidence":{"state":"pre-removed","who":["ml:nalaf","ml:regex"],"prob":0.5},"fields":{},"normalizations":{}},{"classId":"e_5","part":"s2v1","offsets":[{"start":257,"text":"This"}],"coordinates":[],"confidence":{"state":"","who":["ml:nalaf"],"prob":0.994738728901668},"fields":{},"normalizations":{}},{"classId":"e_8","part":"s2v1","offsets":[{"start":528,"text":"."}],"coordinates":[],"confidence":{"state":"pre-removed","who":["ml:nalaf","ml:regex"],"prob":0.5},"fields":{},"normalizations":{}},{"classId":"e_2","part":"s2v1","offsets":[{"start":531,"text":"5."}],"coordinates":[],"confidence":{"state":"","who":["ml:nalaf"],"prob":0.7119945117975257},"fields":{},"normalizations":{}},{"classId":"e_4","part":"s2v1","offsets":[{"start":531,"text":"5."}],"coordinates":[],"confidence":{"state":"","who":["ml:nalaf"],"prob":0.7948036734340842},"fields":{},"normalizations":{}},{"classId":"e_5","part":"s2v1","offsets":[{"start":531,"text":"5."}],"coordinates":[],"confidence":{"state":"","who":["ml:nalaf"],"prob":0.9423239542186193},"fields":{},"normalizations":{}},{"classId":"e_6","part":"s2v1","offsets":[{"start":531,"text":"5."}],"coordinates":[],"confidence":{"state":"","who":["ml:nalaf"],"prob":0.9438723292841498},"fields":{},"normalizations":{}},{"classId":"e_8","part":"s2v1","offsets":[{"start":532,"text":"."}],"coordinates":[],"confidence":{"state":"pre-removed","who":["ml:nalaf","ml:regex"],"prob":0.5},"fields":{},"normalizations":{}},{"classId":"e_5","part":"s2v1","offsets":[{"start":534,"text":"This"}],"coordinates":[],"confidence":{"state":"","who":["ml:nalaf"],"prob":0.9948030332821722},"fields":{},"normalizations":{}},{"classId":"e_8","part":"s2v1","offsets":[{"start":847,"text":"."}],"coordinates":[],"confidence":{"state":"pre-removed","who":["ml:nalaf","ml:regex"],"prob":0.5},"fields":{},"normalizations":{}},{"classId":"e_2","part":"s2v1","offsets":[{"start":850,"text":"6."}],"coordinates":[],"confidence":{"state":"","who":["ml:nalaf"],"prob":0.4999574161334782},"fields":{},"normalizations":{}},{"classId":"e_5","part":"s2v1","offsets":[{"start":850,"text":"6."}],"coordinates":[],"confidence":{"state":"","who":["ml:nalaf"],"prob":0.9540997832817905},"fields":{},"normalizations":{}},{"classId":"e_6","part":"s2v1","offsets":[{"start":850,"text":"6."}],"coordinates":[],"confidence":{"state":"","who":["ml:nalaf"],"prob":0.8612966514316518},"fields":{},"normalizations":{}},{"classId":"e_8","part":"s2v1","offsets":[{"start":851,"text":"."}],"coordinates":[],"confidence":{"state":"pre-removed","who":["ml:nalaf","ml:regex"],"prob":0.5},"fields":{},"normalizations":{}},{"classId":"e_5","part":"s2v1","offsets":[{"start":853,"text":"Unless"}],"coordinates":[],"confidence":{"state":"","who":["ml:nalaf"],"prob":0.9839828150910122},"fields":{},"normalizations":{}},{"classId":"e_8","part":"s2v1","offsets":[{"start":1040,"text":"."}],"coordinates":[],"confidence":{"state":"pre-removed","who":["ml:nalaf","ml:regex"],"prob":0.5},"fields":{},"normalizations":{}},{"classId":"e_5","part":"s2v1","offsets":[{"start":1043,"text":"IN"}],"coordinates":[],"confidence":{"state":"","who":["ml:nalaf"],"prob":0.9916986626478705},"fields":{},"normalizations":{}},{"classId":"e_7","part":"s2v1","offsets":[{"start":1178,"text":"CITY OF ESCONDIDO"}],"coordinates":[],"confidence":{"state":"","who":["ml:nalaf"],"prob":0.9873374758838329},"fields":{},"normalizations":{}},{"classId":"e_6","part":"s2v1","offsets":[{"start":1381,"text":"1111!/T!-lDlSA.BlUTJES."}],"coordinates":[],"confidence":{"state":"","who":["ml:nalaf"],"prob":0.7635390042901135},"fields":{},"normalizations":{}},{"classId":"e_8","part":"s2v1","offsets":[{"start":1403,"text":"."}],"coordinates":[],"confidence":{"state":"pre-removed","who":["ml:nalaf","ml:regex"],"prob":0.5},"fields":{},"normalizations":{}},{"classId":"e_5","part":"s2v1","offsets":[{"start":1406,"text":"rll"}],"coordinates":[],"confidence":{"state":"","who":["ml:nalaf"],"prob":0.9307433194465707},"fields":{},"normalizations":{}},{"classId":"e_3","part":"s2v1","offsets":[{"start":1427,"text":"i/22/2021\n\nTo Subreclpieot Agreement"}],"coordinates":[],"confidence":{"state":"","who":["ml:nalaf"],"prob":0.7033128660380946},"fields":{},"normalizations":{}},{"classId":"e_5","part":"s3v1","offsets":[{"start":0,"text":"H"}],"coordinates":[],"confidence":{"state":"","who":["ml:nalaf"],"prob":0.992359124658982},"fields":{},"normalizations":{}},{"classId":"e_4","part":"s3v1","offsets":[{"start":3,"text":"Scope of Work\n\nA."}],"coordinates":[],"confidence":{"state":"","who":["ml:nalaf"],"prob":0.7205487023385999},"fields":{},"normalizations":{}},{"classId":"e_8","part":"s3v1","offsets":[{"start":19,"text":"."}],"coordinates":[],"confidence":{"state":"pre-removed","who":["ml:nalaf","ml:regex"],"prob":0.5},"fields":{},"normalizations":{}},{"classId":"e_5","part":"s3v1","offsets":[{"start":21,"text":"General"}],"coordinates":[],"confidence":{"state":"","who":["ml:nalaf"],"prob":0.5905471935836998},"fields":{},"normalizations":{}},{"classId":"e_1","part":"s3v1","offsets":[{"start":30,"text":"Interfaith Community Services"}],"coordinates":[],"confidence":{"state":"","who":["ml:nalaf"],"prob":0.9552396027400052},"fields":{},"normalizations":{}},{"classId":"e_7","part":"s3v1","offsets":[{"start":136,"text":"City of Escondido"}],"coordinates":[],"confidence":{"state":"","who":["ml:nalaf"],"prob":0.9057105600991912},"fields":{},"normalizations":{}},{"classId":"e_7","part":"s3v1","offsets":[{"start":282,"text":"Emergency Solutions Grant"}],"coordinates":[],"confidence":{"state":"","who":["ml:nalaf"],"prob":0.7461766800861179},"fields":{},"normalizations":{}},{"classId":"e_7","part":"s3v1","offsets":[{"start":310,"text":"ESG"}],"coordinates":[],"confidence":{"state":"","who":["ml:nalaf"],"prob":0.42673132750525905},"fields":{},"normalizations":{}},{"classId":"e_8","part":"s3v1","offsets":[{"start":326,"text":"."}],"coordinates":[],"confidence":{"state":"pre-removed","who":["ml:nalaf","ml:regex"],"prob":0.5},"fields":{},"normalizations":{}},{"classId":"e_4","part":"s3v1","offsets":[{"start":329,"text":"Subrecipient will provide case management and rental assistance to Escondido residents who have been negatively impacted by the coronavirus disease of 2019 (\"COVID-19\") and who are homelessness."}],"coordinates":[],"confidence":{"state":"","who":["ml:nalaf"],"prob":0.9307526410778791},"fields":{},"normalizations":{}},{"classId":"e_5","part":"s3v1","offsets":[{"start":329,"text":"Subrecipient"}],"coordinates":[],"confidence":{"state":"","who":["ml:nalaf"],"prob":0.911829853585989},"fields":{},"normalizations":{}},{"classId":"e_6","part":"s3v1","offsets":[{"start":329,"text":"Subrecipient will provide case management and rental assistance to Escondido residents who have been negatively impacted by the coronavirus disease of 2019 (\"COVID-19\") and who are homelessness."}],"coordinates":[],"confidence":{"state":"","who":["ml:nalaf"],"prob":0.9240195859764584},"fields":{},"normalizations":{}},{"classId":"e_3","part":"s3v1","offsets":[{"start":396,"text":"Escondido residents who have been negatively impacted by the coronavirus disease of 2019 (\"COVID-19\") and who are homelessness"}],"coordinates":[{"x":"464.16","y":"189.51"},{"x":"294.79","y":"218.15"}],"confidence":{"state":"pre-added","who":["user:SDTEF"],"prob":1},"fields":{},"normalizations":{}},{"classId":"e_8","part":"s3v1","offsets":[{"start":522,"text":"."}],"coordinates":[],"confidence":{"state":"pre-removed","who":["ml:nalaf","ml:regex"],"prob":0.5},"fields":{},"normalizations":{}},{"classId":"e_1","part":"s3v1","offsets":[{"start":525,"text":"B"}],"coordinates":[],"confidence":{"state":"","who":["ml:nalaf"],"prob":0.7192665312178388},"fields":{},"normalizations":{}},{"classId":"e_2","part":"s3v1","offsets":[{"start":525,"text":"B."}],"coordinates":[],"confidence":{"state":"","who":["ml:nalaf"],"prob":0.839348599103132},"fields":{},"normalizations":{}},{"classId":"e_4","part":"s3v1","offsets":[{"start":525,"text":"B."}],"coordinates":[],"confidence":{"state":"","who":["ml:nalaf"],"prob":0.49190635401654004},"fields":{},"normalizations":{}},{"classId":"e_5","part":"s3v1","offsets":[{"start":525,"text":"B."}],"coordinates":[],"confidence":{"state":"","who":["ml:nalaf"],"prob":0.9613183279106579},"fields":{},"normalizations":{}},{"classId":"e_6","part":"s3v1","offsets":[{"start":525,"text":"B."}],"coordinates":[],"confidence":{"state":"","who":["ml:nalaf"],"prob":0.8580012652514772},"fields":{},"normalizations":{}},{"classId":"e_8","part":"s3v1","offsets":[{"start":526,"text":"."}],"coordinates":[],"confidence":{"state":"pre-removed","who":["ml:nalaf","ml:regex"],"prob":0.5},"fields":{},"normalizations":{}},{"classId":"e_3","part":"s3v1","offsets":[{"start":528,"text":"Location\n\nSubrecipient will provide services at 550 W Washington Ave, Escondido, CA 92025"}],"coordinates":[],"confidence":{"state":"","who":["ml:nalaf"],"prob":0.8470638688173846},"fields":{},"normalizations":{}},{"classId":"e_5","part":"s3v1","offsets":[{"start":528,"text":"Location\n\nSubrecipient will provide services at 550 W Washington Ave, Escondido, CA 92025."}],"coordinates":[],"confidence":{"state":"","who":["ml:nalaf"],"prob":0.8638344106123175},"fields":{},"normalizations":{}},{"classId":"e_5","part":"s3v1","offsets":[{"start":528,"text":"Location\n\nSubrecipient will provide services at 550 W Washington Ave, Escondido, CA 92025."}],"coordinates":[],"confidence":{"state":"pre-added","who":["ml:nalaf","user:SDTEF"],"prob":1},"fields":{},"normalizations":{}},{"classId":"e_8","part":"s3v1","offsets":[{"start":617,"text":"."}],"coordinates":[],"confidence":{"state":"pre-removed","who":["ml:nalaf","ml:regex"],"prob":0.5},"fields":{},"normalizations":{}},{"classId":"e_2","part":"s3v1","offsets":[{"start":620,"text":"C"}],"coordinates":[],"confidence":{"state":"","who":["ml:nalaf"],"prob":0.5706011606674515},"fields":{},"normalizations":{}},{"classId":"e_5","part":"s3v1","offsets":[{"start":620,"text":"C"}],"coordinates":[],"confidence":{"state":"pre-removed","who":["ml:nalaf","ml:regex"],"prob":0.5},"fields":{},"normalizations":{}},{"classId":"e_6","part":"s3v1","offsets":[{"start":620,"text":"C. Services\n\n1."}],"coordinates":[],"confidence":{"state":"","who":["ml:nalaf"],"prob":0.7592346696838699},"fields":{},"normalizations":{}},{"classId":"e_8","part":"s3v1","offsets":[{"start":634,"text":"."}],"coordinates":[],"confidence":{"state":"pre-removed","who":["ml:nalaf","ml:regex"],"prob":0.5},"fields":{},"normalizations":{}},{"classId":"e_4","part":"s3v1","offsets":[{"start":636,"text":"Subrecipient shall recruit, hire, and train two full-time (\"FTE\") case managers to provide direct services and a 20% FTE program manager to oversee the program."}],"coordinates":[],"confidence":{"state":"","who":["ml:nalaf"],"prob":0.8416951778828923},"fields":{},"normalizations":{}},{"classId":"e_5","part":"s3v1","offsets":[{"start":636,"text":"Subrecipient"}],"coordinates":[],"confidence":{"state":"","who":["ml:nalaf"],"prob":0.8961204917954777},"fields":{},"normalizations":{}},{"classId":"e_6","part":"s3v1","offsets":[{"start":636,"text":"Subrecipient shall recruit, hire, and train two full-time (\"FTE\") case managers to provide direct services and a 20% FTE program manager to oversee the program."}],"coordinates":[],"confidence":{"state":"","who":["ml:nalaf"],"prob":0.9820541029188504},"fields":{},"normalizations":{}},{"classId":"e_8","part":"s3v1","offsets":[{"start":795,"text":"."}],"coordinates":[],"confidence":{"state":"pre-removed","who":["ml:nalaf","ml:regex"],"prob":0.5},"fields":{},"normalizations":{}},{"classId":"e_4","part":"s3v1","offsets":[{"start":798,"text":"2."}],"coordinates":[],"confidence":{"state":"","who":["ml:nalaf"],"prob":0.8275822363155643},"fields":{},"normalizations":{}},{"classId":"e_5","part":"s3v1","offsets":[{"start":798,"text":"2."}],"coordinates":[],"confidence":{"state":"","who":["ml:nalaf"],"prob":0.9730274297643557},"fields":{},"normalizations":{}},{"classId":"e_6","part":"s3v1","offsets":[{"start":798,"text":"2."}],"coordinates":[],"confidence":{"state":"","who":["ml:nalaf"],"prob":0.7864153821157303},"fields":{},"normalizations":{}},{"classId":"e_8","part":"s3v1","offsets":[{"start":799,"text":"."}],"coordinates":[],"confidence":{"state":"pre-removed","who":["ml:nalaf","ml:regex"],"prob":0.5},"fields":{},"normalizations":{}},{"classId":"e_3","part":"s3v1","offsets":[{"start":801,"text":"Subrecipient's responsibilities include, but are not limited to:\n\nAttachment A\n\na."}],"coordinates":[],"confidence":{"state":"","who":["ml:nalaf"],"prob":0.5611026958314318},"fields":{},"normalizations":{}},{"classId":"e_4","part":"s3v1","offsets":[{"start":801,"text":"Subrecipient's responsibilities include, but are not limited to:\n\nAttachment A\n\na."}],"coordinates":[],"confidence":{"state":"","who":["ml:nalaf"],"prob":0.7575958537104389},"fields":{},"normalizations":{}},{"classId":"e_5","part":"s3v1","offsets":[{"start":801,"text":"Subrecipient"}],"coordinates":[],"confidence":{"state":"","who":["ml:nalaf"],"prob":0.9730645422145349},"fields":{},"normalizations":{}},{"classId":"e_6","part":"s3v1","offsets":[{"start":801,"text":"Subrecipient's responsibilities include, but are not limited to:\n\nAttachment A\n\na."}],"coordinates":[],"confidence":{"state":"","who":["ml:nalaf"],"prob":0.9609225981909608},"fields":{},"normalizations":{}},{"classId":"e_8","part":"s3v1","offsets":[{"start":814,"text":"s"}],"coordinates":[],"confidence":{"state":"pre-removed","who":["ml:nalaf","ml:regex"],"prob":0.5},"fields":{},"normalizations":{}},{"classId":"e_8","part":"s3v1","offsets":[{"start":882,"text":"."}],"coordinates":[],"confidence":{"state":"pre-removed","who":["ml:nalaf","ml:regex"],"prob":0.5},"fields":{},"normalizations":{}},{"classId":"e_4","part":"s3v1","offsets":[{"start":884,"text":"Create documents and files as required by the Homeless Emergency Solutions Grants (\"ESG\"), Emergency Solutions Grants Program"}],"coordinates":[],"confidence":{"state":"","who":["ml:nalaf"],"prob":0.8192309770626136},"fields":{},"normalizations":{}},{"classId":"e_5","part":"s3v1","offsets":[{"start":884,"text":"Create documents and files as required by the Homeless Emergency Solutions Grants (\"ESG\"), Emergency Solutions Grants Program as funded by the Coronavirus Aid, Relief, and Economic Security Act (\""}],"coordinates":[],"confidence":{"state":"","who":["ml:nalaf"],"prob":0.9635072396495307},"fields":{},"normalizations":{}},{"classId":"e_6","part":"s3v1","offsets":[{"start":884,"text":"Create documents and files as required by the Homeless Emergency Solutions Grants (\"ESG\"), Emergency Solutions Grants Program as funded by the Coronavirus Aid, Relief, and Economic Security Act (\"ESG-CV\"), and City grant standards; b."}],"coordinates":[],"confidence":{"state":"","who":["ml:nalaf"],"prob":0.9751230897513876},"fields":{},"normalizations":{}},{"classId":"e_7","part":"s3v1","offsets":[{"start":968,"text":"ESG"}],"coordinates":[],"confidence":{"state":"","who":["ml:nalaf"],"prob":0.5263019508781562},"fields":{},"normalizations":{}},{"classId":"e_7","part":"s3v1","offsets":[{"start":1080,"text":"ESG-CV"}],"coordinates":[{"x":"393.80","y":"377.91"},{"x":"430.99","y":"383.52"}],"confidence":{"state":"pre-added","who":["user:SDTEF"],"prob":1},"fields":{},"normalizations":{}},{"classId":"e_7","part":"s3v1","offsets":[{"start":1094,"text":"City grant"}],"coordinates":[{"x":"465.60","y":"377.91"},{"x":"507.63","y":"383.52"}],"confidence":{"state":"pre-added","who":["user:SDTEF"],"prob":1},"fields":{},"normalizations":{}},{"classId":"e_1","part":"s3v1","offsets":[{"start":1116,"text":"b"}],"coordinates":[],"confidence":{"state":"","who":["ml:nalaf"],"prob":0.5916841734023198},"fields":{},"normalizations":{}},{"classId":"e_2","part":"s3v1","offsets":[{"start":1116,"text":"b."}],"coordinates":[],"confidence":{"state":"","who":["ml:nalaf"],"prob":0.5230018855590912},"fields":{},"normalizations":{}},{"classId":"e_8","part":"s3v1","offsets":[{"start":1117,"text":"."}],"coordinates":[],"confidence":{"state":"pre-removed","who":["ml:nalaf","ml:regex"],"prob":0.5},"fields":{},"normalizations":{}},{"classId":"e_2","part":"s3v1","offsets":[{"start":1119,"text":"Screen households in need of rapid rehousing services due to COVID-19; c. Outreach and recruitments of landlords, property management companies, and local housing partners to increase participation in the program; d. Ensure all clients are entered into the Coordinated Entry System (\"CES\"); e. Match clients to Subrecipient's rapid rehousing program through CES; f. Complete and review a comprehensive case management assessment for each household, developing a case plan that includes identifying barriers to housing and ensuring right-sized services are offered."}],"coordinates":[],"confidence":{"state":"","who":["ml:nalaf"],"prob":0.8069615541282589},"fields":{},"normalizations":{}},{"classId":"e_5","part":"s3v1","offsets":[{"start":1119,"text":"Screen"}],"coordinates":[],"confidence":{"state":"","who":["ml:nalaf"],"prob":0.9973147509998599},"fields":{},"normalizations":{}},{"classId":"e_6","part":"s3v1","offsets":[{"start":1119,"text":"Screen households in need of rapid rehousing services due to COVID-19; c. Outreach and recruitments of landlords, property management companies, and local housing partners to increase participation in the program; d. Ensure all clients are entered into the Coordinated Entry System (\"CES\"); e. Match clients to Subrecipient's rapid rehousing program through CES; f. Complete and review a comprehensive case management assessment for each household, developing a case plan that includes identifying barriers to housing and ensuring right-sized services are offered."}],"coordinates":[],"confidence":{"state":"","who":["ml:nalaf"],"prob":0.9872308870709684},"fields":{},"normalizations":{}},{"classId":"e_8","part":"s3v1","offsets":[{"start":1443,"text":"s"}],"coordinates":[],"confidence":{"state":"pre-removed","who":["ml:nalaf","ml:regex"],"prob":0.5},"fields":{},"normalizations":{}},{"classId":"e_4","part":"s3v1","offsets":[{"start":1505,"text":"a comprehensive case management assessment for each household, developing a case plan that includes identifying barriers to housing and ensuring right-sized services are offered."}],"coordinates":[],"confidence":{"state":"","who":["ml:nalaf"],"prob":0.9479846682674815},"fields":{},"normalizations":{}},{"classId":"e_8","part":"s3v1","offsets":[{"start":1682,"text":"."}],"coordinates":[],"confidence":{"state":"pre-removed","who":["ml:nalaf","ml:regex"],"prob":0.5},"fields":{},"normalizations":{}},{"classId":"e_4","part":"s3v1","offsets":[{"start":1684,"text":"Each case plan shall include a timeline and measures for each goal and shall be updated to monitor progress towards goals as the client's needs change at least every 90 days or as changes occur in client's progress; g. Provide intensive case management and supportive services to participants; h. Provide financial assistance for costs associated with new housing, including moving costs, deposits, utility deposits and arrears, rental assistance, for up to 12 months to stabilize the household; i."}],"coordinates":[],"confidence":{"state":"","who":["ml:nalaf"],"prob":0.9638523674664548},"fields":{},"normalizations":{}},{"classId":"e_5","part":"s3v1","offsets":[{"start":1684,"text":"Each"}],"coordinates":[],"confidence":{"state":"","who":["ml:nalaf"],"prob":0.9881873862153793},"fields":{},"normalizations":{}},{"classId":"e_6","part":"s3v1","offsets":[{"start":1684,"text":"Each case plan shall include a timeline and measures for each goal and shall be updated to monitor progress towards goals as the client's needs change at least every 90 days or as changes occur in client's progress; g. Provide intensive case management and supportive services to participants; h. Provide financial assistance for costs associated with new housing, including moving costs, deposits, utility deposits and arrears, rental assistance, for up to 12 months to stabilize the household; i."}],"coordinates":[],"confidence":{"state":"","who":["ml:nalaf"],"prob":0.9957373380012122},"fields":{},"normalizations":{}},{"classId":"e_8","part":"s3v1","offsets":[{"start":1888,"text":"s"}],"coordinates":[],"confidence":{"state":"pre-removed","who":["ml:nalaf","ml:regex"],"prob":0.5},"fields":{},"normalizations":{}},{"classId":"e_8","part":"s3v1","offsets":[{"start":2181,"text":"."}],"coordinates":[],"confidence":{"state":"pre-removed","who":["ml:nalaf","ml:regex"],"prob":0.5},"fields":{},"normalizations":{}},{"classId":"e_2","part":"s3v1","offsets":[{"start":2183,"text":"Obtain signed multi-agency release of information agreements in order to connect clients to internal and external partner programs and services;\n\ni."}],"coordinates":[],"confidence":{"state":"","who":["ml:nalaf"],"prob":0.8155571561738827},"fields":{},"normalizations":{}},{"classId":"e_5","part":"s3v1","offsets":[{"start":2183,"text":"Obtain"}],"coordinates":[],"confidence":{"state":"","who":["ml:nalaf"],"prob":0.9377730332646894},"fields":{},"normalizations":{}},{"classId":"e_6","part":"s3v1","offsets":[{"start":2183,"text":"Obtain signed multi-agency release of information agreements in order to connect clients to internal and external partner programs and services;\n\ni."}],"coordinates":[],"confidence":{"state":"","who":["ml:nalaf"],"prob":0.9743511900813187},"fields":{},"normalizations":{}},{"classId":"e_7","part":"s3v1","offsets":[{"start":2329,"text":"i"}],"coordinates":[],"confidence":{"state":"","who":["ml:nalaf"],"prob":0.5403103861647331},"fields":{},"normalizations":{}},{"classId":"e_8","part":"s3v1","offsets":[{"start":2330,"text":"."}],"coordinates":[],"confidence":{"state":"pre-removed","who":["ml:nalaf","ml:regex"],"prob":0.5},"fields":{},"normalizations":{}},{"classId":"e_4","part":"s3v1","offsets":[{"start":2332,"text":"Enter client level data through the Homeless Management Information System (\"HMIS\"), Clarity, as well as service provider's additional client assessment and tracking tools; k. Maintain accurate and thorough documentation of client meetings and\n\n- 1 -\n\nCAO: i/22/2021 First Amendment to Subrecipient Agreement"}],"coordinates":[],"confidence":{"state":"","who":["ml:nalaf"],"prob":0.9718324331365766},"fields":{},"normalizations":{}},{"classId":"e_5","part":"s3v1","offsets":[{"start":2332,"text":"Enter"}],"coordinates":[],"confidence":{"state":"","who":["ml:nalaf"],"prob":0.9893634047320808},"fields":{},"normalizations":{}},{"classId":"e_6","part":"s3v1","offsets":[{"start":2332,"text":"Enter client level data through the Homeless Management Information System (\"HMIS\"), Clarity, as well as service provider's additional client assessment and tracking tools; k. Maintain accurate and thorough documentation of client meetings and\n\n- 1 -\n\nCAO: i/22/2021 First Amendment to Subrecipient Agreement"}],"coordinates":[],"confidence":{"state":"","who":["ml:nalaf"],"prob":0.9703999645831222},"fields":{},"normalizations":{}},{"classId":"e_8","part":"s3v1","offsets":[{"start":2454,"text":"s"}],"coordinates":[],"confidence":{"state":"pre-removed","who":["ml:nalaf","ml:regex"],"prob":0.5},"fields":{},"normalizations":{}},{"classId":"e_2","part":"s3v1","offsets":[{"start":2579,"text":"1"}],"coordinates":[],"confidence":{"state":"","who":["ml:nalaf"],"prob":0.8225821096262534},"fields":{},"normalizations":{}},{"classId":"e_3","part":"s3v1","offsets":[{"start":2589,"text":"i/22/2021 First Amendment to Subrecipient Agreement"}],"coordinates":[],"confidence":{"state":"pre-removed","who":["ml:nalaf","ml:regex"],"prob":0.5},"fields":{},"normalizations":{}},{"classId":"e_4","part":"s4v1","offsets":[{"start":0,"text":"\"A\"\n\nScope of Work interactions in a timely manner, including conversations, and progress towards goals; and I."}],"coordinates":[],"confidence":{"state":"","who":["ml:nalaf"],"prob":0.8362979353561305},"fields":{},"normalizations":{}},{"classId":"e_5","part":"s4v1","offsets":[{"start":0,"text":"\""}],"coordinates":[],"confidence":{"state":"","who":["ml:nalaf"],"prob":0.9589648104165449},"fields":{},"normalizations":{}},{"classId":"e_6","part":"s4v1","offsets":[{"start":0,"text":"\"A\"\n\nScope of Work interactions in a timely manner, including conversations, and progress towards goals; and I."}],"coordinates":[],"confidence":{"state":"","who":["ml:nalaf"],"prob":0.975142622878158},"fields":{},"normalizations":{}},{"classId":"e_8","part":"s4v1","offsets":[{"start":110,"text":"."}],"coordinates":[],"confidence":{"state":"pre-removed","who":["ml:nalaf","ml:regex"],"prob":0.5},"fields":{},"normalizations":{}},{"classId":"e_4","part":"s4v1","offsets":[{"start":112,"text":"Maintain data on each program participant and program milestones, and provide required reports along with the monthly invoice."}],"coordinates":[],"confidence":{"state":"","who":["ml:nalaf"],"prob":0.9514767567122908},"fields":{},"normalizations":{}},{"classId":"e_5","part":"s4v1","offsets":[{"start":112,"text":"Maintain data on each program participant and program milestones, and provide required reports along with the monthly invoice."}],"coordinates":[],"confidence":{"state":"","who":["ml:nalaf"],"prob":0.8344797619980551},"fields":{},"normalizations":{}},{"classId":"e_6","part":"s4v1","offsets":[{"start":112,"text":"Maintain data on each program participant and program milestones, and provide required reports along with the monthly invoice."}],"coordinates":[],"confidence":{"state":"","who":["ml:nalaf"],"prob":0.951790807099574},"fields":{},"normalizations":{}},{"classId":"e_8","part":"s4v1","offsets":[{"start":237,"text":"."}],"coordinates":[],"confidence":{"state":"pre-removed","who":["ml:nalaf","ml:regex"],"prob":0.5},"fields":{},"normalizations":{}},{"classId":"e_4","part":"s4v1","offsets":[{"start":240,"text":"3."}],"coordinates":[],"confidence":{"state":"","who":["ml:nalaf"],"prob":0.8489239224511049},"fields":{},"normalizations":{}},{"classId":"e_5","part":"s4v1","offsets":[{"start":240,"text":"3."}],"coordinates":[],"confidence":{"state":"","who":["ml:nalaf"],"prob":0.9772572526579109},"fields":{},"normalizations":{}},{"classId":"e_6","part":"s4v1","offsets":[{"start":240,"text":"3."}],"coordinates":[],"confidence":{"state":"","who":["ml:nalaf"],"prob":0.7587960455176697},"fields":{},"normalizations":{}},{"classId":"e_8","part":"s4v1","offsets":[{"start":241,"text":"."}],"coordinates":[],"confidence":{"state":"pre-removed","who":["ml:nalaf","ml:regex"],"prob":0.5},"fields":{},"normalizations":{}},{"classId":"e_3","part":"s4v1","offsets":[{"start":243,"text":"Subrecipient will serve 16 households in the City of Escondido at-risk of homelessness"}],"coordinates":[],"confidence":{"state":"","who":["ml:nalaf"],"prob":0.9297736856931238},"fields":{},"normalizations":{}},{"classId":"e_4","part":"s4v1","offsets":[{"start":243,"text":"Subrecipient will serve 16 households in the City of Escondido at-risk of homelessness."}],"coordinates":[],"confidence":{"state":"","who":["ml:nalaf"],"prob":0.785970461737849},"fields":{},"normalizations":{}},{"classId":"e_5","part":"s4v1","offsets":[{"start":243,"text":"Subrecipient"}],"coordinates":[],"confidence":{"state":"","who":["ml:nalaf"],"prob":0.9176886570640792},"fields":{},"normalizations":{}},{"classId":"e_6","part":"s4v1","offsets":[{"start":243,"text":"Subrecipient will serve 16 households in the City of Escondido at-risk of homelessness."}],"coordinates":[],"confidence":{"state":"","who":["ml:nalaf"],"prob":0.9541886010274212},"fields":{},"normalizations":{}},{"classId":"e_7","part":"s4v1","offsets":[{"start":288,"text":"City of Escondido"}],"coordinates":[],"confidence":{"state":"","who":["ml:nalaf"],"prob":0.8997428038487029},"fields":{},"normalizations":{}},{"classId":"e_8","part":"s4v1","offsets":[{"start":329,"text":"."}],"coordinates":[],"confidence":{"state":"pre-removed","who":["ml:nalaf","ml:regex"],"prob":0.5},"fields":{},"normalizations":{}},{"classId":"e_4","part":"s4v1","offsets":[{"start":332,"text":"4."}],"coordinates":[],"confidence":{"state":"","who":["ml:nalaf"],"prob":0.8023291370327736},"fields":{},"normalizations":{}},{"classId":"e_5","part":"s4v1","offsets":[{"start":332,"text":"4."}],"coordinates":[],"confidence":{"state":"","who":["ml:nalaf"],"prob":0.9628303055768863},"fields":{},"normalizations":{}},{"classId":"e_6","part":"s4v1","offsets":[{"start":332,"text":"4."}],"coordinates":[],"confidence":{"state":"","who":["ml:nalaf"],"prob":0.8646925010312092},"fields":{},"normalizations":{}},{"classId":"e_8","part":"s4v1","offsets":[{"start":333,"text":"."}],"coordinates":[],"confidence":{"state":"pre-removed","who":["ml:nalaf","ml:regex"],"prob":0.5},"fields":{},"normalizations":{}},{"classId":"e_2","part":"s4v1","offsets":[{"start":335,"text":"Subrecipient shall furnish all general office supplies, printing costs, and postage associated with normal office and service operations related to case management duties."}],"coordinates":[],"confidence":{"state":"","who":["ml:nalaf"],"prob":0.7238298279268309},"fields":{},"normalizations":{}},{"classId":"e_4","part":"s4v1","offsets":[{"start":335,"text":"Subrecipient shall furnish all general office supplies, printing costs, and postage associated with normal office and service operations related to case management duties."}],"coordinates":[],"confidence":{"state":"","who":["ml:nalaf"],"prob":0.9601344666535613},"fields":{},"normalizations":{}},{"classId":"e_5","part":"s4v1","offsets":[{"start":335,"text":"Subrecipient"}],"coordinates":[],"confidence":{"state":"","who":["ml:nalaf"],"prob":0.8947016965741438},"fields":{},"normalizations":{}},{"classId":"e_6","part":"s4v1","offsets":[{"start":335,"text":"Subrecipient shall furnish all general office supplies, printing costs, and postage associated with normal office and service operations related to case management duties."}],"coordinates":[],"confidence":{"state":"","who":["ml:nalaf"],"prob":0.971956182675958},"fields":{},"normalizations":{}},{"classId":"e_8","part":"s4v1","offsets":[{"start":505,"text":"."}],"coordinates":[],"confidence":{"state":"pre-removed","who":["ml:nalaf","ml:regex"],"prob":0.5},"fields":{},"normalizations":{}},{"classId":"e_2","part":"s4v1","offsets":[{"start":508,"text":"5."}],"coordinates":[],"confidence":{"state":"","who":["ml:nalaf"],"prob":0.7119945117975257},"fields":{},"normalizations":{}},{"classId":"e_4","part":"s4v1","offsets":[{"start":508,"text":"5."}],"coordinates":[],"confidence":{"state":"","who":["ml:nalaf"],"prob":0.7948036734340842},"fields":{},"normalizations":{}},{"classId":"e_5","part":"s4v1","offsets":[{"start":508,"text":"5."}],"coordinates":[],"confidence":{"state":"","who":["ml:nalaf"],"prob":0.9423239542186193},"fields":{},"normalizations":{}},{"classId":"e_6","part":"s4v1","offsets":[{"start":508,"text":"5."}],"coordinates":[],"confidence":{"state":"","who":["ml:nalaf"],"prob":0.9438723292841498},"fields":{},"normalizations":{}},{"classId":"e_8","part":"s4v1","offsets":[{"start":509,"text":"."}],"coordinates":[],"confidence":{"state":"pre-removed","who":["ml:nalaf","ml:regex"],"prob":0.5},"fields":{},"normalizations":{}},{"classId":"e_2","part":"s4v1","offsets":[{"start":511,"text":"Subrecipient will cooperate with all reasonable requests for information and reporting requirements including but not limited to: a."}],"coordinates":[],"confidence":{"state":"","who":["ml:nalaf"],"prob":0.9586539603017881},"fields":{},"normalizations":{}},{"classId":"e_5","part":"s4v1","offsets":[{"start":511,"text":"Subrecipient"}],"coordinates":[],"confidence":{"state":"","who":["ml:nalaf"],"prob":0.9094148728179866},"fields":{},"normalizations":{}},{"classId":"e_6","part":"s4v1","offsets":[{"start":511,"text":"Subrecipient will cooperate with all reasonable requests for information and reporting requirements including but not limited to: a."}],"coordinates":[],"confidence":{"state":"","who":["ml:nalaf"],"prob":0.8522664515531971},"fields":{},"normalizations":{}},{"classId":"e_4","part":"s4v1","offsets":[{"start":641,"text":"a"}],"coordinates":[],"confidence":{"state":"","who":["ml:nalaf"],"prob":0.4278280931341986},"fields":{},"normalizations":{}},{"classId":"e_8","part":"s4v1","offsets":[{"start":642,"text":"."}],"coordinates":[],"confidence":{"state":"pre-removed","who":["ml:nalaf","ml:regex"],"prob":0.5},"fields":{},"normalizations":{}},{"classId":"e_2","part":"s4v1","offsets":[{"start":644,"text":"Monthly invoices for services rendered b."}],"coordinates":[],"confidence":{"state":"","who":["ml:nalaf"],"prob":0.6452269946204438},"fields":{},"normalizations":{}},{"classId":"e_4","part":"s4v1","offsets":[{"start":644,"text":"Monthly invoices for services rendered b."}],"coordinates":[],"confidence":{"state":"","who":["ml:nalaf"],"prob":0.7212442325883189},"fields":{},"normalizations":{}},{"classId":"e_5","part":"s4v1","offsets":[{"start":644,"text":"Monthly"}],"coordinates":[],"confidence":{"state":"","who":["ml:nalaf"],"prob":0.9884333638623078},"fields":{},"normalizations":{}},{"classId":"e_6","part":"s4v1","offsets":[{"start":644,"text":"Monthly invoices for services rendered b."}],"coordinates":[],"confidence":{"state":"","who":["ml:nalaf"],"prob":0.9258697753533226},"fields":{},"normalizations":{}},{"classId":"e_8","part":"s4v1","offsets":[{"start":684,"text":"."}],"coordinates":[],"confidence":{"state":"pre-removed","who":["ml:nalaf","ml:regex"],"prob":0.5},"fields":{},"normalizations":{}},{"classId":"e_2","part":"s4v1","offsets":[{"start":686,"text":"Monthly Programmatic Reports, including, but not limited to i."}],"coordinates":[],"confidence":{"state":"","who":["ml:nalaf"],"prob":0.8318256486225284},"fields":{},"normalizations":{}},{"classId":"e_4","part":"s4v1","offsets":[{"start":686,"text":"Monthly Programmatic Reports, including, but not limited to i."}],"coordinates":[],"confidence":{"state":"","who":["ml:nalaf"],"prob":0.9265180583077623},"fields":{},"normalizations":{}},{"classId":"e_5","part":"s4v1","offsets":[{"start":686,"text":"Monthly"}],"coordinates":[],"confidence":{"state":"","who":["ml:nalaf"],"prob":0.9555716521436161},"fields":{},"normalizations":{}},{"classId":"e_6","part":"s4v1","offsets":[{"start":686,"text":"Monthly Programmatic Reports, including, but not limited to i."}],"coordinates":[],"confidence":{"state":"","who":["ml:nalaf"],"prob":0.9539177756798137},"fields":{},"normalizations":{}},{"classId":"e_8","part":"s4v1","offsets":[{"start":747,"text":"."}],"coordinates":[],"confidence":{"state":"pre-removed","who":["ml:nalaf","ml:regex"],"prob":0.5},"fields":{},"normalizations":{}},{"classId":"e_2","part":"s4v1","offsets":[{"start":749,"text":"Amount of Award with activities ii."}],"coordinates":[],"confidence":{"state":"","who":["ml:nalaf"],"prob":0.8691955698869315},"fields":{},"normalizations":{}},{"classId":"e_4","part":"s4v1","offsets":[{"start":749,"text":"Amount of Award with activities ii."}],"coordinates":[],"confidence":{"state":"","who":["ml:nalaf"],"prob":0.6419318096534471},"fields":{},"normalizations":{}},{"classId":"e_5","part":"s4v1","offsets":[{"start":749,"text":"Amount of Award with activities ii."}],"coordinates":[],"confidence":{"state":"","who":["ml:nalaf"],"prob":0.5914832933225063},"fields":{},"normalizations":{}},{"classId":"e_6","part":"s4v1","offsets":[{"start":749,"text":"Amount of Award with activities ii."}],"coordinates":[],"confidence":{"state":"","who":["ml:nalaf"],"prob":0.9228911217655776},"fields":{},"normalizations":{}},{"classId":"e_8","part":"s4v1","offsets":[{"start":783,"text":"."}],"coordinates":[],"confidence":{"state":"pre-removed","who":["ml:nalaf","ml:regex"],"prob":0.5},"fields":{},"normalizations":{}},{"classId":"e_2","part":"s4v1","offsets":[{"start":785,"text":"Contract expenditures iii."}],"coordinates":[],"confidence":{"state":"","who":["ml:nalaf"],"prob":0.812253303564882},"fields":{},"normalizations":{}},{"classId":"e_5","part":"s4v1","offsets":[{"start":785,"text":"Contract"}],"coordinates":[],"confidence":{"state":"","who":["ml:nalaf"],"prob":0.9465457153238942},"fields":{},"normalizations":{}},{"classId":"e_6","part":"s4v1","offsets":[{"start":785,"text":"Contract expenditures iii."}],"coordinates":[],"confidence":{"state":"","who":["ml:nalaf"],"prob":0.8235816514444714},"fields":{},"normalizations":{}},{"classId":"e_8","part":"s4v1","offsets":[{"start":810,"text":"."}],"coordinates":[],"confidence":{"state":"pre-removed","who":["ml:nalaf","ml:regex"],"prob":0.5},"fields":{},"normalizations":{}},{"classId":"e_2","part":"s4v1","offsets":[{"start":812,"text":"The number of homeless households being assisted iv."}],"coordinates":[],"confidence":{"state":"","who":["ml:nalaf"],"prob":0.9321464809567406},"fields":{},"normalizations":{}},{"classId":"e_4","part":"s4v1","offsets":[{"start":812,"text":"The number of homeless households being assisted iv."}],"coordinates":[],"confidence":{"state":"","who":["ml:nalaf"],"prob":0.7521628833500887},"fields":{},"normalizations":{}},{"classId":"e_5","part":"s4v1","offsets":[{"start":812,"text":"The"}],"coordinates":[],"confidence":{"state":"","who":["ml:nalaf"],"prob":0.9971567386669452},"fields":{},"normalizations":{}},{"classId":"e_6","part":"s4v1","offsets":[{"start":812,"text":"The number of homeless households being assisted iv."}],"coordinates":[],"confidence":{"state":"","who":["ml:nalaf"],"prob":0.8425054553321927},"fields":{},"normalizations":{}},{"classId":"e_3","part":"s4v1","offsets":[{"start":826,"text":"homeless households being assisted iv."}],"coordinates":[],"confidence":{"state":"","who":["ml:nalaf"],"prob":0.860553150590655},"fields":{},"normalizations":{}},{"classId":"e_8","part":"s4v1","offsets":[{"start":863,"text":"."}],"coordinates":[],"confidence":{"state":"pre-removed","who":["ml:nalaf","ml:regex"],"prob":0.5},"fields":{},"normalizations":{}},{"classId":"e_2","part":"s4v1","offsets":[{"start":865,"text":"The number of households moving into new, sustainable housing v. The number of households receiving on-going rental assistance vi."}],"coordinates":[],"confidence":{"state":"","who":["ml:nalaf"],"prob":0.9058253585847914},"fields":{},"normalizations":{}},{"classId":"e_4","part":"s4v1","offsets":[{"start":865,"text":"The number of households moving into new, sustainable housing v. The number of households receiving on-going rental assistance vi."}],"coordinates":[],"confidence":{"state":"","who":["ml:nalaf"],"prob":0.9559922443093668},"fields":{},"normalizations":{}},{"classId":"e_5","part":"s4v1","offsets":[{"start":865,"text":"The"}],"coordinates":[],"confidence":{"state":"","who":["ml:nalaf"],"prob":0.9972542801198849},"fields":{},"normalizations":{}},{"classId":"e_6","part":"s4v1","offsets":[{"start":865,"text":"The number of households moving into new, sustainable housing v. The number of households receiving on-going rental assistance vi."}],"coordinates":[],"confidence":{"state":"","who":["ml:nalaf"],"prob":0.9658095244119766},"fields":{},"normalizations":{}},{"classId":"e_8","part":"s4v1","offsets":[{"start":994,"text":"."}],"coordinates":[],"confidence":{"state":"pre-removed","who":["ml:nalaf","ml:regex"],"prob":0.5},"fields":{},"normalizations":{}},{"classId":"e_5","part":"s4v1","offsets":[{"start":996,"text":"Any"}],"coordinates":[],"confidence":{"state":"","who":["ml:nalaf"],"prob":0.9946647094583742},"fields":{},"normalizations":{}},{"classId":"e_8","part":"s4v1","offsets":[{"start":1035,"text":"D"}],"coordinates":[],"confidence":{"state":"pre-added","who":["ml:regex"],"prob":0.5},"fields":{},"normalizations":{}},{"classId":"e_8","part":"s4v1","offsets":[{"start":1245,"text":"."}],"coordinates":[],"confidence":{"state":"pre-removed","who":["ml:nalaf","ml:regex"],"prob":0.5},"fields":{},"normalizations":{}},{"classId":"e_2","part":"s4v1","offsets":[{"start":1248,"text":"E. Payment Terms and Schedule\n\nThe contract price of this First Amendment shall not exceed $500,000."}],"coordinates":[],"confidence":{"state":"","who":["ml:nalaf"],"prob":0.906257807033513},"fields":{},"normalizations":{}},{"classId":"e_5","part":"s4v1","offsets":[{"start":1248,"text":"E"}],"coordinates":[],"confidence":{"state":"","who":["ml:nalaf"],"prob":0.9891685630711479},"fields":{},"normalizations":{}},{"classId":"e_8","part":"s4v1","offsets":[{"start":1347,"text":"."}],"coordinates":[],"confidence":{"state":"pre-removed","who":["ml:nalaf","ml:regex"],"prob":0.5},"fields":{},"normalizations":{}},{"classId":"e_2","part":"s4v1","offsets":[{"start":1349,"text":"Invoices must be submitted monthly after the services have been performed; payments will be paid after all expense documentation, requisite program participation, and milestone report documents are reviewed, and within 30 days of receipt of invoice for those services."}],"coordinates":[],"confidence":{"state":"","who":["ml:nalaf"],"prob":0.9803564402655325},"fields":{},"normalizations":{}},{"classId":"e_5","part":"s4v1","offsets":[{"start":1349,"text":"Invoices"}],"coordinates":[],"confidence":{"state":"","who":["ml:nalaf"],"prob":0.8480176310559042},"fields":{},"normalizations":{}},{"classId":"e_8","part":"s4v1","offsets":[{"start":1616,"text":"."}],"coordinates":[],"confidence":{"state":"pre-removed","who":["ml:nalaf","ml:regex"],"prob":0.5},"fields":{},"normalizations":{}},{"classId":"e_2","part":"s4v1","offsets":[{"start":1619,"text":"The contract price of this First Amendment shall comply with the following budget, which shall remain in effect throughout the term of this First Amendment"}],"coordinates":[],"confidence":{"state":"","who":["ml:nalaf"],"prob":0.9047139494126001},"fields":{},"normalizations":{}},{"classId":"e_5","part":"s4v1","offsets":[{"start":1619,"text":"The"}],"coordinates":[],"confidence":{"state":"","who":["ml:nalaf"],"prob":0.9974532250221285},"fields":{},"normalizations":{}},{"classId":"e_2","part":"s4v1","offsets":[{"start":1910,"text":"Total\n\n$131,376"}],"coordinates":[],"confidence":{"state":"","who":["ml:nalaf"],"prob":0.5618062639636502},"fields":{},"normalizations":{}},{"classId":"e_5","part":"s5v1","offsets":[{"start":0,"text":"F"}],"coordinates":[],"confidence":{"state":"","who":["ml:nalaf"],"prob":0.9694586711550572},"fields":{},"normalizations":{}},{"classId":"e_8","part":"s5v1","offsets":[{"start":3,"text":"Term"}],"coordinates":[{"x":"107.52","y":"188.49"},{"x":"130.38","y":"194.15"}],"confidence":{"state":"pre-added","who":["user:SDTEF"],"prob":1},"fields":{},"normalizations":{}},{"classId":"e_2","part":"s5v1","offsets":[{"start":110,"text":"Total Indirect (10% federal de minimis rate) Total\n\n$313,170\n\n$323,170 $45,454 $500,000\n\nThe term of this First Amendment shall be from the Effective Date of this First Amendment through August 31, 2022."}],"coordinates":[],"confidence":{"state":"","who":["ml:nalaf"],"prob":0.9700303899980942},"fields":{},"normalizations":{}},{"classId":"e_8","part":"s5v1","offsets":[{"start":199,"text":"The term of this First Amendment shall be from the Effective Date of this First Amendment through August 31, 2022."}],"coordinates":[],"confidence":{"state":"pre-added","who":["ml:nalaf","user:SDTEF"],"prob":1},"fields":{},"normalizations":{}},{"classId":"e_8","part":"s5v1","offsets":[{"start":312,"text":"."}],"coordinates":[],"confidence":{"state":"pre-removed","who":["ml:nalaf","ml:regex"],"prob":0.5},"fields":{},"normalizations":{}},{"classId":"e_2","part":"s5v1","offsets":[{"start":314,"text":"All contract funds shall be expended by August 31, 2022."}],"coordinates":[],"confidence":{"state":"","who":["ml:nalaf"],"prob":0.9325867038448005},"fields":{},"normalizations":{}},{"classId":"e_3","part":"s5v1","offsets":[{"start":314,"text":"All contract funds shall be expended by August 31, 2022."}],"coordinates":[],"confidence":{"state":"","who":["ml:nalaf"],"prob":0.6989504532371892},"fields":{},"normalizations":{}},{"classId":"e_4","part":"s5v1","offsets":[{"start":314,"text":"All contract funds shall be expended by August 31, 2022."}],"coordinates":[],"confidence":{"state":"","who":["ml:nalaf"],"prob":0.8067029747175938},"fields":{},"normalizations":{}},{"classId":"e_5","part":"s5v1","offsets":[{"start":314,"text":"All"}],"coordinates":[],"confidence":{"state":"","who":["ml:nalaf"],"prob":0.996270492029523},"fields":{},"normalizations":{}},{"classId":"e_6","part":"s5v1","offsets":[{"start":314,"text":"All contract funds shall be expended by August 31, 2022."}],"coordinates":[],"confidence":{"state":"","who":["ml:nalaf"],"prob":0.9437059807586041},"fields":{},"normalizations":{}},{"classId":"e_8","part":"s5v1","offsets":[{"start":314,"text":"All contract funds shall be expended by August 31, 2022."}],"coordinates":[],"confidence":{"state":"","who":["ml:nalaf"],"prob":0.5875075903896932},"fields":{},"normalizations":{}},{"classId":"e_5","part":"s5v1","offsets":[{"start":372,"text":"G"}],"coordinates":[],"confidence":{"state":"","who":["ml:nalaf"],"prob":0.9748871505872725},"fields":{},"normalizations":{}},{"classId":"e_8","part":"s5v1","offsets":[{"start":560,"text":"."}],"coordinates":[],"confidence":{"state":"pre-removed","who":["ml:nalaf","ml:regex"],"prob":0.5},"fields":{},"normalizations":{}},{"classId":"e_8","part":"s5v1","offsets":[{"start":609,"text":"d"}],"coordinates":[{"x":"122.88","y":"716.39"},{"x":"127.27","y":"720.96"}],"confidence":{"state":"pre-added","who":["user:SDTEF"],"prob":1},"fields":{},"normalizations":{}}],"relations":[]}