{"annotatable":{"parts":["s1p1","s1p2","s1p3","s1p4","s1p5","s1p6","s1p7","s1p8","s1p9","s1p10","s1p11","s1p12","s1p13","s1p14","s1p15","s1p16","s1p17","s1p18","s1p19","s1p20","s1p21","s1p22","s1p23","s1p24","s1p25","s1p26","s1p27","s1p28","s1p29","s1p30","s1p31","s1p32","s1p33","s1p34","s1p35","s1p36","s1p37","s1p38","s1p39","s1p40","s1p41","s1p42","s1p43","s1p44","s1p45","s1p46","s1p47","s1p48","s1p49","s1p50","s1p51","s1p52","s1p53","s1p54","s1p55","s1p56","s1p57","s1p58","s1p59","s1p60","s1p61","s1p62","s1p63","s1p64","s1p65","s1p66","s1p67","s1p68","s1p69","s1p70","s1p71","s1p72","s1p73","s1p74","s1p75","s1p76","s1p77","s1p78","s1p79","s1p80","s1p81","s1p82","s1p83","s1p84","s1p85","s1p86","s1p87","s1p88","s1p89","s1p90","s1p91","s1p92","s1p93","s1p94","s1p95","s1p96","s1p97","s1p98","s1p99","s1p100","s1p101","s1p102","s1p103","s1p104","s1p105","s1p106","s1p107","s1p108","s1p109","s1p110","s1p111","s1p112","s1p113","s1p114","s1p115","s1p116","s1p117","s1p118","s1p119","s1p120","s1p121","s1p122","s1p123","s1p124","s1p125","s1p126","s1p127","s1p128","s1p129","s1p130","s1p131","s1p132","s1p133","s1p134","s1p135","s1p136","s1p137","s1p138","s1p139","s1p140","s1p141","s1p142","s1p143","s1p144","s1p145","s1p146","s1p147","s1p148","s1p149","s1p150","s1p151","s1p152","s1p153","s1p154","s1p155","s1p156","s1p157","s1p158","s1p159","s1p160","s1p161","s1p162","s1p163","s1p164","s1p165","s1p166","s1p167","s1p168","s1p169","s1p170","s1p171","s1p172","s1p173","s1p174","s1p175","s1p176","s1p177","s1p178","s1p179","s1p180","s1p181","s1p182","s1p183","s1p184","s1p185","s1p186","s1p187","s1p188","s1p189","s1p190","s1p191","s1p192"]},"anncomplete":true,"sources":[{"name":"ORIG","id":"558506_00_CONTRACT.pdf.pdf","url":""}],"metas":{"m_22":{"value":"temp housing","confidence":{"state":"pre-added","who":["user:SDTEF"],"prob":1}},"m_21":{"value":"mental illness","confidence":{"state":"pre-added","who":["user:SDTEF"],"prob":1}},"m_20":{"value":"adults ","confidence":{"state":"pre-added","who":["user:SDTEF"],"prob":1}},"m_24":{"value":"$40/bed/day","confidence":{"state":"pre-added","who":["user:SDTEF"],"prob":1}},"m_23":{"value":"county","confidence":{"state":"pre-added","who":["user:SDTEF"],"prob":1}}},"entities":[{"classId":"e_19","part":"s1p1","offsets":[{"start":0,"text":"COUNTY CONTRACT NUMBER 558506"}],"coordinates":[],"confidence":{"state":"pre-added","who":["user:SDTEF"],"prob":1},"fields":{},"normalizations":{}},{"classId":"e_1","part":"s1p1","offsets":[{"start":45,"text":"INTERFAITH COMMUNITY SERVICES FOR"}],"coordinates":[],"confidence":{"state":"","who":["ml:nalaf"],"prob":0.8566533616335174},"fields":{},"normalizations":{}},{"classId":"e_4","part":"s1p2","offsets":[{"start":0,"text":"SHORT TERM AND BRIDGE HOUSING"}],"coordinates":[],"confidence":{"state":"pre-added","who":["ml:regex"],"prob":0.5},"fields":{},"normalizations":{}},{"classId":"e_7","part":"s1p3","offsets":[{"start":160,"text":"County of San Diego"}],"coordinates":[],"confidence":{"state":"pre-added","who":["user:SDTEF"],"prob":1},"fields":{},"normalizations":{}},{"classId":"e_1","part":"s1p3","offsets":[{"start":247,"text":"Interfaith Community Services"}],"coordinates":[],"confidence":{"state":"","who":["ml:nalaf"],"prob":0.7589008599634849},"fields":{},"normalizations":{}},{"classId":"e_1","part":"s1p3","offsets":[{"start":289,"text":"550 West Washington Avenue, Escondido, CA 92025"}],"coordinates":[],"confidence":{"state":"","who":["ml:nalaf"],"prob":0.6579985085234888},"fields":{},"normalizations":{}},{"classId":"e_4","part":"s1p3","offsets":[{"start":574,"text":"Short Term and Bridge Housing"}],"coordinates":[],"confidence":{"state":"pre-added","who":["user:SDTEF"],"prob":1},"fields":{},"normalizations":{}},{"classId":"e_19","part":"s1p6","offsets":[{"start":3224,"text":"COUNTY CONTRACT NUMBER 558506"}],"coordinates":[],"confidence":{"state":"pre-added","who":["ml:regex"],"prob":0.5},"fields":{},"normalizations":{}},{"classId":"e_1","part":"s1p6","offsets":[{"start":3269,"text":"INTERFAITH COMMUNITY SERVICES FOR"}],"coordinates":[],"confidence":{"state":"","who":["ml:nalaf"],"prob":0.8566533616335174},"fields":{},"normalizations":{}},{"classId":"e_4","part":"s1p7","offsets":[{"start":0,"text":"SHORT TERM AND BRIDGE HOUSING"}],"coordinates":[],"confidence":{"state":"pre-added","who":["ml:regex"],"prob":0.5},"fields":{},"normalizations":{}},{"classId":"e_19","part":"s1p8","offsets":[{"start":5819,"text":"COUNTY CONTRACT NUMBER 558506"}],"coordinates":[],"confidence":{"state":"pre-added","who":["ml:regex"],"prob":0.5},"fields":{},"normalizations":{}},{"classId":"e_1","part":"s1p8","offsets":[{"start":5864,"text":"INTERFAITH COMMUNITY SERVICES FOR"}],"coordinates":[],"confidence":{"state":"","who":["ml:nalaf"],"prob":0.8566585740329368},"fields":{},"normalizations":{}},{"classId":"e_4","part":"s1p9","offsets":[{"start":0,"text":"SHORT TERM AND BRIDGE HOUSING"}],"coordinates":[],"confidence":{"state":"pre-added","who":["ml:regex"],"prob":0.5},"fields":{},"normalizations":{}},{"classId":"e_19","part":"s1p12","offsets":[{"start":756,"text":"COUNTY CONTRACT NUMBER 558506"}],"coordinates":[],"confidence":{"state":"pre-added","who":["ml:regex"],"prob":0.5},"fields":{},"normalizations":{}},{"classId":"e_1","part":"s1p12","offsets":[{"start":801,"text":"INTERFAITH COMMUNITY SERVICES FOR"}],"coordinates":[],"confidence":{"state":"","who":["ml:nalaf"],"prob":0.8566533616335174},"fields":{},"normalizations":{}},{"classId":"e_4","part":"s1p13","offsets":[{"start":0,"text":"SHORT TERM AND BRIDGE HOUSING"}],"coordinates":[],"confidence":{"state":"pre-added","who":["ml:regex"],"prob":0.5},"fields":{},"normalizations":{}},{"classId":"e_19","part":"s1p19","offsets":[{"start":1113,"text":"COUNTY CONTRACT NUMBER 558506"}],"coordinates":[],"confidence":{"state":"pre-added","who":["ml:regex"],"prob":0.5},"fields":{},"normalizations":{}},{"classId":"e_1","part":"s1p19","offsets":[{"start":1158,"text":"INTERFAITH COMMUNITY SERVICES FOR"}],"coordinates":[],"confidence":{"state":"","who":["ml:nalaf"],"prob":0.8566587269411554},"fields":{},"normalizations":{}},{"classId":"e_4","part":"s1p20","offsets":[{"start":0,"text":"SHORT TERM AND BRIDGE HOUSING"}],"coordinates":[],"confidence":{"state":"pre-added","who":["ml:regex"],"prob":0.5},"fields":{},"normalizations":{}},{"classId":"e_19","part":"s1p22","offsets":[{"start":3639,"text":"COUNTY CONTRACT NUMBER 558506"}],"coordinates":[],"confidence":{"state":"pre-added","who":["ml:regex"],"prob":0.5},"fields":{},"normalizations":{}},{"classId":"e_1","part":"s1p22","offsets":[{"start":3684,"text":"INTERFAITH COMMUNITY SERVICES FOR"}],"coordinates":[],"confidence":{"state":"","who":["ml:nalaf"],"prob":0.8566533616335174},"fields":{},"normalizations":{}},{"classId":"e_4","part":"s1p23","offsets":[{"start":0,"text":"SHORT TERM AND BRIDGE HOUSING"}],"coordinates":[],"confidence":{"state":"pre-added","who":["ml:regex"],"prob":0.5},"fields":{},"normalizations":{}},{"classId":"e_19","part":"s1p26","offsets":[{"start":935,"text":"COUNTY CONTRACT NUMBER 558506"}],"coordinates":[],"confidence":{"state":"pre-added","who":["ml:regex"],"prob":0.5},"fields":{},"normalizations":{}},{"classId":"e_1","part":"s1p26","offsets":[{"start":980,"text":"INTERFAITH COMMUNITY SERVICES FOR"}],"coordinates":[],"confidence":{"state":"","who":["ml:nalaf"],"prob":0.8566584813213808},"fields":{},"normalizations":{}},{"classId":"e_4","part":"s1p27","offsets":[{"start":0,"text":"SHORT TERM AND BRIDGE HOUSING"}],"coordinates":[],"confidence":{"state":"pre-added","who":["ml:regex"],"prob":0.5},"fields":{},"normalizations":{}},{"classId":"e_4","part":"s1p28","offsets":[{"start":619,"text":"type of service"}],"coordinates":[],"confidence":{"state":"pre-added","who":["ml:regex"],"prob":0.5},"fields":{},"normalizations":{}},{"classId":"e_7","part":"s1p28","offsets":[{"start":946,"text":"County of San Diego"}],"coordinates":[],"confidence":{"state":"pre-added","who":["ml:regex"],"prob":0.5},"fields":{},"normalizations":{}},{"classId":"e_7","part":"s1p28","offsets":[{"start":1274,"text":"County of San Diego"}],"coordinates":[],"confidence":{"state":"pre-added","who":["ml:regex"],"prob":0.5},"fields":{},"normalizations":{}},{"classId":"e_19","part":"s1p30","offsets":[{"start":1520,"text":"COUNTY CONTRACT NUMBER 558506"}],"coordinates":[],"confidence":{"state":"pre-added","who":["ml:regex"],"prob":0.5},"fields":{},"normalizations":{}},{"classId":"e_1","part":"s1p30","offsets":[{"start":1565,"text":"INTERFAITH COMMUNITY SERVICES FOR"}],"coordinates":[],"confidence":{"state":"","who":["ml:nalaf"],"prob":0.8566586001789356},"fields":{},"normalizations":{}},{"classId":"e_4","part":"s1p31","offsets":[{"start":0,"text":"SHORT TERM AND BRIDGE HOUSING"}],"coordinates":[],"confidence":{"state":"pre-added","who":["ml:regex"],"prob":0.5},"fields":{},"normalizations":{}},{"classId":"e_7","part":"s1p32","offsets":[{"start":1824,"text":"County of San Diego"}],"coordinates":[],"confidence":{"state":"pre-added","who":["ml:regex"],"prob":0.5},"fields":{},"normalizations":{}},{"classId":"e_7","part":"s1p33","offsets":[{"start":215,"text":"County of San Diego"}],"coordinates":[],"confidence":{"state":"pre-added","who":["ml:regex"],"prob":0.5},"fields":{},"normalizations":{}},{"classId":"e_7","part":"s1p33","offsets":[{"start":394,"text":"County of San Diego"}],"coordinates":[],"confidence":{"state":"pre-added","who":["ml:regex"],"prob":0.5},"fields":{},"normalizations":{}},{"classId":"e_7","part":"s1p33","offsets":[{"start":465,"text":"County of San Diego"}],"coordinates":[],"confidence":{"state":"pre-added","who":["ml:regex"],"prob":0.5},"fields":{},"normalizations":{}},{"classId":"e_19","part":"s1p33","offsets":[{"start":936,"text":"COUNTY CONTRACT NUMBER 558506"}],"coordinates":[],"confidence":{"state":"pre-added","who":["ml:regex"],"prob":0.5},"fields":{},"normalizations":{}},{"classId":"e_1","part":"s1p33","offsets":[{"start":981,"text":"INTERFAITH COMMUNITY SERVICES FOR"}],"coordinates":[],"confidence":{"state":"","who":["ml:nalaf"],"prob":0.8566533616335174},"fields":{},"normalizations":{}},{"classId":"e_4","part":"s1p34","offsets":[{"start":0,"text":"SHORT TERM AND BRIDGE HOUSING"}],"coordinates":[],"confidence":{"state":"pre-added","who":["ml:regex"],"prob":0.5},"fields":{},"normalizations":{}},{"classId":"e_7","part":"s1p35","offsets":[{"start":1265,"text":"County of San Diego"}],"coordinates":[],"confidence":{"state":"pre-added","who":["ml:regex"],"prob":0.5},"fields":{},"normalizations":{}},{"classId":"e_7","part":"s1p37","offsets":[{"start":247,"text":"County of San Diego"}],"coordinates":[],"confidence":{"state":"pre-added","who":["ml:regex"],"prob":0.5},"fields":{},"normalizations":{}},{"classId":"e_7","part":"s1p38","offsets":[{"start":321,"text":"County of San Diego"}],"coordinates":[],"confidence":{"state":"pre-added","who":["ml:regex"],"prob":0.5},"fields":{},"normalizations":{}},{"classId":"e_7","part":"s1p38","offsets":[{"start":662,"text":"County of San Diego"}],"coordinates":[],"confidence":{"state":"pre-added","who":["ml:regex"],"prob":0.5},"fields":{},"normalizations":{}},{"classId":"e_19","part":"s1p38","offsets":[{"start":3661,"text":"COUNTY CONTRACT NUMBER 558506"}],"coordinates":[],"confidence":{"state":"pre-added","who":["ml:regex"],"prob":0.5},"fields":{},"normalizations":{}},{"classId":"e_1","part":"s1p38","offsets":[{"start":3706,"text":"INTERFAITH COMMUNITY SERVICES FOR"}],"coordinates":[],"confidence":{"state":"","who":["ml:nalaf"],"prob":0.8566586043522711},"fields":{},"normalizations":{}},{"classId":"e_4","part":"s1p39","offsets":[{"start":0,"text":"SHORT TERM AND BRIDGE HOUSING"}],"coordinates":[],"confidence":{"state":"pre-added","who":["ml:regex"],"prob":0.5},"fields":{},"normalizations":{}},{"classId":"e_7","part":"s1p44","offsets":[{"start":225,"text":"County of San Diego"}],"coordinates":[],"confidence":{"state":"pre-added","who":["ml:regex"],"prob":0.5},"fields":{},"normalizations":{}},{"classId":"e_19","part":"s1p45","offsets":[{"start":247,"text":"COUNTY CONTRACT NUMBER 558506"}],"coordinates":[],"confidence":{"state":"pre-added","who":["ml:regex"],"prob":0.5},"fields":{},"normalizations":{}},{"classId":"e_1","part":"s1p45","offsets":[{"start":292,"text":"INTERFAITH COMMUNITY SERVICES FOR"}],"coordinates":[],"confidence":{"state":"","who":["ml:nalaf"],"prob":0.8566586997481792},"fields":{},"normalizations":{}},{"classId":"e_4","part":"s1p46","offsets":[{"start":0,"text":"SHORT TERM AND BRIDGE HOUSING"}],"coordinates":[],"confidence":{"state":"pre-added","who":["ml:regex"],"prob":0.5},"fields":{},"normalizations":{}},{"classId":"e_19","part":"s1p48","offsets":[{"start":4843,"text":"COUNTY CONTRACT NUMBER 558506"}],"coordinates":[],"confidence":{"state":"pre-added","who":["ml:regex"],"prob":0.5},"fields":{},"normalizations":{}},{"classId":"e_1","part":"s1p48","offsets":[{"start":4888,"text":"INTERFAITH COMMUNITY SERVICES FOR"}],"coordinates":[],"confidence":{"state":"","who":["ml:nalaf"],"prob":0.8566533616335174},"fields":{},"normalizations":{}},{"classId":"e_4","part":"s1p49","offsets":[{"start":0,"text":"SHORT TERM AND BRIDGE HOUSING"}],"coordinates":[],"confidence":{"state":"pre-added","who":["ml:regex"],"prob":0.5},"fields":{},"normalizations":{}},{"classId":"e_19","part":"s1p52","offsets":[{"start":0,"text":"COUNTY CONTRACT NUMBER 558506"}],"coordinates":[],"confidence":{"state":"pre-added","who":["ml:regex"],"prob":0.5},"fields":{},"normalizations":{}},{"classId":"e_1","part":"s1p52","offsets":[{"start":45,"text":"INTERFAITH COMMUNITY SERVICES FOR"}],"coordinates":[],"confidence":{"state":"","who":["ml:nalaf"],"prob":0.8566533616335174},"fields":{},"normalizations":{}},{"classId":"e_4","part":"s1p53","offsets":[{"start":0,"text":"SHORT TERM AND BRIDGE HOUSING"}],"coordinates":[],"confidence":{"state":"pre-added","who":["ml:regex"],"prob":0.5},"fields":{},"normalizations":{}},{"classId":"e_19","part":"s1p59","offsets":[{"start":0,"text":"COUNTY CONTRACT NUMBER 558506"}],"coordinates":[],"confidence":{"state":"pre-added","who":["ml:regex"],"prob":0.5},"fields":{},"normalizations":{}},{"classId":"e_1","part":"s1p59","offsets":[{"start":45,"text":"INTERFAITH COMMUNITY SERVICES FOR"}],"coordinates":[],"confidence":{"state":"","who":["ml:nalaf"],"prob":0.8566533616335174},"fields":{},"normalizations":{}},{"classId":"e_4","part":"s1p60","offsets":[{"start":0,"text":"SHORT TERM AND BRIDGE HOUSING"}],"coordinates":[],"confidence":{"state":"pre-added","who":["ml:regex"],"prob":0.5},"fields":{},"normalizations":{}},{"classId":"e_19","part":"s1p63","offsets":[{"start":2113,"text":"COUNTY CONTRACT NUMBER 558506"}],"coordinates":[],"confidence":{"state":"pre-added","who":["ml:regex"],"prob":0.5},"fields":{},"normalizations":{}},{"classId":"e_1","part":"s1p63","offsets":[{"start":2158,"text":"INTERFAITH COMMUNITY SERVICES FOR"}],"coordinates":[],"confidence":{"state":"","who":["ml:nalaf"],"prob":0.8566585010548957},"fields":{},"normalizations":{}},{"classId":"e_4","part":"s1p64","offsets":[{"start":0,"text":"SHORT TERM AND BRIDGE HOUSING"}],"coordinates":[],"confidence":{"state":"pre-added","who":["ml:regex"],"prob":0.5},"fields":{},"normalizations":{}},{"classId":"e_19","part":"s1p69","offsets":[{"start":863,"text":"COUNTY CONTRACT NUMBER 558506"}],"coordinates":[],"confidence":{"state":"pre-added","who":["ml:regex"],"prob":0.5},"fields":{},"normalizations":{}},{"classId":"e_1","part":"s1p69","offsets":[{"start":908,"text":"INTERFAITH COMMUNITY SERVICES FOR"}],"coordinates":[],"confidence":{"state":"","who":["ml:nalaf"],"prob":0.8566533616335174},"fields":{},"normalizations":{}},{"classId":"e_4","part":"s1p70","offsets":[{"start":0,"text":"SHORT TERM AND BRIDGE HOUSING"}],"coordinates":[],"confidence":{"state":"pre-added","who":["ml:regex"],"prob":0.5},"fields":{},"normalizations":{}},{"classId":"e_19","part":"s1p72","offsets":[{"start":4301,"text":"COUNTY CONTRACT NUMBER 558506"}],"coordinates":[],"confidence":{"state":"pre-added","who":["ml:regex"],"prob":0.5},"fields":{},"normalizations":{}},{"classId":"e_1","part":"s1p72","offsets":[{"start":4346,"text":"INTERFAITH COMMUNITY SERVICES FOR"}],"coordinates":[],"confidence":{"state":"","who":["ml:nalaf"],"prob":0.8566585343487569},"fields":{},"normalizations":{}},{"classId":"e_4","part":"s1p73","offsets":[{"start":0,"text":"SHORT TERM AND BRIDGE HOUSING"}],"coordinates":[],"confidence":{"state":"pre-added","who":["ml:regex"],"prob":0.5},"fields":{},"normalizations":{}},{"classId":"e_19","part":"s1p77","offsets":[{"start":249,"text":"COUNTY CONTRACT NUMBER 558506"}],"coordinates":[],"confidence":{"state":"pre-added","who":["ml:regex"],"prob":0.5},"fields":{},"normalizations":{}},{"classId":"e_1","part":"s1p77","offsets":[{"start":294,"text":"INTERFAITH COMMUNITY SERVICES FOR"}],"coordinates":[],"confidence":{"state":"","who":["ml:nalaf"],"prob":0.8566586740973271},"fields":{},"normalizations":{}},{"classId":"e_4","part":"s1p78","offsets":[{"start":0,"text":"SHORT TERM AND BRIDGE HOUSING"}],"coordinates":[],"confidence":{"state":"pre-added","who":["ml:regex"],"prob":0.5},"fields":{},"normalizations":{}},{"classId":"e_7","part":"s1p82","offsets":[{"start":1112,"text":"County of San Diego"}],"coordinates":[],"confidence":{"state":"pre-added","who":["ml:regex"],"prob":0.5},"fields":{},"normalizations":{}},{"classId":"e_7","part":"s1p82","offsets":[{"start":4032,"text":"County of San Diego"}],"coordinates":[],"confidence":{"state":"pre-added","who":["ml:regex"],"prob":0.5},"fields":{},"normalizations":{}},{"classId":"e_19","part":"s1p83","offsets":[{"start":0,"text":"COUNTY CONTRACT NUMBER 558506"}],"coordinates":[],"confidence":{"state":"pre-added","who":["ml:regex"],"prob":0.5},"fields":{},"normalizations":{}},{"classId":"e_1","part":"s1p83","offsets":[{"start":45,"text":"INTERFAITH COMMUNITY SERVICES FOR"}],"coordinates":[],"confidence":{"state":"","who":["ml:nalaf"],"prob":0.8566533616335174},"fields":{},"normalizations":{}},{"classId":"e_4","part":"s1p84","offsets":[{"start":0,"text":"SHORT TERM AND BRIDGE HOUSING"}],"coordinates":[],"confidence":{"state":"pre-added","who":["ml:regex"],"prob":0.5},"fields":{},"normalizations":{}},{"classId":"e_19","part":"s1p90","offsets":[{"start":0,"text":"COUNTY CONTRACT NUMBER 558506"}],"coordinates":[],"confidence":{"state":"pre-added","who":["ml:regex"],"prob":0.5},"fields":{},"normalizations":{}},{"classId":"e_1","part":"s1p90","offsets":[{"start":45,"text":"INTERFAITH COMMUNITY SERVICES FOR"}],"coordinates":[],"confidence":{"state":"","who":["ml:nalaf"],"prob":0.8566533616335174},"fields":{},"normalizations":{}},{"classId":"e_4","part":"s1p91","offsets":[{"start":0,"text":"SHORT TERM AND BRIDGE HOUSING"}],"coordinates":[],"confidence":{"state":"pre-added","who":["ml:regex"],"prob":0.5},"fields":{},"normalizations":{}},{"classId":"e_4","part":"s1p94","offsets":[{"start":31,"text":"Short Term and Bridge Housing"}],"coordinates":[],"confidence":{"state":"pre-added","who":["ml:regex"],"prob":0.5},"fields":{},"normalizations":{}},{"classId":"e_7","part":"s1p94","offsets":[{"start":2113,"text":"County of San Diego"}],"coordinates":[],"confidence":{"state":"pre-added","who":["ml:regex"],"prob":0.5},"fields":{},"normalizations":{}},{"classId":"e_7","part":"s1p94","offsets":[{"start":2243,"text":"County of San Diego"}],"coordinates":[],"confidence":{"state":"pre-added","who":["ml:regex"],"prob":0.5},"fields":{},"normalizations":{}},{"classId":"e_5","part":"s1p95","offsets":[{"start":622,"text":"Location(s) of Service: Tikkun Men’s Shelter 465 East Fourth Avenue, Escondido, CA 92025, Corrine’s Cottage Women’s Center 1701-1707 Crofton Lane, Escondido, CA 92027"}],"coordinates":[],"confidence":{"state":"pre-added","who":["user:SDTEF"],"prob":1},"fields":{},"normalizations":{}},{"classId":"e_4","part":"s1p95","offsets":[{"start":794,"text":"Type of Service"}],"coordinates":[],"confidence":{"state":"pre-added","who":["user:SDTEF"],"prob":1},"fields":{},"normalizations":{}},{"classId":"e_4","part":"s1p95","offsets":[{"start":811,"text":"Short Term and Bridge Housing"}],"coordinates":[],"confidence":{"state":"pre-added","who":["ml:regex"],"prob":0.5},"fields":{},"normalizations":{}},{"classId":"e_3","part":"s1p95","offsets":[{"start":845,"text":"persons who are mentally ill and homeless"}],"coordinates":[],"confidence":{"state":"pre-added","who":["user:SDTEF"],"prob":1},"fields":{},"normalizations":{}},{"classId":"e_3","part":"s1p95","offsets":[{"start":892,"text":"Type of Client: Adults who are mentally ill and homeless"}],"coordinates":[],"confidence":{"state":"pre-added","who":["user:SDTEF"],"prob":1},"fields":{},"normalizations":{}},{"classId":"e_19","part":"s1p95","offsets":[{"start":950,"text":"COUNTY CONTRACT NUMBER 558506"}],"coordinates":[],"confidence":{"state":"pre-added","who":["ml:regex"],"prob":0.5},"fields":{},"normalizations":{}},{"classId":"e_1","part":"s1p95","offsets":[{"start":995,"text":"INTERFAITH COMMUNITY SERVICES FOR"}],"coordinates":[],"confidence":{"state":"","who":["ml:nalaf"],"prob":0.8566533616335174},"fields":{},"normalizations":{}},{"classId":"e_4","part":"s1p96","offsets":[{"start":0,"text":"SHORT TERM AND BRIDGE HOUSING"}],"coordinates":[],"confidence":{"state":"pre-added","who":["ml:regex"],"prob":0.5},"fields":{},"normalizations":{}},{"classId":"e_8","part":"s1p99","offsets":[{"start":21,"text":"Length of stay shall be authorized for a period of up to sixty (60) days for emergency beds, and up to 270 days for transitional beds."}],"coordinates":[],"confidence":{"state":"pre-added","who":["user:SDTEF"],"prob":1},"fields":{},"normalizations":{}},{"classId":"e_4","part":"s1p99","offsets":[{"start":280,"text":"Contractor shall provide, maintain and operate six (6) beds at the Tikken Men’s Shelter and twelve (12) beds at Corrine’s Cottage Women’s Center."}],"coordinates":[],"confidence":{"state":"pre-added","who":["user:SDTEF"],"prob":1},"fields":{},"normalizations":{}},{"classId":"e_5","part":"s1p99","offsets":[{"start":340,"text":"at the Tikken Men’s Shelter and twelve (12) beds at Corrine’s Cottage Women’s Center."}],"coordinates":[],"confidence":{"state":"pre-added","who":["user:SDTEF"],"prob":1},"fields":{},"normalizations":{}},{"classId":"e_6","part":"s1p99","offsets":[{"start":429,"text":"County’s Responsibilities 5.1. All persons to be referred to Contractor for placement shall be screened by County and/or Contract Mental Health Homeless Outreach Worker (HOW) who coordinate, authorize and determine eligibility for services under this Agreement. Designated staff shall make a referral of the individual to Contractor’s facility during and after normal business hours. Contractor will be notified in writing of County and Contract-designated personnel who are authorized to make referrals for services. 5.2. Identified programs and/or staff in each designated region shall provide outreach to include crisis intervention, short-term counseling, consultation, case management and discharge planning. 6. Contractor’s Responsibilities 6.1. Facilities: Contractor shall provide all facilities, facility management, supplies and other resources necessary to establish and operate the program."}],"coordinates":[],"confidence":{"state":"pre-added","who":["user:SDTEF"],"prob":1},"fields":{},"normalizations":{}},{"classId":"e_4","part":"s1p100","offsets":[{"start":702,"text":"Short Term and Bridge Housing"}],"coordinates":[],"confidence":{"state":"pre-added","who":["ml:regex"],"prob":0.5},"fields":{},"normalizations":{}},{"classId":"e_19","part":"s1p101","offsets":[{"start":1861,"text":"COUNTY CONTRACT NUMBER 558506"}],"coordinates":[],"confidence":{"state":"pre-added","who":["ml:regex"],"prob":0.5},"fields":{},"normalizations":{}},{"classId":"e_1","part":"s1p101","offsets":[{"start":1906,"text":"INTERFAITH COMMUNITY SERVICES FOR"}],"coordinates":[],"confidence":{"state":"","who":["ml:nalaf"],"prob":0.8566584951814091},"fields":{},"normalizations":{}},{"classId":"e_4","part":"s1p102","offsets":[{"start":0,"text":"SHORT TERM AND BRIDGE HOUSING"}],"coordinates":[],"confidence":{"state":"pre-added","who":["ml:regex"],"prob":0.5},"fields":{},"normalizations":{}},{"classId":"e_19","part":"s1p107","offsets":[{"start":3437,"text":"COUNTY CONTRACT NUMBER 558506"}],"coordinates":[],"confidence":{"state":"pre-added","who":["ml:regex"],"prob":0.5},"fields":{},"normalizations":{}},{"classId":"e_1","part":"s1p107","offsets":[{"start":3482,"text":"INTERFAITH COMMUNITY SERVICES FOR"}],"coordinates":[],"confidence":{"state":"","who":["ml:nalaf"],"prob":0.8566583148293082},"fields":{},"normalizations":{}},{"classId":"e_4","part":"s1p108","offsets":[{"start":0,"text":"SHORT TERM AND BRIDGE HOUSING"}],"coordinates":[],"confidence":{"state":"pre-added","who":["ml:regex"],"prob":0.5},"fields":{},"normalizations":{}},{"classId":"e_7","part":"s1p111","offsets":[{"start":2228,"text":"County of San Diego"}],"coordinates":[],"confidence":{"state":"pre-added","who":["ml:regex"],"prob":0.5},"fields":{},"normalizations":{}},{"classId":"e_4","part":"s1p112","offsets":[{"start":11,"text":"Short Term and Bridge Housing"}],"coordinates":[],"confidence":{"state":"pre-added","who":["ml:regex"],"prob":0.5},"fields":{},"normalizations":{}},{"classId":"e_1","part":"s1p113","offsets":[{"start":0,"text":"Interfaith Community Services"}],"coordinates":[],"confidence":{"state":"","who":["ml:nalaf"],"prob":0.802747184560713},"fields":{},"normalizations":{}},{"classId":"e_4","part":"s1p119","offsets":[{"start":11,"text":"Short Term and Bridge Housing"}],"coordinates":[],"confidence":{"state":"pre-added","who":["ml:regex"],"prob":0.5},"fields":{},"normalizations":{}},{"classId":"e_1","part":"s1p120","offsets":[{"start":0,"text":"Interfaith Community Services"}],"coordinates":[],"confidence":{"state":"","who":["ml:nalaf"],"prob":0.802747184560713},"fields":{},"normalizations":{}},{"classId":"e_4","part":"s1p124","offsets":[{"start":120,"text":"Short Term and Bridge Housing"}],"coordinates":[],"confidence":{"state":"pre-added","who":["ml:regex"],"prob":0.5},"fields":{},"normalizations":{}},{"classId":"e_4","part":"s1p124","offsets":[{"start":266,"text":"Short Term and Bridge Housing"}],"coordinates":[],"confidence":{"state":"pre-added","who":["ml:regex"],"prob":0.5},"fields":{},"normalizations":{}},{"classId":"e_4","part":"s1p127","offsets":[{"start":11,"text":"Short Term and Bridge Housing"}],"coordinates":[],"confidence":{"state":"pre-added","who":["ml:regex"],"prob":0.5},"fields":{},"normalizations":{}},{"classId":"e_1","part":"s1p128","offsets":[{"start":0,"text":"Interfaith Community Services"}],"coordinates":[],"confidence":{"state":"","who":["ml:nalaf"],"prob":0.802747184560713},"fields":{},"normalizations":{}},{"classId":"e_19","part":"s1p132","offsets":[{"start":38,"text":"COUNTY CONTRACT NUMBER 558506"}],"coordinates":[],"confidence":{"state":"pre-added","who":["ml:regex"],"prob":0.5},"fields":{},"normalizations":{}},{"classId":"e_1","part":"s1p132","offsets":[{"start":83,"text":"INTERFAITH COMMUNITY SERVICES FOR"}],"coordinates":[],"confidence":{"state":"","who":["ml:nalaf"],"prob":0.8566583811828841},"fields":{},"normalizations":{}},{"classId":"e_4","part":"s1p133","offsets":[{"start":0,"text":"SHORT TERM AND BRIDGE HOUSING"}],"coordinates":[],"confidence":{"state":"pre-added","who":["ml:regex"],"prob":0.5},"fields":{},"normalizations":{}},{"classId":"e_7","part":"s1p146","offsets":[{"start":149,"text":"County of San Diego"}],"coordinates":[],"confidence":{"state":"pre-added","who":["ml:regex"],"prob":0.5},"fields":{},"normalizations":{}},{"classId":"e_19","part":"s1p151","offsets":[{"start":249,"text":"COUNTY CONTRACT NUMBER 558506"}],"coordinates":[],"confidence":{"state":"pre-added","who":["ml:regex"],"prob":0.5},"fields":{},"normalizations":{}},{"classId":"e_1","part":"s1p151","offsets":[{"start":294,"text":"INTERFAITH COMMUNITY SERVICES FOR"}],"coordinates":[],"confidence":{"state":"","who":["ml:nalaf"],"prob":0.8566585879298471},"fields":{},"normalizations":{}},{"classId":"e_4","part":"s1p152","offsets":[{"start":0,"text":"SHORT TERM AND BRIDGE HOUSING"}],"coordinates":[],"confidence":{"state":"pre-added","who":["ml:regex"],"prob":0.5},"fields":{},"normalizations":{}},{"classId":"e_7","part":"s1p155","offsets":[{"start":133,"text":"County of San Diego"}],"coordinates":[],"confidence":{"state":"pre-added","who":["ml:regex"],"prob":0.5},"fields":{},"normalizations":{}},{"classId":"e_7","part":"s1p159","offsets":[{"start":4,"text":"County of San Diego"}],"coordinates":[],"confidence":{"state":"pre-added","who":["ml:regex"],"prob":0.5},"fields":{},"normalizations":{}},{"classId":"e_19","part":"s1p169","offsets":[{"start":284,"text":"COUNTY CONTRACT NUMBER 558506"}],"coordinates":[],"confidence":{"state":"pre-added","who":["ml:regex"],"prob":0.5},"fields":{},"normalizations":{}},{"classId":"e_1","part":"s1p169","offsets":[{"start":329,"text":"INTERFAITH COMMUNITY SERVICES FOR"}],"coordinates":[],"confidence":{"state":"","who":["ml:nalaf"],"prob":0.8566585031292233},"fields":{},"normalizations":{}},{"classId":"e_4","part":"s1p170","offsets":[{"start":0,"text":"SHORT TERM AND BRIDGE HOUSING"}],"coordinates":[],"confidence":{"state":"pre-added","who":["ml:regex"],"prob":0.5},"fields":{},"normalizations":{}},{"classId":"e_19","part":"s1p182","offsets":[{"start":489,"text":"COUNTY CONTRACT NUMBER 558506"}],"coordinates":[],"confidence":{"state":"pre-added","who":["ml:regex"],"prob":0.5},"fields":{},"normalizations":{}},{"classId":"e_1","part":"s1p182","offsets":[{"start":534,"text":"INTERFAITH COMMUNITY SERVICES FOR"}],"coordinates":[],"confidence":{"state":"","who":["ml:nalaf"],"prob":0.8566533616335174},"fields":{},"normalizations":{}},{"classId":"e_4","part":"s1p183","offsets":[{"start":0,"text":"SHORT TERM AND BRIDGE HOUSING"}],"coordinates":[],"confidence":{"state":"pre-added","who":["ml:regex"],"prob":0.5},"fields":{},"normalizations":{}},{"classId":"e_2","part":"s1p191","offsets":[{"start":41,"text":"pay the Contractor a rate of $40 per bed day as a non-licensed facility."}],"coordinates":[],"confidence":{"state":"pre-added","who":["user:SDTEF"],"prob":1},"fields":{},"normalizations":{}}],"relations":[]}