{"annotatable":{"parts":["s1v1","s2v1","s3v1"]},"anncomplete":true,"sources":[],"metas":{"m_22":{"value":"temp housing ","confidence":{"state":"pre-added","who":["user:SDTEF"],"prob":1}},"m_21":{"value":"at risk of homelessness and COVID","confidence":{"state":"pre-added","who":["user:SDTEF"],"prob":1}},"m_23":{"value":"county and ESG-CV","confidence":{"state":"pre-added","who":["user:SDTEF"],"prob":1}},"m_20":{"value":"individuals and families","confidence":{"state":"pre-added","who":["user:SDTEF"],"prob":1}},"m_24":{"value":"$1,232,490","confidence":{"state":"pre-added","who":["user:SDTEF"],"prob":1}}},"entities":[{"classId":"e_19","part":"s1v1","offsets":[{"start":0,"text":"COUNTYOF SAN DIEGO - UEPARTMENi' OF PURCHASINGAND C::ONTRACTING CONTRACT NO. 560717 AMENDMENT NO. ..QJ."}],"coordinates":[{"x":"91.75","y":"73.21"},{"x":"415.15","y":"91.28"}],"confidence":{"state":"pre-added","who":["user:SDTEF"],"prob":1},"fields":{},"normalizations":{}},{"classId":"e_1","part":"s1v1","offsets":[{"start":104,"text":"lntcrfoith Shelter Network of San Diego"}],"coordinates":[{"x":"74.34","y":"117.15"},{"x":"218.11","y":"122.62"}],"confidence":{"state":"pre-added","who":["user:SDTEF"],"prob":1},"fields":{},"normalizations":{}},{"classId":"e_7","part":"s1v1","offsets":[{"start":167,"text":"County of Snn Diego"}],"coordinates":[{"x":"304.17","y":"117.26"},{"x":"380.11","y":"122.56"}],"confidence":{"state":"pre-added","who":["user:SDTEF"],"prob":1},"fields":{},"normalizations":{}},{"classId":"e_4","part":"s1v1","offsets":[{"start":572,"text":"Contract Tcnns and Work: 1.1. Amend Exhibit A- S1u1cmcn1 of Work, morkcd Amcndn11:nt 3 lo revise outcome objectives ns follows: 1.1. I. Section 3.1.2 decrease Rapid Rehousing (RR!-1) assistru1cc andcasemanagement services from fifteen (l 5) homeless individuals nnd families 10 one (1) homeless individual or fomily. 1.1.2. Section 3.2.1 increase hotel/motel stays from sixty (60) 10 siiay-fivc (65) individuals/households annually. 1.1.3. Section 3.2.2 increase from 5,783 bed nighrs lo 6,000 bed nights mmually utilizing hotel vouchers. 1.1.4. Section 3.2.3 decrease RRH assist:mcc nnd case management services from liflcen (15) homeless individuals to one (I) homeless individual or family"}],"coordinates":[{"x":"89.87","y":"198.43"},{"x":"248.64","y":"272.14"}],"confidence":{"state":"pre-added","who":["user:SDTEF"],"prob":1},"fields":{},"normalizations":{}},{"classId":"e_2","part":"s1v1","offsets":[{"start":1270,"text":"Compensation: The compensationdue to Contractor under the Contract remains unchanged.\n\nContract Total Price S 1,232,490"}],"coordinates":[{"x":"89.94","y":"286.77"},{"x":"192.09","y":"309.90"}],"confidence":{"state":"pre-added","who":["user:SDTEF"],"prob":1},"fields":{},"normalizations":{}},{"classId":"e_19","part":"s2v1","offsets":[{"start":0,"text":"COUNTY OF SAN DIEGO CONTRACT NUMBER 560717 AMENDMENT 3\n\nAGREEMENT WITH INTERFAITH SHELTER NETWORKOF SAN DIEGO FOR EMERGENCY\n\nSOLUTIONS GRANT PROGRAM TO ASSIST PERSONS EXPERIENCING OR AT RISK OF\n\nHOMELESSNESS"}],"coordinates":[{"x":"115.11","y":"26.38"},{"x":"354.54","y":"72.06"}],"confidence":{"state":"pre-added","who":["user:SDTEF"],"prob":1},"fields":{},"normalizations":{}},{"classId":"e_4","part":"s2v1","offsets":[{"start":274,"text":"Scope of Work/Purpose 1.1. Contractor shall provide hotel/motel assistance and administer a Rapid Re-Housing (RRH) Program for persons experiencing homeless or at-risk ofhomelessness and are imminent risk of contracting coronavirus within the Urban County. Contractor shall establish relationships with area hotel or motel operators to provide hotel/motel stays, RRH assistance and case management services during this period."}],"coordinates":[{"x":"67.56","y":"108.71"},{"x":"459.90","y":"164.25"}],"confidence":{"state":"pre-added","who":["user:SDTEF"],"prob":1},"fields":{},"normalizations":{}},{"classId":"e_7","part":"s2v1","offsets":[{"start":951,"text":"Emergency Solutions Grant COVID-19"}],"coordinates":[{"x":"181.16","y":"222.47"},{"x":"355.67","y":"227.56"}],"confidence":{"state":"pre-added","who":["user:SDTEF"],"prob":1},"fields":{},"normalizations":{}},{"classId":"e_7","part":"s2v1","offsets":[{"start":987,"text":"ESG-CV"}],"coordinates":[{"x":"362.04","y":"222.41"},{"x":"401.52","y":"227.56"}],"confidence":{"state":"pre-added","who":["user:SDTEF"],"prob":1},"fields":{},"normalizations":{}},{"classId":"e_6","part":"s2v1","offsets":[{"start":1138,"text":"Goals and Outcomes\n\n3.1. Goals: Contractor shall provide the services described herein to accomplish the following goals:\n\n3.1.1. Provide hotel/motel stays for individuals at high risk of COVID-19 infection who are experiencing homelessness.\n\n3.1.2. Administer an RRH Program and provide with RRH assistance and case management services to one (1) homeless individual or family participating in the program."}],"coordinates":[{"x":"67.52","y":"260.54"},{"x":"386.56","y":"346.78"}],"confidence":{"state":"pre-added","who":["user:SDTEF"],"prob":1},"fields":{},"normalizations":{}},{"classId":"e_4","part":"s2v1","offsets":[{"start":1552,"text":"Objectives: Contractor shall achieve the following objectives:\n\n3.2.1. Contractor shall provide hotel/motel stays for up to sixty-five (65) individuals/households.\n\n3.2.2. Contractor shall provide a minimum of thirty (30) beds per month for a maximum of 6,000bed nights annually utilizing hotel vouchers.\n\n3.2.3. Provide with RRH assistance and case management services to one (1) homeless individual or family\n\nparticipating in the program.\n\n3.2.4. Contractor shall provide rental assistance and case management to participating individuals/households"}],"coordinates":[{"x":"89.04","y":"360.31"},{"x":"564.43","y":"465.63"}],"confidence":{"state":"pre-added","who":["user:SDTEF"],"prob":1},"fields":{},"normalizations":{}}],"relations":[]}