{"annotatable":{"parts":["s1v1","s2v1","s3v1","s4v1","s5v1","s6v1","s7v1","s8v1","s9v1","s10v1","s11v1","s12v1","s13v1","s14v1","s15v1","s16v1","s17v1","s18v1","s19v1","s20v1","s21v1","s22v1","s23v1","s24v1","s25v1","s26v1","s27v1","s28v1","s29v1","s30v1","s31v1","s32v1","s33v1","s34v1","s35v1","s36v1","s37v1","s38v1","s39v1","s40v1","s41v1"]},"anncomplete":true,"sources":[{"name":"ORIG","id":"HHI_18_29.1_Transitional_Storage_Center__TSC__Think_Dignity.pdf","url":""}],"metas":{"m_23":{"value":"city (Gen Fund) and HEAP","confidence":{"state":"pre-added","who":["user:SDTEF"],"prob":1}},"m_24":{"value":"$163,124.00","confidence":{"state":"pre-added","who":["user:SDTEF"],"prob":1}},"m_22":{"value":"transitional storage center","confidence":{"state":"pre-added","who":["user:SDTEF"],"prob":1}}},"entities":[{"classId":"e_19","part":"s1v1","offsets":[{"start":3,"text":"EXERCISE OF FIRST OPTION AND FIRST AMENDMENT TO \n\nAGREEMENTFOR\n\nOPERATION OF TRANSITIONAL STORAGE CENTER\n\nWITH\n\nTHINKDIGNITY\n\nContract No. HHI-18-29.1"}],"coordinates":[{"x":"133.70","y":"57.50"},{"x":"369.58","y":"167.06"}],"confidence":{"state":"pre-added","who":["user:SDTEF"],"prob":1},"fields":{},"normalizations":{}},{"classId":"e_4","part":"s1v1","offsets":[{"start":80,"text":"TRANSITIONAL STORAGE CENTER"}],"coordinates":[{"x":"249.41","y":"98.56"},{"x":"457.76","y":"103.70"}],"confidence":{"state":"pre-added","who":["user:SDTEF"],"prob":1},"fields":{},"normalizations":{}},{"classId":"e_1","part":"s1v1","offsets":[{"start":115,"text":"THINKDIGNITY"}],"coordinates":[{"x":"257.93","y":"137.32"},{"x":"353.03","y":"142.46"}],"confidence":{"state":"pre-added","who":["user:SDTEF"],"prob":1},"fields":{},"normalizations":{}},{"classId":"e_7","part":"s1v1","offsets":[{"start":169,"text":"San Diego Housing Commission"}],"coordinates":[{"x":"202.27","y":"187.26"},{"x":"356.22","y":"192.50"}],"confidence":{"state":"pre-added","who":["user:SDTEF"],"prob":1},"fields":{},"normalizations":{}},{"classId":"e_1","part":"s1v1","offsets":[{"start":217,"text":"Think Dignity"}],"coordinates":[{"x":"459.40","y":"187.26"},{"x":"525.82","y":"192.50"}],"confidence":{"state":"pre-added","who":["user:SDTEF"],"prob":1},"fields":{},"normalizations":{}},{"classId":"e_4","part":"s1v1","offsets":[{"start":283,"text":"for a homeless storage check-in center"}],"coordinates":[{"x":"335.98","y":"200.46"},{"x":"526.26","y":"205.70"}],"confidence":{"state":"pre-added","who":["user:SDTEF"],"prob":1},"fields":{},"normalizations":{}},{"classId":"e_8","part":"s1v1","offsets":[{"start":337,"text":"dated July 31, 2018, effective July 1, 2018 through June 30, 2019."}],"coordinates":[{"x":"160.06","y":"213.66"},{"x":"463.96","y":"218.90"}],"confidence":{"state":"pre-added","who":["user:SDTEF"],"prob":1},"fields":{},"normalizations":{}},{"classId":"e_7","part":"s1v1","offsets":[{"start":602,"text":"State of California Homeless Emergency Aid Program"}],"coordinates":[{"x":"215.53","y":"265.39"},{"x":"454.40","y":"270.41"}],"confidence":{"state":"pre-added","who":["user:SDTEF"],"prob":1},"fields":{},"normalizations":{}},{"classId":"e_7","part":"s1v1","offsets":[{"start":654,"text":"HEAP)"}],"coordinates":[{"x":"460.46","y":"265.39"},{"x":"492.84","y":"270.41"}],"confidence":{"state":"pre-added","who":["user:SDTEF"],"prob":1},"fields":{},"normalizations":{}},{"classId":"e_2","part":"s1v1","offsets":[{"start":666,"text":"grant funding in the amount of $14,110,397.95 (“HEAP Grant Agreement”)."}],"coordinates":[{"x":"92.90","y":"278.11"},{"x":"429.96","y":"283.13"}],"confidence":{"state":"pre-added","who":["user:SDTEF"],"prob":1},"fields":{},"normalizations":{}},{"classId":"e_8","part":"s3v1","offsets":[{"start":1799,"text":"Term of First Option. The Commission exercises the First of Four one-year options contained in Section 102 of the Agreement. The term of the one-year option period shall commence effective July 1, 2019 and continue through June 30, 2020."}],"coordinates":[{"x":"122.06","y":"480.69"},{"x":"381.09","y":"513.31"}],"confidence":{"state":"pre-added","who":["user:SDTEF"],"prob":1},"fields":{},"normalizations":{}},{"classId":"e_2","part":"s3v1","offsets":[{"start":2044,"text":"Compensation during First Option Period. The total compensation for all services performed and/or materials and goods supplied pursuant to the Agreement during the First Option period shall not exceed ONE HUNDRED SIXTY THREE THOUSAND ONE HUNDRED TWENTY-FOUR AND NO/100 DOLLARS ($163,124.00). All services performed and/or materials and goods supplied pursuant to the Agreement shall be on the same terms and conditions as set forth in the Agreement"}],"coordinates":[{"x":"122.06","y":"535.65"},{"x":"315.11","y":"608.14"}],"confidence":{"state":"pre-added","who":["user:SDTEF"],"prob":1},"fields":{},"normalizations":{}},{"classId":"e_1","part":"s5v1","offsets":[{"start":200,"text":"THINK DIGNITY"}],"coordinates":[],"confidence":{"state":"pre-added","who":["ml:regex"],"prob":0.5},"fields":{},"normalizations":{}},{"classId":"e_7","part":"s5v1","offsets":[{"start":341,"text":"SAN DIEGO HOUSING COMMISSION"}],"coordinates":[],"confidence":{"state":"pre-added","who":["ml:regex"],"prob":0.5},"fields":{},"normalizations":{}},{"classId":"e_7","part":"s5v1","offsets":[{"start":884,"text":"San Diego Housing Commission"}],"coordinates":[],"confidence":{"state":"pre-added","who":["ml:regex"],"prob":0.5},"fields":{},"normalizations":{}},{"classId":"e_7","part":"s11v1","offsets":[{"start":948,"text":"San Diego Housing Commission"}],"coordinates":[],"confidence":{"state":"pre-added","who":["ml:regex"],"prob":0.5},"fields":{},"normalizations":{}},{"classId":"e_7","part":"s11v1","offsets":[{"start":994,"text":"San Diego Housing Commission"}],"coordinates":[],"confidence":{"state":"pre-added","who":["ml:regex"],"prob":0.5},"fields":{},"normalizations":{}},{"classId":"e_7","part":"s11v1","offsets":[{"start":2677,"text":"San Diego Housing Commission"}],"coordinates":[],"confidence":{"state":"pre-added","who":["ml:regex"],"prob":0.5},"fields":{},"normalizations":{}},{"classId":"e_7","part":"s11v1","offsets":[{"start":2717,"text":"San Diego Housing Commission"}],"coordinates":[],"confidence":{"state":"pre-added","who":["ml:regex"],"prob":0.5},"fields":{},"normalizations":{}}],"relations":[]}