{"annotatable":{"parts":["s1v1","s2v1","s3v1","s4v1","s5v1","s6v1","s7v1","s8v1","s9v1","s10v1","s11v1","s12v1","s13v1","s14v1","s15v1","s16v1","s17v1","s18v1","s19v1","s20v1","s21v1","s22v1","s23v1","s24v1","s25v1","s26v1","s27v1","s28v1","s29v1","s30v1","s31v1","s32v1","s33v1","s34v1","s35v1","s36v1","s37v1","s38v1","s39v1","s40v1","s41v1","s42v1","s43v1","s44v1","s45v1","s46v1","s47v1","s48v1","s49v1","s50v1","s51v1","s52v1","s53v1","s54v1","s55v1","s56v1","s57v1","s58v1","s59v1","s60v1","s61v1","s62v1"]},"anncomplete":true,"sources":[],"metas":{"m_24":{"value":"$5,620","confidence":{"state":"pre-added","who":["user:SDTEF"],"prob":1}},"m_22":{"value":"at risk of homelessness","confidence":{"state":"pre-added","who":["user:SDTEF"],"prob":1}},"m_23":{"value":"city and CDBG funds","confidence":{"state":"pre-added","who":["user:SDTEF"],"prob":1}}},"entities":[{"classId":"e_19","part":"s1v1","offsets":[{"start":0,"text":"GRANTAGREEMENTBETWEEN THE CITY OF SANTEE AND CRISIS HOUSE FOR USE OF COMMUNITY DEVELOPMENT BLOCK GRANT FUNDS FISCAL YEAR 2019-2020"}],"coordinates":[{"x":"203.04","y":"95.64"},{"x":"368.42","y":"175.67"}],"confidence":{"state":"pre-added","who":["user:SDTEF"],"prob":1},"fields":{},"normalizations":{}},{"classId":"e_7","part":"s1v1","offsets":[{"start":26,"text":"CITY OF SANTEE"}],"coordinates":[{"x":"261.61","y":"110.52"},{"x":"361.23","y":"117.60"}],"confidence":{"state":"pre-added","who":["user:SDTEF"],"prob":1},"fields":{},"normalizations":{}},{"classId":"e_1","part":"s1v1","offsets":[{"start":45,"text":"CRISIS HOUSE"}],"coordinates":[{"x":"254.40","y":"139.32"},{"x":"341.37","y":"146.40"}],"confidence":{"state":"pre-added","who":["user:SDTEF"],"prob":1},"fields":{},"normalizations":{}},{"classId":"e_7","part":"s1v1","offsets":[{"start":69,"text":"COMMUNITY DEVELOPMENT BLOCK GRANT FUNDS"}],"coordinates":[{"x":"180.96","y":"154.20"},{"x":"492.19","y":"161.28"}],"confidence":{"state":"pre-added","who":["user:SDTEF"],"prob":1},"fields":{},"normalizations":{}},{"classId":"e_8","part":"s1v1","offsets":[{"start":109,"text":"FISCAL YEAR 2019-2020"}],"coordinates":[{"x":"227.04","y":"168.59"},{"x":"368.42","y":"175.67"}],"confidence":{"state":"pre-added","who":["user:SDTEF"],"prob":1},"fields":{},"normalizations":{}},{"classId":"e_7","part":"s1v1","offsets":[{"start":269,"text":"CITY OF SANTEE"}],"coordinates":[],"confidence":{"state":"pre-added","who":["ml:regex"],"prob":0.5},"fields":{},"normalizations":{}},{"classId":"e_1","part":"s1v1","offsets":[{"start":325,"text":"Crisis House"}],"coordinates":[],"confidence":{"state":"pre-added","who":["ml:regex"],"prob":0.5},"fields":{},"normalizations":{}},{"classId":"e_2","part":"s2v1","offsets":[{"start":408,"text":"Program Delivery The City has allocated CDBG funds to the Subrecipient in the maximum aggregate amount of Five Thousand Six Hundred Twenty ($5,620) (\"Grant Funds\") to be used for eligible program costs"}],"coordinates":[{"x":"138.73","y":"257.34"},{"x":"513.27","y":"307.67"}],"confidence":{"state":"pre-added","who":["user:SDTEF"],"prob":1},"fields":{},"normalizations":{}},{"classId":"e_4","part":"s2v1","offsets":[{"start":610,"text":"associated with administering a homeless prevention project as further outlined in the Subrecipient Application (collectively referred to herein as, the \"Services\"), and as detailed in Attachment 1 (the \"Scope of Work\")"}],"coordinates":[{"x":"138.24","y":"315.03"},{"x":"230.29","y":"365.27"}],"confidence":{"state":"pre-added","who":["user:SDTEF"],"prob":1},"fields":{},"normalizations":{}},{"classId":"e_5","part":"s2v1","offsets":[{"start":930,"text":"The administrative offices of the Subrecipient are located at 1034 N. Magnolia Avenue, El Cajon, CA 92020."}],"coordinates":[{"x":"137.29","y":"450.87"},{"x":"376.68","y":"472.32"}],"confidence":{"state":"pre-added","who":["user:SDTEF"],"prob":1},"fields":{},"normalizations":{}},{"classId":"e_1","part":"s2v1","offsets":[{"start":1727,"text":"Crisis House"}],"coordinates":[],"confidence":{"state":"pre-added","who":["ml:regex"],"prob":0.5},"fields":{},"normalizations":{}},{"classId":"e_8","part":"s3v1","offsets":[{"start":1378,"text":"PERIOD OF PERFORMANCE / TERM OF AGREEMENT\n\nThe Subrecipient shall commence the Services on the 1st day of July 2019, and shall complete all Services to be reimbursed under this Agreement on or before the 30th day of June 2020 (the \"Period of Performance\"). This Agreement shall expire on the date the City remits the last reimbursement payment to the Subrecipient pursuant to this Agreement or on June 30, 2020, whichever is later (the \"Expiration Date\"); provided that the Subrecipient's obligation to comply with the provisions of the Act shall remain in effect as long as the Subrecipient shall retain any Program Income (as defined in Paragraph 4, below) or as long as any other obligation of the Subrecipient under the Act remains unfulfilled, at the discretion of HUDor the City."}],"coordinates":[{"x":"132.96","y":"488.40"},{"x":"223.13","y":"681.12"}],"confidence":{"state":"pre-added","who":["user:SDTEF"],"prob":1},"fields":{},"normalizations":{}},{"classId":"e_1","part":"s3v1","offsets":[{"start":2202,"text":"Crisis House"}],"coordinates":[],"confidence":{"state":"pre-added","who":["ml:regex"],"prob":0.5},"fields":{},"normalizations":{}},{"classId":"e_1","part":"s4v1","offsets":[{"start":2160,"text":"Crisis House"}],"coordinates":[],"confidence":{"state":"pre-added","who":["ml:regex"],"prob":0.5},"fields":{},"normalizations":{}},{"classId":"e_7","part":"s5v1","offsets":[{"start":1184,"text":"City of Santee"}],"coordinates":[],"confidence":{"state":"pre-added","who":["ml:regex"],"prob":0.5},"fields":{},"normalizations":{}},{"classId":"e_1","part":"s5v1","offsets":[{"start":1316,"text":"Crisis House"}],"coordinates":[],"confidence":{"state":"pre-added","who":["ml:regex"],"prob":0.5},"fields":{},"normalizations":{}},{"classId":"e_1","part":"s5v1","offsets":[{"start":1329,"text":"Mary Case, Executive Director 1034 N. Magnolia Avenue El Cajon, CA 92020 (619) 444-1194"}],"coordinates":[{"x":"167.52","y":"572.85"},{"x":"250.33","y":"623.04"}],"confidence":{"state":"pre-added","who":["user:SDTEF"],"prob":1},"fields":{},"normalizations":{}},{"classId":"e_1","part":"s5v1","offsets":[{"start":1489,"text":"Crisis House"}],"coordinates":[],"confidence":{"state":"pre-added","who":["ml:regex"],"prob":0.5},"fields":{},"normalizations":{}},{"classId":"e_1","part":"s6v1","offsets":[{"start":1975,"text":"Crisis House"}],"coordinates":[],"confidence":{"state":"pre-added","who":["ml:regex"],"prob":0.5},"fields":{},"normalizations":{}},{"classId":"e_1","part":"s7v1","offsets":[{"start":2144,"text":"Crisis House"}],"coordinates":[],"confidence":{"state":"pre-added","who":["ml:regex"],"prob":0.5},"fields":{},"normalizations":{}},{"classId":"e_1","part":"s8v1","offsets":[{"start":2039,"text":"Crisis House"}],"coordinates":[],"confidence":{"state":"pre-added","who":["ml:regex"],"prob":0.5},"fields":{},"normalizations":{}},{"classId":"e_1","part":"s9v1","offsets":[{"start":2205,"text":"Crisis House"}],"coordinates":[],"confidence":{"state":"pre-added","who":["ml:regex"],"prob":0.5},"fields":{},"normalizations":{}},{"classId":"e_1","part":"s10v1","offsets":[{"start":2243,"text":"Crisis House"}],"coordinates":[],"confidence":{"state":"pre-added","who":["ml:regex"],"prob":0.5},"fields":{},"normalizations":{}},{"classId":"e_1","part":"s11v1","offsets":[{"start":2274,"text":"Crisis House"}],"coordinates":[],"confidence":{"state":"pre-added","who":["ml:regex"],"prob":0.5},"fields":{},"normalizations":{}},{"classId":"e_1","part":"s12v1","offsets":[{"start":1999,"text":"Crisis House"}],"coordinates":[],"confidence":{"state":"pre-added","who":["ml:regex"],"prob":0.5},"fields":{},"normalizations":{}},{"classId":"e_1","part":"s13v1","offsets":[{"start":2087,"text":"Crisis House"}],"coordinates":[],"confidence":{"state":"pre-added","who":["ml:regex"],"prob":0.5},"fields":{},"normalizations":{}},{"classId":"e_7","part":"s14v1","offsets":[{"start":1103,"text":"City of Santee"}],"coordinates":[],"confidence":{"state":"pre-added","who":["ml:regex"],"prob":0.5},"fields":{},"normalizations":{}},{"classId":"e_1","part":"s14v1","offsets":[{"start":1387,"text":"Crisis House"}],"coordinates":[],"confidence":{"state":"pre-added","who":["ml:regex"],"prob":0.5},"fields":{},"normalizations":{}},{"classId":"e_1","part":"s15v1","offsets":[{"start":1840,"text":"Crisis House"}],"coordinates":[],"confidence":{"state":"pre-added","who":["ml:regex"],"prob":0.5},"fields":{},"normalizations":{}},{"classId":"e_1","part":"s16v1","offsets":[{"start":1414,"text":"Crisis House"}],"coordinates":[],"confidence":{"state":"pre-added","who":["ml:regex"],"prob":0.5},"fields":{},"normalizations":{}},{"classId":"e_1","part":"s17v1","offsets":[{"start":1669,"text":"Crisis House"}],"coordinates":[],"confidence":{"state":"pre-added","who":["ml:regex"],"prob":0.5},"fields":{},"normalizations":{}},{"classId":"e_1","part":"s18v1","offsets":[{"start":1828,"text":"Crisis House"}],"coordinates":[],"confidence":{"state":"pre-added","who":["ml:regex"],"prob":0.5},"fields":{},"normalizations":{}},{"classId":"e_7","part":"s19v1","offsets":[{"start":824,"text":"CITY OF SANTEE"}],"coordinates":[],"confidence":{"state":"pre-added","who":["ml:regex"],"prob":0.5},"fields":{},"normalizations":{}},{"classId":"e_1","part":"s19v1","offsets":[{"start":923,"text":"Crisis House"}],"coordinates":[],"confidence":{"state":"pre-added","who":["ml:regex"],"prob":0.5},"fields":{},"normalizations":{}},{"classId":"e_8","part":"s21v1","offsets":[{"start":0,"text":"CONTRACT TERM:"}],"coordinates":[{"x":"96.96","y":"166.06"},{"x":"189.51","y":"171.84"}],"confidence":{"state":"pre-added","who":["user:SDTEF"],"prob":1},"fields":{},"normalizations":{}},{"classId":"e_1","part":"s21v1","offsets":[{"start":16,"text":"ADDRESS OF AGENCY:\n\nCONTACT PERSON:\n\nPHONE:\n\nFAX:\n\nATTACHMENT A\n\nSCOPE OF WORK\n\nJuly 1, 2019 through June 30, 2020\n\nCrisis House 1034 N. Magnolia Avenue El Cajon, CA 92020\n\nMary Case\n\n(619) 444-1194\n\n(619) 444-1422"}],"coordinates":[{"x":"96.48","y":"187.65"},{"x":"307.70","y":"287.52"}],"confidence":{"state":"pre-added","who":["user:SDTEF"],"prob":1},"fields":{},"normalizations":{}},{"classId":"e_8","part":"s21v1","offsets":[{"start":96,"text":"July 1, 2019 through June 30, 2020"}],"coordinates":[{"x":"238.09","y":"167.50"},{"x":"399.53","y":"173.28"}],"confidence":{"state":"pre-added","who":["user:SDTEF"],"prob":1},"fields":{},"normalizations":{}},{"classId":"e_6","part":"s21v1","offsets":[{"start":232,"text":"PROJECT GOALS, OBJECTIVES AND PERFORMANCE MEASURES:\n\nSubrecipient agrees to provide the following services to City:\n\n1. Provide client services to meet the strategy of homelessness prevention or intervention through a case management process designed to assist needy people to avoid becoming homeless, or to assist those clients who are working toward becoming self-sufficient to return to mainstream society\n\n2. Report quarterly performance and demographic data via submittal of a Quarterly Report, Attachment \"B\", to the CDBG Program Administrator, said Quarterly Report due by the 10th day of the following month. The CDBG Program Administrator may approve an alternative schedule for the submission of performance and demographic data as warranted by the nature of the activity performed.\n\n3. Provide a Final Evaluation Report of program's success meeting established goals.\n\n4. Provide notification to Grantee of any audits or investigations including results, findings, and/or liens."}],"coordinates":[{"x":"97.92","y":"315.82"},{"x":"230.22","y":"558.71"}],"confidence":{"state":"pre-added","who":["user:SDTEF"],"prob":1},"fields":{},"normalizations":{}},{"classId":"e_4","part":"s21v1","offsets":[{"start":352,"text":"Provide client services to meet the strategy of homelessness prevention or intervention through a case management process designed to assist needy people to avoid becoming homeless, or to assist those clients who are working toward becoming self-sufficient to return to mainstream society"}],"coordinates":[{"x":"132.00","y":"365.26"},{"x":"385.85","y":"407.52"}],"confidence":{"state":"pre-added","who":["user:SDTEF"],"prob":1},"fields":{},"normalizations":{}},{"classId":"e_1","part":"s21v1","offsets":[{"start":1260,"text":"Crisis House"}],"coordinates":[],"confidence":{"state":"pre-added","who":["ml:regex"],"prob":0.5},"fields":{},"normalizations":{}}],"relations":[]}