{"annotatable":{"parts":["s1v1","s2v1","s3v1"]},"anncomplete":true,"sources":[{"name":"ORIG","id":"Elderhelp_of_San_Diego___3rd_Amendment.pdf","url":""}],"metas":{"m_23":{"value":"city ","confidence":{"state":"pre-added","who":["user:SDTEF"],"prob":1}},"m_22":{"value":"HomeShare and Community Connections Program","confidence":{"state":"pre-added","who":["user:SDTEF"],"prob":1}}},"entities":[{"classId":"e_19","part":"s1v1","offsets":[{"start":0,"text":"THIRD AMENDMENT TO STANDARD AGREEMENT FOR SERVICES"}],"coordinates":[{"x":"204.00","y":"83.42"},{"x":"385.01","y":"102.96"}],"confidence":{"state":"pre-added","who":["user:SDTEF"],"prob":1},"fields":{},"normalizations":{}},{"classId":"e_7","part":"s1v1","offsets":[{"start":167,"text":"CITY OF POWAY"}],"coordinates":[{"x":"240.00","y":"135.52"},{"x":"327.96","y":"141.60"}],"confidence":{"state":"pre-added","who":["user:SDTEF"],"prob":1},"fields":{},"normalizations":{}},{"classId":"e_1","part":"s1v1","offsets":[{"start":224,"text":"ELDERHELP OF SAN DIEGO,"}],"coordinates":[],"confidence":{"state":"","who":["ml:nalaf"],"prob":0.7594554826106588},"fields":{},"normalizations":{}},{"classId":"e_8","part":"s1v1","offsets":[{"start":289,"text":"."}],"coordinates":[],"confidence":{"state":"pre-removed","who":["ml:nalaf","ml:regex"],"prob":0.5},"fields":{},"normalizations":{}},{"classId":"e_2","part":"s1v1","offsets":[{"start":292,"text":"RECITALS\n\n1."}],"coordinates":[],"confidence":{"state":"","who":["ml:nalaf"],"prob":0.4432705547605203},"fields":{},"normalizations":{}},{"classId":"e_6","part":"s1v1","offsets":[{"start":292,"text":"RECITALS\n\n1."}],"coordinates":[],"confidence":{"state":"","who":["ml:nalaf"],"prob":0.5748539788323751},"fields":{},"normalizations":{}},{"classId":"e_8","part":"s1v1","offsets":[{"start":303,"text":"."}],"coordinates":[],"confidence":{"state":"pre-removed","who":["ml:nalaf","ml:regex"],"prob":0.5},"fields":{},"normalizations":{}},{"classId":"e_5","part":"s1v1","offsets":[{"start":305,"text":"CITY"}],"coordinates":[],"confidence":{"state":"pre-removed","who":["ml:nalaf","ml:regex"],"prob":0.5},"fields":{},"normalizations":{}},{"classId":"e_4","part":"s1v1","offsets":[{"start":535,"text":"Poway's HomeShare and Community Connections Program (Project)"}],"coordinates":[],"confidence":{"state":"","who":["ml:nalaf"],"prob":0.6126932841678132},"fields":{},"normalizations":{}},{"classId":"e_2","part":"s1v1","offsets":[{"start":541,"text":"s HomeShare and Community Connections Program (Project) to CITY."}],"coordinates":[],"confidence":{"state":"","who":["ml:nalaf"],"prob":0.5588452628296495},"fields":{},"normalizations":{}},{"classId":"e_8","part":"s1v1","offsets":[{"start":541,"text":"s"}],"coordinates":[],"confidence":{"state":"","who":["ml:nalaf"],"prob":0.9369070962779875},"fields":{},"normalizations":{}},{"classId":"e_8","part":"s1v1","offsets":[{"start":604,"text":"."}],"coordinates":[],"confidence":{"state":"pre-removed","who":["ml:nalaf","ml:regex"],"prob":0.5},"fields":{},"normalizations":{}},{"classId":"e_4","part":"s1v1","offsets":[{"start":607,"text":"2."}],"coordinates":[],"confidence":{"state":"","who":["ml:nalaf"],"prob":0.8275822363155643},"fields":{},"normalizations":{}},{"classId":"e_6","part":"s1v1","offsets":[{"start":607,"text":"2."}],"coordinates":[],"confidence":{"state":"","who":["ml:nalaf"],"prob":0.7864153821157303},"fields":{},"normalizations":{}},{"classId":"e_8","part":"s1v1","offsets":[{"start":608,"text":"."}],"coordinates":[],"confidence":{"state":"pre-removed","who":["ml:nalaf","ml:regex"],"prob":0.5},"fields":{},"normalizations":{}},{"classId":"e_7","part":"s1v1","offsets":[{"start":608,"text":"."}],"coordinates":[{"x":"120.17","y":"268.24"},{"x":"122.89","y":"274.32"}],"confidence":{"state":"pre-added","who":["user:SDTEF"],"prob":1},"fields":{},"normalizations":{}},{"classId":"e_6","part":"s1v1","offsets":[{"start":610,"text":"The AGREEMENT has a term of one (1) year, and further provides, inter alia, that the AGREEMENT may be extended for two (2) additional one-year terms upon approval of the CITY's City Manager."}],"coordinates":[],"confidence":{"state":"","who":["ml:nalaf"],"prob":0.9805445764248586},"fields":{},"normalizations":{}},{"classId":"e_8","part":"s1v1","offsets":[{"start":610,"text":"The AGREEMENT has a term of one (1) year, and further provides, inter alia, that the AGREEMENT may be extended for two (2) additional one-year terms upon approval of the CITY's"}],"coordinates":[],"confidence":{"state":"","who":["ml:nalaf"],"prob":0.9529245716285152},"fields":{},"normalizations":{}},{"classId":"e_8","part":"s1v1","offsets":[{"start":799,"text":"."}],"coordinates":[],"confidence":{"state":"pre-removed","who":["ml:nalaf","ml:regex"],"prob":0.5},"fields":{},"normalizations":{}},{"classId":"e_4","part":"s1v1","offsets":[{"start":802,"text":"3."}],"coordinates":[],"confidence":{"state":"","who":["ml:nalaf"],"prob":0.8489239224511049},"fields":{},"normalizations":{}},{"classId":"e_6","part":"s1v1","offsets":[{"start":802,"text":"3."}],"coordinates":[],"confidence":{"state":"","who":["ml:nalaf"],"prob":0.7587960455176697},"fields":{},"normalizations":{}},{"classId":"e_8","part":"s1v1","offsets":[{"start":803,"text":"."}],"coordinates":[],"confidence":{"state":"pre-removed","who":["ml:nalaf","ml:regex"],"prob":0.5},"fields":{},"normalizations":{}},{"classId":"e_5","part":"s1v1","offsets":[{"start":805,"text":"CITY"}],"coordinates":[],"confidence":{"state":"pre-removed","who":["ml:nalaf","ml:regex"],"prob":0.5},"fields":{},"normalizations":{}},{"classId":"e_6","part":"s1v1","offsets":[{"start":805,"text":"CITY and CONSULT ANT now agree to extend the term of the AGREEMENT for a one-year term, beginning July 1, 2020, and terminating June 30, 2021."}],"coordinates":[],"confidence":{"state":"","who":["ml:nalaf"],"prob":0.9249134419065403},"fields":{},"normalizations":{}},{"classId":"e_8","part":"s1v1","offsets":[{"start":805,"text":"CITY and CONSULT ANT now agree to extend the term of the AGREEMENT for a one-year term, beginning July 1, 2020, and terminating June 30, 2021."}],"coordinates":[],"confidence":{"state":"","who":["ml:nalaf"],"prob":0.9226164083408797},"fields":{},"normalizations":{}},{"classId":"e_4","part":"s1v1","offsets":[{"start":949,"text":"4."}],"coordinates":[],"confidence":{"state":"","who":["ml:nalaf"],"prob":0.8023291370327736},"fields":{},"normalizations":{}},{"classId":"e_5","part":"s1v1","offsets":[{"start":949,"text":"4."}],"coordinates":[],"confidence":{"state":"","who":["ml:nalaf"],"prob":0.9628303055768863},"fields":{},"normalizations":{}},{"classId":"e_6","part":"s1v1","offsets":[{"start":949,"text":"4."}],"coordinates":[],"confidence":{"state":"","who":["ml:nalaf"],"prob":0.8646925010312092},"fields":{},"normalizations":{}},{"classId":"e_6","part":"s1v1","offsets":[{"start":1140,"text":"."}],"coordinates":[],"confidence":{"state":"","who":["ml:nalaf"],"prob":0.4820383724969864},"fields":{},"normalizations":{}},{"classId":"e_8","part":"s1v1","offsets":[{"start":1140,"text":"."}],"coordinates":[],"confidence":{"state":"pre-removed","who":["ml:nalaf","ml:regex"],"prob":0.5},"fields":{},"normalizations":{}},{"classId":"e_5","part":"s1v1","offsets":[{"start":1142,"text":"Section"}],"coordinates":[],"confidence":{"state":"pre-removed","who":["ml:nalaf","ml:regex"],"prob":0.5},"fields":{},"normalizations":{}},{"classId":"e_7","part":"s1v1","offsets":[{"start":1238,"text":"."}],"coordinates":[],"confidence":{"state":"pre-added","who":["ml:regex"],"prob":0.5},"fields":{},"normalizations":{}},{"classId":"e_6","part":"s1v1","offsets":[{"start":1257,"text":"."}],"coordinates":[],"confidence":{"state":"","who":["ml:nalaf"],"prob":0.4390927950110063},"fields":{},"normalizations":{}},{"classId":"e_8","part":"s1v1","offsets":[{"start":1257,"text":"."}],"coordinates":[],"confidence":{"state":"pre-removed","who":["ml:nalaf","ml:regex"],"prob":0.5},"fields":{},"normalizations":{}},{"classId":"e_5","part":"s1v1","offsets":[{"start":1260,"text":"This"}],"coordinates":[],"confidence":{"state":"pre-removed","who":["ml:nalaf","ml:regex"],"prob":0.5},"fields":{},"normalizations":{}},{"classId":"e_8","part":"s1v1","offsets":[{"start":1260,"text":"This Agreement shall be effective from the period commencing July 1, 2018 and ending June 30, 2021"}],"coordinates":[],"confidence":{"state":"","who":["ml:nalaf"],"prob":0.7861039582489632},"fields":{},"normalizations":{}},{"classId":"e_7","part":"s1v1","offsets":[{"start":1460,"text":"."}],"coordinates":[],"confidence":{"state":"pre-added","who":["ml:regex"],"prob":0.5},"fields":{},"normalizations":{}},{"classId":"e_2","part":"s1v1","offsets":[{"start":1464,"text":"Upon expiration or termination of this Agreement, Consultant shall return to City any and all equipment, documents or materials and all copies made thereof, which Consultant received from City or produced for City for the purposes of this Agreement."}],"coordinates":[],"confidence":{"state":"","who":["ml:nalaf"],"prob":0.980696387926934},"fields":{},"normalizations":{}},{"classId":"e_5","part":"s1v1","offsets":[{"start":1464,"text":"Upon"}],"coordinates":[],"confidence":{"state":"","who":["ml:nalaf"],"prob":0.9943986532731035},"fields":{},"normalizations":{}},{"classId":"e_6","part":"s1v1","offsets":[{"start":1464,"text":"Upon expiration or termination of this Agreement, Consultant shall return to City any and all equipment, documents or materials and all copies made thereof, which Consultant received from City or produced for City for the purposes of this Agreement."}],"coordinates":[],"confidence":{"state":"","who":["ml:nalaf"],"prob":0.9019513598593233},"fields":{},"normalizations":{}},{"classId":"e_8","part":"s1v1","offsets":[{"start":1464,"text":"Upon expiration or termination of this Agreement, Consultant shall return to City any and all equipment, documents or materials and all copies made thereof, which Consultant received from City or produced for City for the purposes of this Agreement."}],"coordinates":[],"confidence":{"state":"","who":["ml:nalaf"],"prob":0.9092846353733632},"fields":{},"normalizations":{}},{"classId":"e_7","part":"s1v1","offsets":[{"start":1724,"text":"."}],"coordinates":[],"confidence":{"state":"pre-added","who":["ml:regex"],"prob":0.5},"fields":{},"normalizations":{}},{"classId":"e_8","part":"s1v1","offsets":[{"start":1864,"text":"."}],"coordinates":[],"confidence":{"state":"pre-removed","who":["ml:nalaf","ml:regex"],"prob":0.5},"fields":{},"normalizations":{}},{"classId":"e_8","part":"s2v1","offsets":[{"start":122,"text":"."}],"coordinates":[],"confidence":{"state":"pre-removed","who":["ml:nalaf","ml:regex"],"prob":0.5},"fields":{},"normalizations":{}},{"classId":"e_7","part":"s2v1","offsets":[{"start":125,"text":"CITY OF POWAY"}],"coordinates":[],"confidence":{"state":"pre-added","who":["ml:regex"],"prob":0.5},"fields":{},"normalizations":{}},{"classId":"e_1","part":"s2v1","offsets":[{"start":141,"text":"ELDERHELP OF SAN DIEGO"}],"coordinates":[],"confidence":{"state":"","who":["ml:nalaf"],"prob":0.9419250697195976},"fields":{},"normalizations":{}},{"classId":"e_4","part":"s2v1","offsets":[{"start":268,"text":"2"}],"coordinates":[],"confidence":{"state":"","who":["ml:nalaf"],"prob":0.48582414183302336},"fields":{},"normalizations":{}},{"classId":"e_5","part":"s3v1","offsets":[{"start":0,"text":"IN"}],"coordinates":[],"confidence":{"state":"pre-removed","who":["ml:nalaf","ml:regex"],"prob":0.5},"fields":{},"normalizations":{}},{"classId":"e_8","part":"s3v1","offsets":[{"start":122,"text":"."}],"coordinates":[],"confidence":{"state":"pre-removed","who":["ml:nalaf","ml:regex"],"prob":0.5},"fields":{},"normalizations":{}},{"classId":"e_5","part":"s3v1","offsets":[{"start":125,"text":"CITY"}],"coordinates":[],"confidence":{"state":"pre-removed","who":["ml:nalaf","ml:regex"],"prob":0.5},"fields":{},"normalizations":{}},{"classId":"e_7","part":"s3v1","offsets":[{"start":125,"text":"CITY OF POWAY"}],"coordinates":[],"confidence":{"state":"pre-removed","who":["ml:nalaf","ml:regex"],"prob":0.5},"fields":{},"normalizations":{}},{"classId":"e_1","part":"s3v1","offsets":[{"start":141,"text":"ELDERHELP OF SAN DIEGO"}],"coordinates":[],"confidence":{"state":"","who":["ml:nalaf"],"prob":0.9420033245042975},"fields":{},"normalizations":{}},{"classId":"e_4","part":"s3v1","offsets":[{"start":390,"text":"2"}],"coordinates":[],"confidence":{"state":"","who":["ml:nalaf"],"prob":0.48567792772230717},"fields":{},"normalizations":{}}],"relations":[]}