{"annotatable":{"parts":["s1v1","s2v1","s3v1","s4v1","s5v1","s6v1","s7v1","s8v1","s9v1","s10v1","s11v1"]},"anncomplete":true,"sources":[],"metas":{"m_23":{"value":"city","confidence":{"state":"pre-added","who":["user:SDTEF"],"prob":1}},"m_22":{"value":"outreach and case management","confidence":{"state":"pre-added","who":["user:SDTEF"],"prob":1}},"m_24":{"value":"$312,422","confidence":{"state":"pre-added","who":["user:SDTEF"],"prob":1}}},"entities":[{"classId":"e_6","part":"s1v1","offsets":[{"start":50,"text":"1"}],"coordinates":[],"confidence":{"state":"pre-added","who":["ml:regex"],"prob":0.5},"fields":{},"normalizations":{}},{"classId":"e_19","part":"s1v1","offsets":[{"start":53,"text":"AGREEMENT FOR HOMELESS OUTREACH AND CASE MANAGEMENT SERVICES BETWEEN CITY OF CARLSBAD AND INTERFAITH COMMUNITY SERVICES, INC."}],"coordinates":[{"x":"84.54","y":"75.83"},{"x":"407.38","y":"104.40"}],"confidence":{"state":"pre-added","who":["user:SDTEF"],"prob":1},"fields":{},"normalizations":{}},{"classId":"e_4","part":"s1v1","offsets":[{"start":67,"text":"HOMELESS OUTREACH AND CASE MANAGEMENT SERVICES"}],"coordinates":[{"x":"175.14","y":"75.83"},{"x":"474.63","y":"81.42"}],"confidence":{"state":"pre-added","who":["user:SDTEF"],"prob":1},"fields":{},"normalizations":{}},{"classId":"e_7","part":"s1v1","offsets":[{"start":122,"text":"CITY OF CARLSBAD"}],"coordinates":[{"x":"244.62","y":"87.29"},{"x":"342.87","y":"92.88"}],"confidence":{"state":"pre-added","who":["user:SDTEF"],"prob":1},"fields":{},"normalizations":{}},{"classId":"e_1","part":"s1v1","offsets":[{"start":143,"text":"INTERFAITH COMMUNITY SERVICES, INC."}],"coordinates":[{"x":"204.60","y":"98.81"},{"x":"407.38","y":"104.40"}],"confidence":{"state":"pre-added","who":["user:SDTEF"],"prob":1},"fields":{},"normalizations":{}},{"classId":"e_7","part":"s1v1","offsets":[{"start":272,"text":"CITY OF CARLSBAD"}],"coordinates":[],"confidence":{"state":"pre-added","who":["ml:regex"],"prob":0.5},"fields":{},"normalizations":{}},{"classId":"e_1","part":"s1v1","offsets":[{"start":329,"text":"INTERFAITH COMMUNITY SERVICES, INC."}],"coordinates":[],"confidence":{"state":"pre-added","who":["ml:regex"],"prob":0.5},"fields":{},"normalizations":{}},{"classId":"e_4","part":"s1v1","offsets":[{"start":422,"text":"City requires the professional services of an organization that is experienced in providing outreach and case management services to homeless residents or those residents at-risk of becoming homeless within the City of Carlsbad. It is preferred that such organization has experience working with the Carlsbad Police Department’s Homeless Outreach Team (HOT)"}],"coordinates":[{"x":"126.13","y":"212.03"},{"x":"356.59","y":"268.73"}],"confidence":{"state":"pre-added","who":["user:SDTEF"],"prob":1},"fields":{},"normalizations":{}},{"classId":"e_7","part":"s1v1","offsets":[{"start":633,"text":"City of Carlsbad"}],"coordinates":[],"confidence":{"state":"pre-added","who":["ml:regex"],"prob":0.5},"fields":{},"normalizations":{}},{"classId":"e_4","part":"s1v1","offsets":[{"start":784,"text":"Contractor has the necessary experience in providing professional services and advice related to all of the areas set forth in recital A. C. Contractor has submitted a proposal to City and has affirmed its willingness and ability to perform such work"}],"coordinates":[{"x":"126.14","y":"275.26"},{"x":"228.84","y":"319.31"}],"confidence":{"state":"pre-added","who":["user:SDTEF"],"prob":1},"fields":{},"normalizations":{}},{"classId":"e_6","part":"s1v1","offsets":[{"start":1170,"text":"1"}],"coordinates":[],"confidence":{"state":"pre-added","who":["ml:regex"],"prob":0.5},"fields":{},"normalizations":{}},{"classId":"e_6","part":"s1v1","offsets":[{"start":1991,"text":"1"}],"coordinates":[],"confidence":{"state":"pre-added","who":["ml:regex"],"prob":0.5},"fields":{},"normalizations":{}},{"classId":"e_2","part":"s1v1","offsets":[{"start":2495,"text":"COMPENSATION A. The total fee payable for the Services to be performed (Exhibit “A”) during the initial Agreement term will be three-hundred twelve-thousand four-hundred twenty-two dollars ($312,422). Incremental payments, if applicable, should be made as outlined in Exhibit \"A.\" Contractor’s budget for expenditure of these funds is set forth in Exhibit “B."}],"coordinates":[{"x":"107.99","y":"668.51"},{"x":"372.75","y":"727.26"}],"confidence":{"state":"pre-added","who":["user:SDTEF"],"prob":1},"fields":{},"normalizations":{}},{"classId":"e_2","part":"s2v1","offsets":[{"start":53,"text":"B. No other compensation for the Services will be allowed except for items covered by subsequent amendments to this Agreement.  C. If the City elects to extend the Agreement, the amount shall not exceed three hundred fifteen thousand dollars ($315,000) per Agreement year.   D. The City reserves the right to withhold a ten percent (10%) retention until City has accepted the work and/or Services specified in Exhibit \"A.\""}],"coordinates":[{"x":"72.00","y":"76.19"},{"x":"308.45","y":"145.56"}],"confidence":{"state":"pre-added","who":["user:SDTEF"],"prob":1},"fields":{},"normalizations":{}},{"classId":"e_6","part":"s3v1","offsets":[{"start":933,"text":"1"}],"coordinates":[],"confidence":{"state":"pre-added","who":["ml:regex"],"prob":0.5},"fields":{},"normalizations":{}},{"classId":"e_6","part":"s3v1","offsets":[{"start":1769,"text":"1"}],"coordinates":[],"confidence":{"state":"pre-added","who":["ml:regex"],"prob":0.5},"fields":{},"normalizations":{}},{"classId":"e_6","part":"s3v1","offsets":[{"start":1771,"text":"1"}],"coordinates":[],"confidence":{"state":"pre-added","who":["ml:regex"],"prob":0.5},"fields":{},"normalizations":{}},{"classId":"e_6","part":"s3v1","offsets":[{"start":2158,"text":"1"}],"coordinates":[],"confidence":{"state":"pre-added","who":["ml:regex"],"prob":0.5},"fields":{},"normalizations":{}},{"classId":"e_6","part":"s3v1","offsets":[{"start":2348,"text":"1"}],"coordinates":[],"confidence":{"state":"pre-added","who":["ml:regex"],"prob":0.5},"fields":{},"normalizations":{}},{"classId":"e_6","part":"s3v1","offsets":[{"start":2616,"text":"1"}],"coordinates":[],"confidence":{"state":"pre-added","who":["ml:regex"],"prob":0.5},"fields":{},"normalizations":{}},{"classId":"e_6","part":"s3v1","offsets":[{"start":2744,"text":"1"}],"coordinates":[],"confidence":{"state":"pre-added","who":["ml:regex"],"prob":0.5},"fields":{},"normalizations":{}},{"classId":"e_6","part":"s3v1","offsets":[{"start":3050,"text":"1"}],"coordinates":[],"confidence":{"state":"pre-added","who":["ml:regex"],"prob":0.5},"fields":{},"normalizations":{}},{"classId":"e_7","part":"s4v1","offsets":[{"start":995,"text":"City of Carlsbad"}],"coordinates":[],"confidence":{"state":"pre-added","who":["ml:regex"],"prob":0.5},"fields":{},"normalizations":{}},{"classId":"e_6","part":"s4v1","offsets":[{"start":2070,"text":"1"}],"coordinates":[],"confidence":{"state":"pre-added","who":["ml:regex"],"prob":0.5},"fields":{},"normalizations":{}},{"classId":"e_1","part":"s4v1","offsets":[{"start":2541,"text":"Greg Angela"}],"coordinates":[{"x":"357.29","y":"602.27"},{"x":"418.96","y":"608.40"}],"confidence":{"state":"pre-added","who":["user:SDTEF"],"prob":1},"fields":{},"normalizations":{}},{"classId":"e_1","part":"s4v1","offsets":[{"start":2595,"text":"Chief Executive Officer"}],"coordinates":[{"x":"357.28","y":"622.73"},{"x":"469.14","y":"628.86"}],"confidence":{"state":"pre-added","who":["user:SDTEF"],"prob":1},"fields":{},"normalizations":{}},{"classId":"e_1","part":"s4v1","offsets":[{"start":2650,"text":"550 West Washington Avenue"}],"coordinates":[{"x":"366.28","y":"643.19"},{"x":"514.16","y":"649.32"}],"confidence":{"state":"pre-added","who":["user:SDTEF"],"prob":1},"fields":{},"normalizations":{}},{"classId":"e_7","part":"s4v1","offsets":[{"start":2680,"text":"City of Carlsbad"}],"coordinates":[],"confidence":{"state":"pre-added","who":["ml:regex"],"prob":0.5},"fields":{},"normalizations":{}},{"classId":"e_1","part":"s4v1","offsets":[{"start":2702,"text":"Escondido, CA 92025"}],"coordinates":[{"x":"366.32","y":"662.33"},{"x":"472.63","y":"668.46"}],"confidence":{"state":"pre-added","who":["user:SDTEF"],"prob":1},"fields":{},"normalizations":{}},{"classId":"e_1","part":"s4v1","offsets":[{"start":2761,"text":"760-489-6380"}],"coordinates":[{"x":"379.82","y":"682.79"},{"x":"448.28","y":"688.92"}],"confidence":{"state":"pre-added","who":["user:SDTEF"],"prob":1},"fields":{},"normalizations":{}},{"classId":"e_1","part":"s4v1","offsets":[{"start":2805,"text":"gangela@interfaithservices.org"}],"coordinates":[{"x":"379.84","y":"703.25"},{"x":"531.59","y":"709.38"}],"confidence":{"state":"pre-added","who":["user:SDTEF"],"prob":1},"fields":{},"normalizations":{}},{"classId":"e_7","part":"s5v1","offsets":[{"start":396,"text":"City of Carlsbad"}],"coordinates":[],"confidence":{"state":"pre-added","who":["ml:regex"],"prob":0.5},"fields":{},"normalizations":{}},{"classId":"e_6","part":"s8v1","offsets":[{"start":52,"text":"1"}],"coordinates":[],"confidence":{"state":"pre-added","who":["ml:regex"],"prob":0.5},"fields":{},"normalizations":{}},{"classId":"e_4","part":"s8v1","offsets":[{"start":73,"text":"SCOPE OF SERVICES AND FEE"}],"coordinates":[{"x":"240.30","y":"106.23"},{"x":"371.62","y":"111.72"}],"confidence":{"state":"pre-added","who":["user:SDTEF"],"prob":1},"fields":{},"normalizations":{}},{"classId":"e_4","part":"s8v1","offsets":[{"start":105,"text":"Contractor shall provide the following Scope of Services"}],"coordinates":[{"x":"71.22","y":"133.76"},{"x":"319.86","y":"140.70"}],"confidence":{"state":"pre-added","who":["user:SDTEF"],"prob":1},"fields":{},"normalizations":{}},{"classId":"e_4","part":"s8v1","offsets":[{"start":172,"text":"Provide two (2) full‐time State of California licensed clinicians (LCSW, LMFT, or LPCC) or \n\nother outreach workers as approved by the Investigations Lieutenant and the Homeless \n\nResponse Program Manager and one (1) licensed (LCSW, LMFT, or LPCC) manager at .5 FTE.  \n\nIt is strongly desired to have at least one (1) staff member who is bilingual in both English \n\nand Spanish. Each clinician will provide outreach and case management to the City’s \n\nhomeless residents or those residents at risk of becoming homeless (“Participants”) directly \n\nwith the Carlsbad Police Department’s Homeless Outreach Team (HOT).   \n\nB. Ensure each clinician or outreach worker is available to work a minimum of 40 hours per \n\nweek with availability on weekends and occasional nights. Schedules are approved by the \n\nInvestigations Lieutenant and the Homeless Response Program Manager. All holidays \n\nobserved by the City may be excluded, if desired by Contractor and agreed upon by the City. \n\nPermanent schedule change requests must be submitted to the City with 30 days writt"}],"coordinates":[{"x":"126.08","y":"172.63"},{"x":"512.57","y":"342.72"}],"confidence":{"state":"pre-added","who":["user:SDTEF"],"prob":1},"fields":{},"normalizations":{}},{"classId":"e_6","part":"s8v1","offsets":[{"start":487,"text":"1"}],"coordinates":[],"confidence":{"state":"pre-added","who":["ml:regex"],"prob":0.5},"fields":{},"normalizations":{}},{"classId":"e_4","part":"s8v1","offsets":[{"start":1240,"text":"notice and must be mutually agreed upon by both parties."}],"coordinates":[{"x":"126.05","y":"349.71"},{"x":"385.87","y":"356.65"}],"confidence":{"state":"pre-added","who":["user:SDTEF"],"prob":1},"fields":{},"normalizations":{}},{"classId":"e_4","part":"s8v1","offsets":[{"start":1306,"text":"As directed by the City, provide outreach and case management services at designated \n\ncommunity sites or City facilities with a member of the police department’s Homeless \n\nOutreach Team, and travel to City sites or where these services are needed. Contractor will \n\nreceive referrals from the Homeless Outreach Team Sergeant"}],"coordinates":[{"x":"126.07","y":"382.58"},{"x":"400.37","y":"429.78"}],"confidence":{"state":"pre-added","who":["user:SDTEF"],"prob":1},"fields":{},"normalizations":{}},{"classId":"e_4","part":"s8v1","offsets":[{"start":1632,"text":"."}],"coordinates":[{"x":"400.42","y":"422.84"},{"x":"403.19","y":"429.78"}],"confidence":{"state":"pre-removed","who":["user:SDTEF","ml:regex"],"prob":0.5},"fields":{},"normalizations":{}},{"classId":"e_4","part":"s8v1","offsets":[{"start":1643,"text":"Abide by the strategies set forth in the City's Homeless Response Plan and any amendments \n\nthereto, which takes a community focused and collaborative approach to addressing the \n\nneeds of those experiencing or at‐risk of homelessness within the City of Carlsbad."}],"coordinates":[{"x":"126.10","y":"449.72"},{"x":"493.82","y":"484.51"}],"confidence":{"state":"pre-added","who":["user:SDTEF"],"prob":1},"fields":{},"normalizations":{}},{"classId":"e_4","part":"s8v1","offsets":[{"start":1916,"text":"Link Participants to housing, medical, mental health, substance use treatment, food, \n\nclothing, transportation, employment, identification, social security card, Social Security \n\nbenefits/Social Security Disability, CalWORKS, General Relief, CalFresh, Medi‐cal/Medicare, \n\nLifeline phones, mailing addresses, and other resources based on the Participants’ \n\nindividualized needs."}],"coordinates":[{"x":"126.09","y":"510.44"},{"x":"219.67","y":"573.12"}],"confidence":{"state":"pre-added","who":["user:SDTEF"],"prob":1},"fields":{},"normalizations":{}},{"classId":"e_4","part":"s8v1","offsets":[{"start":2307,"text":"Assist Participants to identify housing options such as: emergency shelters, reunification \n\nwith family or friends, independent living associations, private rentals, rapid rehousing, and \n\npermanent supportive housing resources."}],"coordinates":[{"x":"126.05","y":"605.00"},{"x":"312.63","y":"639.84"}],"confidence":{"state":"pre-added","who":["user:SDTEF"],"prob":1},"fields":{},"normalizations":{}},{"classId":"e_4","part":"s8v1","offsets":[{"start":2546,"text":"Maintain communication, both written and verbal, with the Homeless Outreach Team \n\nSergeant and the Homeless Response Program Manager. Attend monthly meetings with the"}],"coordinates":[{"x":"126.06","y":"666.80"},{"x":"536.69","y":"687.18"}],"confidence":{"state":"pre-added","who":["user:SDTEF"],"prob":1},"fields":{},"normalizations":{}},{"classId":"e_4","part":"s9v1","offsets":[{"start":57,"text":"Homeless Outreach Team Sergeant and the Homeless Response Program Manger to review \n\nand discuss programmatic needs."}],"coordinates":[{"x":"126.07","y":"75.80"},{"x":"274.98","y":"96.18"}],"confidence":{"state":"pre-added","who":["user:SDTEF"],"prob":1},"fields":{},"normalizations":{}},{"classId":"e_6","part":"s9v1","offsets":[{"start":182,"text":"Complete accurate and thorough documentation in a timely manner. Maintain data on each \n\nprogram Participant and program milestones, and provide required reports prepared in a \n\nformat to the satisfaction of the Police Department. Contractor must comply with the \n\nfollowing requirements related to documentation:  \n\n1. Utilize the Homeless Management Information System (HMIS) and Efforts to \n\nOutcomes (ETO) to track Participants and provide data as to: \n\na. Number of unduplicated Participants assisted; \n\nb. Number of contacts (touchpoints); \n\nc. Number of Participants placed in emergency shelter and permanent \n\nhousing; \n\nd. Number of clinical interventions and services performed; and \n\ne. Demographic data on Participants. \n\n2. Screen Participants using the ViSPDAT measure as appropriate. \n\n3. Report data to the Homeless Outreach Team Sergeant and the City’s Homeless \n\nResponse Program Manager by the 15th day of each month, starting August 15, 2020 \n\nand continuing through July 15, 2021.    \n\nI. Identify gaps in homeless services and assistance needs in the City of Carlsbad, and develop \n\nongoing recommendations for community and program improvements in support of the \n\nCity’s Homeless Response Plan. Recommendations shall be submitted to the HOT Sergeant \n\nand the City’s Homeless Program Manager along with program documentation (see \n\nparagraph H), by the 15th day of each month, starting August 15, 2020 and continuing \n\nthrough July 15, 2021.   \n\nJ. Furnish printing costs, postage, and additional incidental expenses related to outreach and \n\ncase management duties that are not included in Contractor’s budget (Exhibit “B”).   \n\nK. All billing invoices shall be submitted on a quarterly basis by the 15th of the month to the \n\nCity’s Homeless Response Program Manager on October 15, 2020, January 15, 2021, April \n\n15, 2021; and July 15, 2021. The invoices shall include accompanying documentation for \n\nfunds expended, which shall include but not be limited to documentation of timecards, \n\nmileage, office supplies, bus fare expenses, and flex funds receipts.     \n\nL. Operate within the budget set forth in Exhibit “B.” \n\n1.  If there is a possibility that any portion of the total fee payable for the Services under the \n\nAgreement is not expended by the date of contract termination, City and Contractor agree \n\nto mutually decide how such excess funds will be allocated in the budget. In the event of a \n\nmutually agreeable budget modification, Contractor agrees to modify the budget \n\naccordingly and attach as an amended Exhibit “B” to this contract.   \n\n2.  City and Contractor further agree to discuss and mutually determine any necessary  \n\nchanges to the budget during the lifetime of the Agreement, within the limits set forth in the \n\nProfessional Services Agreement. In the event of a mutually agreeable budget modification,"}],"coordinates":[{"x":"126.11","y":"116.06"},{"x":"534.88","y":"703.50"}],"confidence":{"state":"pre-added","who":["user:SDTEF"],"prob":1},"fields":{},"normalizations":{}},{"classId":"e_6","part":"s9v1","offsets":[{"start":2332,"text":"1"}],"coordinates":[],"confidence":{"state":"pre-added","who":["ml:regex"],"prob":0.5},"fields":{},"normalizations":{}},{"classId":"e_6","part":"s11v1","offsets":[{"start":13,"text":"1"}],"coordinates":[],"confidence":{"state":"pre-added","who":["ml:regex"],"prob":0.5},"fields":{},"normalizations":{}},{"classId":"e_6","part":"s11v1","offsets":[{"start":98,"text":"1"}],"coordinates":[],"confidence":{"state":"pre-added","who":["ml:regex"],"prob":0.5},"fields":{},"normalizations":{}},{"classId":"e_6","part":"s11v1","offsets":[{"start":143,"text":"1"}],"coordinates":[],"confidence":{"state":"pre-added","who":["ml:regex"],"prob":0.5},"fields":{},"normalizations":{}},{"classId":"e_6","part":"s11v1","offsets":[{"start":284,"text":"1"}],"coordinates":[],"confidence":{"state":"pre-added","who":["ml:regex"],"prob":0.5},"fields":{},"normalizations":{}},{"classId":"e_6","part":"s11v1","offsets":[{"start":330,"text":"1"}],"coordinates":[],"confidence":{"state":"pre-added","who":["ml:regex"],"prob":0.5},"fields":{},"normalizations":{}},{"classId":"e_6","part":"s11v1","offsets":[{"start":443,"text":"1"}],"coordinates":[],"confidence":{"state":"pre-added","who":["ml:regex"],"prob":0.5},"fields":{},"normalizations":{}},{"classId":"e_6","part":"s11v1","offsets":[{"start":472,"text":"1"}],"coordinates":[],"confidence":{"state":"pre-added","who":["ml:regex"],"prob":0.5},"fields":{},"normalizations":{}},{"classId":"e_6","part":"s11v1","offsets":[{"start":592,"text":"1"}],"coordinates":[],"confidence":{"state":"pre-added","who":["ml:regex"],"prob":0.5},"fields":{},"normalizations":{}},{"classId":"e_6","part":"s11v1","offsets":[{"start":622,"text":"1"}],"coordinates":[],"confidence":{"state":"pre-added","who":["ml:regex"],"prob":0.5},"fields":{},"normalizations":{}},{"classId":"e_6","part":"s11v1","offsets":[{"start":671,"text":"1"}],"coordinates":[],"confidence":{"state":"pre-added","who":["ml:regex"],"prob":0.5},"fields":{},"normalizations":{}},{"classId":"e_6","part":"s11v1","offsets":[{"start":704,"text":"1"}],"coordinates":[],"confidence":{"state":"pre-added","who":["ml:regex"],"prob":0.5},"fields":{},"normalizations":{}},{"classId":"e_2","part":"s11v1","offsets":[{"start":845,"text":"Total Fee \n\n$312,422"}],"coordinates":[{"x":"52.95","y":"530.76"},{"x":"415.43","y":"536.76"}],"confidence":{"state":"pre-added","who":["user:SDTEF"],"prob":1},"fields":{},"normalizations":{}},{"classId":"e_6","part":"s11v1","offsets":[{"start":859,"text":"1"}],"coordinates":[{"x":"381.91","y":"530.76"},{"x":"387.99","y":"536.76"}],"confidence":{"state":"pre-added","who":["user:SDTEF"],"prob":1},"fields":{},"normalizations":{}}],"relations":[]}