{"annotatable":{"parts":["s1v1","s2v1","s3v1","s4v1","s5v1","s6v1","s7v1","s8v1","s9v1","s10v1","s11v1","s12v1","s13v1","s14v1","s15v1","s16v1","s17v1","s18v1","s19v1","s20v1","s21v1","s22v1","s23v1","s24v1","s25v1","s26v1","s27v1","s28v1","s29v1","s30v1","s31v1","s32v1","s33v1","s34v1","s35v1","s36v1","s37v1","s38v1","s39v1","s40v1","s41v1","s42v1","s43v1","s44v1","s45v1","s46v1","s47v1","s48v1","s49v1","s50v1","s51v1","s52v1","s53v1","s54v1","s55v1","s56v1","s57v1","s58v1","s59v1","s60v1","s61v1","s62v1","s63v1","s64v1","s65v1","s66v1","s67v1","s68v1","s69v1","s70v1","s71v1","s72v1","s73v1","s74v1","s75v1","s76v1","s77v1","s78v1","s79v1"]},"anncomplete":true,"sources":[{"name":"ORIG","id":"HHI_20_11_ALPHA_Bridge_Shelter__Imperial_Ave_.pdf","url":""}],"metas":{"m_24":{"value":"$2,247,713.38","confidence":{"state":"pre-added","who":["user:SDTEF"],"prob":1}},"m_22":{"value":"temp housing and bridge housing","confidence":{"state":"pre-added","who":["user:SDTEF"],"prob":1}},"m_23":{"value":"city and HEAP","confidence":{"state":"pre-added","who":["user:SDTEF"],"prob":1}}},"entities":[{"classId":"e_7","part":"s1v1","offsets":[{"start":5,"text":"SAN DIEGOHOUSING COMMISSION \n\nAGREEMENT FOR BRIDGE SHELTER \n\nWITH \n\nALPHA PROJECT FOR THE HOMELESS \n\n\n\nContract No. HHI-20-11"}],"coordinates":[{"x":"202.61","y":"77.82"},{"x":"363.67","y":"193.34"}],"confidence":{"state":"pre-added","who":["user:SDTEF"],"prob":1},"fields":{},"normalizations":{}},{"classId":"e_19","part":"s1v1","offsets":[{"start":5,"text":"SAN DIEGOHOUSING COMMISSION"}],"coordinates":[{"x":"202.61","y":"77.82"},{"x":"409.75","y":"83.18"}],"confidence":{"state":"pre-added","who":["user:SDTEF"],"prob":1},"fields":{},"normalizations":{}},{"classId":"e_4","part":"s1v1","offsets":[{"start":49,"text":"BRIDGE SHELTER"}],"coordinates":[{"x":"307.61","y":"105.42"},{"x":"412.75","y":"110.78"}],"confidence":{"state":"pre-added","who":["user:SDTEF"],"prob":1},"fields":{},"normalizations":{}},{"classId":"e_1","part":"s1v1","offsets":[{"start":73,"text":"ALPHA PROJECT"}],"coordinates":[{"x":"194.18","y":"160.62"},{"x":"293.50","y":"165.98"}],"confidence":{"state":"pre-added","who":["user:SDTEF"],"prob":1},"fields":{},"normalizations":{}},{"classId":"e_1","part":"s1v1","offsets":[{"start":418,"text":"ALPHA PROJECT"}],"coordinates":[],"confidence":{"state":"pre-added","who":["ml:regex"],"prob":0.5},"fields":{},"normalizations":{}},{"classId":"e_1","part":"s1v1","offsets":[{"start":432,"text":"FOR THE HOMELESS           3737 Fifth Avenue, Suite 203           San Diego, California  92103           amy@alphaproject.org            (619) 542-1877"}],"coordinates":[{"x":"346.73","y":"339.72"},{"x":"325.13","y":"400.37"}],"confidence":{"state":"pre-added","who":["user:SDTEF"],"prob":1},"fields":{},"normalizations":{}},{"classId":"e_7","part":"s1v1","offsets":[{"start":1087,"text":"HEAP Grant"}],"coordinates":[],"confidence":{"state":"","who":["ml:nalaf"],"prob":0.6675295270167181},"fields":{},"normalizations":{}},{"classId":"e_8","part":"s1v1","offsets":[{"start":1142,"text":"TIME OF PERFORMANCE  a. Initial Term  All services required pursuant to this Agreement shall commence effective October 16, 2019"}],"coordinates":[{"x":"108.02","y":"657.17"},{"x":"540.31","y":"704.01"}],"confidence":{"state":"pre-added","who":["user:SDTEF"],"prob":1},"fields":{},"normalizations":{}},{"classId":"e_8","part":"s2v1","offsets":[{"start":0,"text":"2\n\n\n\nthrough June 30, 2020"}],"coordinates":[{"x":"303.53","y":"740.71"},{"x":"176.42","y":"82.94"}],"confidence":{"state":"pre-added","who":["user:SDTEF"],"prob":1},"fields":{},"normalizations":{}},{"classId":"e_3","part":"s2v1","offsets":[{"start":410,"text":"Only one (1) option may be exercised at any one time during any term of the Agreement."}],"coordinates":[],"confidence":{"state":"","who":["ml:nalaf"],"prob":0.9574688279027994},"fields":{},"normalizations":{}},{"classId":"e_7","part":"s2v1","offsets":[{"start":687,"text":"City of San Diego"}],"coordinates":[],"confidence":{"state":"","who":["ml:nalaf"],"prob":0.8979535448576084},"fields":{},"normalizations":{}},{"classId":"e_3","part":"s2v1","offsets":[{"start":867,"text":"Nothing contained in this Agreement shall require the Commission to exercise any or all of the options to extend the term of the Agreement."}],"coordinates":[],"confidence":{"state":"","who":["ml:nalaf"],"prob":0.9376218612084339},"fields":{},"normalizations":{}},{"classId":"e_3","part":"s2v1","offsets":[{"start":1073,"text":"All other terms and conditions of the Agreement during the option period(s) shall be as set forth in the Agreement and shall be unamended by the exercise of any option granted herein."}],"coordinates":[],"confidence":{"state":"","who":["ml:nalaf"],"prob":0.7500825033014776},"fields":{},"normalizations":{}},{"classId":"e_3","part":"s2v1","offsets":[{"start":1257,"text":"The options granted herein are in addition to the ninety (90) day option to extend set forth in Section 225 herein."}],"coordinates":[],"confidence":{"state":"","who":["ml:nalaf"],"prob":0.8686301562522049},"fields":{},"normalizations":{}},{"classId":"e_2","part":"s2v1","offsets":[{"start":1640,"text":"Maximum Compensation \n\n\n\nThe total compensation for all services performed pursuant to this Agreement shall not exceed the sum of TWO MILLION TWO HUNDRED FORTY SEVEN THOUSAND SEVEN HUNDRED THIRTEEN AND 38/100 DOLLARS ($2,247,713.38). Contractor acknowledges that the Commission is under no obligation to compensate Contractor for services rendered or expenses accrued under this Agreement in excess of the maximum compensation specified above. It shall be the responsibility of the Contractor to monitor its activities to ensure that the scope of services specified in Contract Attachment No. 2 (Specifications/Scope of Work) may be completed and no charges accrued in excess of the maximum compensation during the term of this Agreement. In the event that the work required cannot be completed within the amount specified, or it appears that the maximum compensation provided may be exceeded before the term of the Agreement expires, Contractor shall promptly notify the Commission."}],"coordinates":[{"x":"108.02","y":"463.94"},{"x":"305.06","y":"635.02"}],"confidence":{"state":"pre-added","who":["user:SDTEF"],"prob":1},"fields":{},"normalizations":{}},{"classId":"e_3","part":"s2v1","offsets":[{"start":2379,"text":"In the event that the work required cannot be completed within the amount specified, or it appears that the maximum compensation provided may be exceeded before the term of the Agreement expires, Contractor shall promptly notify the Commission."}],"coordinates":[],"confidence":{"state":"","who":["ml:nalaf"],"prob":0.6770488224607214},"fields":{},"normalizations":{}},{"classId":"e_7","part":"s2v1","offsets":[{"start":2871,"text":"City of San Diego"}],"coordinates":[],"confidence":{"state":"","who":["ml:nalaf"],"prob":0.9003189215029425},"fields":{},"normalizations":{}},{"classId":"e_3","part":"s3v1","offsets":[{"start":0,"text":"3\n\n\n\naddition to the rights of the Commission to terminate the Agreement as set forth in Section 214 of this Agreement."}],"coordinates":[],"confidence":{"state":"","who":["ml:nalaf"],"prob":0.9080016016838858},"fields":{},"normalizations":{}},{"classId":"e_3","part":"s3v1","offsets":[{"start":1729,"text":"Upon reconciliation, any variances will be deducted from or added to the following disbursement."}],"coordinates":[],"confidence":{"state":"","who":["ml:nalaf"],"prob":0.8513592692857382},"fields":{},"normalizations":{}},{"classId":"e_3","part":"s3v1","offsets":[{"start":1944,"text":"At the end of the Term of this Agreement, any unspent funds shall be returned to the Commission within 30 days."}],"coordinates":[],"confidence":{"state":"","who":["ml:nalaf"],"prob":0.6933065196012673},"fields":{},"normalizations":{}},{"classId":"e_3","part":"s3v1","offsets":[{"start":2056,"text":"Should this Agreement be terminated before the end of the Term of the Agreement, all unspent funds shall be returned to the Commission within 30 days of termination."}],"coordinates":[],"confidence":{"state":"","who":["ml:nalaf"],"prob":0.7669865206068983},"fields":{},"normalizations":{}},{"classId":"e_4","part":"s4v1","offsets":[{"start":37,"text":"Bridge Shelter"}],"coordinates":[],"confidence":{"state":"pre-added","who":["ml:regex"],"prob":0.5},"fields":{},"normalizations":{}},{"classId":"e_1","part":"s4v1","offsets":[{"start":57,"text":"Alpha Project"}],"coordinates":[],"confidence":{"state":"pre-added","who":["ml:regex"],"prob":0.5},"fields":{},"normalizations":{}},{"classId":"e_1","part":"s4v1","offsets":[{"start":245,"text":"ALPHA PROJECT"}],"coordinates":[],"confidence":{"state":"pre-added","who":["ml:regex"],"prob":0.5},"fields":{},"normalizations":{}},{"classId":"e_3","part":"s4v1","offsets":[{"start":958,"text":"E-4630-8BA0-A36CD137573D\n\n10/20/2019\n\n10/22/2019\n\nD5C73635 CFE8-4526-B29A-B883F8AEC1BE\n\n10/23/2019\n\n10/23/2019\n\n10/23/2019"}],"coordinates":[],"confidence":{"state":"","who":["ml:nalaf"],"prob":0.8279364903326178},"fields":{},"normalizations":{}},{"classId":"e_3","part":"s5v1","offsets":[{"start":826,"text":"Non-Disclosure \n\n\n\nThe designs, plans, reports, investigations, materials, and documents prepared or acquired by the Contractor pursuant to this Agreement (including any duplicate copies kept by the Contractor) shall not be shown or disclosed to any other public or private person or entity directly or indirectly, except as authorized by the Commission."}],"coordinates":[],"confidence":{"state":"","who":["ml:nalaf"],"prob":0.6932972491072558},"fields":{},"normalizations":{}},{"classId":"e_3","part":"s5v1","offsets":[{"start":1575,"text":"services of any kind for any person or entity which would conflict with the services to be provided herein, without the written consent of the Commission."}],"coordinates":[],"confidence":{"state":"","who":["ml:nalaf"],"prob":0.7433358659557253},"fields":{},"normalizations":{}},{"classId":"e_7","part":"s5v1","offsets":[{"start":1971,"text":"City of San Diego"}],"coordinates":[],"confidence":{"state":"","who":["ml:nalaf"],"prob":0.8873934584292019},"fields":{},"normalizations":{}},{"classId":"e_3","part":"s6v1","offsets":[{"start":32,"text":"Under no circumstances may Contractor convey, utilize, or permit to be utilized, confidential information gained through its association"}],"coordinates":[],"confidence":{"state":"","who":["ml:nalaf"],"prob":0.9283761906162308},"fields":{},"normalizations":{}},{"classId":"e_3","part":"s6v1","offsets":[{"start":1487,"text":"Contractor’s Liability \n\n\n\nContractor agrees to and shall indemnify, hold harmless, and defend, with counsel of the Indemnitee’s choosing, at Indemnitor’s sole cost and expense, the Commission, the Housing Authority, the City of San Diego, and all commissioners, officers, employees, members, council members and agents of each public agency (hereinafter collectively referred to as the “Indemnitees” or individually as an “Indemnitee”) from and against any and all damages, liabilities, claims, fines, fees, costs, penalties, judgments, complaints, causes of action, actions, and demands, including, without limitation, demands arising from injuries to or death of persons (Contractor’s employees included) and damage to real or personal property, or any other losses, damages or expenses, arising directly or indirectly out of the acts, failure to act or negligence of the Contractor, all obligations of this Agreement, or out of the operations conducted by Contractor including those in part due to the negligence of any of the Indemnitees save and except for liabilities, claims, judgments or demands arising through the sole negligence"}],"coordinates":[],"confidence":{"state":"","who":["ml:nalaf"],"prob":0.7114271975203825},"fields":{},"normalizations":{}},{"classId":"e_7","part":"s6v1","offsets":[{"start":1708,"text":"City of San Diego"}],"coordinates":[],"confidence":{"state":"","who":["ml:nalaf"],"prob":0.8775240171547862},"fields":{},"normalizations":{}},{"classId":"e_7","part":"s7v1","offsets":[{"start":560,"text":"City of San Diego"}],"coordinates":[],"confidence":{"state":"","who":["ml:nalaf"],"prob":0.9735418461824527},"fields":{},"normalizations":{}},{"classId":"e_3","part":"s7v1","offsets":[{"start":743,"text":"The policies shall provide that coverage on all policies may not be canceled, amended, terminated or otherwise modified without thirty (30) days advance written notice to the Commission, the Authority, and the City."}],"coordinates":[],"confidence":{"state":"","who":["ml:nalaf"],"prob":0.9338706529493145},"fields":{},"normalizations":{}},{"classId":"e_7","part":"s7v1","offsets":[{"start":1678,"text":"City of San Diego"}],"coordinates":[],"confidence":{"state":"","who":["ml:nalaf"],"prob":0.9717312628885886},"fields":{},"normalizations":{}},{"classId":"e_7","part":"s7v1","offsets":[{"start":1966,"text":"City of San Diego"}],"coordinates":[],"confidence":{"state":"","who":["ml:nalaf"],"prob":0.8883333938665657},"fields":{},"normalizations":{}},{"classId":"e_3","part":"s8v1","offsets":[{"start":1930,"text":"In addition, the Contractor may, at the election of the Commission, be disbarred from participating in Commission projects for not less than one (1) year."}],"coordinates":[],"confidence":{"state":"","who":["ml:nalaf"],"prob":0.9177182699155292},"fields":{},"normalizations":{}},{"classId":"e_3","part":"s9v1","offsets":[{"start":727,"text":"Such efforts shall include, but shall not be limited to: (i) including such firms, when qualified, on solicitation mailing lists; (ii) encouraging their participation"}],"coordinates":[],"confidence":{"state":"","who":["ml:nalaf"],"prob":0.7041364116817094},"fields":{},"normalizations":{}},{"classId":"e_7","part":"s9v1","offsets":[{"start":785,"text":"i"}],"coordinates":[],"confidence":{"state":"","who":["ml:nalaf"],"prob":0.7031907934499028},"fields":{},"normalizations":{}},{"classId":"e_7","part":"s9v1","offsets":[{"start":1324,"text":"i"}],"coordinates":[],"confidence":{"state":"","who":["ml:nalaf"],"prob":0.6022429869786655},"fields":{},"normalizations":{}},{"classId":"e_3","part":"s9v1","offsets":[{"start":1529,"text":"(ii) A minority-owned business is defined as a business which is at least 51% owned by one or more minority groups; or in the case of a publicly owned business, one in which at least 51% of its voting stock is owned by one or more minority group members, and whose management and daily business operation are controlled by one or more such individuals."}],"coordinates":[],"confidence":{"state":"","who":["ml:nalaf"],"prob":0.7813139740769186},"fields":{},"normalizations":{}},{"classId":"e_3","part":"s9v1","offsets":[{"start":1882,"text":"Minority group members include, but are not limited to, Black Americans, Hispanic Americans, Native Americans, Asian Pacific Americans, Asian Indian Americans, and Hasidic Jewish Americans"}],"coordinates":[],"confidence":{"state":"","who":["ml:nalaf"],"prob":0.7760910798689387},"fields":{},"normalizations":{}},{"classId":"e_7","part":"s10v1","offsets":[{"start":692,"text":"City of San Diego"}],"coordinates":[],"confidence":{"state":"","who":["ml:nalaf"],"prob":0.9461923023759933},"fields":{},"normalizations":{}},{"classId":"e_3","part":"s10v1","offsets":[{"start":2109,"text":"This Agreement may be terminated without notice, by the Commission, upon the cessation of funding of the state, local or federal program, which funds this Agreement."}],"coordinates":[],"confidence":{"state":"","who":["ml:nalaf"],"prob":0.8604570879697696},"fields":{},"normalizations":{}},{"classId":"e_3","part":"s10v1","offsets":[{"start":2288,"text":"Attorneys’ Fees and Costs \n\n\n\nIf any legal action or any arbitration or other proceeding is brought for the enforcement of this Agreement, or because of an alleged dispute, breach, default or misrepresentation in connection with any of the provisions of this Agreement, the successful or prevailing Party or Parties shall be entitled to recover reasonable attorneys’ fees and other costs incurred in that action or proceeding, in addition to any other relief to which it or they may be entitled."}],"coordinates":[],"confidence":{"state":"","who":["ml:nalaf"],"prob":0.6424616667800653},"fields":{},"normalizations":{}},{"classId":"e_3","part":"s11v1","offsets":[{"start":1871,"text":"Former Members, Officers, Employees \n\n\n\nNo member, officer or employee of the Commission, no member of the governing body of the locality in which the work is situated, no member of the governing body in which the Commission was activated, and no other public official of such locality or localities who exercises any functions or responsibilities with respect to the assignment of work, shall, during his or her tenure, or for one year thereafter, have any interest, direct or indirect, in this Agreement or the proceeds thereof."}],"coordinates":[],"confidence":{"state":"","who":["ml:nalaf"],"prob":0.7763179923320459},"fields":{},"normalizations":{}},{"classId":"e_7","part":"s12v1","offsets":[{"start":486,"text":"i"}],"coordinates":[],"confidence":{"state":"","who":["ml:nalaf"],"prob":0.530371092496219},"fields":{},"normalizations":{}},{"classId":"e_3","part":"s12v1","offsets":[{"start":1744,"text":"Agreement, the Chief Executive Officer of the Commission, may extend the terms of the Agreement for a period, not to exceed ninety (90) days, on the same payment schedule, terms and conditions, in effect on the date that the Agreement would otherwise have terminated, including the option period, if any."}],"coordinates":[],"confidence":{"state":"","who":["ml:nalaf"],"prob":0.6980381126763336},"fields":{},"normalizations":{}},{"classId":"e_3","part":"s13v1","offsets":[{"start":295,"text":"(c) Nothing contained herein, however, shall require the Commission to exercise any option to extend the Agreement."}],"coordinates":[],"confidence":{"state":"","who":["ml:nalaf"],"prob":0.9500676674864471},"fields":{},"normalizations":{}},{"classId":"e_7","part":"s13v1","offsets":[{"start":2194,"text":"City of San Diego"}],"coordinates":[],"confidence":{"state":"","who":["ml:nalaf"],"prob":0.8937262564998689},"fields":{},"normalizations":{}},{"classId":"e_3","part":"s15v1","offsets":[{"start":1340,"text":"Agreement is funded by non-federal funds, Contractor shall be subject to audit requirements as set forth in the award document, if it exists."}],"coordinates":[],"confidence":{"state":"","who":["ml:nalaf"],"prob":0.756677251476715},"fields":{},"normalizations":{}},{"classId":"e_3","part":"s16v1","offsets":[{"start":0,"text":"16\n\n\n\nfor all subawards at all tiers, including subcontracts, subgrants, loans, contracts"}],"coordinates":[],"confidence":{"state":"","who":["ml:nalaf"],"prob":0.873230981251412},"fields":{},"normalizations":{}},{"classId":"e_3","part":"s16v1","offsets":[{"start":1157,"text":"If this Agreement is solely funded from Non-Federal funds, then all disputes shall be resolved by litigation in San Diego County Superior Court, Downtown Branch, after first attempting resolution of the dispute through non-binding mediation."}],"coordinates":[],"confidence":{"state":"","who":["ml:nalaf"],"prob":0.9504624593260579},"fields":{},"normalizations":{}},{"classId":"e_3","part":"s16v1","offsets":[{"start":1576,"text":"During the course of the Agreement, the Commission shall conduct performance evaluations to document the Contractor’s record of meeting the various terms of the Agreement."}],"coordinates":[],"confidence":{"state":"","who":["ml:nalaf"],"prob":0.9018229196690799},"fields":{},"normalizations":{}},{"classId":"e_3","part":"s17v1","offsets":[{"start":596,"text":"Homeless veterans c. Unaccompanied homeless youth d. Homeless persons in families with children."}],"coordinates":[],"confidence":{"state":"","who":["ml:nalaf"],"prob":0.8258010673849236},"fields":{},"normalizations":{}},{"classId":"e_3","part":"s17v1","offsets":[{"start":726,"text":"In addition to non-discrimination requirements contained in Section 208 “Equal Opportunity Programs” of the Agreement, Contractor shall not unlawfully discriminate, harass, or allow harassment against any employee or applicant for employment because of sex (gender), sexual orientation, gender identity, gender expression, race, color, ancestry, religion, creed, national origin (including language use restriction), pregnancy, physical disability (including HIV and AIDS), mental disability, medical condition (cancer/genetic characteristics), age (over 40), genetic information, marital status, military and veteran status, and denial"}],"coordinates":[],"confidence":{"state":"","who":["ml:nalaf"],"prob":0.9089368982653637},"fields":{},"normalizations":{}},{"classId":"e_7","part":"s18v1","offsets":[{"start":672,"text":"City of San Diego"}],"coordinates":[],"confidence":{"state":"","who":["ml:nalaf"],"prob":0.9373232548439691},"fields":{},"normalizations":{}},{"classId":"e_7","part":"s18v1","offsets":[{"start":994,"text":"City of San Diego, or the HEAP Grant"}],"coordinates":[],"confidence":{"state":"","who":["ml:nalaf"],"prob":0.9351294496439377},"fields":{},"normalizations":{}},{"classId":"e_7","part":"s18v1","offsets":[{"start":1081,"text":"City of San Diego"}],"coordinates":[],"confidence":{"state":"","who":["ml:nalaf"],"prob":0.8924370643147416},"fields":{},"normalizations":{}},{"classId":"e_3","part":"s18v1","offsets":[{"start":1241,"text":"When program property is lost or damaged by fire, casualty, or natural disaster, the fair market value shall be calculated on the basis of the condition of the equipment or supplies immediately before the fire, casualty, or natural disaster"}],"coordinates":[],"confidence":{"state":"","who":["ml:nalaf"],"prob":0.9018456871975071},"fields":{},"normalizations":{}},{"classId":"e_7","part":"s18v1","offsets":[{"start":1996,"text":"HEAP Grant"}],"coordinates":[],"confidence":{"state":"","who":["ml:nalaf"],"prob":0.592410695303717},"fields":{},"normalizations":{}},{"classId":"e_7","part":"s18v1","offsets":[{"start":2065,"text":"HEAP Grant"}],"coordinates":[],"confidence":{"state":"","who":["ml:nalaf"],"prob":0.507333942711545},"fields":{},"normalizations":{}},{"classId":"e_3","part":"s18v1","offsets":[{"start":2467,"text":"For any breach that does not jeopardize health, safety or the general welfare of the clients of the Contractor and/or members of the public, the Commission shall give seven (7) day-notice written to cure any breach to the Contractor."}],"coordinates":[],"confidence":{"state":"","who":["ml:nalaf"],"prob":0.6490510286029357},"fields":{},"normalizations":{}},{"classId":"e_3","part":"s18v1","offsets":[{"start":2702,"text":"In the event that a breach is not timely cured, the Commission shall have all remedies available at law or in equity, including, without limitation, termination, the right"}],"coordinates":[],"confidence":{"state":"","who":["ml:nalaf"],"prob":0.7967464727848844},"fields":{},"normalizations":{}},{"classId":"e_4","part":"s20v1","offsets":[{"start":66,"text":"PROGRAM OVERVIEW & OBJECTIVE\n\nAs part of the City of San Diego’s (the “City”) and the San Diego Housing Commission’s (the “Commission”) comprehensive approach to ending homelessness, Contractor will operate the City of San Diego Bridge Shelter at 1710 Imperial Avenue (the “Program”). Utilizing the Housing First model, the Program’s objective is to provide safe, low-barrier bridge housing and emergency shelter, as well as stabilization and supportive services, to prepare persons experiencing homelessness for the most appropriate permanent or other longer-term housing solutions, contributing to the regional goals of ensuring instances of homelessness are rare, brief, and non-recurring."}],"coordinates":[{"x":"90.02","y":"119.22"},{"x":"207.84","y":"251.42"}],"confidence":{"state":"pre-added","who":["user:SDTEF"],"prob":1},"fields":{},"normalizations":{}},{"classId":"e_7","part":"s20v1","offsets":[{"start":111,"text":"City of San Diego"}],"coordinates":[],"confidence":{"state":"","who":["ml:nalaf"],"prob":0.9410445139575722},"fields":{},"normalizations":{}},{"classId":"e_7","part":"s20v1","offsets":[{"start":277,"text":"City of San Diego"}],"coordinates":[],"confidence":{"state":"","who":["ml:nalaf"],"prob":0.9439009534871514},"fields":{},"normalizations":{}},{"classId":"e_4","part":"s20v1","offsets":[{"start":295,"text":"Bridge Shelter"}],"coordinates":[],"confidence":{"state":"pre-added","who":["ml:regex"],"prob":0.5},"fields":{},"normalizations":{}},{"classId":"e_5","part":"s20v1","offsets":[{"start":763,"text":"PROGRAM SITE LOCATION\n\nContractor will operate the Program at 1710 Imperial Avenue in San Diego, CA (“Program Site”). The Program will operate seven days per week, 24 hours per day, including holidays. Contractor may be required to enter into an agreement for occupancy of the Program Site with the City. The City shall determine an appropriate agreement for Contractor’s occupancy of the Program Site."}],"coordinates":[{"x":"90.02","y":"269.25"},{"x":"155.98","y":"356.81"}],"confidence":{"state":"pre-added","who":["user:SDTEF"],"prob":1},"fields":{},"normalizations":{}},{"classId":"e_3","part":"s20v1","offsets":[{"start":881,"text":"The Program will operate seven days per week, 24 hours per day, including holidays."}],"coordinates":[],"confidence":{"state":"","who":["ml:nalaf"],"prob":0.6995311146756992},"fields":{},"normalizations":{}},{"classId":"e_4","part":"s20v1","offsets":[{"start":1382,"text":"PROGRAM DESCRIPTION\n\nThe Program will provide persons who are experiencing homelessness and have not been successfully diverted from the homeless assistance system, with bridge housing, emergency shelter, and diverse onsite supportive services, including but not limited to, stabilization and housing relocation services. The program’s target population will be flexible in nature and the shelter may serve more than one sub-population at a time. Final determination of targeted population/sub-populations will be determined by the Commission and the Commission will work with the Contractor throughout the term of the agreement to re-align budget and/or staffing resources to best meet needs of the determined population/sub-populations. \n\nThe Program will utilize trauma-informed care, motivational interviewing, and a harm reduction model, which does not require sobriety and addresses heavy drinking and/or drug use and its consequences. The system design will effectively serve participants in a welcoming and solutions-focused environment. All services must be easily accessible and evaluated for effectiveness on a regular basis. \n\nThe Contractor shall adhere to all Regional Task Force on the Homeless (RTFH) performance standards and requirements, including recommendations from the RTFH regional planning process for creation of a Homeless Crisis Response System. The Program will participate in"}],"coordinates":[{"x":"90.02","y":"427.31"},{"x":"539.84","y":"694.77"}],"confidence":{"state":"pre-added","who":["user:SDTEF"],"prob":1},"fields":{},"normalizations":{}},{"classId":"e_3","part":"s21v1","offsets":[{"start":482,"text":"November 1, 2019, may be approached in phases before full occupancy is achieved."}],"coordinates":[],"confidence":{"state":"","who":["ml:nalaf"],"prob":0.8945941608279133},"fields":{},"normalizations":{}},{"classId":"e_4","part":"s21v1","offsets":[{"start":1039,"text":"Bridge Shelter"}],"coordinates":[],"confidence":{"state":"pre-added","who":["ml:regex"],"prob":0.5},"fields":{},"normalizations":{}},{"classId":"e_7","part":"s22v1","offsets":[{"start":837,"text":"City of San Diego"}],"coordinates":[],"confidence":{"state":"","who":["ml:nalaf"],"prob":0.9686672303603308},"fields":{},"normalizations":{}},{"classId":"e_3","part":"s22v1","offsets":[{"start":1480,"text":"Plan for a fire watch, which shall be maintained at all times 9."}],"coordinates":[],"confidence":{"state":"","who":["ml:nalaf"],"prob":0.8144368130277707},"fields":{},"normalizations":{}},{"classId":"e_3","part":"s23v1","offsets":[{"start":809,"text":"Low barrier guidelines for community living based on Housing First principles, which will be displayed on site at all times; the following criteria"}],"coordinates":[],"confidence":{"state":"","who":["ml:nalaf"],"prob":0.6627153768078321},"fields":{},"normalizations":{}},{"classId":"e_3","part":"s23v1","offsets":[{"start":1518,"text":"Drug and alcohol-free policy for staff posted/displaced at the Program Site at all times; the written policy shall include and describe the disciplinary action to result from the illegal use, consumption, distribution, and/or possession of drugs and/or alcohol\n\n\n\n6."}],"coordinates":[],"confidence":{"state":"","who":["ml:nalaf"],"prob":0.7236274854318702},"fields":{},"normalizations":{}},{"classId":"e_3","part":"s23v1","offsets":[{"start":1805,"text":"Target Population/Geographical Area\n\nIn general, the Program will prioritize homeless"}],"coordinates":[],"confidence":{"state":"","who":["ml:nalaf"],"prob":0.8636699304617795},"fields":{},"normalizations":{}},{"classId":"e_3","part":"s23v1","offsets":[{"start":1805,"text":"Target Population/Geographical Area\n\nIn general, the Program will prioritize homeless persons who have been enrolled in a permanent housing intervention or are in the process of leasing up a permanent housing unit. Any support services provided will be short-term with a focus on the move to permanent housing. Additionally, the Program will provide emergency shelter beds for persons experiencing unsheltered homelessness who require immediate, short-term shelter"}],"coordinates":[{"x":"108.02","y":"616.22"},{"x":"540.12","y":"703.77"}],"confidence":{"state":"pre-added","who":["user:SDTEF"],"prob":1},"fields":{},"normalizations":{}},{"classId":"e_3","part":"s24v1","offsets":[{"start":6,"text":"with light supportive services. The Program’s target population may be flexible in nature and the shelter may serve more than one sub-population at a time. Final determination of targeted population/sub-populations will be made by the Commission and the Commission will work with the Contractor throughout the term of the agreement to re-align budget and/or staffing resources to best meet needs of the determined population/sub-population"}],"coordinates":[{"x":"108.02","y":"77.49"},{"x":"532.40","y":"142.46"}],"confidence":{"state":"pre-added","who":["user:SDTEF"],"prob":1},"fields":{},"normalizations":{}},{"classId":"e_7","part":"s25v1","offsets":[{"start":1251,"text":"County of San Diego"}],"coordinates":[],"confidence":{"state":"","who":["ml:nalaf"],"prob":0.9783852025404453},"fields":{},"normalizations":{}},{"classId":"e_7","part":"s25v1","offsets":[{"start":1644,"text":"d. General Standards"}],"coordinates":[],"confidence":{"state":"","who":["ml:nalaf"],"prob":0.7535623999631972},"fields":{},"normalizations":{}},{"classId":"e_3","part":"s26v1","offsets":[{"start":879,"text":"posted/displayed at the Program site at all times, which will include and describe the disciplinary action to result from the illegal use, consumption, distribution, and/or possession"}],"coordinates":[],"confidence":{"state":"","who":["ml:nalaf"],"prob":0.8251781534173442},"fields":{},"normalizations":{}},{"classId":"e_3","part":"s27v1","offsets":[{"start":2472,"text":"4) Contractor staff will participate in all required trainings as determined by the Commission, which at a minimum will include Homelessness"}],"coordinates":[],"confidence":{"state":"","who":["ml:nalaf"],"prob":0.907899537216872},"fields":{},"normalizations":{}},{"classId":"e_3","part":"s28v1","offsets":[{"start":214,"text":"families"}],"coordinates":[],"confidence":{"state":"","who":["ml:nalaf"],"prob":0.6577770841830518},"fields":{},"normalizations":{}},{"classId":"e_3","part":"s28v1","offsets":[{"start":2336,"text":"homeless individuals and families in HUD Homeless Categories 1, 2, 3, or 4, http://www.rtfhsd.org/wp-content/uploads/2018/01/SD-CoC-System-Standards-May-2017-with- Emergency-Plan-Update-Jan-2018"}],"coordinates":[],"confidence":{"state":"","who":["ml:nalaf"],"prob":0.9223294880319621},"fields":{},"normalizations":{}},{"classId":"e_7","part":"s28v1","offsets":[{"start":2635,"text":"ESG"}],"coordinates":[],"confidence":{"state":"","who":["ml:nalaf"],"prob":0.8574403509961304},"fields":{},"normalizations":{}},{"classId":"e_3","part":"s29v1","offsets":[{"start":42,"text":"To verify the Program is listed or for more information on how to apply for inclusion, please visit http://211sandiego.org/for-agencies."}],"coordinates":[],"confidence":{"state":"","who":["ml:nalaf"],"prob":0.8856427055774122},"fields":{},"normalizations":{}},{"classId":"e_3","part":"s29v1","offsets":[{"start":393,"text":"Attendance is required at all roundtable meetings, including but not limited to, attendance at the Fiscal Year Kickoff Workshop"}],"coordinates":[],"confidence":{"state":"","who":["ml:nalaf"],"prob":0.8607147028689268},"fields":{},"normalizations":{}},{"classId":"e_3","part":"s29v1","offsets":[{"start":882,"text":"Delays in responding to inquiries from the Commission regarding monthly and term-end reports may result in an action of noncompliance."}],"coordinates":[],"confidence":{"state":"","who":["ml:nalaf"],"prob":0.717219875689008},"fields":{},"normalizations":{}},{"classId":"e_3","part":"s29v1","offsets":[{"start":1931,"text":"homeless individuals and families in HUD Homeless Categories 1, 2, 3, or 4, http://www.rtfhsd.org/wp-content/uploads/2018/01/SD-CoC-System-Standards-May-2017-with-Emergency-Plan- Update-Jan-2018"}],"coordinates":[],"confidence":{"state":"","who":["ml:nalaf"],"prob":0.9223545298199887},"fields":{},"normalizations":{}},{"classId":"e_7","part":"s29v1","offsets":[{"start":2230,"text":"ESG"}],"coordinates":[],"confidence":{"state":"","who":["ml:nalaf"],"prob":0.8574403509961304},"fields":{},"normalizations":{}},{"classId":"e_3","part":"s31v1","offsets":[{"start":342,"text":"1) Failure to submit appropriate supporting documentation, or respond to the Commission’s inquiries for documentation, may result in requested amount being disallowed."}],"coordinates":[],"confidence":{"state":"","who":["ml:nalaf"],"prob":0.9450902297110731},"fields":{},"normalizations":{}},{"classId":"e_3","part":"s31v1","offsets":[{"start":1065,"text":"SUBSEQUENT FUNDING\n\nAll time limits stated in the Agreement documents are of the essence of the Agreement."}],"coordinates":[],"confidence":{"state":"","who":["ml:nalaf"],"prob":0.757923945912879},"fields":{},"normalizations":{}},{"classId":"e_3","part":"s31v1","offsets":[{"start":1481,"text":"REVERSION\n\nUpon the expiration, breach, or termination of this Agreement, the Contractor agrees Commission may reallocate any and all Compensation on hand at the time of the expiration or termination or breach, together with any and all accounts receivables attributable to the use of the Compensation, as Commission shall determine in its sole discretion."}],"coordinates":[],"confidence":{"state":"","who":["ml:nalaf"],"prob":0.9418962829278955},"fields":{},"normalizations":{}},{"classId":"e_3","part":"s32v1","offsets":[{"start":1381,"text":"d. Notwithstanding the foregoing, the terms of the Agreement shall remain in effect during any period Commission has control over funds related to this Program."}],"coordinates":[],"confidence":{"state":"","who":["ml:nalaf"],"prob":0.8324982432374668},"fields":{},"normalizations":{}},{"classId":"e_7","part":"s32v1","offsets":[{"start":1381,"text":"d"}],"coordinates":[],"confidence":{"state":"","who":["ml:nalaf"],"prob":0.5657190103506332},"fields":{},"normalizations":{}},{"classId":"e_3","part":"s32v1","offsets":[{"start":1935,"text":"Bridge Housing is specifically defined as a temporary housing program for individuals or families who have accepted and are\n\n\n\n\n\n\n\n\n\n\n\n\n\n\n\n\n\n\n\n\n\n\n\n\n\n\n\n\n\n\n\n\n\n\n\n\n\n\n\n\n\n\n\n\n\n\n\n\n\n\n\n\n\n\n\n\n\n\n\n\n\n\n\n\n\n\n\n\n\n\n\n\n\n\n\n\n\n\n\n\n\n\n\n\n\n\n\n\n\n4 “What is 2-1-1 San Diego.” 2-1-1 San Diego, 211sandiego.org/mission-values/what-is-211/."}],"coordinates":[],"confidence":{"state":"","who":["ml:nalaf"],"prob":0.8948246703943061},"fields":{},"normalizations":{}},{"classId":"e_3","part":"s33v1","offsets":[{"start":232,"text":"Chronically Homeless6\n\nA “chronically homeless” individual is an individual with a disability who lives either in a place not meant for human habitation, a safe haven, in an emergency shelter, or in an institutional care facility if the individual has been living in the facility for fewer than 90-days and had been living in a place not meant for human habitation, a safe haven, or in an emergency shelter immediately before entering the institutional care facility."}],"coordinates":[],"confidence":{"state":"","who":["ml:nalaf"],"prob":0.7860332141925458},"fields":{},"normalizations":{}},{"classId":"e_3","part":"s33v1","offsets":[{"start":701,"text":"To meet the “chronically homeless” definition, the individual also must have been living as described above continuously for at least 12 months, or on at least four separate occasions in the last three years, where the combined occasions"}],"coordinates":[],"confidence":{"state":"","who":["ml:nalaf"],"prob":0.8576990766985767},"fields":{},"normalizations":{}},{"classId":"e_3","part":"s33v1","offsets":[{"start":1179,"text":"Chronically homeless families are families with adult heads of household who meet the definition of a chronically homeless individual."}],"coordinates":[],"confidence":{"state":"","who":["ml:nalaf"],"prob":0.9184017085483849},"fields":{},"normalizations":{}},{"classId":"e_3","part":"s33v1","offsets":[{"start":1314,"text":"If there is no adult in the family, the family would still be considered chronically homeless if a minor head of household meets all the criteria of a chronically homeless individual."}],"coordinates":[],"confidence":{"state":"","who":["ml:nalaf"],"prob":0.9478325529090191},"fields":{},"normalizations":{}},{"classId":"e_3","part":"s33v1","offsets":[{"start":1498,"text":"A chronically homeless family includes those whose composition has fluctuated while the head of household has been homeless."}],"coordinates":[],"confidence":{"state":"","who":["ml:nalaf"],"prob":0.9302963230640963},"fields":{},"normalizations":{}},{"classId":"e_7","part":"s33v1","offsets":[{"start":1624,"text":"Community Development Block Grant"}],"coordinates":[],"confidence":{"state":"","who":["ml:nalaf"],"prob":0.9625092527081949},"fields":{},"normalizations":{}},{"classId":"e_7","part":"s33v1","offsets":[{"start":1664,"text":"Community Development Block Grant"}],"coordinates":[],"confidence":{"state":"","who":["ml:nalaf"],"prob":0.8908367981152048},"fields":{},"normalizations":{}},{"classId":"e_3","part":"s33v1","offsets":[{"start":1835,"text":"Beginning in 1974, the CDBG program is one of the longest continuously run programs at HUD."}],"coordinates":[],"confidence":{"state":"","who":["ml:nalaf"],"prob":0.8242021432907207},"fields":{},"normalizations":{}},{"classId":"e_7","part":"s33v1","offsets":[{"start":1858,"text":"CDBG"}],"coordinates":[],"confidence":{"state":"","who":["ml:nalaf"],"prob":0.9852482837999466},"fields":{},"normalizations":{}},{"classId":"e_7","part":"s33v1","offsets":[{"start":1931,"text":"CDBG"}],"coordinates":[],"confidence":{"state":"","who":["ml:nalaf"],"prob":0.9913985159242231},"fields":{},"normalizations":{}},{"classId":"e_3","part":"s33v1","offsets":[{"start":2285,"text":"homeless individuals and families while minimizing the trauma and dislocation caused to\n\n\n\n\n\n\n\n\n\n\n\n\n\n\n\n\n\n\n\n\n\n\n\n\n\n\n\n\n\n\n\n\n\n\n\n\n\n\n\n\n\n\n\n\n\n\n\n\n\n\n\n\n\n\n\n\n\n\n\n\n\n\n\n\n\n\n\n\n\n\n\n\n\n\n\n\n\n\n\n\n\n\n\n\n\n\n\n\n\n6 “Defining Chronically Homeless"}],"coordinates":[],"confidence":{"state":"","who":["ml:nalaf"],"prob":0.6020994033815593},"fields":{},"normalizations":{}},{"classId":"e_7","part":"s33v1","offsets":[{"start":2677,"text":"Community Development Block Grant"}],"coordinates":[],"confidence":{"state":"","who":["ml:nalaf"],"prob":0.6447708178536521},"fields":{},"normalizations":{}},{"classId":"e_7","part":"s33v1","offsets":[{"start":2721,"text":"CDBG"}],"coordinates":[],"confidence":{"state":"","who":["ml:nalaf"],"prob":0.9492431085828396},"fields":{},"normalizations":{}},{"classId":"e_3","part":"s34v1","offsets":[{"start":45,"text":"families"}],"coordinates":[],"confidence":{"state":"","who":["ml:nalaf"],"prob":0.3720604566467917},"fields":{},"normalizations":{}},{"classId":"e_3","part":"s34v1","offsets":[{"start":155,"text":"homeless individuals and families; and optimize self-sufficiency among individuals and families"}],"coordinates":[],"confidence":{"state":"","who":["ml:nalaf"],"prob":0.5124220227973009},"fields":{},"normalizations":{}},{"classId":"e_3","part":"s34v1","offsets":[{"start":412,"text":"families"}],"coordinates":[],"confidence":{"state":"","who":["ml:nalaf"],"prob":0.6699948744346838},"fields":{},"normalizations":{}},{"classId":"e_3","part":"s35v1","offsets":[{"start":1059,"text":"Category 4: Any individual or family who:  Is fleeing, or is attempting to flee, domestic violence;  Has no other residence"}],"coordinates":[],"confidence":{"state":"","who":["ml:nalaf"],"prob":0.7749964945253803},"fields":{},"normalizations":{}},{"classId":"e_3","part":"s36v1","offsets":[{"start":399,"text":"families"}],"coordinates":[],"confidence":{"state":"","who":["ml:nalaf"],"prob":0.44134198336147296},"fields":{},"normalizations":{}},{"classId":"e_3","part":"s36v1","offsets":[{"start":756,"text":"families"}],"coordinates":[],"confidence":{"state":"","who":["ml:nalaf"],"prob":0.6723850462087066},"fields":{},"normalizations":{}},{"classId":"e_3","part":"s36v1","offsets":[{"start":1490,"text":"Key distinctions are individuals and families"}],"coordinates":[],"confidence":{"state":"","who":["ml:nalaf"],"prob":0.7532603968937952},"fields":{},"normalizations":{}},{"classId":"e_3","part":"s36v1","offsets":[{"start":1795,"text":"Unless an MOU affirmatively states that parties do not intend to be legally bound by its terms, it will generally be considered a binding agreement."}],"coordinates":[],"confidence":{"state":"","who":["ml:nalaf"],"prob":0.8934148869876224},"fields":{},"normalizations":{}},{"classId":"e_7","part":"s36v1","offsets":[{"start":2336,"text":"City of San Diego"}],"coordinates":[],"confidence":{"state":"","who":["ml:nalaf"],"prob":0.9562778826847473},"fields":{},"normalizations":{}},{"classId":"e_3","part":"s37v1","offsets":[{"start":971,"text":"families"}],"coordinates":[],"confidence":{"state":"","who":["ml:nalaf"],"prob":0.5855134993268184},"fields":{},"normalizations":{}},{"classId":"e_3","part":"s38v1","offsets":[{"start":235,"text":"families"}],"coordinates":[],"confidence":{"state":"","who":["ml:nalaf"],"prob":0.5779052219992942},"fields":{},"normalizations":{}},{"classId":"e_7","part":"s38v1","offsets":[{"start":267,"text":"City of San Diego"}],"coordinates":[],"confidence":{"state":"","who":["ml:nalaf"],"prob":0.974567522130179},"fields":{},"normalizations":{}},{"classId":"e_3","part":"s38v1","offsets":[{"start":928,"text":"Veteran29\n\nLow to Moderate Income (LMI) veterans who served in the armed forces of the United States"}],"coordinates":[],"confidence":{"state":"","who":["ml:nalaf"],"prob":0.8662991920002089},"fields":{},"normalizations":{}},{"classId":"e_3","part":"s38v1","offsets":[{"start":1131,"text":"Individuals who served in the National Guard or Reserves are classified as Veterans only if they were called or ordered to active duty, not counting the four to six months for initial training or yearly summer camps."}],"coordinates":[],"confidence":{"state":"","who":["ml:nalaf"],"prob":0.7065551264320923},"fields":{},"normalizations":{}},{"classId":"e_7","part":"s38v1","offsets":[{"start":2658,"text":"CDBG"}],"coordinates":[],"confidence":{"state":"","who":["ml:nalaf"],"prob":0.8744551442340034},"fields":{},"normalizations":{}},{"classId":"e_7","part":"s38v1","offsets":[{"start":2735,"text":"City of San Diego"}],"coordinates":[],"confidence":{"state":"","who":["ml:nalaf"],"prob":0.9453811314387459},"fields":{},"normalizations":{}},{"classId":"e_4","part":"s39v1","offsets":[{"start":16,"text":"BRIDGE SHELTER"}],"coordinates":[],"confidence":{"state":"pre-added","who":["ml:regex"],"prob":0.5},"fields":{},"normalizations":{}}],"relations":[]}