{"annotatable":{"parts":["s1p1","s1p2","s1p3","s1p4","s1p5","s1p6","s1p7","s1p8","s1p9","s1p10","s1p11","s1p12","s1p13","s1p14","s1p15","s1p16","s1p17","s1p18","s1p19","s1p20","s1p21","s1p22","s1p23","s1p24","s1p25","s1p26","s1p27","s1p28","s1p29","s1p30","s1p31","s1p32","s1p33","s1p34","s1p35","s1p36","s1p37","s1p38","s1p39","s1p40","s1p41","s1p42","s1p43","s1p44","s1p45","s1p46","s1p47","s1p48","s1p49","s1p50","s1p51","s1p52","s1p53","s1p54","s1p55","s1p56","s1p57","s1p58","s1p59","s1p60","s1p61","s1p62","s1p63","s1p64","s1p65","s1p66","s1p67","s1p68","s1p69","s1p70","s1p71","s1p72","s1p73","s1p74"]},"anncomplete":true,"sources":[],"metas":{"m_22":{"value":"temp housing and bridge housing","confidence":{"state":"pre-added","who":["user:SDTEF"],"prob":1}},"m_24":{"value":"$20,000","confidence":{"state":"pre-added","who":["user:SDTEF"],"prob":1}},"m_23":{"value":"city and CDBG funds","confidence":{"state":"pre-added","who":["user:SDTEF"],"prob":1}},"m_21":{"value":"chronically homeless","confidence":{"state":"pre-added","who":["user:SDTEF"],"prob":1}},"m_20":{"value":"individuals and families","confidence":{"state":"pre-added","who":["user:SDTEF"],"prob":1}}},"entities":[{"classId":"e_7","part":"s1p1","offsets":[{"start":9,"text":"City of Poway"}],"coordinates":[],"confidence":{"state":"pre-added","who":["ml:regex"],"prob":0.5},"fields":{},"normalizations":{}},{"classId":"e_19","part":"s1p1","offsets":[{"start":23,"text":"STANDARD AGREEMENT FOR SERVICES ryf Qin' INTut '- This Agreement, entered into this 1' t day of July, 2019, by and between the CITY OF POWAY ( hereinafter referred to as \" City\") and INTERFAITH COMMUNITY SERVICES"}],"coordinates":[],"confidence":{"state":"pre-added","who":["user:SDTEF"],"prob":1},"fields":{},"normalizations":{}},{"classId":"e_7","part":"s1p1","offsets":[{"start":150,"text":"CITY OF POWAY"}],"coordinates":[],"confidence":{"state":"pre-added","who":["user:SDTEF"],"prob":1},"fields":{},"normalizations":{}},{"classId":"e_1","part":"s1p1","offsets":[{"start":206,"text":"INTERFAITH COMMUNITY SERVICES,"}],"coordinates":[],"confidence":{"state":"pre-added","who":["user:SDTEF"],"prob":1},"fields":{},"normalizations":{}},{"classId":"e_4","part":"s1p1","offsets":[{"start":429,"text":"a regional shelter program described within the Alliance for Regional Solutions' funding request"}],"coordinates":[],"confidence":{"state":"pre-added","who":["user:SDTEF"],"prob":1},"fields":{},"normalizations":{}},{"classId":"e_7","part":"s1p1","offsets":[{"start":876,"text":"Community Development Block Grant"}],"coordinates":[],"confidence":{"state":"pre-added","who":["user:SDTEF"],"prob":1},"fields":{},"normalizations":{}},{"classId":"e_7","part":"s1p1","offsets":[{"start":910,"text":"CDBG"}],"coordinates":[],"confidence":{"state":"pre-added","who":["ml:regex"],"prob":0.5},"fields":{},"normalizations":{}},{"classId":"e_7","part":"s1p1","offsets":[{"start":1063,"text":"sub- recipient\" of the CDBG funds;"}],"coordinates":[],"confidence":{"state":"pre-added","who":["user:SDTEF"],"prob":1},"fields":{},"normalizations":{}},{"classId":"e_7","part":"s1p11","offsets":[{"start":243,"text":"City of Poway"}],"coordinates":[],"confidence":{"state":"pre-added","who":["ml:regex"],"prob":0.5},"fields":{},"normalizations":{}},{"classId":"e_7","part":"s1p26","offsets":[{"start":154,"text":"City of Poway"}],"coordinates":[],"confidence":{"state":"pre-added","who":["ml:regex"],"prob":0.5},"fields":{},"normalizations":{}},{"classId":"e_7","part":"s1p47","offsets":[{"start":1665,"text":"CITY OF POWAY"}],"coordinates":[],"confidence":{"state":"pre-added","who":["ml:regex"],"prob":0.5},"fields":{},"normalizations":{}},{"classId":"e_1","part":"s1p47","offsets":[{"start":1679,"text":"INTERFAITH COMMUNITY SERVICES,"}],"coordinates":[],"confidence":{"state":"pre-added","who":["ml:regex"],"prob":0.5},"fields":{},"normalizations":{}},{"classId":"e_7","part":"s1p49","offsets":[{"start":191,"text":"CITY OF POWAY"}],"coordinates":[],"confidence":{"state":"pre-added","who":["ml:regex"],"prob":0.5},"fields":{},"normalizations":{}},{"classId":"e_1","part":"s1p49","offsets":[{"start":205,"text":"INTERFAITH COMMUNITY SERVICES,"}],"coordinates":[],"confidence":{"state":"pre-added","who":["ml:regex"],"prob":0.5},"fields":{},"normalizations":{}},{"classId":"e_7","part":"s1p52","offsets":[{"start":271,"text":"City of Poway"}],"coordinates":[],"confidence":{"state":"pre-added","who":["ml:regex"],"prob":0.5},"fields":{},"normalizations":{}},{"classId":"e_7","part":"s1p52","offsets":[{"start":300,"text":"Community Development Block Grant"}],"coordinates":[],"confidence":{"state":"pre-added","who":["ml:regex"],"prob":0.5},"fields":{},"normalizations":{}},{"classId":"e_7","part":"s1p52","offsets":[{"start":336,"text":"CDBG"}],"coordinates":[],"confidence":{"state":"pre-added","who":["user:SDTEF"],"prob":1},"fields":{},"normalizations":{}},{"classId":"e_2","part":"s1p53","offsets":[{"start":0,"text":"Compensation and Reimbursement. City shall pay Consultant a fee in accordance with the Fee Proposals submitted with the funding request dated June 18, 2019, which are included in this document as Attachment 2. Total fee is not to exceed $ 20, 000. Consultant's fee shall include and Consultant shall be responsible for the payment of all federal, state, and local taxes of any kind which are attributable to the compensation received. In addition to said consulting fee, Consultant shall be reimbursed for all reasonable expenses, including lodging, telephone, and travel ( air, auto, rail) necessarily incurred in performance of the services. Consultant shall bill City for such expenses as incurred, referencing this Agreement. All expenses shall be itemized and supported by receipts for amounts in excess of Twenty- Five Dollars ($ 25. 00). Statements for reimbursement of expenses shall be paid within ten ( 10) days of approval by City. All air travel shall be billed at coach or special fare rates. Reimbursement for lodging is limited to travel from outside of San Diego County. Consultant shall receive prior authorization for air travel and lodging expenses. All other expenses shall be reimbursed in accordance with City' s cash disbursement policies in effect at the time incurred. C"}],"coordinates":[],"confidence":{"state":"pre-added","who":["user:SDTEF"],"prob":1},"fields":{},"normalizations":{}},{"classId":"e_2","part":"s1p53","offsets":[{"start":210,"text":"Total fee is not to exceed $ 20, 000."}],"coordinates":[],"confidence":{"state":"pre-added","who":["user:SDTEF"],"prob":1},"fields":{},"normalizations":{}},{"classId":"e_2","part":"s1p54","offsets":[{"start":62,"text":"pe"}],"coordinates":[],"confidence":{"state":"pre-added","who":["user:SDTEF"],"prob":1},"fields":{},"normalizations":{}},{"classId":"e_8","part":"s1p54","offsets":[{"start":62,"text":"period commencing July 1, 2019, and ending June 30, 2020,"}],"coordinates":[],"confidence":{"state":"pre-added","who":["user:SDTEF"],"prob":1},"fields":{},"normalizations":{}},{"classId":"e_7","part":"s1p63","offsets":[{"start":100,"text":"City of Poway"}],"coordinates":[],"confidence":{"state":"pre-added","who":["ml:regex"],"prob":0.5},"fields":{},"normalizations":{}},{"classId":"e_7","part":"s1p67","offsets":[{"start":0,"text":"City of Poway"}],"coordinates":[],"confidence":{"state":"pre-added","who":["ml:regex"],"prob":0.5},"fields":{},"normalizations":{}},{"classId":"e_1","part":"s1p68","offsets":[{"start":30,"text":"Greg Anglea, Executive Director 550 West Washington Escondido, CA 92025 - 2734"}],"coordinates":[],"confidence":{"state":"pre-added","who":["user:SDTEF"],"prob":1},"fields":{},"normalizations":{}},{"classId":"e_7","part":"s1p69","offsets":[{"start":5046,"text":"City of Poway"}],"coordinates":[],"confidence":{"state":"pre-added","who":["ml:regex"],"prob":0.5},"fields":{},"normalizations":{}},{"classId":"e_4","part":"s1p69","offsets":[{"start":5230,"text":"Alliance for Regional Solutions has provided shelter systems addressing the pressing needs of homeless individuals and families in North San Diego County."}],"coordinates":[],"confidence":{"state":"pre-added","who":["user:SDTEF"],"prob":1},"fields":{},"normalizations":{}},{"classId":"e_3","part":"s1p69","offsets":[{"start":5916,"text":"services targeting the chronically homeless"}],"coordinates":[],"confidence":{"state":"pre-added","who":["user:SDTEF"],"prob":1},"fields":{},"normalizations":{}},{"classId":"e_6","part":"s1p69","offsets":[{"start":6036,"text":"As in past years, the goal of the regional homelessness shelter system is to provide homeless individuals and families in North County with not only a safe haven, but to also provide the tools and motivation necessary to move them towards self- sufficiency and their maximum level of independent and responsible functioning"}],"coordinates":[],"confidence":{"state":"pre-added","who":["user:SDTEF"],"prob":1},"fields":{},"normalizations":{}},{"classId":"e_3","part":"s1p69","offsets":[{"start":6121,"text":"homeless individuals and families in North County"}],"coordinates":[],"confidence":{"state":"pre-added","who":["user:SDTEF"],"prob":1},"fields":{},"normalizations":{}},{"classId":"e_4","part":"s1p69","offsets":[{"start":6485,"text":"By doing this, the Bridge Housing network works towards bridging clients out of homelessness and into their own permanent homes"}],"coordinates":[],"confidence":{"state":"pre-added","who":["user:SDTEF"],"prob":1},"fields":{},"normalizations":{}},{"classId":"e_4","part":"s1p69","offsets":[{"start":7363,"text":"The Alliance for Regional Solutions is grateful to Poway for past support provided to our Bridge to Housing network. With the expansion to meet the pressing needs of homeless individuals and families comes increased costs"}],"coordinates":[],"confidence":{"state":"pre-added","who":["user:SDTEF"],"prob":1},"fields":{},"normalizations":{}},{"classId":"e_4","part":"s1p69","offsets":[{"start":7586,"text":"Funding covers such expenses as staffing, operational costs, and direct program services."}],"coordinates":[],"confidence":{"state":"pre-added","who":["user:SDTEF"],"prob":1},"fields":{},"normalizations":{}},{"classId":"e_4","part":"s1p69","offsets":[{"start":7676,"text":"Staffing plans include onsite case managers, night security staff and medical assessment staff that will assist shelter participants."}],"coordinates":[],"confidence":{"state":"pre-added","who":["user:SDTEF"],"prob":1},"fields":{},"normalizations":{}},{"classId":"e_6","part":"s1p69","offsets":[{"start":7975,"text":"Evaluators from the Regional Task Force on the Homeless will continue to track the quantitative and qualitative aspects of the system performance and provide a season end ( applicable specifically to the three year- round emergency shelters) report on impac"}],"coordinates":[],"confidence":{"state":"pre-added","who":["user:SDTEF"],"prob":1},"fields":{},"normalizations":{}},{"classId":"e_1","part":"s1p69","offsets":[{"start":8366,"text":"Interfaith Community Services,"}],"coordinates":[],"confidence":{"state":"pre-added","who":["ml:regex"],"prob":0.5},"fields":{},"normalizations":{}},{"classId":"e_7","part":"s1p71","offsets":[{"start":0,"text":"City of Poway"}],"coordinates":[],"confidence":{"state":"pre-added","who":["ml:regex"],"prob":0.5},"fields":{},"normalizations":{}}],"relations":[]}