{"annotatable":{"parts":["s1v1","s2v1","s3v1","s4v1","s5v1","s6v1","s7v1","s8v1","s9v1"]},"anncomplete":true,"sources":[{"name":"ORIG","id":"CONTRACT_539655_Amendmen_07072016.pdf","url":""}],"metas":{"m_24":{"value":"$25,000/year; $1,278,629","confidence":{"state":"pre-added","who":["user:SDTEF"],"prob":1}},"m_20":{"value":"individuals and families","confidence":{"state":"pre-added","who":["user:SDTEF"],"prob":1}},"m_22":{"value":"transitional and perm housing, employment, case management, support","confidence":{"state":"pre-added","who":["user:SDTEF"],"prob":1}},"m_21":{"value":"Federal Poverty Level income","confidence":{"state":"pre-added","who":["user:SDTEF"],"prob":1}},"m_23":{"value":"county and CBDG funds","confidence":{"state":"pre-added","who":["user:SDTEF"],"prob":1}}},"entities":[{"classId":"e_19","part":"s1v1","offsets":[{"start":0,"text":"2916/86/28 AMi1:49 3is\n\nCOUNTY OF SAN DIEGO- DEPARTMENT OF PURCHASING AND CONTRACTING CONTRACT 539655 AMENDMENT !!"}],"coordinates":[{"x":"73.13","y":"17.42"},{"x":"403.98","y":"57.18"}],"confidence":{"state":"pre-added","who":["user:SDTEF"],"prob":1},"fields":{},"normalizations":{}},{"classId":"e_7","part":"s1v1","offsets":[{"start":24,"text":"COUNTY OF SAN DIEGO"}],"coordinates":[],"confidence":{"state":"","who":["ml:nalaf"],"prob":0.9636501580104594},"fields":{},"normalizations":{}},{"classId":"e_1","part":"s1v1","offsets":[{"start":119,"text":"Interfaith Shelter Network"}],"coordinates":[],"confidence":{"state":"","who":["ml:nalaf"],"prob":0.9564735728539112},"fields":{},"normalizations":{}},{"classId":"e_5","part":"s1v1","offsets":[{"start":164,"text":"Pursuant"}],"coordinates":[],"confidence":{"state":"","who":["ml:nalaf"],"prob":0.6978333949700062},"fields":{},"normalizations":{}},{"classId":"e_4","part":"s1v1","offsets":[{"start":349,"text":"Statement of Work"}],"coordinates":[],"confidence":{"state":"","who":["ml:nalaf"],"prob":0.9000133398683529},"fields":{},"normalizations":{}},{"classId":"e_4","part":"s1v1","offsets":[{"start":388,"text":"Temporary Shelter Network Services"}],"coordinates":[],"confidence":{"state":"pre-added","who":["ml:nalaf","user:SDTEF"],"prob":1},"fields":{},"normalizations":{}},{"classId":"e_4","part":"s1v1","offsets":[{"start":493,"text":"s"}],"coordinates":[],"confidence":{"state":"pre-added","who":["ml:regex"],"prob":0.5},"fields":{},"normalizations":{}},{"classId":"e_5","part":"s1v1","offsets":[{"start":523,"text":"Contract"}],"coordinates":[],"confidence":{"state":"","who":["ml:nalaf"],"prob":0.802207874223189},"fields":{},"normalizations":{}},{"classId":"e_8","part":"s1v1","offsets":[{"start":523,"text":"Contract is extended for five (5) option years through June 30,2021"}],"coordinates":[],"confidence":{"state":"","who":["ml:nalaf"],"prob":0.8755209334040963},"fields":{},"normalizations":{}},{"classId":"e_4","part":"s1v1","offsets":[{"start":646,"text":"2."}],"coordinates":[],"confidence":{"state":"","who":["ml:nalaf"],"prob":0.7074361195221577},"fields":{},"normalizations":{}},{"classId":"e_6","part":"s1v1","offsets":[{"start":646,"text":"2."}],"coordinates":[],"confidence":{"state":"","who":["ml:nalaf"],"prob":0.8302073856479188},"fields":{},"normalizations":{}},{"classId":"e_5","part":"s1v1","offsets":[{"start":649,"text":"The"}],"coordinates":[],"confidence":{"state":"pre-removed","who":["ml:nalaf","ml:regex"],"prob":0.5},"fields":{},"normalizations":{}},{"classId":"e_4","part":"s1v1","offsets":[{"start":848,"text":"s"}],"coordinates":[],"confidence":{"state":"pre-added","who":["ml:regex"],"prob":0.5},"fields":{},"normalizations":{}},{"classId":"e_4","part":"s1v1","offsets":[{"start":1024,"text":"Agreement Term: \"2011\" and \"2012\" are removed and replaced with \"1998\" and \"1999\", respectively."}],"coordinates":[],"confidence":{"state":"","who":["ml:nalaf"],"prob":0.9516670088305088},"fields":{},"normalizations":{}},{"classId":"e_8","part":"s1v1","offsets":[{"start":1024,"text":"Agreement Term: \"2011\" and \"2012\" are removed and replaced with \"1998\" and \"1999\", respectively."}],"coordinates":[],"confidence":{"state":"","who":["ml:nalaf"],"prob":0.9043161008876182},"fields":{},"normalizations":{}},{"classId":"e_8","part":"s1v1","offsets":[{"start":1172,"text":"option years is changed from \"four\" to \"twenty-two\", and the not to exceed date is changed from \"June 30, 2016\" to \"June 30, 2021\"."}],"coordinates":[],"confidence":{"state":"","who":["ml:nalaf"],"prob":0.6166872049511444},"fields":{},"normalizations":{}},{"classId":"e_5","part":"s1v1","offsets":[{"start":1304,"text":"The"}],"coordinates":[],"confidence":{"state":"pre-removed","who":["ml:nalaf","ml:regex"],"prob":0.5},"fields":{},"normalizations":{}},{"classId":"e_2","part":"s1v1","offsets":[{"start":1453,"text":"Funding in the amount of $444,066.00 for the contract period of July I, 1998 through June 30, 2003, is added."}],"coordinates":[],"confidence":{"state":"","who":["ml:nalaf"],"prob":0.9496246266563687},"fields":{},"normalizations":{}},{"classId":"e_2","part":"s1v1","offsets":[{"start":1453,"text":"Funding in the amount of $444,066.00 for the contract period of July I, 1998 through June 30, 2003, is added."}],"coordinates":[],"confidence":{"state":"pre-added","who":["ml:nalaf","user:SDTEF"],"prob":1},"fields":{},"normalizations":{}},{"classId":"e_8","part":"s1v1","offsets":[{"start":1517,"text":"July I, 1998 through June 30, 2003"}],"coordinates":[],"confidence":{"state":"","who":["ml:nalaf"],"prob":0.9379182587177586},"fields":{},"normalizations":{}},{"classId":"e_2","part":"s1v1","offsets":[{"start":1563,"text":"n. Funding in the amount of$709,563.00 for the contract period ofJuly 1, 2003 through June 30,2016, is added."}],"coordinates":[],"confidence":{"state":"","who":["ml:nalaf"],"prob":0.9193952119963948},"fields":{},"normalizations":{}},{"classId":"e_2","part":"s1v1","offsets":[{"start":1563,"text":"n. Funding in the amount of$709,563.00 for the contract period ofJuly 1, 2003 through June 30,2016, is added."}],"coordinates":[],"confidence":{"state":"pre-added","who":["ml:nalaf","user:SDTEF"],"prob":1},"fields":{},"normalizations":{}},{"classId":"e_8","part":"s1v1","offsets":[{"start":1628,"text":"July 1, 2003 through June 30,2016"}],"coordinates":[],"confidence":{"state":"","who":["ml:nalaf"],"prob":0.8658320949404487},"fields":{},"normalizations":{}},{"classId":"e_5","part":"s1v1","offsets":[{"start":1673,"text":"iii."}],"coordinates":[],"confidence":{"state":"","who":["ml:nalaf"],"prob":0.6078881291639231},"fields":{},"normalizations":{}},{"classId":"e_6","part":"s1v1","offsets":[{"start":1673,"text":"iii."}],"coordinates":[],"confidence":{"state":"","who":["ml:nalaf"],"prob":0.7801661134311118},"fields":{},"normalizations":{}},{"classId":"e_2","part":"s1v1","offsets":[{"start":1678,"text":"Funding in the amount of$25,000.00 for each of the five (5) subsequent option years from July I, 2016 through June 30,2021, for a total of$125,000.00, is added."}],"coordinates":[],"confidence":{"state":"","who":["ml:nalaf"],"prob":0.9521677940061053},"fields":{},"normalizations":{}},{"classId":"e_2","part":"s1v1","offsets":[{"start":1678,"text":"Funding in the amount of$25,000.00 for each of the five (5) subsequent option years from July I, 2016 through June 30,2021, for a total of$125,000.00, is added."}],"coordinates":[],"confidence":{"state":"pre-added","who":["ml:nalaf","user:SDTEF"],"prob":1},"fields":{},"normalizations":{}},{"classId":"e_8","part":"s1v1","offsets":[{"start":1767,"text":"July I, 2016 through June 30,2021"}],"coordinates":[],"confidence":{"state":"","who":["ml:nalaf"],"prob":0.9557097192792896},"fields":{},"normalizations":{}},{"classId":"e_5","part":"s1v1","offsets":[{"start":1839,"text":"iv."}],"coordinates":[],"confidence":{"state":"","who":["ml:nalaf"],"prob":0.5622790962621995},"fields":{},"normalizations":{}},{"classId":"e_6","part":"s1v1","offsets":[{"start":1839,"text":"iv."}],"coordinates":[],"confidence":{"state":"","who":["ml:nalaf"],"prob":0.6900924979479608},"fields":{},"normalizations":{}},{"classId":"e_2","part":"s1v1","offsets":[{"start":1843,"text":"The total contract amount is increased to $1,278,629.00 through June 30, 2021."}],"coordinates":[],"confidence":{"state":"","who":["ml:nalaf"],"prob":0.9449507762868121},"fields":{},"normalizations":{}},{"classId":"e_5","part":"s1v1","offsets":[{"start":1843,"text":"The"}],"coordinates":[],"confidence":{"state":"pre-removed","who":["ml:nalaf","ml:regex"],"prob":0.5},"fields":{},"normalizations":{}},{"classId":"e_2","part":"s1v1","offsets":[{"start":1843,"text":"The total contract amount is increased to $1,278,629.00 through June 30, 2021."}],"coordinates":[],"confidence":{"state":"pre-added","who":["ml:nalaf","user:SDTEF"],"prob":1},"fields":{},"normalizations":{}},{"classId":"e_4","part":"s1v1","offsets":[{"start":2101,"text":"2."}],"coordinates":[],"confidence":{"state":"","who":["ml:nalaf"],"prob":0.7074361195221577},"fields":{},"normalizations":{}},{"classId":"e_6","part":"s1v1","offsets":[{"start":2101,"text":"2."}],"coordinates":[],"confidence":{"state":"","who":["ml:nalaf"],"prob":0.8302073856479188},"fields":{},"normalizations":{}},{"classId":"e_4","part":"s1v1","offsets":[{"start":2104,"text":"Exhibit A, Performance Work Statement, is modified as follows: a. Section 2, Background: The third and fourth paragraphs regarding Live Well San Diego are revised to include minor word changes. b. Paragraphs 3.1, Bed Nights, and 3.2, Transitional or Permanent Housing: \"the period of July I, 2014 through June 30, 2015\" is removed and replaced with \"each Fiscal Year 2016-2017 through Fiscal Year 2020-2021 \". c. Paragraphs 3.3, Jobs or Other Source of Income, through and including 3.9, Transitional or Permanent Housing, are removed, and 3.10, Jobs/Source of Income, is re-numbered 3.3 and revised to replace \"for the period of July I, 2014 through June 30, 2015\" with \"each Fiscal Year 2016-2017 through Fiscal Year 2020-2021\". d. Section 10, Health Insurance, is removed as it is included in the Agreement as Paragraph 16.22 under Article 16"}],"coordinates":[{"x":"71.87","y":"351.39"},{"x":"538.60","y":"448.35"}],"confidence":{"state":"pre-added","who":["user:SDTEF"],"prob":1},"fields":{},"normalizations":{}},{"classId":"e_2","part":"s1v1","offsets":[{"start":2298,"text":"b."}],"coordinates":[],"confidence":{"state":"","who":["ml:nalaf"],"prob":0.47691310673138415},"fields":{},"normalizations":{}},{"classId":"e_4","part":"s1v1","offsets":[{"start":2298,"text":"b."}],"coordinates":[],"confidence":{"state":"","who":["ml:nalaf"],"prob":0.5107086903632737},"fields":{},"normalizations":{}},{"classId":"e_5","part":"s1v1","offsets":[{"start":2298,"text":"b."}],"coordinates":[],"confidence":{"state":"","who":["ml:nalaf"],"prob":0.8345632924368913},"fields":{},"normalizations":{}},{"classId":"e_6","part":"s1v1","offsets":[{"start":2298,"text":"b."}],"coordinates":[],"confidence":{"state":"","who":["ml:nalaf"],"prob":0.8769682509394141},"fields":{},"normalizations":{}},{"classId":"e_2","part":"s1v1","offsets":[{"start":2301,"text":"Paragraphs 3.1, Bed Nights, and 3.2, Transitional or Permanent Housing: \"the period of July I, 2014 through June 30, 2015\" is removed and replaced with \"each Fiscal Year 2016-2017 through Fiscal Year 2020-2021 \"."}],"coordinates":[],"confidence":{"state":"","who":["ml:nalaf"],"prob":0.7080152613809765},"fields":{},"normalizations":{}},{"classId":"e_4","part":"s1v1","offsets":[{"start":2301,"text":"Paragraphs 3.1, Bed Nights, and 3.2, Transitional or Permanent Housing: \"the period of July I, 2014 through June 30, 2015\" is removed and replaced with \"each Fiscal Year 2016-2017 through Fiscal Year 2020-2021 \"."}],"coordinates":[],"confidence":{"state":"","who":["ml:nalaf"],"prob":0.8634894917508901},"fields":{},"normalizations":{}},{"classId":"e_8","part":"s1v1","offsets":[{"start":2388,"text":"July I, 2014 through June 30, 2015\" is removed and replaced with \"each Fiscal Year 2016-2017 through Fiscal Year 2020-2021 \"."}],"coordinates":[],"confidence":{"state":"","who":["ml:nalaf"],"prob":0.8791520642026173},"fields":{},"normalizations":{}},{"classId":"e_2","part":"s1v1","offsets":[{"start":2662,"text":"of Income, is re-numbered 3.3 and revised to replace \"for the period of July I, 2014 through June 30, 2015\" with \"each Fiscal Year 2016-2017 through Fiscal Year 2020-2021\"."}],"coordinates":[],"confidence":{"state":"","who":["ml:nalaf"],"prob":0.8801494953350602},"fields":{},"normalizations":{}},{"classId":"e_8","part":"s1v1","offsets":[{"start":2734,"text":"July I, 2014 through June 30, 2015\" with \"each Fiscal Year 2016-2017 through Fiscal Year 2020-2021\"."}],"coordinates":[],"confidence":{"state":"","who":["ml:nalaf"],"prob":0.8766038102274492},"fields":{},"normalizations":{}},{"classId":"e_4","part":"s1v1","offsets":[{"start":2952,"text":"3."}],"coordinates":[],"confidence":{"state":"","who":["ml:nalaf"],"prob":0.755440922352103},"fields":{},"normalizations":{}},{"classId":"e_6","part":"s1v1","offsets":[{"start":2952,"text":"3."}],"coordinates":[],"confidence":{"state":"","who":["ml:nalaf"],"prob":0.792464816026335},"fields":{},"normalizations":{}},{"classId":"e_2","part":"s1v1","offsets":[{"start":2955,"text":"Exhibit C, Payment Schedule, is modified as follows: a."}],"coordinates":[],"confidence":{"state":"","who":["ml:nalaf"],"prob":0.9081951943112169},"fields":{},"normalizations":{}},{"classId":"e_2","part":"s1v1","offsets":[{"start":3134,"text":"The sentence below the table is revised to replace the words \"for the period July 1, 2015 through June 30 2016.\""}],"coordinates":[],"confidence":{"state":"","who":["ml:nalaf"],"prob":0.815405309705028},"fields":{},"normalizations":{}},{"classId":"e_5","part":"s1v1","offsets":[{"start":3134,"text":"The"}],"coordinates":[],"confidence":{"state":"pre-removed","who":["ml:nalaf","ml:regex"],"prob":0.5},"fields":{},"normalizations":{}},{"classId":"e_8","part":"s1v1","offsets":[{"start":3204,"text":"period July 1, 2015 through June 30 2016.\""}],"coordinates":[],"confidence":{"state":"","who":["ml:nalaf"],"prob":0.8333290058919645},"fields":{},"normalizations":{}},{"classId":"e_2","part":"s1v1","offsets":[{"start":3247,"text":"with \"per year for each Fiscal Year 2016-2017 through Fiscal Year 2020-2021.\""}],"coordinates":[],"confidence":{"state":"","who":["ml:nalaf"],"prob":0.8322179154447723},"fields":{},"normalizations":{}},{"classId":"e_4","part":"s1v1","offsets":[{"start":3247,"text":"with \"per year for each Fiscal Year 2016-2017 through Fiscal Year 2020-2021.\""}],"coordinates":[],"confidence":{"state":"","who":["ml:nalaf"],"prob":0.9134617628760986},"fields":{},"normalizations":{}},{"classId":"e_6","part":"s1v1","offsets":[{"start":3247,"text":"with \"per year for each Fiscal Year 2016-2017 through Fiscal Year 2020-2021."}],"coordinates":[],"confidence":{"state":"","who":["ml:nalaf"],"prob":0.9027736740945768},"fields":{},"normalizations":{}},{"classId":"e_8","part":"s1v1","offsets":[{"start":3247,"text":"with \"per year for each Fiscal Year 2016-2017 through Fiscal Year 2020-2021"}],"coordinates":[],"confidence":{"state":"","who":["ml:nalaf"],"prob":0.9075660122020388},"fields":{},"normalizations":{}},{"classId":"e_4","part":"s1v1","offsets":[{"start":3439,"text":"3."}],"coordinates":[],"confidence":{"state":"","who":["ml:nalaf"],"prob":0.755440922352103},"fields":{},"normalizations":{}},{"classId":"e_6","part":"s1v1","offsets":[{"start":3439,"text":"3."}],"coordinates":[],"confidence":{"state":"","who":["ml:nalaf"],"prob":0.792464816026335},"fields":{},"normalizations":{}},{"classId":"e_5","part":"s1v1","offsets":[{"start":3562,"text":"Page"}],"coordinates":[],"confidence":{"state":"","who":["ml:nalaf"],"prob":0.8181807598171089},"fields":{},"normalizations":{}},{"classId":"e_6","part":"s1v1","offsets":[{"start":3562,"text":"Page I of2\n\nCONTRACT #539655 AMENDMENT #II"}],"coordinates":[],"confidence":{"state":"","who":["ml:nalaf"],"prob":0.7834327080205779},"fields":{},"normalizations":{}},{"classId":"e_7","part":"s2v1","offsets":[{"start":0,"text":"COUNTY OF SAN DIEGO"}],"coordinates":[],"confidence":{"state":"","who":["ml:nalaf"],"prob":0.9778408453160763},"fields":{},"normalizations":{}},{"classId":"e_2","part":"s2v1","offsets":[{"start":212,"text":"We, the undersigned Contractor, have given careful consideration to the change proposed and hereby agree, if this proposed change is approved, that we will provide all equipment, furnish nil materials, except as may otherwise be noted above, and perform all services necessary for the work specified herein, and will accctJt as full (Jayment $25,000.00 per year for each Fiscal Year 2016-2017 through Fiscal YeRr 2020-2021 for a total increAse of $125,000.00."}],"coordinates":[],"confidence":{"state":"","who":["ml:nalaf"],"prob":0.9650620784870991},"fields":{},"normalizations":{}},{"classId":"e_5","part":"s2v1","offsets":[{"start":212,"text":"We"}],"coordinates":[],"confidence":{"state":"","who":["ml:nalaf"],"prob":0.6881857050369321},"fields":{},"normalizations":{}},{"classId":"e_8","part":"s2v1","offsets":[{"start":583,"text":"Fiscal Year 2016-2017 through Fiscal YeRr 2020-2021"}],"coordinates":[],"confidence":{"state":"","who":["ml:nalaf"],"prob":0.6304777668905469},"fields":{},"normalizations":{}},{"classId":"e_2","part":"s2v1","offsets":[{"start":734,"text":"Tl~:8,629.00."}],"coordinates":[],"confidence":{"state":"","who":["ml:nalaf"],"prob":0.656135493845085},"fields":{},"normalizations":{}},{"classId":"e_5","part":"s2v1","offsets":[{"start":749,"text":"By"}],"coordinates":[],"confidence":{"state":"","who":["ml:nalaf"],"prob":0.656867654645701},"fields":{},"normalizations":{}},{"classId":"e_1","part":"s2v1","offsets":[{"start":829,"text":"Interfaith Shelter Network"}],"coordinates":[],"confidence":{"state":"","who":["ml:nalaf"],"prob":0.9307125588164095},"fields":{},"normalizations":{}},{"classId":"e_1","part":"s2v1","offsets":[{"start":856,"text":"San Diego 3530 'camino del Rio North, Ste. 30 I San Diego, CA 92101 (619) 1o2-s39~"}],"coordinates":[{"x":"190.15","y":"273.28"},{"x":"149.28","y":"312.24"}],"confidence":{"state":"pre-added","who":["user:SDTEF"],"prob":1},"fields":{},"normalizations":{}},{"classId":"e_4","part":"s2v1","offsets":[{"start":1149,"text":"s"}],"coordinates":[],"confidence":{"state":"pre-added","who":["ml:regex"],"prob":0.5},"fields":{},"normalizations":{}},{"classId":"e_1","part":"s3v1","offsets":[{"start":45,"text":"INTERFAITH SHELTER NETWORK SAN DIEGO FOR TEMPORARY SHELTER NETWORK SERVICES"}],"coordinates":[],"confidence":{"state":"","who":["ml:nalaf"],"prob":0.7017315819265973},"fields":{},"normalizations":{}},{"classId":"e_5","part":"s3v1","offsets":[{"start":154,"text":"This"}],"coordinates":[],"confidence":{"state":"","who":["ml:nalaf"],"prob":0.9059573250830377},"fields":{},"normalizations":{}},{"classId":"e_5","part":"s3v1","offsets":[{"start":350,"text":"The"}],"coordinates":[],"confidence":{"state":"pre-removed","who":["ml:nalaf","ml:regex"],"prob":0.5},"fields":{},"normalizations":{}},{"classId":"e_8","part":"s3v1","offsets":[{"start":394,"text":"two (22) increments of one (1) year each for a total of twenty-two (22) years beyond the expiration of the Initial Term, not to exceed June 30, 2021"}],"coordinates":[],"confidence":{"state":"","who":["ml:nalaf"],"prob":0.7111009284276478},"fields":{},"normalizations":{}},{"classId":"e_2","part":"s3v1","offsets":[{"start":584,"text":"Unless County notifies Contractor in writing, not less than thirty (30) days prior to the expiration date that they do not intend to renew the Agreement, the Agreement will be automatically renewed for another year."}],"coordinates":[],"confidence":{"state":"","who":["ml:nalaf"],"prob":0.76861440515975},"fields":{},"normalizations":{}},{"classId":"e_6","part":"s3v1","offsets":[{"start":584,"text":"Unless County notifies Contractor in writing, not less than thirty (30) days prior to the expiration date that they do not intend to renew the Agreement, the Agreement will be automatically renewed for another year."}],"coordinates":[],"confidence":{"state":"","who":["ml:nalaf"],"prob":0.9745667055341757},"fields":{},"normalizations":{}},{"classId":"e_8","part":"s3v1","offsets":[{"start":607,"text":"Contractor in writing, not less than thirty (30) days prior to the expiration date that they do not intend to renew the Agreement, the Agreement will be automatically renewed for another year."}],"coordinates":[],"confidence":{"state":"","who":["ml:nalaf"],"prob":0.7399777298286659},"fields":{},"normalizations":{}},{"classId":"e_5","part":"s3v1","offsets":[{"start":801,"text":"The"}],"coordinates":[],"confidence":{"state":"pre-removed","who":["ml:nalaf","ml:regex"],"prob":0.5},"fields":{},"normalizations":{}},{"classId":"e_5","part":"s3v1","offsets":[{"start":1076,"text":"All"}],"coordinates":[],"confidence":{"state":"","who":["ml:nalaf"],"prob":0.9287906854104323},"fields":{},"normalizations":{}},{"classId":"e_2","part":"s3v1","offsets":[{"start":1130,"text":"COMPENSATION."}],"coordinates":[],"confidence":{"state":"","who":["ml:nalaf"],"prob":0.5141941157770347},"fields":{},"normalizations":{}},{"classId":"e_2","part":"s3v1","offsets":[{"start":1144,"text":"Pursuant to Exhibit C, County agrees to pay Contractor a sum of Four Hundred Forty Four Thousand Sixty-Six dollars ($444,066.00) for the period of July 1, 1998 through June 30, 2003, Seven Hundred Nine Thousand Five Hundred Sixty Three dollars ($709,563.00) for the period of July I, 2003 through June 30, 2016, and Twenty Five Thousand dollars ($25,000.00) for each subsequent five (5) option years (19 through 23) of this Agreement for a maximum Agreement amount of One Million Two Hundred and Seventy Eight Thousand Six Hundred Twenty Nine dollars ($1,278,629.00) in accordance with the method of payment stipulated in Article 4."}],"coordinates":[],"confidence":{"state":"","who":["ml:nalaf"],"prob":0.9735335951957718},"fields":{},"normalizations":{}},{"classId":"e_5","part":"s3v1","offsets":[{"start":1144,"text":"Pursuant"}],"coordinates":[],"confidence":{"state":"","who":["ml:nalaf"],"prob":0.6900807269065214},"fields":{},"normalizations":{}},{"classId":"e_8","part":"s3v1","offsets":[{"start":1281,"text":"period of July 1, 1998 through June 30, 2003"}],"coordinates":[],"confidence":{"state":"","who":["ml:nalaf"],"prob":0.8477831237505946},"fields":{},"normalizations":{}},{"classId":"e_8","part":"s3v1","offsets":[{"start":1420,"text":"July I, 2003 through June 30, 2016"}],"coordinates":[],"confidence":{"state":"","who":["ml:nalaf"],"prob":0.9490125503702725},"fields":{},"normalizations":{}},{"classId":"e_2","part":"s3v1","offsets":[{"start":1777,"text":"It is understood that the parties will meet and confer on the contract price if adjustments are made to the scope of work for an extension of the term or terms."}],"coordinates":[],"confidence":{"state":"","who":["ml:nalaf"],"prob":0.9464541511849002},"fields":{},"normalizations":{}},{"classId":"e_5","part":"s3v1","offsets":[{"start":1777,"text":"It"}],"coordinates":[],"confidence":{"state":"","who":["ml:nalaf"],"prob":0.7890777745353937},"fields":{},"normalizations":{}},{"classId":"e_4","part":"s3v1","offsets":[{"start":1885,"text":"scope of work"}],"coordinates":[],"confidence":{"state":"","who":["ml:nalaf"],"prob":0.868066396513623},"fields":{},"normalizations":{}},{"classId":"e_2","part":"s3v1","offsets":[{"start":1938,"text":"These discussions shall not obligate either party to make a requested adjustment to the scope of work or price except as otherwise set forth in this Agreement, nor shall it relieve either party of its obligations under the Agreement."}],"coordinates":[],"confidence":{"state":"","who":["ml:nalaf"],"prob":0.9791585243201957},"fields":{},"normalizations":{}},{"classId":"e_5","part":"s3v1","offsets":[{"start":1938,"text":"These"}],"coordinates":[],"confidence":{"state":"","who":["ml:nalaf"],"prob":0.8007600626160561},"fields":{},"normalizations":{}},{"classId":"e_4","part":"s3v1","offsets":[{"start":2026,"text":"scope of work"}],"coordinates":[],"confidence":{"state":"","who":["ml:nalaf"],"prob":0.8624260013204701},"fields":{},"normalizations":{}},{"classId":"e_2","part":"s3v1","offsets":[{"start":2173,"text":"COR"}],"coordinates":[],"confidence":{"state":"","who":["ml:nalaf"],"prob":0.4068263823566498},"fields":{},"normalizations":{}},{"classId":"e_5","part":"s3v1","offsets":[{"start":2178,"text":"The"}],"coordinates":[],"confidence":{"state":"pre-removed","who":["ml:nalaf","ml:regex"],"prob":0.5},"fields":{},"normalizations":{}},{"classId":"e_4","part":"s3v1","offsets":[{"start":2256,"text":"s"}],"coordinates":[],"confidence":{"state":"pre-added","who":["ml:regex"],"prob":0.5},"fields":{},"normalizations":{}},{"classId":"e_1","part":"s3v1","offsets":[{"start":2441,"text":"CONTRACTOR'S REPRESENTATIVE."}],"coordinates":[],"confidence":{"state":"","who":["ml:nalaf"],"prob":0.8066628476829744},"fields":{},"normalizations":{}},{"classId":"e_5","part":"s3v1","offsets":[{"start":2470,"text":"The"}],"coordinates":[],"confidence":{"state":"pre-removed","who":["ml:nalaf","ml:regex"],"prob":0.5},"fields":{},"normalizations":{}},{"classId":"e_1","part":"s3v1","offsets":[{"start":2561,"text":"Trisha Brereton 3530 Camino del Rio North, Ste. 301 San Diego, CA 921 0 I Phone: (619) 702-5399 Fax: (619) 238-1526 E-mail: trisha@interfaithshelter.org"}],"coordinates":[{"x":"274.96","y":"432.15"},{"x":"467.89","y":"471.59"}],"confidence":{"state":"pre-added","who":["user:SDTEF"],"prob":1},"fields":{},"normalizations":{}},{"classId":"e_19","part":"s4v1","offsets":[{"start":0,"text":"COUNTY CONTRACT NUMEBR 539655"}],"coordinates":[{"x":"206.92","y":"42.93"},{"x":"406.84","y":"49.61"}],"confidence":{"state":"pre-added","who":["user:SDTEF"],"prob":1},"fields":{},"normalizations":{}},{"classId":"e_7","part":"s4v1","offsets":[{"start":30,"text":"COUNTY OF SAN DIEGO"}],"coordinates":[],"confidence":{"state":"","who":["ml:nalaf"],"prob":0.9349083832489151},"fields":{},"normalizations":{}},{"classId":"e_1","part":"s4v1","offsets":[{"start":99,"text":"INTERFAITH SHELTER NETWORK SAN DIEGO COUNTY FOR TEMPORARY SHELTER NETWORK SERVICES"}],"coordinates":[],"confidence":{"state":"","who":["ml:nalaf"],"prob":0.8906963416145529},"fields":{},"normalizations":{}},{"classId":"e_6","part":"s4v1","offsets":[{"start":193,"text":"PERFORMANCE WORK STATEMENT\n\n1."}],"coordinates":[],"confidence":{"state":"","who":["ml:nalaf"],"prob":0.7939172581121874},"fields":{},"normalizations":{}},{"classId":"e_4","part":"s4v1","offsets":[{"start":224,"text":"SCOPE OF WORK\n\nContractor shall assist homeless individuals and families in securing permanent housing and income, by providing case management and support services from neighborhood agencies, and shelter, food, showers, hygiene items and moral support at religious congregation facilities"}],"coordinates":[],"confidence":{"state":"","who":["ml:nalaf"],"prob":0.9597342178546164},"fields":{},"normalizations":{}},{"classId":"e_3","part":"s4v1","offsets":[{"start":263,"text":"homeless individuals and families"}],"coordinates":[],"confidence":{"state":"","who":["ml:nalaf"],"prob":0.5997372949999438},"fields":{},"normalizations":{}},{"classId":"e_3","part":"s4v1","offsets":[{"start":551,"text":"families"}],"coordinates":[],"confidence":{"state":"pre-removed","who":["ml:nalaf","ml:regex"],"prob":0.5},"fields":{},"normalizations":{}},{"classId":"e_2","part":"s4v1","offsets":[{"start":1058,"text":"The Rotational Shelter Program provides up to 48 extra shelter beds in the County for up to seven (7) months during cold-weather season, from October through April, without building new shelters or hiring staff."}],"coordinates":[],"confidence":{"state":"","who":["ml:nalaf"],"prob":0.8984258967441247},"fields":{},"normalizations":{}},{"classId":"e_5","part":"s4v1","offsets":[{"start":1058,"text":"The"}],"coordinates":[],"confidence":{"state":"pre-removed","who":["ml:nalaf","ml:regex"],"prob":0.5},"fields":{},"normalizations":{}},{"classId":"e_6","part":"s4v1","offsets":[{"start":1058,"text":"The Rotational Shelter Program provides up to 48 extra shelter beds in the County for up to seven (7) months during cold-weather season, from October through April, without building new shelters or hiring staff."}],"coordinates":[],"confidence":{"state":"","who":["ml:nalaf"],"prob":0.9842529695195471},"fields":{},"normalizations":{}},{"classId":"e_4","part":"s4v1","offsets":[{"start":1062,"text":"Rotational Shelter Program"}],"coordinates":[],"confidence":{"state":"","who":["ml:nalaf"],"prob":0.9449662961526585},"fields":{},"normalizations":{}},{"classId":"e_5","part":"s4v1","offsets":[{"start":1271,"text":"The"}],"coordinates":[],"confidence":{"state":"pre-removed","who":["ml:nalaf","ml:regex"],"prob":0.5},"fields":{},"normalizations":{}},{"classId":"e_6","part":"s4v1","offsets":[{"start":1271,"text":"The experience gained from over 26 years, the program emphasizes the importance of properly screening, preparing and maintaining regular contact with the homeless guests."}],"coordinates":[],"confidence":{"state":"","who":["ml:nalaf"],"prob":0.9807266819506346},"fields":{},"normalizations":{}},{"classId":"e_8","part":"s4v1","offsets":[{"start":1271,"text":"The experience gained from over 26 years, the program emphasizes the importance of properly screening, preparing and maintaining regular contact with the homeless guests."}],"coordinates":[],"confidence":{"state":"","who":["ml:nalaf"],"prob":0.7949679002747205},"fields":{},"normalizations":{}},{"classId":"e_5","part":"s4v1","offsets":[{"start":1442,"text":"In"}],"coordinates":[],"confidence":{"state":"","who":["ml:nalaf"],"prob":0.8277057349342453},"fields":{},"normalizations":{}},{"classId":"e_2","part":"s4v1","offsets":[{"start":1700,"text":"The program serves mentally competent homeless persons who are free of substance abuse and operates in seven (7) of the most heavily populated areas in the county."}],"coordinates":[],"confidence":{"state":"","who":["ml:nalaf"],"prob":0.9517424878090274},"fields":{},"normalizations":{}},{"classId":"e_3","part":"s4v1","offsets":[{"start":1700,"text":"The program serves mentally competent homeless persons who are free of substance abuse and operates in seven (7) of the most heavily populated areas in the county."}],"coordinates":[],"confidence":{"state":"","who":["ml:nalaf"],"prob":0.8606017417010131},"fields":{},"normalizations":{}},{"classId":"e_5","part":"s4v1","offsets":[{"start":1700,"text":"The"}],"coordinates":[],"confidence":{"state":"pre-removed","who":["ml:nalaf","ml:regex"],"prob":0.5},"fields":{},"normalizations":{}},{"classId":"e_5","part":"s4v1","offsets":[{"start":1864,"text":"The areas served are: North County: Coastal and Inland; and South and East regions of the County."}],"coordinates":[],"confidence":{"state":"","who":["ml:nalaf"],"prob":0.6780923951689631},"fields":{},"normalizations":{}},{"classId":"e_6","part":"s4v1","offsets":[{"start":1864,"text":"The areas served are: North County: Coastal and Inland; and South and East regions of the County."}],"coordinates":[],"confidence":{"state":"","who":["ml:nalaf"],"prob":0.9479008290748505},"fields":{},"normalizations":{}},{"classId":"e_2","part":"s4v1","offsets":[{"start":1962,"text":"She.lter is offered for 6 to 26 weeks in each area and a minimum of one case management agency serves each area."}],"coordinates":[],"confidence":{"state":"","who":["ml:nalaf"],"prob":0.8050022591396556},"fields":{},"normalizations":{}},{"classId":"e_4","part":"s4v1","offsets":[{"start":1962,"text":"She.lter is offered for 6 to 26 weeks in each area and a minimum of one case management agency serves each area."}],"coordinates":[],"confidence":{"state":"","who":["ml:nalaf"],"prob":0.8050543555556124},"fields":{},"normalizations":{}},{"classId":"e_5","part":"s4v1","offsets":[{"start":1962,"text":"She"}],"coordinates":[],"confidence":{"state":"","who":["ml:nalaf"],"prob":0.9365459890074872},"fields":{},"normalizations":{}},{"classId":"e_6","part":"s4v1","offsets":[{"start":1962,"text":"She.lter is offered for 6 to 26 weeks in each area and a minimum of one case management agency serves each area."}],"coordinates":[],"confidence":{"state":"","who":["ml:nalaf"],"prob":0.9725369932600495},"fields":{},"normalizations":{}},{"classId":"e_5","part":"s4v1","offsets":[{"start":2076,"text":"This program aligns with the County's Live Well San Diego Vision and other regional and county­ wide funded initiatives."}],"coordinates":[],"confidence":{"state":"","who":["ml:nalaf"],"prob":0.7990891661415752},"fields":{},"normalizations":{}},{"classId":"e_6","part":"s4v1","offsets":[{"start":2076,"text":"This program aligns with the County's Live Well San Diego Vision and other regional and county­ wide funded initiatives."}],"coordinates":[],"confidence":{"state":"","who":["ml:nalaf"],"prob":0.9742759886910999},"fields":{},"normalizations":{}},{"classId":"e_5","part":"s4v1","offsets":[{"start":2197,"text":"Live Well San Diego Vision: The County of San Diego, Health and Human Service Agency (HHSA), supports the Live Well San Diego vision of Building Better Health, Living Safely, and Thriving."}],"coordinates":[],"confidence":{"state":"","who":["ml:nalaf"],"prob":0.7632823133227521},"fields":{},"normalizations":{}},{"classId":"e_6","part":"s4v1","offsets":[{"start":2197,"text":"Live Well San Diego Vision: The County of San Diego, Health and Human Service Agency (HHSA), supports the Live Well San Diego vision of Building Better Health, Living Safely, and Thriving."}],"coordinates":[],"confidence":{"state":"","who":["ml:nalaf"],"prob":0.9756596404964407},"fields":{},"normalizations":{}},{"classId":"e_7","part":"s4v1","offsets":[{"start":2229,"text":"County of San Diego"}],"coordinates":[],"confidence":{"state":"","who":["ml:nalaf"],"prob":0.9170808318010211},"fields":{},"normalizations":{}},{"classId":"e_2","part":"s4v1","offsets":[{"start":2386,"text":"Live Well San Diego, developed by the County of San Diego, is a comprehensive, innovative regional vision that combines the efforts of partners inside and outside County government to help all residents be healthy, safe, and thriving."}],"coordinates":[],"confidence":{"state":"","who":["ml:nalaf"],"prob":0.6939406346454645},"fields":{},"normalizations":{}},{"classId":"e_5","part":"s4v1","offsets":[{"start":2386,"text":"Live Well San Diego, developed by the County of San Diego"}],"coordinates":[],"confidence":{"state":"","who":["ml:nalaf"],"prob":0.8796143937772131},"fields":{},"normalizations":{}},{"classId":"e_6","part":"s4v1","offsets":[{"start":2386,"text":"Live Well San Diego, developed by the County of San Diego, is a comprehensive, innovative regional vision that combines the efforts of partners inside and outside County government to help all residents be healthy, safe, and thriving."}],"coordinates":[],"confidence":{"state":"","who":["ml:nalaf"],"prob":0.9808825982146641},"fields":{},"normalizations":{}},{"classId":"e_7","part":"s4v1","offsets":[{"start":2424,"text":"County of San Diego"}],"coordinates":[],"confidence":{"state":"","who":["ml:nalaf"],"prob":0.936224745536423},"fields":{},"normalizations":{}},{"classId":"e_2","part":"s4v1","offsets":[{"start":2621,"text":"All HHSA partners and contractors, to the extent feasible, are expected to advance this vision."}],"coordinates":[],"confidence":{"state":"","who":["ml:nalaf"],"prob":0.8052941388258802},"fields":{},"normalizations":{}},{"classId":"e_5","part":"s4v1","offsets":[{"start":2621,"text":"All"}],"coordinates":[],"confidence":{"state":"","who":["ml:nalaf"],"prob":0.9448629405781491},"fields":{},"normalizations":{}},{"classId":"e_6","part":"s4v1","offsets":[{"start":2621,"text":"All HHSA partners and contractors, to the extent feasible, are expected to advance this vision."}],"coordinates":[],"confidence":{"state":"","who":["ml:nalaf"],"prob":0.9674078690616378},"fields":{},"normalizations":{}},{"classId":"e_8","part":"s4v1","offsets":[{"start":2621,"text":"All HHSA partners and contractors, to the extent feasible, are expected to advance this vision."}],"coordinates":[],"confidence":{"state":"","who":["ml:nalaf"],"prob":0.639245810665741},"fields":{},"normalizations":{}},{"classId":"e_4","part":"s4v1","offsets":[{"start":2717,"text":"Building Better Health focuses on improving the health of residents and supporting healthy choices."}],"coordinates":[],"confidence":{"state":"","who":["ml:nalaf"],"prob":0.8645162532310534},"fields":{},"normalizations":{}},{"classId":"e_6","part":"s4v1","offsets":[{"start":2717,"text":"Building Better Health focuses on improving the health of residents and supporting healthy choices."}],"coordinates":[],"confidence":{"state":"","who":["ml:nalaf"],"prob":0.9456959760969279},"fields":{},"normalizations":{}},{"classId":"e_3","part":"s4v1","offsets":[{"start":2817,"text":"Living Safely seeks to ensure residents are protected from crime and abuse, neighborhoods are safe, and communities are resilient to disasters and emergencies."}],"coordinates":[],"confidence":{"state":"","who":["ml:nalaf"],"prob":0.8518934707967852},"fields":{},"normalizations":{}},{"classId":"e_6","part":"s4v1","offsets":[{"start":2817,"text":"Living Safely seeks to ensure residents are protected from crime and abuse, neighborhoods are safe, and communities are resilient to disasters and emergencies."}],"coordinates":[],"confidence":{"state":"","who":["ml:nalaf"],"prob":0.9692425451406845},"fields":{},"normalizations":{}},{"classId":"e_2","part":"s4v1","offsets":[{"start":2977,"text":"Thriving focuses on promoting a region in which residents can enjoy the highest quality of life."}],"coordinates":[],"confidence":{"state":"","who":["ml:nalaf"],"prob":0.6931410080924606},"fields":{},"normalizations":{}},{"classId":"e_3","part":"s4v1","offsets":[{"start":2977,"text":"Thriving focuses on promoting a region in which residents"}],"coordinates":[],"confidence":{"state":"","who":["ml:nalaf"],"prob":0.6794118742619127},"fields":{},"normalizations":{}},{"classId":"e_5","part":"s4v1","offsets":[{"start":2977,"text":"Thriving focuses on promoting a region in which residents can enjoy the highest quality of life."}],"coordinates":[],"confidence":{"state":"","who":["ml:nalaf"],"prob":0.600540720418755},"fields":{},"normalizations":{}},{"classId":"e_6","part":"s4v1","offsets":[{"start":2977,"text":"Thriving focuses on promoting a region in which residents can enjoy the highest quality of life."}],"coordinates":[],"confidence":{"state":"","who":["ml:nalaf"],"prob":0.9544334497015257},"fields":{},"normalizations":{}},{"classId":"e_6","part":"s4v1","offsets":[{"start":3075,"text":"Information about Live Well San Diego can be found on the County's website and a website dedicated to the vision:\n\n• http://www.sdcounty.ca.gov/hhsa/programs/sd/live well san diego/index.html\n\n• http://www.LiveWeiiSD.org\n\n3."}],"coordinates":[],"confidence":{"state":"","who":["ml:nalaf"],"prob":0.9802085136711643},"fields":{},"normalizations":{}},{"classId":"e_6","part":"s4v1","offsets":[{"start":3300,"text":"PERFORMANCE DELIVERABLES/ OUTCOMES\n\n3.1 Bed Nights: Contractor shall provide a minimum of Two Thousand Sixty Nine (2,069) nights of lodging countywide (outside San Diego City limits) for each Fiscal Year 2016-2017 through 2020-2021."}],"coordinates":[],"confidence":{"state":"","who":["ml:nalaf"],"prob":0.9708632174712836},"fields":{},"normalizations":{}},{"classId":"e_8","part":"s4v1","offsets":[{"start":3492,"text":"Fiscal Year 2016-2017 through 2020-2021."}],"coordinates":[],"confidence":{"state":"","who":["ml:nalaf"],"prob":0.8137103441773303},"fields":{},"normalizations":{}},{"classId":"e_2","part":"s4v1","offsets":[{"start":3534,"text":"3.2 Transitional or Permanent Housing: Contractor shall obtain transitional or permanent housing for a minimum of Forty (40) unduplicated homeless persons countywide for each Fiscal Year 2016-2017 through 2020-2021."}],"coordinates":[],"confidence":{"state":"","who":["ml:nalaf"],"prob":0.784999936529041},"fields":{},"normalizations":{}},{"classId":"e_4","part":"s4v1","offsets":[{"start":3534,"text":"3.2 Transitional or Permanent Housing: Contractor shall obtain transitional or permanent housing for a minimum of Forty (40) unduplicated homeless persons countywide for each Fiscal Year 2016-2017 through 2020-2021."}],"coordinates":[],"confidence":{"state":"","who":["ml:nalaf"],"prob":0.9449197710673789},"fields":{},"normalizations":{}},{"classId":"e_6","part":"s4v1","offsets":[{"start":3534,"text":"3.2 Transitional or Permanent Housing: Contractor shall obtain transitional or permanent housing for a minimum of Forty (40) unduplicated homeless persons countywide for each Fiscal Year 2016-2017 through 2020-2021."}],"coordinates":[],"confidence":{"state":"","who":["ml:nalaf"],"prob":0.9584975353417204},"fields":{},"normalizations":{}},{"classId":"e_8","part":"s4v1","offsets":[{"start":3709,"text":"Fiscal Year 2016-2017 through 2020-2021."}],"coordinates":[],"confidence":{"state":"","who":["ml:nalaf"],"prob":0.8135754626196384},"fields":{},"normalizations":{}},{"classId":"e_6","part":"s4v1","offsets":[{"start":3751,"text":"Exhibit A- Performance Work Statement Interfaith Shelter Network\n\nPage 1 of 5\n\nContract No."}],"coordinates":[],"confidence":{"state":"","who":["ml:nalaf"],"prob":0.9393223429117714},"fields":{},"normalizations":{}},{"classId":"e_1","part":"s4v1","offsets":[{"start":3789,"text":"Interfaith Shelter Network"}],"coordinates":[],"confidence":{"state":"","who":["ml:nalaf"],"prob":0.9787732428606825},"fields":{},"normalizations":{}},{"classId":"e_5","part":"s4v1","offsets":[{"start":3843,"text":"539655 Amendment No."}],"coordinates":[],"confidence":{"state":"pre-removed","who":["ml:nalaf","ml:regex"],"prob":0.5},"fields":{},"normalizations":{}},{"classId":"e_6","part":"s4v1","offsets":[{"start":3843,"text":"539655 Amendment No."}],"coordinates":[],"confidence":{"state":"pre-removed","who":["ml:nalaf","ml:regex"],"prob":0.5},"fields":{},"normalizations":{}},{"classId":"e_2","part":"s4v1","offsets":[{"start":3864,"text":"11"}],"coordinates":[],"confidence":{"state":"","who":["ml:nalaf"],"prob":0.6376026262031532},"fields":{},"normalizations":{}},{"classId":"e_5","part":"s4v1","offsets":[{"start":3864,"text":"11"}],"coordinates":[],"confidence":{"state":"","who":["ml:nalaf"],"prob":0.5877260015734531},"fields":{},"normalizations":{}},{"classId":"e_6","part":"s4v1","offsets":[{"start":3864,"text":"11"}],"coordinates":[],"confidence":{"state":"","who":["ml:nalaf"],"prob":0.574987512735495},"fields":{},"normalizations":{}},{"classId":"e_8","part":"s4v1","offsets":[{"start":3864,"text":"11"}],"coordinates":[],"confidence":{"state":"","who":["ml:nalaf"],"prob":0.48704329760893367},"fields":{},"normalizations":{}},{"classId":"e_19","part":"s5v1","offsets":[{"start":0,"text":"COUNTY CONTRACT NUMEBR 539655"}],"coordinates":[],"confidence":{"state":"pre-added","who":["ml:regex"],"prob":0.5},"fields":{},"normalizations":{}},{"classId":"e_7","part":"s5v1","offsets":[{"start":30,"text":"COUNTY OF SAN DIEGO"}],"coordinates":[],"confidence":{"state":"","who":["ml:nalaf"],"prob":0.9349083832488007},"fields":{},"normalizations":{}},{"classId":"e_1","part":"s5v1","offsets":[{"start":99,"text":"INTERFAITH SHELTER NETWORK SAN DIEGO COUNTY FOR TEMPORARY SHELTER NETWORK SERVICES"}],"coordinates":[],"confidence":{"state":"","who":["ml:nalaf"],"prob":0.8903825848312433},"fields":{},"normalizations":{}},{"classId":"e_4","part":"s5v1","offsets":[{"start":246,"text":"Income: For each Fiscal Year 2016-2017 through 2020-2021, a minimum of Thirty (30) lodging guests shall obtain employment, other source of income (excluding County General Relief and CaiFresh), increased employment hours and/or health benefits through employment on or before the day they exit a countywide service location"}],"coordinates":[],"confidence":{"state":"","who":["ml:nalaf"],"prob":0.8930429389635296},"fields":{},"normalizations":{}},{"classId":"e_8","part":"s5v1","offsets":[{"start":263,"text":"Fiscal Year 2016-2017 through 2020-2021"}],"coordinates":[],"confidence":{"state":"","who":["ml:nalaf"],"prob":0.8573142694150415},"fields":{},"normalizations":{}},{"classId":"e_4","part":"s5v1","offsets":[{"start":572,"text":"4."}],"coordinates":[],"confidence":{"state":"","who":["ml:nalaf"],"prob":0.4459805936921485},"fields":{},"normalizations":{}},{"classId":"e_6","part":"s5v1","offsets":[{"start":572,"text":"4."}],"coordinates":[],"confidence":{"state":"","who":["ml:nalaf"],"prob":0.8101882624378258},"fields":{},"normalizations":{}},{"classId":"e_3","part":"s5v1","offsets":[{"start":575,"text":"TARGET POPULATION, GEOGRAPHIC SERVICE AREA, PRIMARY MONTHS OF SERVICE DELIVERY\n\n4.1 Contractor shall provide services to homeless adults and families that meet the Federal Poverty Level income limits available at: http://aspe.hhs.gov/poverty/14poverty.cfm"}],"coordinates":[],"confidence":{"state":"","who":["ml:nalaf"],"prob":0.9288180188515084},"fields":{},"normalizations":{}},{"classId":"e_6","part":"s5v1","offsets":[{"start":645,"text":"DELIVERY\n\n4.1 Contractor shall provide services to homeless adults and families that meet the Federal Poverty Level income limits available at: http://aspe.hhs.gov/poverty/14poverty.cfm\n\n4.2 Contractor shall provide service hours that are responsive to the needs of the target population."}],"coordinates":[],"confidence":{"state":"","who":["ml:nalaf"],"prob":0.9747558376359895},"fields":{},"normalizations":{}},{"classId":"e_4","part":"s5v1","offsets":[{"start":657,"text":"1 Contractor shall provide services to homeless adults and families that meet the Federal Poverty Level income limits available at: http://aspe.hhs.gov/poverty/14poverty.cfm\n\n4.2 Contractor shall provide service hours that are responsive to the needs of the target population."}],"coordinates":[],"confidence":{"state":"","who":["ml:nalaf"],"prob":0.9210198504776892},"fields":{},"normalizations":{}},{"classId":"e_4","part":"s5v1","offsets":[{"start":934,"text":"This may include evenings, weekends or hours outside"}],"coordinates":[],"confidence":{"state":"","who":["ml:nalaf"],"prob":0.9046043712039332},"fields":{},"normalizations":{}},{"classId":"e_5","part":"s5v1","offsets":[{"start":934,"text":"This"}],"coordinates":[],"confidence":{"state":"","who":["ml:nalaf"],"prob":0.8732925683645931},"fields":{},"normalizations":{}},{"classId":"e_6","part":"s5v1","offsets":[{"start":934,"text":"This may include evenings, weekends or hours outside normal business hours."}],"coordinates":[],"confidence":{"state":"","who":["ml:nalaf"],"prob":0.9566401312916722},"fields":{},"normalizations":{}},{"classId":"e_1","part":"s5v1","offsets":[{"start":1010,"text":"Contractor's"}],"coordinates":[],"confidence":{"state":"pre-removed","who":["ml:nalaf","ml:regex"],"prob":0.5},"fields":{},"normalizations":{}},{"classId":"e_5","part":"s5v1","offsets":[{"start":1010,"text":"Contractor's service sites shall comply with the requirements of the Americans with Disabilities Act and California Administrative Code Title 24."}],"coordinates":[],"confidence":{"state":"","who":["ml:nalaf"],"prob":0.9548533067162741},"fields":{},"normalizations":{}},{"classId":"e_6","part":"s5v1","offsets":[{"start":1010,"text":"Contractor's service sites shall comply with the requirements of the Americans with Disabilities Act and California Administrative Code Title 24."}],"coordinates":[],"confidence":{"state":"","who":["ml:nalaf"],"prob":0.9476759659763825},"fields":{},"normalizations":{}},{"classId":"e_6","part":"s5v1","offsets":[{"start":1157,"text":"4.3 The targeted service areas are North County: Coastal and Inland; and South and East regions of the County."}],"coordinates":[],"confidence":{"state":"","who":["ml:nalaf"],"prob":0.9691800425914946},"fields":{},"normalizations":{}},{"classId":"e_5","part":"s5v1","offsets":[{"start":1161,"text":"The targeted service areas are North County: Coastal and Inland; and South and East regions of the County."}],"coordinates":[],"confidence":{"state":"","who":["ml:nalaf"],"prob":0.9185868875059042},"fields":{},"normalizations":{}},{"classId":"e_2","part":"s5v1","offsets":[{"start":1268,"text":"The primary months of service delivery shall occur during the cold-weather season, from October to April."}],"coordinates":[],"confidence":{"state":"","who":["ml:nalaf"],"prob":0.9588785606428152},"fields":{},"normalizations":{}},{"classId":"e_4","part":"s5v1","offsets":[{"start":1268,"text":"The primary months of service delivery shall occur during the cold-weather season, from October to April."}],"coordinates":[],"confidence":{"state":"","who":["ml:nalaf"],"prob":0.7192785595813819},"fields":{},"normalizations":{}},{"classId":"e_5","part":"s5v1","offsets":[{"start":1268,"text":"The primary months of service delivery shall occur during the cold-weather season, from October to April."}],"coordinates":[],"confidence":{"state":"","who":["ml:nalaf"],"prob":0.8967052851963746},"fields":{},"normalizations":{}},{"classId":"e_8","part":"s5v1","offsets":[{"start":1268,"text":"The primary months of service delivery shall occur during the cold-weather season, from October to April."}],"coordinates":[],"confidence":{"state":"pre-added","who":["ml:nalaf","user:SDTEF"],"prob":1},"fields":{},"normalizations":{}},{"classId":"e_4","part":"s5v1","offsets":[{"start":1375,"text":"5."}],"coordinates":[],"confidence":{"state":"","who":["ml:nalaf"],"prob":0.6502771964145676},"fields":{},"normalizations":{}},{"classId":"e_6","part":"s5v1","offsets":[{"start":1375,"text":"5."}],"coordinates":[],"confidence":{"state":"","who":["ml:nalaf"],"prob":0.813902039222522},"fields":{},"normalizations":{}},{"classId":"e_3","part":"s5v1","offsets":[{"start":1594,"text":"families"}],"coordinates":[],"confidence":{"state":"pre-removed","who":["ml:nalaf","ml:regex"],"prob":0.5},"fields":{},"normalizations":{}},{"classId":"e_3","part":"s5v1","offsets":[{"start":2423,"text":"families"}],"coordinates":[],"confidence":{"state":"pre-removed","who":["ml:nalaf","ml:regex"],"prob":0.5},"fields":{},"normalizations":{}},{"classId":"e_4","part":"s5v1","offsets":[{"start":2575,"text":"5.2 Contractor shall offer services in individual and/or group settings and shall use family centered practice and a self-esteem building approach in the provision of services"}],"coordinates":[],"confidence":{"state":"","who":["ml:nalaf"],"prob":0.9536932193869496},"fields":{},"normalizations":{}},{"classId":"e_1","part":"s5v1","offsets":[{"start":2695,"text":"f"}],"coordinates":[{"x":"182.50","y":"583.79"},{"x":"185.56","y":"590.15"}],"confidence":{"state":"pre-added","who":["user:SDTEF"],"prob":1},"fields":{},"normalizations":{}},{"classId":"e_4","part":"s5v1","offsets":[{"start":2752,"text":"Contractor services shall include:"}],"coordinates":[{"x":"466.98","y":"584.34"},{"x":"157.52","y":"602.34"}],"confidence":{"state":"pre-added","who":["user:SDTEF"],"prob":1},"fields":{},"normalizations":{}},{"classId":"e_4","part":"s5v1","offsets":[{"start":2788,"text":"5.2.1 Lodging (Bed-nights)."}],"coordinates":[{"x":"95.19","y":"614.82"},{"x":"235.40","y":"621.45"}],"confidence":{"state":"pre-added","who":["user:SDTEF"],"prob":1},"fields":{},"normalizations":{}},{"classId":"e_4","part":"s5v1","offsets":[{"start":2817,"text":"5.2.2 Case Management/Problem Solving/Financial Guidance.\n\n5.2.3 At Least One Hot Meal Nightly.\n\n5.2.4 Career Guidance and Job Placement.\n\n5.2.5 Congregation Recruitment.\n\n5.2.6 Supportive Services, as available (transportation, clothing, etc.).\n\n5.2. 7 Transitional or Permanent Housing."}],"coordinates":[{"x":"95.15","y":"633.55"},{"x":"302.74","y":"733.18"}],"confidence":{"state":"pre-added","who":["user:SDTEF"],"prob":1},"fields":{},"normalizations":{}},{"classId":"e_4","part":"s5v1","offsets":[{"start":2825,"text":"s"}],"coordinates":[{"x":"144.99","y":"633.64"},{"x":"150.49","y":"640.00"}],"confidence":{"state":"pre-added","who":["user:SDTEF"],"prob":1},"fields":{},"normalizations":{}},{"classId":"e_6","part":"s5v1","offsets":[{"start":3064,"text":"5.2."}],"coordinates":[],"confidence":{"state":"","who":["ml:nalaf"],"prob":0.8075457328604843},"fields":{},"normalizations":{}},{"classId":"e_1","part":"s5v1","offsets":[{"start":3179,"text":"Interfaith Shelter Network"}],"coordinates":[],"confidence":{"state":"","who":["ml:nalaf"],"prob":0.8854322582896704},"fields":{},"normalizations":{}},{"classId":"e_2","part":"s5v1","offsets":[{"start":3221,"text":"11"}],"coordinates":[],"confidence":{"state":"","who":["ml:nalaf"],"prob":0.6376026262031532},"fields":{},"normalizations":{}},{"classId":"e_5","part":"s5v1","offsets":[{"start":3221,"text":"11"}],"coordinates":[],"confidence":{"state":"","who":["ml:nalaf"],"prob":0.5877260015734531},"fields":{},"normalizations":{}},{"classId":"e_6","part":"s5v1","offsets":[{"start":3221,"text":"11"}],"coordinates":[],"confidence":{"state":"","who":["ml:nalaf"],"prob":0.574987512735495},"fields":{},"normalizations":{}},{"classId":"e_8","part":"s5v1","offsets":[{"start":3221,"text":"11"}],"coordinates":[],"confidence":{"state":"","who":["ml:nalaf"],"prob":0.48704329760893367},"fields":{},"normalizations":{}},{"classId":"e_19","part":"s6v1","offsets":[{"start":0,"text":"COUNTY CONTRACT NUMEBR 539655"}],"coordinates":[],"confidence":{"state":"pre-added","who":["ml:regex"],"prob":0.5},"fields":{},"normalizations":{}},{"classId":"e_7","part":"s6v1","offsets":[{"start":30,"text":"COUNTY OF SAN DIEGO"}],"coordinates":[],"confidence":{"state":"","who":["ml:nalaf"],"prob":0.9349083832480867},"fields":{},"normalizations":{}},{"classId":"e_1","part":"s6v1","offsets":[{"start":99,"text":"INTERFAITH SHELTER NETWORK SAN DIEGO COUNTY FOR TEMPORARY SHELTER NETWORK SERVICES"}],"coordinates":[],"confidence":{"state":"","who":["ml:nalaf"],"prob":0.8903707301750162},"fields":{},"normalizations":{}},{"classId":"e_7","part":"s6v1","offsets":[{"start":486,"text":"County of San Diego"}],"coordinates":[],"confidence":{"state":"","who":["ml:nalaf"],"prob":0.9734357622172554},"fields":{},"normalizations":{}},{"classId":"e_1","part":"s6v1","offsets":[{"start":540,"text":"Contractor's"}],"coordinates":[],"confidence":{"state":"pre-removed","who":["ml:nalaf","ml:regex"],"prob":0.5},"fields":{},"normalizations":{}},{"classId":"e_4","part":"s6v1","offsets":[{"start":726,"text":"s"}],"coordinates":[],"confidence":{"state":"pre-added","who":["ml:regex"],"prob":0.5},"fields":{},"normalizations":{}},{"classId":"e_1","part":"s6v1","offsets":[{"start":753,"text":"Contractor's"}],"coordinates":[],"confidence":{"state":"pre-removed","who":["ml:nalaf","ml:regex"],"prob":0.5},"fields":{},"normalizations":{}},{"classId":"e_5","part":"s6v1","offsets":[{"start":851,"text":"Retention"}],"coordinates":[],"confidence":{"state":"","who":["ml:nalaf"],"prob":0.5620858897398638},"fields":{},"normalizations":{}},{"classId":"e_1","part":"s6v1","offsets":[{"start":927,"text":"Contractor's"}],"coordinates":[],"confidence":{"state":"pre-removed","who":["ml:nalaf","ml:regex"],"prob":0.5},"fields":{},"normalizations":{}},{"classId":"e_1","part":"s6v1","offsets":[{"start":1006,"text":"Contractor's"}],"coordinates":[],"confidence":{"state":"pre-removed","who":["ml:nalaf","ml:regex"],"prob":0.5},"fields":{},"normalizations":{}},{"classId":"e_4","part":"s6v1","offsets":[{"start":1083,"text":"s"}],"coordinates":[],"confidence":{"state":"pre-added","who":["ml:regex"],"prob":0.5},"fields":{},"normalizations":{}},{"classId":"e_4","part":"s6v1","offsets":[{"start":1095,"text":"s"}],"coordinates":[],"confidence":{"state":"pre-added","who":["ml:regex"],"prob":0.5},"fields":{},"normalizations":{}},{"classId":"e_4","part":"s6v1","offsets":[{"start":1636,"text":"s"}],"coordinates":[],"confidence":{"state":"pre-added","who":["ml:regex"],"prob":0.5},"fields":{},"normalizations":{}},{"classId":"e_4","part":"s6v1","offsets":[{"start":1940,"text":"s"}],"coordinates":[],"confidence":{"state":"pre-added","who":["ml:regex"],"prob":0.5},"fields":{},"normalizations":{}},{"classId":"e_4","part":"s6v1","offsets":[{"start":2259,"text":"project"}],"coordinates":[],"confidence":{"state":"","who":["ml:nalaf"],"prob":0.6196301795199275},"fields":{},"normalizations":{}},{"classId":"e_6","part":"s6v1","offsets":[{"start":2660,"text":"6."}],"coordinates":[],"confidence":{"state":"","who":["ml:nalaf"],"prob":0.7012604653055228},"fields":{},"normalizations":{}},{"classId":"e_1","part":"s6v1","offsets":[{"start":3532,"text":"Interfaith Shelter Network"}],"coordinates":[],"confidence":{"state":"","who":["ml:nalaf"],"prob":0.9789365801156613},"fields":{},"normalizations":{}},{"classId":"e_5","part":"s6v1","offsets":[{"start":3586,"text":"539655 Amendment No."}],"coordinates":[],"confidence":{"state":"pre-removed","who":["ml:nalaf","ml:regex"],"prob":0.5},"fields":{},"normalizations":{}},{"classId":"e_6","part":"s6v1","offsets":[{"start":3586,"text":"539655 Amendment No."}],"coordinates":[],"confidence":{"state":"pre-removed","who":["ml:nalaf","ml:regex"],"prob":0.5},"fields":{},"normalizations":{}},{"classId":"e_2","part":"s6v1","offsets":[{"start":3607,"text":"11"}],"coordinates":[],"confidence":{"state":"","who":["ml:nalaf"],"prob":0.6376026262031532},"fields":{},"normalizations":{}},{"classId":"e_5","part":"s6v1","offsets":[{"start":3607,"text":"11"}],"coordinates":[],"confidence":{"state":"","who":["ml:nalaf"],"prob":0.5877260015734531},"fields":{},"normalizations":{}},{"classId":"e_6","part":"s6v1","offsets":[{"start":3607,"text":"11"}],"coordinates":[],"confidence":{"state":"","who":["ml:nalaf"],"prob":0.574987512735495},"fields":{},"normalizations":{}},{"classId":"e_8","part":"s6v1","offsets":[{"start":3607,"text":"11"}],"coordinates":[],"confidence":{"state":"","who":["ml:nalaf"],"prob":0.48704329760893367},"fields":{},"normalizations":{}},{"classId":"e_19","part":"s7v1","offsets":[{"start":0,"text":"COUNTY CONTRACT NUMEBR 539655"}],"coordinates":[],"confidence":{"state":"pre-added","who":["ml:regex"],"prob":0.5},"fields":{},"normalizations":{}},{"classId":"e_7","part":"s7v1","offsets":[{"start":30,"text":"COUNTY OF SAN DIEGO"}],"coordinates":[],"confidence":{"state":"","who":["ml:nalaf"],"prob":0.9349083832489893},"fields":{},"normalizations":{}},{"classId":"e_1","part":"s7v1","offsets":[{"start":99,"text":"INTERFAITH SHELTER NETWORK SAN DIEGO COUNTY FOR TEMPORARY SHELTER NETWORK SERVICES"}],"coordinates":[],"confidence":{"state":"","who":["ml:nalaf"],"prob":0.8906966702369215},"fields":{},"normalizations":{}},{"classId":"e_3","part":"s7v1","offsets":[{"start":237,"text":"single adults"}],"coordinates":[],"confidence":{"state":"","who":["ml:nalaf"],"prob":0.4411097780821471},"fields":{},"normalizations":{}},{"classId":"e_3","part":"s7v1","offsets":[{"start":282,"text":"families"}],"coordinates":[],"confidence":{"state":"pre-removed","who":["ml:nalaf","ml:regex"],"prob":0.5},"fields":{},"normalizations":{}},{"classId":"e_7","part":"s7v1","offsets":[{"start":875,"text":"County of San Diego"}],"coordinates":[],"confidence":{"state":"","who":["ml:nalaf"],"prob":0.9801525487430531},"fields":{},"normalizations":{}},{"classId":"e_7","part":"s7v1","offsets":[{"start":1020,"text":"County of San Diego"}],"coordinates":[],"confidence":{"state":"","who":["ml:nalaf"],"prob":0.9813849169788568},"fields":{},"normalizations":{}},{"classId":"e_6","part":"s7v1","offsets":[{"start":1060,"text":"7."}],"coordinates":[],"confidence":{"state":"","who":["ml:nalaf"],"prob":0.7216282635532396},"fields":{},"normalizations":{}},{"classId":"e_8","part":"s7v1","offsets":[{"start":1060,"text":"7."}],"coordinates":[],"confidence":{"state":"","who":["ml:nalaf"],"prob":0.657631693898863},"fields":{},"normalizations":{}},{"classId":"e_4","part":"s7v1","offsets":[{"start":1265,"text":"s"}],"coordinates":[],"confidence":{"state":"pre-added","who":["ml:regex"],"prob":0.5},"fields":{},"normalizations":{}},{"classId":"e_4","part":"s7v1","offsets":[{"start":1334,"text":"s"}],"coordinates":[],"confidence":{"state":"pre-added","who":["ml:regex"],"prob":0.5},"fields":{},"normalizations":{}},{"classId":"e_4","part":"s7v1","offsets":[{"start":1374,"text":"s"}],"coordinates":[],"confidence":{"state":"pre-added","who":["ml:regex"],"prob":0.5},"fields":{},"normalizations":{}},{"classId":"e_4","part":"s7v1","offsets":[{"start":1408,"text":"s"}],"coordinates":[],"confidence":{"state":"pre-added","who":["ml:regex"],"prob":0.5},"fields":{},"normalizations":{}},{"classId":"e_4","part":"s7v1","offsets":[{"start":1430,"text":"s"}],"coordinates":[],"confidence":{"state":"pre-added","who":["ml:regex"],"prob":0.5},"fields":{},"normalizations":{}},{"classId":"e_4","part":"s7v1","offsets":[{"start":1450,"text":"s"}],"coordinates":[],"confidence":{"state":"pre-added","who":["ml:regex"],"prob":0.5},"fields":{},"normalizations":{}},{"classId":"e_4","part":"s7v1","offsets":[{"start":1488,"text":"s"}],"coordinates":[],"confidence":{"state":"pre-added","who":["ml:regex"],"prob":0.5},"fields":{},"normalizations":{}},{"classId":"e_4","part":"s7v1","offsets":[{"start":1539,"text":"s"}],"coordinates":[],"confidence":{"state":"pre-added","who":["ml:regex"],"prob":0.5},"fields":{},"normalizations":{}},{"classId":"e_6","part":"s7v1","offsets":[{"start":1598,"text":"8."}],"coordinates":[],"confidence":{"state":"","who":["ml:nalaf"],"prob":0.6835406480097246},"fields":{},"normalizations":{}},{"classId":"e_5","part":"s7v1","offsets":[{"start":1727,"text":"The"}],"coordinates":[],"confidence":{"state":"pre-removed","who":["ml:nalaf","ml:regex"],"prob":0.5},"fields":{},"normalizations":{}},{"classId":"e_1","part":"s7v1","offsets":[{"start":2051,"text":"Interfaith Shelter Network"}],"coordinates":[],"confidence":{"state":"","who":["ml:nalaf"],"prob":0.979230373469132},"fields":{},"normalizations":{}},{"classId":"e_2","part":"s7v1","offsets":[{"start":2126,"text":"11"}],"coordinates":[],"confidence":{"state":"","who":["ml:nalaf"],"prob":0.6376026262031532},"fields":{},"normalizations":{}},{"classId":"e_5","part":"s7v1","offsets":[{"start":2126,"text":"11"}],"coordinates":[],"confidence":{"state":"","who":["ml:nalaf"],"prob":0.5877260015734531},"fields":{},"normalizations":{}},{"classId":"e_6","part":"s7v1","offsets":[{"start":2126,"text":"11"}],"coordinates":[],"confidence":{"state":"","who":["ml:nalaf"],"prob":0.574987512735495},"fields":{},"normalizations":{}},{"classId":"e_8","part":"s7v1","offsets":[{"start":2126,"text":"11"}],"coordinates":[],"confidence":{"state":"","who":["ml:nalaf"],"prob":0.48704329760893367},"fields":{},"normalizations":{}},{"classId":"e_19","part":"s8v1","offsets":[{"start":2,"text":"COUNTY CONTRACT NUMEBR 539655"}],"coordinates":[],"confidence":{"state":"pre-added","who":["ml:regex"],"prob":0.5},"fields":{},"normalizations":{}},{"classId":"e_7","part":"s8v1","offsets":[{"start":32,"text":"COUNTY OF SAN DIEGO"}],"coordinates":[],"confidence":{"state":"","who":["ml:nalaf"],"prob":0.9352827072323598},"fields":{},"normalizations":{}},{"classId":"e_1","part":"s8v1","offsets":[{"start":101,"text":"INTERFAITH SHELTER NETWORK SAN DIEGO COUNTY FOR TEMPORARY SHELTER NETWORK SERVICES"}],"coordinates":[],"confidence":{"state":"","who":["ml:nalaf"],"prob":0.8904487828017362},"fields":{},"normalizations":{}},{"classId":"e_4","part":"s8v1","offsets":[{"start":498,"text":"s"}],"coordinates":[],"confidence":{"state":"pre-added","who":["ml:regex"],"prob":0.5},"fields":{},"normalizations":{}},{"classId":"e_6","part":"s8v1","offsets":[{"start":657,"text":"9."}],"coordinates":[],"confidence":{"state":"","who":["ml:nalaf"],"prob":0.6655104571141846},"fields":{},"normalizations":{}},{"classId":"e_6","part":"s8v1","offsets":[{"start":777,"text":"Exhibit A- Performance Work Statement Interfaith Shelter Network\n\nPage 5 of 5\n\nContract No."}],"coordinates":[],"confidence":{"state":"","who":["ml:nalaf"],"prob":0.891749524863827},"fields":{},"normalizations":{}},{"classId":"e_1","part":"s8v1","offsets":[{"start":815,"text":"Interfaith Shelter Network"}],"coordinates":[],"confidence":{"state":"","who":["ml:nalaf"],"prob":0.9797208590962675},"fields":{},"normalizations":{}},{"classId":"e_5","part":"s8v1","offsets":[{"start":869,"text":"539655 Amendment No."}],"coordinates":[],"confidence":{"state":"pre-removed","who":["ml:nalaf","ml:regex"],"prob":0.5},"fields":{},"normalizations":{}},{"classId":"e_6","part":"s8v1","offsets":[{"start":869,"text":"539655 Amendment No."}],"coordinates":[],"confidence":{"state":"pre-removed","who":["ml:nalaf","ml:regex"],"prob":0.5},"fields":{},"normalizations":{}},{"classId":"e_2","part":"s8v1","offsets":[{"start":890,"text":"11"}],"coordinates":[],"confidence":{"state":"","who":["ml:nalaf"],"prob":0.6376026262031532},"fields":{},"normalizations":{}},{"classId":"e_5","part":"s8v1","offsets":[{"start":890,"text":"11"}],"coordinates":[],"confidence":{"state":"","who":["ml:nalaf"],"prob":0.5877260015734531},"fields":{},"normalizations":{}},{"classId":"e_6","part":"s8v1","offsets":[{"start":890,"text":"11"}],"coordinates":[],"confidence":{"state":"","who":["ml:nalaf"],"prob":0.574987512735495},"fields":{},"normalizations":{}},{"classId":"e_8","part":"s8v1","offsets":[{"start":890,"text":"11"}],"coordinates":[],"confidence":{"state":"","who":["ml:nalaf"],"prob":0.48704329760893367},"fields":{},"normalizations":{}},{"classId":"e_7","part":"s9v1","offsets":[{"start":30,"text":"COUNTY OF SAN DIEGO"}],"coordinates":[],"confidence":{"state":"","who":["ml:nalaf"],"prob":0.9411553434832599},"fields":{},"normalizations":{}},{"classId":"e_1","part":"s9v1","offsets":[{"start":99,"text":"INTERFAITH SHELTER NETWORK"}],"coordinates":[],"confidence":{"state":"","who":["ml:nalaf"],"prob":0.8978230930007568},"fields":{},"normalizations":{}},{"classId":"e_2","part":"s9v1","offsets":[{"start":207,"text":"PAYMENT SCHEDULE\n\nContractor shall be paid according to the following payment schedule*"}],"coordinates":[],"confidence":{"state":"","who":["ml:nalaf"],"prob":0.8564020382598512},"fields":{},"normalizations":{}},{"classId":"e_7","part":"s9v1","offsets":[{"start":468,"text":"City of San Diego"}],"coordinates":[],"confidence":{"state":"","who":["ml:nalaf"],"prob":0.9183840165376942},"fields":{},"normalizations":{}},{"classId":"e_2","part":"s9v1","offsets":[{"start":668,"text":"$64\n\n30Income Hours and/or Countywide Health Benefits through Employment\n\nTotal\n\nBillable Amount Per Fiscal Year\n\n(7)\n\nEXTENDED AMOUNT\n\n$20,680\n\n$2,400\n\n$1,920\n\n$25,000\n\n*Contract price shall not exceed $25,000 per year for each Fiscal Year 2016-2017 through Fiscal Year 2020-2021."}],"coordinates":[],"confidence":{"state":"","who":["ml:nalaf"],"prob":0.8206210275094221},"fields":{},"normalizations":{}},{"classId":"e_3","part":"s9v1","offsets":[{"start":897,"text":"Fiscal Year 2016-2017 through Fiscal Year 2020-2021."}],"coordinates":[],"confidence":{"state":"","who":["ml:nalaf"],"prob":0.7057850520766512},"fields":{},"normalizations":{}},{"classId":"e_8","part":"s9v1","offsets":[{"start":897,"text":"Fiscal Year 2016-2017 through Fiscal Year 2020-2021."}],"coordinates":[],"confidence":{"state":"","who":["ml:nalaf"],"prob":0.8129468878295983},"fields":{},"normalizations":{}},{"classId":"e_1","part":"s9v1","offsets":[{"start":951,"text":"Interfaith Shelter Network"}],"coordinates":[],"confidence":{"state":"","who":["ml:nalaf"],"prob":0.9265995134505486},"fields":{},"normalizations":{}},{"classId":"e_3","part":"s9v1","offsets":[{"start":1041,"text":"I"}],"coordinates":[],"confidence":{"state":"","who":["ml:nalaf"],"prob":0.9093165493965297},"fields":{},"normalizations":{}}],"relations":[]}