{"annotatable":{"parts":["s1v1","s2v1","s3v1","s4v1"]},"anncomplete":true,"sources":[{"name":"ORIG","id":"ESG__First_Amendment_to_Subrecipient_Agreement_FY_19_20.pdf","url":""}],"metas":{"m_23":{"value":"city, ESG, private agency, CoC","confidence":{"state":"pre-added","who":["user:SDTEF"],"prob":1}},"m_24":{"value":"$132,052(ESG); $108,443(CoC); $264,104","confidence":{"state":"pre-added","who":["user:SDTEF"],"prob":1}},"m_22":{"value":"temp housing and outreach","confidence":{"state":"pre-added","who":["user:SDTEF"],"prob":1}}},"entities":[{"classId":"e_7","part":"s1v1","offsets":[{"start":38,"text":"CITY OF ESCONDIDO"}],"coordinates":[],"confidence":{"state":"","who":["ml:nalaf"],"prob":0.9796254767039211},"fields":{},"normalizations":{}},{"classId":"e_19","part":"s1v1","offsets":[{"start":38,"text":"CITY OF ESCONDIDO FIRST AMENDMENT TO SUBRECIPIENT AGREEMENT\n\nsr\n\nThis \"Amendment\" is made this :3/ day of January, 2020"}],"coordinates":[{"x":"233.77","y":"115.91"},{"x":"382.65","y":"166.32"}],"confidence":{"state":"pre-added","who":["user:SDTEF"],"prob":1},"fields":{},"normalizations":{}},{"classId":"e_8","part":"s1v1","offsets":[{"start":157,"text":"."}],"coordinates":[],"confidence":{"state":"pre-removed","who":["ml:nalaf","ml:regex"],"prob":0.5},"fields":{},"normalizations":{}},{"classId":"e_7","part":"s1v1","offsets":[{"start":176,"text":"CITY OF ESCONDIDO"}],"coordinates":[],"confidence":{"state":"","who":["ml:nalaf"],"prob":0.9755791204555594},"fields":{},"normalizations":{}},{"classId":"e_1","part":"s1v1","offsets":[{"start":272,"text":"Interfaith Community Services 550 W. Washington Ave Escondido, CA 92025 [Attn: Greg Anglea (760) 489-6380"}],"coordinates":[],"confidence":{"state":"","who":["ml:nalaf"],"prob":0.5911779010085983},"fields":{},"normalizations":{}},{"classId":"e_8","part":"s1v1","offsets":[{"start":307,"text":"."}],"coordinates":[],"confidence":{"state":"pre-removed","who":["ml:nalaf","ml:regex"],"prob":0.5},"fields":{},"normalizations":{}},{"classId":"e_4","part":"s1v1","offsets":[{"start":419,"text":"A"}],"coordinates":[],"confidence":{"state":"","who":["ml:nalaf"],"prob":0.7444254360000361},"fields":{},"normalizations":{}},{"classId":"e_8","part":"s1v1","offsets":[{"start":420,"text":"."}],"coordinates":[],"confidence":{"state":"pre-removed","who":["ml:nalaf","ml:regex"],"prob":0.5},"fields":{},"normalizations":{}},{"classId":"e_5","part":"s1v1","offsets":[{"start":422,"text":"CITY"}],"coordinates":[],"confidence":{"state":"","who":["ml:nalaf"],"prob":0.988017369787707},"fields":{},"normalizations":{}},{"classId":"e_6","part":"s1v1","offsets":[{"start":422,"text":"CITY and SUBRECIPIENT entered into an agreement on September 23, 2019\n\n(\"Agreement\"), wherein CITY retained SUBRECIPIENT to provide services to provide homeless services including Homeless Prevention, Emergency Shelter\n\nServices, and Homeless Outreach for the period of July 1, 2019 through June\n\n30,2020, and\n\nB."}],"coordinates":[],"confidence":{"state":"","who":["ml:nalaf"],"prob":0.9525984331932427},"fields":{},"normalizations":{}},{"classId":"e_4","part":"s1v1","offsets":[{"start":574,"text":"homeless services including Homeless Prevention, Emergency Shelter\n\nServices, and Homeless Outreach for the period of July 1, 2019 through June\n\n30,2020, and\n\nB."}],"coordinates":[],"confidence":{"state":"","who":["ml:nalaf"],"prob":0.9295101734723432},"fields":{},"normalizations":{}},{"classId":"e_8","part":"s1v1","offsets":[{"start":682,"text":"period of July 1, 2019 through June\n\n30,2020"}],"coordinates":[],"confidence":{"state":"","who":["ml:nalaf"],"prob":0.9463010202170657},"fields":{},"normalizations":{}},{"classId":"e_8","part":"s1v1","offsets":[{"start":734,"text":"."}],"coordinates":[],"confidence":{"state":"pre-removed","who":["ml:nalaf","ml:regex"],"prob":0.5},"fields":{},"normalizations":{}},{"classId":"e_3","part":"s1v1","offsets":[{"start":736,"text":"CITY and SUBRECIPIENT desire to amend the Agreement to modify the budget for these services, which is defined in \"Attachment A\" to this Amendment, which is incorporated by reference;\n\nNOW THEREFORE, it is mutually agreed by and between CITY and\n\nSUBRECIPIENT as follows:\n\n1."}],"coordinates":[],"confidence":{"state":"","who":["ml:nalaf"],"prob":0.7306432415250566},"fields":{},"normalizations":{}},{"classId":"e_5","part":"s1v1","offsets":[{"start":736,"text":"CITY"}],"coordinates":[],"confidence":{"state":"","who":["ml:nalaf"],"prob":0.9880295526846772},"fields":{},"normalizations":{}},{"classId":"e_6","part":"s1v1","offsets":[{"start":736,"text":"CITY and SUBRECIPIENT desire to amend the Agreement to modify the budget for these services, which is defined in \"Attachment A\" to this Amendment, which is incorporated by reference;\n\nNOW THEREFORE, it is mutually agreed by and between CITY and\n\nSUBRECIPIENT as follows:\n\n1."}],"coordinates":[],"confidence":{"state":"","who":["ml:nalaf"],"prob":0.49304704576989233},"fields":{},"normalizations":{}},{"classId":"e_1","part":"s1v1","offsets":[{"start":1008,"text":"1"}],"coordinates":[],"confidence":{"state":"","who":["ml:nalaf"],"prob":0.6253960018070155},"fields":{},"normalizations":{}},{"classId":"e_8","part":"s1v1","offsets":[{"start":1009,"text":"."}],"coordinates":[],"confidence":{"state":"pre-removed","who":["ml:nalaf","ml:regex"],"prob":0.5},"fields":{},"normalizations":{}},{"classId":"e_2","part":"s1v1","offsets":[{"start":1011,"text":"The SUBRECIPIENT will furnish the services as agreed upon in the Agreement in accordance with the revised budget described in \"Attachment A\" to this\n\nAmendment."}],"coordinates":[],"confidence":{"state":"","who":["ml:nalaf"],"prob":0.9300542347132303},"fields":{},"normalizations":{}},{"classId":"e_3","part":"s1v1","offsets":[{"start":1011,"text":"The SUBRECIPIENT will furnish the services as agreed upon in the Agreement in accordance with the revised budget described in \"Attachment A\" to this\n\nAmendment."}],"coordinates":[],"confidence":{"state":"","who":["ml:nalaf"],"prob":0.8050974827617262},"fields":{},"normalizations":{}},{"classId":"e_4","part":"s1v1","offsets":[{"start":1011,"text":"The SUBRECIPIENT will furnish the services as agreed upon in the Agreement in accordance with the revised budget described in \"Attachment A\" to this\n\nAmendment."}],"coordinates":[],"confidence":{"state":"","who":["ml:nalaf"],"prob":0.9598091246795081},"fields":{},"normalizations":{}},{"classId":"e_5","part":"s1v1","offsets":[{"start":1011,"text":"The"}],"coordinates":[],"confidence":{"state":"","who":["ml:nalaf"],"prob":0.9878057095368198},"fields":{},"normalizations":{}},{"classId":"e_6","part":"s1v1","offsets":[{"start":1011,"text":"The SUBRECIPIENT will furnish the services as agreed upon in the Agreement in accordance with the revised budget described in \"Attachment A\" to this\n\nAmendment."}],"coordinates":[],"confidence":{"state":"","who":["ml:nalaf"],"prob":0.9873466558400971},"fields":{},"normalizations":{}},{"classId":"e_8","part":"s1v1","offsets":[{"start":1170,"text":"."}],"coordinates":[],"confidence":{"state":"pre-removed","who":["ml:nalaf","ml:regex"],"prob":0.5},"fields":{},"normalizations":{}},{"classId":"e_5","part":"s1v1","offsets":[{"start":1173,"text":"City"}],"coordinates":[],"confidence":{"state":"","who":["ml:nalaf"],"prob":0.6415745415514189},"fields":{},"normalizations":{}},{"classId":"e_2","part":"s1v1","offsets":[{"start":1190,"text":"1"}],"coordinates":[],"confidence":{"state":"","who":["ml:nalaf"],"prob":0.5409074722253178},"fields":{},"normalizations":{}},{"classId":"e_4","part":"s2v1","offsets":[{"start":0,"text":"2."}],"coordinates":[],"confidence":{"state":"","who":["ml:nalaf"],"prob":0.8201778880360665},"fields":{},"normalizations":{}},{"classId":"e_5","part":"s2v1","offsets":[{"start":0,"text":"2."}],"coordinates":[],"confidence":{"state":"","who":["ml:nalaf"],"prob":0.9688629102955745},"fields":{},"normalizations":{}},{"classId":"e_6","part":"s2v1","offsets":[{"start":0,"text":"2."}],"coordinates":[],"confidence":{"state":"","who":["ml:nalaf"],"prob":0.7864153821157303},"fields":{},"normalizations":{}},{"classId":"e_8","part":"s2v1","offsets":[{"start":1,"text":"."}],"coordinates":[],"confidence":{"state":"pre-removed","who":["ml:nalaf","ml:regex"],"prob":0.5},"fields":{},"normalizations":{}},{"classId":"e_5","part":"s2v1","offsets":[{"start":3,"text":"All"}],"coordinates":[],"confidence":{"state":"","who":["ml:nalaf"],"prob":0.9964935925946584},"fields":{},"normalizations":{}},{"classId":"e_6","part":"s2v1","offsets":[{"start":3,"text":"All additional terms under the Agreement between CITY and SUBRECIPIENT still apply to the additional work to be performed by SUBRECIPIENT under this\n\nAmendment."}],"coordinates":[],"confidence":{"state":"","who":["ml:nalaf"],"prob":0.9673247401997623},"fields":{},"normalizations":{}},{"classId":"e_8","part":"s2v1","offsets":[{"start":162,"text":"."}],"coordinates":[],"confidence":{"state":"pre-removed","who":["ml:nalaf","ml:regex"],"prob":0.5},"fields":{},"normalizations":{}},{"classId":"e_2","part":"s2v1","offsets":[{"start":164,"text":"If any of the terms of this Amendment conflict with the Agreement, this Amendment must prevail."}],"coordinates":[],"confidence":{"state":"","who":["ml:nalaf"],"prob":0.8534978816819766},"fields":{},"normalizations":{}},{"classId":"e_5","part":"s2v1","offsets":[{"start":164,"text":"If"}],"coordinates":[],"confidence":{"state":"","who":["ml:nalaf"],"prob":0.995201500020356},"fields":{},"normalizations":{}},{"classId":"e_6","part":"s2v1","offsets":[{"start":164,"text":"If any of the terms of this Amendment conflict with the Agreement, this Amendment must prevail."}],"coordinates":[],"confidence":{"state":"","who":["ml:nalaf"],"prob":0.9614488119050085},"fields":{},"normalizations":{}},{"classId":"e_8","part":"s2v1","offsets":[{"start":258,"text":"."}],"coordinates":[],"confidence":{"state":"pre-removed","who":["ml:nalaf","ml:regex"],"prob":0.5},"fields":{},"normalizations":{}},{"classId":"e_2","part":"s2v1","offsets":[{"start":261,"text":"IN WITNESS WHEREOF, the parties have executed this Amendment as of the day and year first above written."}],"coordinates":[],"confidence":{"state":"","who":["ml:nalaf"],"prob":0.9754662929692849},"fields":{},"normalizations":{}},{"classId":"e_5","part":"s2v1","offsets":[{"start":261,"text":"IN"}],"coordinates":[],"confidence":{"state":"","who":["ml:nalaf"],"prob":0.9884569952934034},"fields":{},"normalizations":{}},{"classId":"e_8","part":"s2v1","offsets":[{"start":364,"text":"."}],"coordinates":[],"confidence":{"state":"pre-removed","who":["ml:nalaf","ml:regex"],"prob":0.5},"fields":{},"normalizations":{}},{"classId":"e_5","part":"s2v1","offsets":[{"start":367,"text":"Date"}],"coordinates":[],"confidence":{"state":"","who":["ml:nalaf"],"prob":0.982476600489836},"fields":{},"normalizations":{}},{"classId":"e_2","part":"s2v1","offsets":[{"start":504,"text":"1"}],"coordinates":[],"confidence":{"state":"","who":["ml:nalaf"],"prob":0.7416823276972957},"fields":{},"normalizations":{}},{"classId":"e_7","part":"s2v1","offsets":[{"start":695,"text":"CITY OF ESCONDIDO"}],"coordinates":[],"confidence":{"state":"","who":["ml:nalaf"],"prob":0.9870848910072505},"fields":{},"normalizations":{}},{"classId":"e_8","part":"s2v1","offsets":[{"start":778,"text":"."}],"coordinates":[],"confidence":{"state":"pre-removed","who":["ml:nalaf","ml:regex"],"prob":0.5},"fields":{},"normalizations":{}},{"classId":"e_5","part":"s2v1","offsets":[{"start":781,"text":"City"}],"coordinates":[],"confidence":{"state":"","who":["ml:nalaf"],"prob":0.6397283042284406},"fields":{},"normalizations":{}},{"classId":"e_2","part":"s3v1","offsets":[{"start":128,"text":"1"}],"coordinates":[],"confidence":{"state":"","who":["ml:nalaf"],"prob":0.5111000005598046},"fields":{},"normalizations":{}},{"classId":"e_8","part":"s3v1","offsets":[{"start":268,"text":"."}],"coordinates":[],"confidence":{"state":"pre-removed","who":["ml:nalaf","ml:regex"],"prob":0.5},"fields":{},"normalizations":{}},{"classId":"e_5","part":"s3v1","offsets":[{"start":269,"text":"'"}],"coordinates":[],"confidence":{"state":"","who":["ml:nalaf"],"prob":0.8606888610332559},"fields":{},"normalizations":{}},{"classId":"e_2","part":"s3v1","offsets":[{"start":292,"text":"1"}],"coordinates":[],"confidence":{"state":"","who":["ml:nalaf"],"prob":0.8389375108166506},"fields":{},"normalizations":{}},{"classId":"e_7","part":"s3v1","offsets":[{"start":317,"text":"i"}],"coordinates":[],"confidence":{"state":"","who":["ml:nalaf"],"prob":0.6499576398310379},"fields":{},"normalizations":{}},{"classId":"e_5","part":"s3v1","offsets":[{"start":323,"text":"IX"}],"coordinates":[],"confidence":{"state":"","who":["ml:nalaf"],"prob":0.9493141294679143},"fields":{},"normalizations":{}},{"classId":"e_6","part":"s3v1","offsets":[{"start":323,"text":"IX-.M!lf111£rhCM'I!l;K\".Ult.1~~1.t."}],"coordinates":[],"confidence":{"state":"","who":["ml:nalaf"],"prob":0.9562573904397449},"fields":{},"normalizations":{}},{"classId":"e_2","part":"s3v1","offsets":[{"start":354,"text":"1"}],"coordinates":[],"confidence":{"state":"","who":["ml:nalaf"],"prob":0.7966921278308462},"fields":{},"normalizations":{}},{"classId":"e_8","part":"s3v1","offsets":[{"start":357,"text":"."}],"coordinates":[],"confidence":{"state":"pre-removed","who":["ml:nalaf","ml:regex"],"prob":0.5},"fields":{},"normalizations":{}},{"classId":"e_6","part":"s3v1","offsets":[{"start":358,"text":":m\\.f,:Jr,u ~-.1,(:1,AO'lfl!CJ:M' h IAr.J(HDYlr.<.:K.l.l.!•11."}],"coordinates":[],"confidence":{"state":"","who":["ml:nalaf"],"prob":0.9741122434088464},"fields":{},"normalizations":{}},{"classId":"e_8","part":"s3v1","offsets":[{"start":372,"text":"."}],"coordinates":[],"confidence":{"state":"pre-removed","who":["ml:nalaf","ml:regex"],"prob":0.5},"fields":{},"normalizations":{}},{"classId":"e_8","part":"s3v1","offsets":[{"start":412,"text":"."}],"coordinates":[],"confidence":{"state":"pre-removed","who":["ml:nalaf","ml:regex"],"prob":0.5},"fields":{},"normalizations":{}},{"classId":"e_8","part":"s3v1","offsets":[{"start":414,"text":"."}],"coordinates":[],"confidence":{"state":"pre-removed","who":["ml:nalaf","ml:regex"],"prob":0.5},"fields":{},"normalizations":{}},{"classId":"e_5","part":"s3v1","offsets":[{"start":434,"text":"<"}],"coordinates":[],"confidence":{"state":"","who":["ml:nalaf"],"prob":0.8266352758117427},"fields":{},"normalizations":{}},{"classId":"e_8","part":"s3v1","offsets":[{"start":688,"text":"."}],"coordinates":[],"confidence":{"state":"pre-removed","who":["ml:nalaf","ml:regex"],"prob":0.5},"fields":{},"normalizations":{}},{"classId":"e_5","part":"s3v1","offsets":[{"start":691,"text":"~"}],"coordinates":[],"confidence":{"state":"pre-removed","who":["ml:nalaf","ml:regex"],"prob":0.5},"fields":{},"normalizations":{}},{"classId":"e_2","part":"s3v1","offsets":[{"start":692,"text":"a"}],"coordinates":[],"confidence":{"state":"","who":["ml:nalaf"],"prob":0.5054472108750734},"fields":{},"normalizations":{}},{"classId":"e_4","part":"s3v1","offsets":[{"start":692,"text":"a"}],"coordinates":[],"confidence":{"state":"","who":["ml:nalaf"],"prob":0.4538815306707719},"fields":{},"normalizations":{}},{"classId":"e_8","part":"s3v1","offsets":[{"start":774,"text":"."}],"coordinates":[],"confidence":{"state":"pre-removed","who":["ml:nalaf","ml:regex"],"prob":0.5},"fields":{},"normalizations":{}},{"classId":"e_3","part":"s3v1","offsets":[{"start":776,"text":"I"}],"coordinates":[],"confidence":{"state":"","who":["ml:nalaf"],"prob":0.9252112336161237},"fields":{},"normalizations":{}},{"classId":"e_5","part":"s3v1","offsets":[{"start":776,"text":"I"}],"coordinates":[],"confidence":{"state":"","who":["ml:nalaf"],"prob":0.9851568219989619},"fields":{},"normalizations":{}},{"classId":"e_8","part":"s3v1","offsets":[{"start":782,"text":"."}],"coordinates":[],"confidence":{"state":"pre-removed","who":["ml:nalaf","ml:regex"],"prob":0.5},"fields":{},"normalizations":{}},{"classId":"e_2","part":"s3v1","offsets":[{"start":784,"text":"1"}],"coordinates":[],"confidence":{"state":"","who":["ml:nalaf"],"prob":0.9658067542294917},"fields":{},"normalizations":{}},{"classId":"e_5","part":"s3v1","offsets":[{"start":784,"text":"1"}],"coordinates":[],"confidence":{"state":"","who":["ml:nalaf"],"prob":0.8746962022123386},"fields":{},"normalizations":{}},{"classId":"e_6","part":"s3v1","offsets":[{"start":784,"text":"1"}],"coordinates":[],"confidence":{"state":"","who":["ml:nalaf"],"prob":0.7397544119302257},"fields":{},"normalizations":{}},{"classId":"e_5","part":"s3v1","offsets":[{"start":808,"text":"•"}],"coordinates":[],"confidence":{"state":"","who":["ml:nalaf"],"prob":0.8775783413984746},"fields":{},"normalizations":{}},{"classId":"e_8","part":"s3v1","offsets":[{"start":840,"text":"."}],"coordinates":[],"confidence":{"state":"pre-removed","who":["ml:nalaf","ml:regex"],"prob":0.5},"fields":{},"normalizations":{}},{"classId":"e_5","part":"s3v1","offsets":[{"start":842,"text":"h"}],"coordinates":[],"confidence":{"state":"","who":["ml:nalaf"],"prob":0.9704412311166809},"fields":{},"normalizations":{}},{"classId":"e_8","part":"s3v1","offsets":[{"start":860,"text":"."}],"coordinates":[],"confidence":{"state":"pre-removed","who":["ml:nalaf","ml:regex"],"prob":0.5},"fields":{},"normalizations":{}},{"classId":"e_8","part":"s3v1","offsets":[{"start":933,"text":"."}],"coordinates":[],"confidence":{"state":"pre-removed","who":["ml:nalaf","ml:regex"],"prob":0.5},"fields":{},"normalizations":{}},{"classId":"e_3","part":"s3v1","offsets":[{"start":936,"text":"I"}],"coordinates":[],"confidence":{"state":"","who":["ml:nalaf"],"prob":0.9154591821014414},"fields":{},"normalizations":{}},{"classId":"e_5","part":"s3v1","offsets":[{"start":936,"text":"I"}],"coordinates":[],"confidence":{"state":"","who":["ml:nalaf"],"prob":0.9582904719915989},"fields":{},"normalizations":{}},{"classId":"e_8","part":"s3v1","offsets":[{"start":1020,"text":"."}],"coordinates":[],"confidence":{"state":"pre-removed","who":["ml:nalaf","ml:regex"],"prob":0.5},"fields":{},"normalizations":{}},{"classId":"e_8","part":"s3v1","offsets":[{"start":1106,"text":"."}],"coordinates":[],"confidence":{"state":"pre-removed","who":["ml:nalaf","ml:regex"],"prob":0.5},"fields":{},"normalizations":{}},{"classId":"e_4","part":"s3v1","offsets":[{"start":1108,"text":"who proved to me on the basisof satisfactoryevidenceto be the person(s)whose name(s)"}],"coordinates":[],"confidence":{"state":"","who":["ml:nalaf"],"prob":0.798909566221212},"fields":{},"normalizations":{}},{"classId":"e_5","part":"s3v1","offsets":[{"start":1108,"text":"who"}],"coordinates":[],"confidence":{"state":"","who":["ml:nalaf"],"prob":0.9975363750001736},"fields":{},"normalizations":{}},{"classId":"e_8","part":"s3v1","offsets":[{"start":1177,"text":"s"}],"coordinates":[],"confidence":{"state":"","who":["ml:nalaf"],"prob":0.9894474083049539},"fields":{},"normalizations":{}},{"classId":"e_8","part":"s3v1","offsets":[{"start":1190,"text":"s"}],"coordinates":[],"confidence":{"state":"","who":["ml:nalaf"],"prob":0.9780554206586874},"fields":{},"normalizations":{}},{"classId":"e_2","part":"s3v1","offsets":[{"start":1215,"text":"1"}],"coordinates":[],"confidence":{"state":"","who":["ml:nalaf"],"prob":0.5890594605301689},"fields":{},"normalizations":{}},{"classId":"e_8","part":"s3v1","offsets":[{"start":1371,"text":"."}],"coordinates":[],"confidence":{"state":"pre-removed","who":["ml:nalaf","ml:regex"],"prob":0.5},"fields":{},"normalizations":{}},{"classId":"e_8","part":"s3v1","offsets":[{"start":1396,"text":"s"}],"coordinates":[],"confidence":{"state":"","who":["ml:nalaf"],"prob":0.9926263168734607},"fields":{},"normalizations":{}},{"classId":"e_8","part":"s3v1","offsets":[{"start":1428,"text":"s"}],"coordinates":[],"confidence":{"state":"","who":["ml:nalaf"],"prob":0.9876433290078919},"fields":{},"normalizations":{}},{"classId":"e_8","part":"s3v1","offsets":[{"start":1487,"text":"s"}],"coordinates":[],"confidence":{"state":"","who":["ml:nalaf"],"prob":0.9867207706988685},"fields":{},"normalizations":{}},{"classId":"e_8","part":"s3v1","offsets":[{"start":1520,"text":"."}],"coordinates":[],"confidence":{"state":"pre-removed","who":["ml:nalaf","ml:regex"],"prob":0.5},"fields":{},"normalizations":{}},{"classId":"e_5","part":"s3v1","offsets":[{"start":1522,"text":",,\n\n."}],"coordinates":[],"confidence":{"state":"","who":["ml:nalaf"],"prob":0.6674134114707616},"fields":{},"normalizations":{}},{"classId":"e_6","part":"s3v1","offsets":[{"start":1522,"text":",,\n\n."}],"coordinates":[],"confidence":{"state":"","who":["ml:nalaf"],"prob":0.6603687288574321},"fields":{},"normalizations":{}},{"classId":"e_8","part":"s3v1","offsets":[{"start":1526,"text":"."}],"coordinates":[],"confidence":{"state":"pre-removed","who":["ml:nalaf","ml:regex"],"prob":0.5},"fields":{},"normalizations":{}},{"classId":"e_5","part":"s3v1","offsets":[{"start":1529,"text":"~"}],"coordinates":[],"confidence":{"state":"pre-removed","who":["ml:nalaf","ml:regex"],"prob":0.5},"fields":{},"normalizations":{}},{"classId":"e_3","part":"s3v1","offsets":[{"start":1539,"text":"I"}],"coordinates":[],"confidence":{"state":"","who":["ml:nalaf"],"prob":0.8342344884060267},"fields":{},"normalizations":{}},{"classId":"e_5","part":"s3v1","offsets":[{"start":1539,"text":"I"}],"coordinates":[],"confidence":{"state":"","who":["ml:nalaf"],"prob":0.9924560108829646},"fields":{},"normalizations":{}},{"classId":"e_8","part":"s3v1","offsets":[{"start":1605,"text":"."}],"coordinates":[],"confidence":{"state":"pre-removed","who":["ml:nalaf","ml:regex"],"prob":0.5},"fields":{},"normalizations":{}},{"classId":"e_8","part":"s3v1","offsets":[{"start":1624,"text":"."}],"coordinates":[],"confidence":{"state":"pre-removed","who":["ml:nalaf","ml:regex"],"prob":0.5},"fields":{},"normalizations":{}},{"classId":"e_8","part":"s3v1","offsets":[{"start":1699,"text":"."}],"coordinates":[],"confidence":{"state":"pre-removed","who":["ml:nalaf","ml:regex"],"prob":0.5},"fields":{},"normalizations":{}},{"classId":"e_6","part":"s3v1","offsets":[{"start":1701,"text":",.,\n\n7 ~\n\n\"\n\n... & l'!I!>."}],"coordinates":[],"confidence":{"state":"","who":["ml:nalaf"],"prob":0.8777566365454483},"fields":{},"normalizations":{}},{"classId":"e_8","part":"s3v1","offsets":[{"start":1726,"text":"."}],"coordinates":[],"confidence":{"state":"pre-removed","who":["ml:nalaf","ml:regex"],"prob":0.5},"fields":{},"normalizations":{}},{"classId":"e_5","part":"s3v1","offsets":[{"start":1728,"text":"COMM."}],"coordinates":[],"confidence":{"state":"","who":["ml:nalaf"],"prob":0.904467735821176},"fields":{},"normalizations":{}},{"classId":"e_6","part":"s3v1","offsets":[{"start":1728,"text":"COMM."}],"coordinates":[],"confidence":{"state":"","who":["ml:nalaf"],"prob":0.662192406906261},"fields":{},"normalizations":{}},{"classId":"e_8","part":"s3v1","offsets":[{"start":1732,"text":"."}],"coordinates":[],"confidence":{"state":"pre-removed","who":["ml:nalaf","ml:regex"],"prob":0.5},"fields":{},"normalizations":{}},{"classId":"e_2","part":"s3v1","offsets":[{"start":1734,"text":"#2295359 2 I!"}],"coordinates":[],"confidence":{"state":"","who":["ml:nalaf"],"prob":0.8702053967802449},"fields":{},"normalizations":{}},{"classId":"e_6","part":"s3v1","offsets":[{"start":1734,"text":"#2295359 2 I!"}],"coordinates":[],"confidence":{"state":"","who":["ml:nalaf"],"prob":0.6335808990089449},"fields":{},"normalizations":{}},{"classId":"e_5","part":"s3v1","offsets":[{"start":1749,"text":"0"}],"coordinates":[],"confidence":{"state":"","who":["ml:nalaf"],"prob":0.7082544582617171},"fields":{},"normalizations":{}},{"classId":"e_8","part":"s3v1","offsets":[{"start":1810,"text":"."}],"coordinates":[],"confidence":{"state":"pre-removed","who":["ml:nalaf","ml:regex"],"prob":0.5},"fields":{},"normalizations":{}},{"classId":"e_2","part":"s3v1","offsets":[{"start":1812,"text":"!.."}],"coordinates":[],"confidence":{"state":"","who":["ml:nalaf"],"prob":0.533799288617203},"fields":{},"normalizations":{}},{"classId":"e_5","part":"s3v1","offsets":[{"start":1812,"text":"!"}],"coordinates":[],"confidence":{"state":"","who":["ml:nalaf"],"prob":0.8090833004045634},"fields":{},"normalizations":{}},{"classId":"e_6","part":"s3v1","offsets":[{"start":1812,"text":"!.."}],"coordinates":[],"confidence":{"state":"","who":["ml:nalaf"],"prob":0.57103955474544},"fields":{},"normalizations":{}},{"classId":"e_8","part":"s3v1","offsets":[{"start":1814,"text":"."}],"coordinates":[],"confidence":{"state":"pre-removed","who":["ml:nalaf","ml:regex"],"prob":0.5},"fields":{},"normalizations":{}},{"classId":"e_4","part":"s3v1","offsets":[{"start":1817,"text":"ci\n\nWITNESSmy hand and official seal."}],"coordinates":[],"confidence":{"state":"","who":["ml:nalaf"],"prob":0.655880269419881},"fields":{},"normalizations":{}},{"classId":"e_6","part":"s3v1","offsets":[{"start":1817,"text":"ci\n\nWITNESSmy hand and official seal."}],"coordinates":[],"confidence":{"state":"","who":["ml:nalaf"],"prob":0.8076347301205666},"fields":{},"normalizations":{}},{"classId":"e_8","part":"s3v1","offsets":[{"start":1853,"text":"."}],"coordinates":[],"confidence":{"state":"pre-removed","who":["ml:nalaf","ml:regex"],"prob":0.5},"fields":{},"normalizations":{}},{"classId":"e_2","part":"s3v1","offsets":[{"start":1856,"text":"1"}],"coordinates":[],"confidence":{"state":"","who":["ml:nalaf"],"prob":0.946353898782635},"fields":{},"normalizations":{}},{"classId":"e_5","part":"s3v1","offsets":[{"start":1856,"text":"1"}],"coordinates":[],"confidence":{"state":"","who":["ml:nalaf"],"prob":0.6618557843248515},"fields":{},"normalizations":{}},{"classId":"e_5","part":"s3v1","offsets":[{"start":1917,"text":"Signature"}],"coordinates":[],"confidence":{"state":"","who":["ml:nalaf"],"prob":0.9796403088291719},"fields":{},"normalizations":{}},{"classId":"e_6","part":"s3v1","offsets":[{"start":1917,"text":"Signature\n\n<\n\n~\n\n(Seal)\n\ni\n\nP,\n\n'\n\nI\n\n1.-.,."}],"coordinates":[],"confidence":{"state":"","who":["ml:nalaf"],"prob":0.5633019524655241},"fields":{},"normalizations":{}},{"classId":"e_8","part":"s3v1","offsets":[{"start":1960,"text":"."}],"coordinates":[],"confidence":{"state":"pre-removed","who":["ml:nalaf","ml:regex"],"prob":0.5},"fields":{},"normalizations":{}},{"classId":"e_6","part":"s3v1","offsets":[{"start":1963,"text":",:.:m.~1(Jh;,J{OO'to!IO.n\\ll~~J.~J.-r'),:U;N,O+,C,:rf1N]r,l}IJJWJJ~~Jlt,~W.-xl:\"~Y.'LW:ltl?JJll,l(Jk)IJl\".1.q,\",:,ll;J\\\\\">(IJ'¥.f!"}],"coordinates":[],"confidence":{"state":"","who":["ml:nalaf"],"prob":0.5363810259777043},"fields":{},"normalizations":{}},{"classId":"e_8","part":"s3v1","offsets":[{"start":1968,"text":"."}],"coordinates":[],"confidence":{"state":"pre-removed","who":["ml:nalaf","ml:regex"],"prob":0.5},"fields":{},"normalizations":{}},{"classId":"e_2","part":"s3v1","offsets":[{"start":1970,"text":"1"}],"coordinates":[],"confidence":{"state":"","who":["ml:nalaf"],"prob":0.6108576117119351},"fields":{},"normalizations":{}},{"classId":"e_8","part":"s3v1","offsets":[{"start":1994,"text":"."}],"coordinates":[],"confidence":{"state":"pre-removed","who":["ml:nalaf","ml:regex"],"prob":0.5},"fields":{},"normalizations":{}},{"classId":"e_2","part":"s3v1","offsets":[{"start":2069,"text":"1"}],"coordinates":[],"confidence":{"state":"","who":["ml:nalaf"],"prob":0.8190970218834822},"fields":{},"normalizations":{}},{"classId":"e_5","part":"s3v1","offsets":[{"start":2093,"text":"]"}],"coordinates":[],"confidence":{"state":"","who":["ml:nalaf"],"prob":0.8305776060592963},"fields":{},"normalizations":{}},{"classId":"e_6","part":"s3v1","offsets":[{"start":2093,"text":"]o\\\"XIJl'',(ll;~71..1,:J,~~-1\n\n...c;a,~J¥..)l)l'l'\"."}],"coordinates":[],"confidence":{"state":"","who":["ml:nalaf"],"prob":0.8962139354367077},"fields":{},"normalizations":{}},{"classId":"e_2","part":"s3v1","offsets":[{"start":2113,"text":"1"}],"coordinates":[],"confidence":{"state":"","who":["ml:nalaf"],"prob":0.7090880290044881},"fields":{},"normalizations":{}},{"classId":"e_2","part":"s3v1","offsets":[{"start":2121,"text":"1"}],"coordinates":[],"confidence":{"state":"","who":["ml:nalaf"],"prob":0.787819207973888},"fields":{},"normalizations":{}},{"classId":"e_8","part":"s3v1","offsets":[{"start":2144,"text":"."}],"coordinates":[],"confidence":{"state":"pre-removed","who":["ml:nalaf","ml:regex"],"prob":0.5},"fields":{},"normalizations":{}},{"classId":"e_5","part":"s3v1","offsets":[{"start":2145,"text":"("}],"coordinates":[],"confidence":{"state":"pre-removed","who":["ml:nalaf","ml:regex"],"prob":0.5},"fields":{},"normalizations":{}},{"classId":"e_6","part":"s3v1","offsets":[{"start":2145,"text":"(1Jl\"\"\"1W)l\"71':a.J,'l')Q'f.....,lt,[nf11.,,.-::•:1.•\n\n,.,, .• 1:,11'1';(,II l',OIOl.;,,\",k,::i'l\";!"}],"coordinates":[],"confidence":{"state":"","who":["ml:nalaf"],"prob":0.9035776173234022},"fields":{},"normalizations":{}},{"classId":"e_2","part":"s3v1","offsets":[{"start":2146,"text":"1"}],"coordinates":[],"confidence":{"state":"","who":["ml:nalaf"],"prob":0.5918776197537003},"fields":{},"normalizations":{}},{"classId":"e_2","part":"s3v1","offsets":[{"start":2152,"text":"1"}],"coordinates":[],"confidence":{"state":"","who":["ml:nalaf"],"prob":0.6133166220798496},"fields":{},"normalizations":{}},{"classId":"e_2","part":"s3v1","offsets":[{"start":2208,"text":"1"}],"coordinates":[],"confidence":{"state":"","who":["ml:nalaf"],"prob":0.5266656752731367},"fields":{},"normalizations":{}},{"classId":"e_5","part":"s3v1","offsets":[{"start":2245,"text":"!"}],"coordinates":[],"confidence":{"state":"","who":["ml:nalaf"],"prob":0.8187916540341101},"fields":{},"normalizations":{}},{"classId":"e_6","part":"s3v1","offsets":[{"start":2245,"text":"!JI 1=.un • .m\".1<>J!'..DO~~l1'1ln':lt.J1w.oiu."}],"coordinates":[],"confidence":{"state":"","who":["ml:nalaf"],"prob":0.9751179740634902},"fields":{},"normalizations":{}},{"classId":"e_2","part":"s3v1","offsets":[{"start":2258,"text":"m"}],"coordinates":[],"confidence":{"state":"","who":["ml:nalaf"],"prob":0.5614280923032906},"fields":{},"normalizations":{}},{"classId":"e_2","part":"s3v1","offsets":[{"start":2261,"text":"1"}],"coordinates":[],"confidence":{"state":"","who":["ml:nalaf"],"prob":0.7783784719653501},"fields":{},"normalizations":{}},{"classId":"e_8","part":"s3v1","offsets":[{"start":2291,"text":"."}],"coordinates":[],"confidence":{"state":"pre-removed","who":["ml:nalaf","ml:regex"],"prob":0.5},"fields":{},"normalizations":{}},{"classId":"e_6","part":"s3v1","offsets":[{"start":2292,"text":";,,,1M~ ...x1• '.\"."}],"coordinates":[],"confidence":{"state":"","who":["ml:nalaf"],"prob":0.8436237068597557},"fields":{},"normalizations":{}},{"classId":"e_2","part":"s3v1","offsets":[{"start":2296,"text":"1"}],"coordinates":[],"confidence":{"state":"","who":["ml:nalaf"],"prob":0.7301400757608351},"fields":{},"normalizations":{}},{"classId":"e_4","part":"s3v1","offsets":[{"start":2297,"text":"M~ ...x1• '.\"."}],"coordinates":[],"confidence":{"state":"","who":["ml:nalaf"],"prob":0.8965318695114505},"fields":{},"normalizations":{}},{"classId":"e_8","part":"s3v1","offsets":[{"start":2310,"text":"."}],"coordinates":[],"confidence":{"state":"pre-removed","who":["ml:nalaf","ml:regex"],"prob":0.5},"fields":{},"normalizations":{}},{"classId":"e_5","part":"s3v1","offsets":[{"start":2311,"text":"'"}],"coordinates":[],"confidence":{"state":"","who":["ml:nalaf"],"prob":0.857704524979266},"fields":{},"normalizations":{}},{"classId":"e_7","part":"s3v1","offsets":[{"start":2314,"text":"i"}],"coordinates":[],"confidence":{"state":"","who":["ml:nalaf"],"prob":0.5322156361165006},"fields":{},"normalizations":{}},{"classId":"e_2","part":"s3v1","offsets":[{"start":2323,"text":"1"}],"coordinates":[],"confidence":{"state":"","who":["ml:nalaf"],"prob":0.6776897194343743},"fields":{},"normalizations":{}},{"classId":"e_8","part":"s3v1","offsets":[{"start":2648,"text":"."}],"coordinates":[],"confidence":{"state":"pre-removed","who":["ml:nalaf","ml:regex"],"prob":0.5},"fields":{},"normalizations":{}},{"classId":"e_5","part":"s3v1","offsets":[{"start":2651,"text":"The"}],"coordinates":[],"confidence":{"state":"","who":["ml:nalaf"],"prob":0.9964011246908843},"fields":{},"normalizations":{}},{"classId":"e_8","part":"s3v1","offsets":[{"start":2828,"text":"s"}],"coordinates":[],"confidence":{"state":"","who":["ml:nalaf"],"prob":0.9875226603911103},"fields":{},"normalizations":{}},{"classId":"e_8","part":"s3v1","offsets":[{"start":2878,"text":"s"}],"coordinates":[],"confidence":{"state":"","who":["ml:nalaf"],"prob":0.9922639112550011},"fields":{},"normalizations":{}},{"classId":"e_8","part":"s3v1","offsets":[{"start":2922,"text":"s"}],"coordinates":[],"confidence":{"state":"","who":["ml:nalaf"],"prob":0.9797621757056995},"fields":{},"normalizations":{}},{"classId":"e_8","part":"s3v1","offsets":[{"start":3012,"text":"s"}],"coordinates":[],"confidence":{"state":"","who":["ml:nalaf"],"prob":0.9759359426700523},"fields":{},"normalizations":{}},{"classId":"e_8","part":"s3v1","offsets":[{"start":3022,"text":"s"}],"coordinates":[],"confidence":{"state":"","who":["ml:nalaf"],"prob":0.99229454500431},"fields":{},"normalizations":{}},{"classId":"e_8","part":"s3v1","offsets":[{"start":3109,"text":"s"}],"coordinates":[],"confidence":{"state":"","who":["ml:nalaf"],"prob":0.9810187114533713},"fields":{},"normalizations":{}},{"classId":"e_2","part":"s3v1","offsets":[{"start":3122,"text":"s"}],"coordinates":[],"confidence":{"state":"","who":["ml:nalaf"],"prob":0.5444068519090681},"fields":{},"normalizations":{}},{"classId":"e_8","part":"s3v1","offsets":[{"start":3122,"text":"s"}],"coordinates":[],"confidence":{"state":"","who":["ml:nalaf"],"prob":0.9872534304147215},"fields":{},"normalizations":{}},{"classId":"e_8","part":"s3v1","offsets":[{"start":3224,"text":"s"}],"coordinates":[],"confidence":{"state":"","who":["ml:nalaf"],"prob":0.9917502170284707},"fields":{},"normalizations":{}},{"classId":"e_8","part":"s3v1","offsets":[{"start":3386,"text":"s"}],"coordinates":[],"confidence":{"state":"","who":["ml:nalaf"],"prob":0.9861069588413394},"fields":{},"normalizations":{}},{"classId":"e_3","part":"s3v1","offsets":[{"start":3391,"text":"Signer(s)Thumbprint(s)\n\n□ ---------------\n\n© Copyright 2007~2018 Notary Rotary, PO Box 41400, Des Moines, IA 50311-0507."}],"coordinates":[],"confidence":{"state":"","who":["ml:nalaf"],"prob":0.7000147666584221},"fields":{},"normalizations":{}},{"classId":"e_8","part":"s3v1","offsets":[{"start":3398,"text":"s"}],"coordinates":[],"confidence":{"state":"","who":["ml:nalaf"],"prob":0.9917050485951794},"fields":{},"normalizations":{}},{"classId":"e_8","part":"s3v1","offsets":[{"start":3411,"text":"s"}],"coordinates":[],"confidence":{"state":"","who":["ml:nalaf"],"prob":0.9936859856816296},"fields":{},"normalizations":{}},{"classId":"e_6","part":"s3v1","offsets":[{"start":3510,"text":"."}],"coordinates":[],"confidence":{"state":"","who":["ml:nalaf"],"prob":0.48230112843669226},"fields":{},"normalizations":{}},{"classId":"e_8","part":"s3v1","offsets":[{"start":3510,"text":"."}],"coordinates":[],"confidence":{"state":"pre-removed","who":["ml:nalaf","ml:regex"],"prob":0.5},"fields":{},"normalizations":{}},{"classId":"e_4","part":"s3v1","offsets":[{"start":3512,"text":"All Rights Reserved."}],"coordinates":[],"confidence":{"state":"","who":["ml:nalaf"],"prob":0.7359950901297023},"fields":{},"normalizations":{}},{"classId":"e_5","part":"s3v1","offsets":[{"start":3512,"text":"All Rights Reserved."}],"coordinates":[],"confidence":{"state":"","who":["ml:nalaf"],"prob":0.8131801224948225},"fields":{},"normalizations":{}},{"classId":"e_6","part":"s3v1","offsets":[{"start":3512,"text":"All Rights Reserved."}],"coordinates":[],"confidence":{"state":"","who":["ml:nalaf"],"prob":0.7371122631492262},"fields":{},"normalizations":{}},{"classId":"e_8","part":"s3v1","offsets":[{"start":3531,"text":"."}],"coordinates":[],"confidence":{"state":"pre-removed","who":["ml:nalaf","ml:regex"],"prob":0.5},"fields":{},"normalizations":{}},{"classId":"e_2","part":"s3v1","offsets":[{"start":3534,"text":"Item Number 101772."}],"coordinates":[],"confidence":{"state":"","who":["ml:nalaf"],"prob":0.6989086467222928},"fields":{},"normalizations":{}},{"classId":"e_4","part":"s3v1","offsets":[{"start":3534,"text":"Item Number 101772."}],"coordinates":[],"confidence":{"state":"","who":["ml:nalaf"],"prob":0.752002630442417},"fields":{},"normalizations":{}},{"classId":"e_5","part":"s3v1","offsets":[{"start":3534,"text":"Item"}],"coordinates":[],"confidence":{"state":"","who":["ml:nalaf"],"prob":0.9829398365643102},"fields":{},"normalizations":{}},{"classId":"e_6","part":"s3v1","offsets":[{"start":3552,"text":"."}],"coordinates":[],"confidence":{"state":"","who":["ml:nalaf"],"prob":0.34467374782472476},"fields":{},"normalizations":{}},{"classId":"e_8","part":"s3v1","offsets":[{"start":3552,"text":"."}],"coordinates":[],"confidence":{"state":"pre-removed","who":["ml:nalaf","ml:regex"],"prob":0.5},"fields":{},"normalizations":{}},{"classId":"e_5","part":"s3v1","offsets":[{"start":3554,"text":"Please"}],"coordinates":[],"confidence":{"state":"","who":["ml:nalaf"],"prob":0.9468539373946004},"fields":{},"normalizations":{}},{"classId":"e_5","part":"s4v1","offsets":[{"start":0,"text":"Attachment"}],"coordinates":[],"confidence":{"state":"","who":["ml:nalaf"],"prob":0.8909774550292389},"fields":{},"normalizations":{}},{"classId":"e_7","part":"s4v1","offsets":[{"start":16,"text":"ESG"}],"coordinates":[],"confidence":{"state":"","who":["ml:nalaf"],"prob":0.9532385154010028},"fields":{},"normalizations":{}},{"classId":"e_2","part":"s4v1","offsets":[{"start":20,"text":"PROGRAM BUDGET 2019-2020"}],"coordinates":[{"x":"222.01","y":"76.19"},{"x":"424.31","y":"83.99"}],"confidence":{"state":"pre-added","who":["user:SDTEF"],"prob":1},"fields":{},"normalizations":{}},{"classId":"e_1","part":"s4v1","offsets":[{"start":57,"text":"Interfaith Community Services"}],"coordinates":[],"confidence":{"state":"","who":["ml:nalaf"],"prob":0.9467582561451001},"fields":{},"normalizations":{}},{"classId":"e_4","part":"s4v1","offsets":[{"start":102,"text":"Escondido Ending Homelessness Project"}],"coordinates":[{"x":"176.16","y":"131.62"},{"x":"375.95","y":"137.75"}],"confidence":{"state":"pre-added","who":["user:SDTEF"],"prob":1},"fields":{},"normalizations":{}},{"classId":"e_7","part":"s4v1","offsets":[{"start":160,"text":"ESG Funds"}],"coordinates":[],"confidence":{"state":"","who":["ml:nalaf"],"prob":0.6229893921382075},"fields":{},"normalizations":{}},{"classId":"e_8","part":"s4v1","offsets":[{"start":181,"text":"s"}],"coordinates":[],"confidence":{"state":"","who":["ml:nalaf"],"prob":0.8492436231091498},"fields":{},"normalizations":{}},{"classId":"e_8","part":"s4v1","offsets":[{"start":314,"text":"."}],"coordinates":[],"confidence":{"state":"pre-removed","who":["ml:nalaf","ml:regex"],"prob":0.5},"fields":{},"normalizations":{}},{"classId":"e_8","part":"s4v1","offsets":[{"start":392,"text":"."}],"coordinates":[],"confidence":{"state":"pre-removed","who":["ml:nalaf","ml:regex"],"prob":0.5},"fields":{},"normalizations":{}},{"classId":"e_7","part":"s4v1","offsets":[{"start":487,"text":"Private Agency Funds"}],"coordinates":[{"x":"282.48","y":"281.01"},{"x":"309.16","y":"297.84"}],"confidence":{"state":"pre-added","who":["user:SDTEF"],"prob":1},"fields":{},"normalizations":{}},{"classId":"e_7","part":"s4v1","offsets":[{"start":662,"text":"HUD COC"}],"coordinates":[{"x":"407.29","y":"367.65"},{"x":"452.85","y":"373.20"}],"confidence":{"state":"pre-added","who":["user:SDTEF"],"prob":1},"fields":{},"normalizations":{}},{"classId":"e_7","part":"s4v1","offsets":[{"start":735,"text":"HUD COC"}],"coordinates":[],"confidence":{"state":"pre-added","who":["ml:regex"],"prob":0.5},"fields":{},"normalizations":{}},{"classId":"e_7","part":"s4v1","offsets":[{"start":867,"text":"HUD COC"}],"coordinates":[],"confidence":{"state":"pre-added","who":["ml:regex"],"prob":0.5},"fields":{},"normalizations":{}},{"classId":"e_7","part":"s4v1","offsets":[{"start":942,"text":"HUD COC"}],"coordinates":[],"confidence":{"state":"pre-added","who":["ml:regex"],"prob":0.5},"fields":{},"normalizations":{}},{"classId":"e_2","part":"s4v1","offsets":[{"start":1071,"text":"1 : Limited up to 60% of the total fiscal year grant for street outreach and emergency shelter activities combined\n\n2: Limited up to 60% of the total fiscal year grant for street outreach and emergency shelter activities combined."}],"coordinates":[],"confidence":{"state":"","who":["ml:nalaf"],"prob":0.9602835763863473},"fields":{},"normalizations":{}},{"classId":"e_6","part":"s4v1","offsets":[{"start":1071,"text":"1 : Limited up to 60% of the total fiscal year grant for street outreach and emergency shelter activities combined\n\n2: Limited up to 60% of the total fiscal year grant for street outreach and emergency shelter activities combined."}],"coordinates":[],"confidence":{"state":"","who":["ml:nalaf"],"prob":0.9479096887492103},"fields":{},"normalizations":{}},{"classId":"e_4","part":"s4v1","offsets":[{"start":1128,"text":"street outreach and emergency shelter activities combined\n\n2: Limited up to 60% of the total fiscal year grant for street outreach and emergency shelter activities combined."}],"coordinates":[],"confidence":{"state":"","who":["ml:nalaf"],"prob":0.9473824979916905},"fields":{},"normalizations":{}},{"classId":"e_8","part":"s4v1","offsets":[{"start":1300,"text":"."}],"coordinates":[],"confidence":{"state":"pre-removed","who":["ml:nalaf","ml:regex"],"prob":0.5},"fields":{},"normalizations":{}},{"classId":"e_2","part":"s4v1","offsets":[{"start":1303,"text":"3 : HMIS participation is required by the Homeless Emergency Assistance and Rapid Transition to Housing Act of 2009 (HEARTH Act)."}],"coordinates":[],"confidence":{"state":"","who":["ml:nalaf"],"prob":0.693373880383692},"fields":{},"normalizations":{}},{"classId":"e_4","part":"s4v1","offsets":[{"start":1303,"text":"3 : HMIS participation is required by the Homeless Emergency Assistance and Rapid Transition to Housing Act of 2009 (HEARTH Act)."}],"coordinates":[],"confidence":{"state":"","who":["ml:nalaf"],"prob":0.758959479188333},"fields":{},"normalizations":{}},{"classId":"e_5","part":"s4v1","offsets":[{"start":1303,"text":"3 : HMIS participation is required by the Homeless Emergency Assistance and Rapid Transition to Housing Act of 2009 (HEARTH Act)."}],"coordinates":[],"confidence":{"state":"","who":["ml:nalaf"],"prob":0.9386495453979076},"fields":{},"normalizations":{}},{"classId":"e_6","part":"s4v1","offsets":[{"start":1303,"text":"3 : HMIS participation is required by the Homeless Emergency Assistance and Rapid Transition to Housing Act of 2009 (HEARTH Act)."}],"coordinates":[],"confidence":{"state":"","who":["ml:nalaf"],"prob":0.8673618790409333},"fields":{},"normalizations":{}},{"classId":"e_8","part":"s4v1","offsets":[{"start":1431,"text":"."}],"coordinates":[],"confidence":{"state":"pre-removed","who":["ml:nalaf","ml:regex"],"prob":0.5},"fields":{},"normalizations":{}}],"relations":[]}