{"annotatable":{"parts":["s1v1","s2v1","s3v1"]},"anncomplete":true,"sources":[{"name":"ORIG","id":"CRC___Executed_Amendments.pdf","url":""}],"metas":{"m_24":{"value":"$25,000","confidence":{"state":"pre-added","who":["user:SDTEF"],"prob":1}},"m_23":{"value":"city and CDBG funds","confidence":{"state":"pre-added","who":["user:SDTEF"],"prob":1}},"m_22":{"value":"prepare, respond, prevent COVID for food and case managment","confidence":{"state":"pre-added","who":["user:SDTEF"],"prob":1}},"m_21":{"value":"low income","confidence":{"state":"pre-added","who":["user:SDTEF"],"prob":1}}},"entities":[{"classId":"e_5","part":"s1v1","offsets":[{"start":0,"text":"Oocu"}],"coordinates":[],"confidence":{"state":"","who":["ml:nalaf"],"prob":0.8964836609818484},"fields":{},"normalizations":{}},{"classId":"e_19","part":"s1v1","offsets":[{"start":59,"text":"AMENDMENT #1\n\nAGREEMENT BETWEEN THE CITY OF ENCINITAS AND THE COMMUNITY RESOURCE CENTER FOR THE USE OF COMMUNITY DEVELOPMENT BLOCK GRANT (CDBG) FUNDS"}],"coordinates":[{"x":"254.89","y":"61.85"},{"x":"322.20","y":"124.55"}],"confidence":{"state":"pre-added","who":["user:SDTEF"],"prob":1},"fields":{},"normalizations":{}},{"classId":"e_7","part":"s1v1","offsets":[{"start":95,"text":"CITY OF ENCINITAS"}],"coordinates":[],"confidence":{"state":"","who":["ml:nalaf"],"prob":0.9704407104940987},"fields":{},"normalizations":{}},{"classId":"e_1","part":"s1v1","offsets":[{"start":121,"text":"COMMUNITY RESOURCE CENTER"}],"coordinates":[],"confidence":{"state":"","who":["ml:nalaf"],"prob":0.8309098906882814},"fields":{},"normalizations":{}},{"classId":"e_7","part":"s1v1","offsets":[{"start":162,"text":"COMMUNITY DEVELOPMENT BLOCK GRANT (CDBG) FUNDS"}],"coordinates":[{"x":"227.17","y":"103.61"},{"x":"322.20","y":"124.55"}],"confidence":{"state":"pre-added","who":["user:SDTEF"],"prob":1},"fields":{},"normalizations":{}},{"classId":"e_7","part":"s1v1","offsets":[{"start":197,"text":"CDBG"}],"coordinates":[],"confidence":{"state":"","who":["ml:nalaf"],"prob":0.6759905389113157},"fields":{},"normalizations":{}},{"classId":"e_7","part":"s1v1","offsets":[{"start":296,"text":"City of Encinitas"}],"coordinates":[],"confidence":{"state":"","who":["ml:nalaf"],"prob":0.9402043430514263},"fields":{},"normalizations":{}},{"classId":"e_1","part":"s1v1","offsets":[{"start":380,"text":"Community Resource Center"}],"coordinates":[],"confidence":{"state":"","who":["ml:nalaf"],"prob":0.7816980078691941},"fields":{},"normalizations":{}},{"classId":"e_8","part":"s1v1","offsets":[{"start":472,"text":"."}],"coordinates":[],"confidence":{"state":"","who":["ml:nalaf"],"prob":0.9736512800252131},"fields":{},"normalizations":{}},{"classId":"e_5","part":"s1v1","offsets":[{"start":475,"text":"WHEREAS"}],"coordinates":[],"confidence":{"state":"","who":["ml:nalaf"],"prob":0.6334373891674835},"fields":{},"normalizations":{}},{"classId":"e_7","part":"s1v1","offsets":[{"start":488,"text":"City of Encinitas"}],"coordinates":[],"confidence":{"state":"","who":["ml:nalaf"],"prob":0.9668030241974336},"fields":{},"normalizations":{}},{"classId":"e_7","part":"s1v1","offsets":[{"start":547,"text":"CDBG"}],"coordinates":[],"confidence":{"state":"","who":["ml:nalaf"],"prob":0.937469096727299},"fields":{},"normalizations":{}},{"classId":"e_8","part":"s1v1","offsets":[{"start":705,"text":"period of one-year, hereinafter referred to as AGREEMENT."}],"coordinates":[],"confidence":{"state":"","who":["ml:nalaf"],"prob":0.8029589291906326},"fields":{},"normalizations":{}},{"classId":"e_5","part":"s1v1","offsets":[{"start":764,"text":"WHEREAS"}],"coordinates":[],"confidence":{"state":"","who":["ml:nalaf"],"prob":0.6571238558955544},"fields":{},"normalizations":{}},{"classId":"e_7","part":"s1v1","offsets":[{"start":1097,"text":"CDBG"}],"coordinates":[],"confidence":{"state":"","who":["ml:nalaf"],"prob":0.9742330501476306},"fields":{},"normalizations":{}},{"classId":"e_8","part":"s1v1","offsets":[{"start":1176,"text":"."}],"coordinates":[],"confidence":{"state":"","who":["ml:nalaf"],"prob":0.947016034559474},"fields":{},"normalizations":{}},{"classId":"e_5","part":"s1v1","offsets":[{"start":1178,"text":"2020"}],"coordinates":[],"confidence":{"state":"","who":["ml:nalaf"],"prob":0.6852556087897648},"fields":{},"normalizations":{}},{"classId":"e_8","part":"s1v1","offsets":[{"start":1228,"text":"FY 2019-20"}],"coordinates":[],"confidence":{"state":"","who":["ml:nalaf"],"prob":0.6362985562671531},"fields":{},"normalizations":{}},{"classId":"e_4","part":"s1v1","offsets":[{"start":1470,"text":"scope of work"}],"coordinates":[],"confidence":{"state":"","who":["ml:nalaf"],"prob":0.9581361350676988},"fields":{},"normalizations":{}},{"classId":"e_8","part":"s1v1","offsets":[{"start":1530,"text":"."}],"coordinates":[],"confidence":{"state":"","who":["ml:nalaf"],"prob":0.9607489516381655},"fields":{},"normalizations":{}},{"classId":"e_5","part":"s1v1","offsets":[{"start":1533,"text":"NOW"}],"coordinates":[],"confidence":{"state":"","who":["ml:nalaf"],"prob":0.6059109341960175},"fields":{},"normalizations":{}},{"classId":"e_6","part":"s1v1","offsets":[{"start":1581,"text":"."}],"coordinates":[],"confidence":{"state":"","who":["ml:nalaf"],"prob":0.8637148606861971},"fields":{},"normalizations":{}},{"classId":"e_8","part":"s1v1","offsets":[{"start":1581,"text":"."}],"coordinates":[],"confidence":{"state":"","who":["ml:nalaf"],"prob":0.9670376135303543},"fields":{},"normalizations":{}},{"classId":"e_2","part":"s1v1","offsets":[{"start":1584,"text":"Section 2."}],"coordinates":[],"confidence":{"state":"","who":["ml:nalaf"],"prob":0.7684819279350658},"fields":{},"normalizations":{}},{"classId":"e_5","part":"s1v1","offsets":[{"start":1584,"text":"Section"}],"coordinates":[],"confidence":{"state":"","who":["ml:nalaf"],"prob":0.9738202752128595},"fields":{},"normalizations":{}},{"classId":"e_6","part":"s1v1","offsets":[{"start":1584,"text":"Section 2."}],"coordinates":[],"confidence":{"state":"","who":["ml:nalaf"],"prob":0.7735344671673731},"fields":{},"normalizations":{}},{"classId":"e_8","part":"s1v1","offsets":[{"start":1593,"text":"."}],"coordinates":[],"confidence":{"state":"","who":["ml:nalaf"],"prob":0.8635081194398507},"fields":{},"normalizations":{}},{"classId":"e_2","part":"s1v1","offsets":[{"start":1595,"text":"\"Budget\" of the AGREEMENT shall be amended to include:\n\nCity Council Resolution 2020-42 approved an additional twenty-five thousand ($25,000) in CDBG funds to SUBRECIPIENT to prepare, prevent, and respond to the Coronavirus Pandemic. CITY shall reimburse SUBRECIPIENT for expenses incurred in carrying out this AMENDMENT"}],"coordinates":[{"x":"109.81","y":"534.37"},{"x":"127.68","y":"610.55"}],"confidence":{"state":"pre-added","who":["user:SDTEF"],"prob":1},"fields":{},"normalizations":{}},{"classId":"e_7","part":"s1v1","offsets":[{"start":1740,"text":"CDBG"}],"coordinates":[],"confidence":{"state":"","who":["ml:nalaf"],"prob":0.9778734807478846},"fields":{},"normalizations":{}},{"classId":"e_8","part":"s1v1","offsets":[{"start":1827,"text":"."}],"coordinates":[],"confidence":{"state":"","who":["ml:nalaf"],"prob":0.9743655872926904},"fields":{},"normalizations":{}},{"classId":"e_5","part":"s1v1","offsets":[{"start":1829,"text":"CITY"}],"coordinates":[],"confidence":{"state":"","who":["ml:nalaf"],"prob":0.8579432494565657},"fields":{},"normalizations":{}},{"classId":"e_8","part":"s1v1","offsets":[{"start":1915,"text":"."}],"coordinates":[],"confidence":{"state":"","who":["ml:nalaf"],"prob":0.9954949938622485},"fields":{},"normalizations":{}},{"classId":"e_5","part":"s1v1","offsets":[{"start":1918,"text":"SECTION"}],"coordinates":[],"confidence":{"state":"","who":["ml:nalaf"],"prob":0.9233514635037112},"fields":{},"normalizations":{}},{"classId":"e_6","part":"s1v1","offsets":[{"start":1918,"text":"SECTION 5."}],"coordinates":[],"confidence":{"state":"","who":["ml:nalaf"],"prob":0.47640379376683883},"fields":{},"normalizations":{}},{"classId":"e_8","part":"s1v1","offsets":[{"start":1927,"text":"."}],"coordinates":[],"confidence":{"state":"","who":["ml:nalaf"],"prob":0.9821815280081801},"fields":{},"normalizations":{}},{"classId":"e_2","part":"s1v1","offsets":[{"start":1930,"text":"Section 5."}],"coordinates":[],"confidence":{"state":"","who":["ml:nalaf"],"prob":0.6368072841106925},"fields":{},"normalizations":{}},{"classId":"e_5","part":"s1v1","offsets":[{"start":1930,"text":"Section"}],"coordinates":[],"confidence":{"state":"","who":["ml:nalaf"],"prob":0.9754486127241166},"fields":{},"normalizations":{}},{"classId":"e_6","part":"s1v1","offsets":[{"start":1930,"text":"Section 5."}],"coordinates":[],"confidence":{"state":"","who":["ml:nalaf"],"prob":0.7936820146104503},"fields":{},"normalizations":{}},{"classId":"e_8","part":"s1v1","offsets":[{"start":1939,"text":"."}],"coordinates":[],"confidence":{"state":"","who":["ml:nalaf"],"prob":0.9745111112569419},"fields":{},"normalizations":{}},{"classId":"e_4","part":"s1v1","offsets":[{"start":1941,"text":"\"Term\" of the AGREEMENT shall be amended to include:\n\nThis AMENDMENT shall commence July 1, 2020 and shall continue in full force and effect until June 30, 2021, during which time SUBRECIPIENT shall perform the services provided herein."}],"coordinates":[],"confidence":{"state":"","who":["ml:nalaf"],"prob":0.7682609866157408},"fields":{},"normalizations":{}},{"classId":"e_5","part":"s1v1","offsets":[{"start":1941,"text":"\""}],"coordinates":[],"confidence":{"state":"pre-removed","who":["ml:nalaf","ml:regex"],"prob":0.5},"fields":{},"normalizations":{}},{"classId":"e_8","part":"s1v1","offsets":[{"start":1941,"text":"\"Term\" of the AGREEMENT shall be amended to include:\n\nThis AMENDMENT shall commence July 1, 2020 and shall continue in full force and effect until June 30, 2021, during which time SUBRECIPIENT shall perform the services provided herein."}],"coordinates":[],"confidence":{"state":"","who":["ml:nalaf"],"prob":0.9724954695314554},"fields":{},"normalizations":{}},{"classId":"e_3","part":"s1v1","offsets":[{"start":2178,"text":"Alternatively, the agreement will be automatically terminated in the event that the United States"}],"coordinates":[],"confidence":{"state":"","who":["ml:nalaf"],"prob":0.9303028922850253},"fields":{},"normalizations":{}},{"classId":"e_5","part":"s1v1","offsets":[{"start":2178,"text":"Alternatively"}],"coordinates":[],"confidence":{"state":"","who":["ml:nalaf"],"prob":0.8925474633261842},"fields":{},"normalizations":{}},{"classId":"e_6","part":"s1v1","offsets":[{"start":2178,"text":"Alternatively, the agreement will be automatically terminated in the event that the United States Government terminates the Community Development Block Grant Program or terminates the"}],"coordinates":[],"confidence":{"state":"","who":["ml:nalaf"],"prob":0.9745591155396985},"fields":{},"normalizations":{}},{"classId":"e_8","part":"s1v1","offsets":[{"start":2178,"text":"Alternatively, the agreement will be automatically terminated in the event that the United States Government terminates the Community Development Block Grant Program or terminates the"}],"coordinates":[],"confidence":{"state":"","who":["ml:nalaf"],"prob":0.8923757069770448},"fields":{},"normalizations":{}},{"classId":"e_7","part":"s1v1","offsets":[{"start":2302,"text":"Community Development Block Grant"}],"coordinates":[],"confidence":{"state":"","who":["ml:nalaf"],"prob":0.7789234610421508},"fields":{},"normalizations":{}},{"classId":"e_5","part":"s2v1","offsets":[{"start":0,"text":"Docu"}],"coordinates":[],"confidence":{"state":"","who":["ml:nalaf"],"prob":0.9151734775152077},"fields":{},"normalizations":{}},{"classId":"e_2","part":"s2v1","offsets":[{"start":81,"text":"subject of the agreement."}],"coordinates":[],"confidence":{"state":"","who":["ml:nalaf"],"prob":0.6943110097381275},"fields":{},"normalizations":{}},{"classId":"e_8","part":"s2v1","offsets":[{"start":105,"text":"."}],"coordinates":[],"confidence":{"state":"","who":["ml:nalaf"],"prob":0.7217781997964842},"fields":{},"normalizations":{}},{"classId":"e_4","part":"s2v1","offsets":[{"start":108,"text":"EXHIBIT \"A\"\n\nExhibit A \"Statement of Work"}],"coordinates":[],"confidence":{"state":"","who":["ml:nalaf"],"prob":0.6407591377837104},"fields":{},"normalizations":{}},{"classId":"e_4","part":"s2v1","offsets":[{"start":223,"text":"scope of work"}],"coordinates":[],"confidence":{"state":"","who":["ml:nalaf"],"prob":0.971854524798467},"fields":{},"normalizations":{}},{"classId":"e_7","part":"s2v1","offsets":[{"start":327,"text":"CDBG funds"}],"coordinates":[],"confidence":{"state":"","who":["ml:nalaf"],"prob":0.8338905675231834},"fields":{},"normalizations":{}},{"classId":"e_8","part":"s2v1","offsets":[{"start":382,"text":"."}],"coordinates":[],"confidence":{"state":"","who":["ml:nalaf"],"prob":0.9398978619211152},"fields":{},"normalizations":{}},{"classId":"e_6","part":"s2v1","offsets":[{"start":384,"text":"SUBRECIPIENT shall administer and perform services including but not necessarily limited to, as specified below:\n\n- - Prepare, respond, ~nd prevent Coronavirus through additional Foo<t and Nutrition Center staffing, food, cleaning, an<tclient GOAL\n\ndeliveries. '"}],"coordinates":[],"confidence":{"state":"","who":["ml:nalaf"],"prob":0.9870609898661887},"fields":{},"normalizations":{}},{"classId":"e_3","part":"s2v1","offsets":[{"start":647,"text":"Assist an additional 90 low-income Encinitas households with1 ~foodand case 1managementservices."}],"coordinates":[],"confidence":{"state":"","who":["ml:nalaf"],"prob":0.8090779530123392},"fields":{},"normalizations":{}},{"classId":"e_4","part":"s2v1","offsets":[{"start":647,"text":"Assist an additional 90 low-income Encinitas households with1 ~foodand case 1managementservices."}],"coordinates":[],"confidence":{"state":"","who":["ml:nalaf"],"prob":0.9443861242367284},"fields":{},"normalizations":{}},{"classId":"e_5","part":"s2v1","offsets":[{"start":647,"text":"Assist"}],"coordinates":[],"confidence":{"state":"","who":["ml:nalaf"],"prob":0.8011315975448501},"fields":{},"normalizations":{}},{"classId":"e_6","part":"s2v1","offsets":[{"start":647,"text":"Assist an additional 90 low-income Encinitas households with1 ~foodand case 1managementservices."}],"coordinates":[],"confidence":{"state":"","who":["ml:nalaf"],"prob":0.8148176815916085},"fields":{},"normalizations":{}},{"classId":"e_8","part":"s2v1","offsets":[{"start":742,"text":"."}],"coordinates":[],"confidence":{"state":"","who":["ml:nalaf"],"prob":0.876729262173876},"fields":{},"normalizations":{}},{"classId":"e_3","part":"s2v1","offsets":[{"start":745,"text":"I"}],"coordinates":[],"confidence":{"state":"","who":["ml:nalaf"],"prob":0.7433422730817854},"fields":{},"normalizations":{}},{"classId":"e_5","part":"s2v1","offsets":[{"start":745,"text":"I"}],"coordinates":[],"confidence":{"state":"","who":["ml:nalaf"],"prob":0.9659869796778957},"fields":{},"normalizations":{}},{"classId":"e_6","part":"s2v1","offsets":[{"start":745,"text":"I- - Additional 3 staff at Food and Nutrition Center The FNC went from operating 9am-2:30pm to currently operating\n\nMEASURABLE 1: 8:30-3:30pm (8:30am-12:30pm we serve participants, from 12:30- 3:30pm volunteers pack bags and get us ready for distribution for the following day) We have increased hours of overall operations but only serve participants from 8:30-12:30pm."}],"coordinates":[],"confidence":{"state":"","who":["ml:nalaf"],"prob":0.9720757057432345},"fields":{},"normalizations":{}},{"classId":"e_4","part":"s2v1","offsets":[{"start":875,"text":"8:30-3:30pm (8:30am-12:30pm we serve participants, from 12:30- 3:30pm volunteers pack bags and get us ready for distribution for the following day) We have increased hours of overall operations but only serve participants from 8:30-12:30pm."}],"coordinates":[],"confidence":{"state":"","who":["ml:nalaf"],"prob":0.9150603233825962},"fields":{},"normalizations":{}},{"classId":"e_8","part":"s2v1","offsets":[{"start":1114,"text":"."}],"coordinates":[],"confidence":{"state":"","who":["ml:nalaf"],"prob":0.9049486478230959},"fields":{},"normalizations":{}},{"classId":"e_5","part":"s2v1","offsets":[{"start":1116,"text":"MEASURABLE"}],"coordinates":[],"confidence":{"state":"","who":["ml:nalaf"],"prob":0.8761684073122845},"fields":{},"normalizations":{}},{"classId":"e_6","part":"s2v1","offsets":[{"start":1116,"text":"MEASURABLE 2: Additional 1,400 meals at Food and Nutrition Center."}],"coordinates":[],"confidence":{"state":"","who":["ml:nalaf"],"prob":0.9018076185695794},"fields":{},"normalizations":{}},{"classId":"e_8","part":"s2v1","offsets":[{"start":1181,"text":"."}],"coordinates":[],"confidence":{"state":"","who":["ml:nalaf"],"prob":0.9585145511446613},"fields":{},"normalizations":{}},{"classId":"e_4","part":"s2v1","offsets":[{"start":1184,"text":"MEASURABLE 3: Increase cleaning to hourly and secure additional sanitization supplies for Food and Nutrition Center."}],"coordinates":[],"confidence":{"state":"","who":["ml:nalaf"],"prob":0.9340821277309291},"fields":{},"normalizations":{}},{"classId":"e_5","part":"s2v1","offsets":[{"start":1184,"text":"MEASURABLE"}],"coordinates":[],"confidence":{"state":"","who":["ml:nalaf"],"prob":0.8773712597212496},"fields":{},"normalizations":{}},{"classId":"e_6","part":"s2v1","offsets":[{"start":1184,"text":"MEASURABLE 3: Increase cleaning to hourly and secure additional sanitization supplies for Food and Nutrition Center."}],"coordinates":[],"confidence":{"state":"","who":["ml:nalaf"],"prob":0.7418198497521586},"fields":{},"normalizations":{}},{"classId":"e_8","part":"s2v1","offsets":[{"start":1299,"text":"."}],"coordinates":[],"confidence":{"state":"","who":["ml:nalaf"],"prob":0.9603653167912806},"fields":{},"normalizations":{}},{"classId":"e_5","part":"s2v1","offsets":[{"start":1301,"text":"Perform"}],"coordinates":[],"confidence":{"state":"","who":["ml:nalaf"],"prob":0.8656962812278859},"fields":{},"normalizations":{}},{"classId":"e_6","part":"s2v1","offsets":[{"start":1301,"text":"Perform 1,492 additional deliveries from Food and Nutrition Center MEASURABLE 4: to clients temporarily housed in motels."}],"coordinates":[],"confidence":{"state":"","who":["ml:nalaf"],"prob":0.9509823379531168},"fields":{},"normalizations":{}},{"classId":"e_8","part":"s2v1","offsets":[{"start":1421,"text":"."}],"coordinates":[],"confidence":{"state":"","who":["ml:nalaf"],"prob":0.9136490984163176},"fields":{},"normalizations":{}},{"classId":"e_5","part":"s2v1","offsets":[{"start":1423,"text":"Volunteers"}],"coordinates":[],"confidence":{"state":"","who":["ml:nalaf"],"prob":0.9379016467019848},"fields":{},"normalizations":{}},{"classId":"e_6","part":"s2v1","offsets":[{"start":1423,"text":"Volunteers deliver packai:1edmeals to our motel clients once a day M-F.\n\nPROJECT TIMELINE\n\nInvoices and reports are due no more than 15 days after the end of each quarter."}],"coordinates":[],"confidence":{"state":"","who":["ml:nalaf"],"prob":0.9717454186138696},"fields":{},"normalizations":{}},{"classId":"e_2","part":"s2v1","offsets":[{"start":1449,"text":"1"}],"coordinates":[],"confidence":{"state":"","who":["ml:nalaf"],"prob":0.7580352630611352},"fields":{},"normalizations":{}},{"classId":"e_2","part":"s2v1","offsets":[{"start":1496,"text":"PROJECT TIMELINE\n\nInvoices and reports are due no more than 15 days after the end of each quarter."}],"coordinates":[],"confidence":{"state":"","who":["ml:nalaf"],"prob":0.8268961723016818},"fields":{},"normalizations":{}},{"classId":"e_4","part":"s2v1","offsets":[{"start":1496,"text":"PROJECT TIMELINE\n\nInvoices and reports are due no more than 15 days after the end of each quarter."}],"coordinates":[],"confidence":{"state":"","who":["ml:nalaf"],"prob":0.6650256983494527},"fields":{},"normalizations":{}},{"classId":"e_8","part":"s2v1","offsets":[{"start":1593,"text":"."}],"coordinates":[],"confidence":{"state":"","who":["ml:nalaf"],"prob":0.9574692206998158},"fields":{},"normalizations":{}},{"classId":"e_2","part":"s2v1","offsets":[{"start":1595,"text":"Year-end reports and invoices are due no later than June 30, 2021."}],"coordinates":[],"confidence":{"state":"","who":["ml:nalaf"],"prob":0.8037363643698285},"fields":{},"normalizations":{}},{"classId":"e_4","part":"s2v1","offsets":[{"start":1595,"text":"Year-end reports and invoices are due no later than June 30, 2021."}],"coordinates":[],"confidence":{"state":"","who":["ml:nalaf"],"prob":0.9399128728903123},"fields":{},"normalizations":{}},{"classId":"e_5","part":"s2v1","offsets":[{"start":1595,"text":"Year"}],"coordinates":[],"confidence":{"state":"","who":["ml:nalaf"],"prob":0.9750826951182028},"fields":{},"normalizations":{}},{"classId":"e_6","part":"s2v1","offsets":[{"start":1595,"text":"Year-end reports and invoices are due no later than June 30, 2021."}],"coordinates":[],"confidence":{"state":"","who":["ml:nalaf"],"prob":0.9488160988452993},"fields":{},"normalizations":{}},{"classId":"e_8","part":"s2v1","offsets":[{"start":1595,"text":"Year-end reports and invoices are due no later than June 30, 2021."}],"coordinates":[],"confidence":{"state":"","who":["ml:nalaf"],"prob":0.7992039008287057},"fields":{},"normalizations":{}},{"classId":"e_5","part":"s2v1","offsets":[{"start":1663,"text":"REPORTING"}],"coordinates":[],"confidence":{"state":"","who":["ml:nalaf"],"prob":0.8959990129680822},"fields":{},"normalizations":{}},{"classId":"e_2","part":"s2v1","offsets":[{"start":1687,"text":"1"}],"coordinates":[],"confidence":{"state":"","who":["ml:nalaf"],"prob":0.521956345270334},"fields":{},"normalizations":{}},{"classId":"e_6","part":"s2v1","offsets":[{"start":1687,"text":"1."}],"coordinates":[],"confidence":{"state":"","who":["ml:nalaf"],"prob":0.3392618204159388},"fields":{},"normalizations":{}},{"classId":"e_8","part":"s2v1","offsets":[{"start":1688,"text":"."}],"coordinates":[],"confidence":{"state":"","who":["ml:nalaf"],"prob":0.9453476709939582},"fields":{},"normalizations":{}},{"classId":"e_4","part":"s2v1","offsets":[{"start":1690,"text":"Demographic reporting: Provide quarterly, and year-end, summary demographic reports on number of persons served by the project and related demographic data on a City provided reporting form."}],"coordinates":[],"confidence":{"state":"","who":["ml:nalaf"],"prob":0.9370173966047798},"fields":{},"normalizations":{}},{"classId":"e_5","part":"s2v1","offsets":[{"start":1690,"text":"Demographic"}],"coordinates":[],"confidence":{"state":"","who":["ml:nalaf"],"prob":0.981154116900443},"fields":{},"normalizations":{}},{"classId":"e_6","part":"s2v1","offsets":[{"start":1690,"text":"Demographic reporting: Provide quarterly, and year-end, summary demographic reports on number of persons served by the project and related demographic data on a City provided reporting form."}],"coordinates":[],"confidence":{"state":"","who":["ml:nalaf"],"prob":0.9856394518908781},"fields":{},"normalizations":{}},{"classId":"e_8","part":"s2v1","offsets":[{"start":1879,"text":"."}],"coordinates":[],"confidence":{"state":"","who":["ml:nalaf"],"prob":0.9203548634241201},"fields":{},"normalizations":{}},{"classId":"e_4","part":"s2v1","offsets":[{"start":1882,"text":"2."}],"coordinates":[],"confidence":{"state":"","who":["ml:nalaf"],"prob":0.84470347985016},"fields":{},"normalizations":{}},{"classId":"e_5","part":"s2v1","offsets":[{"start":1882,"text":"2."}],"coordinates":[],"confidence":{"state":"","who":["ml:nalaf"],"prob":0.9495677006789496},"fields":{},"normalizations":{}},{"classId":"e_6","part":"s2v1","offsets":[{"start":1882,"text":"2."}],"coordinates":[],"confidence":{"state":"","who":["ml:nalaf"],"prob":0.7461855497033557},"fields":{},"normalizations":{}},{"classId":"e_8","part":"s2v1","offsets":[{"start":1883,"text":"."}],"coordinates":[],"confidence":{"state":"","who":["ml:nalaf"],"prob":0.9853786923198607},"fields":{},"normalizations":{}},{"classId":"e_5","part":"s2v1","offsets":[{"start":1885,"text":"Progress"}],"coordinates":[],"confidence":{"state":"","who":["ml:nalaf"],"prob":0.9955601276436937},"fields":{},"normalizations":{}},{"classId":"e_6","part":"s2v1","offsets":[{"start":1885,"text":"Progress reporting: Provide quarterly, and year-end, summary narrative reports on progress made in achieving the project goal and performance objectives described above on a City provided reporting form."}],"coordinates":[],"confidence":{"state":"","who":["ml:nalaf"],"prob":0.9852343512637286},"fields":{},"normalizations":{}},{"classId":"e_4","part":"s2v1","offsets":[{"start":1905,"text":"Provide quarterly, and year-end, summary narrative reports on progress made in achieving the project goal and performance objectives described above on a City provided reporting form."}],"coordinates":[],"confidence":{"state":"","who":["ml:nalaf"],"prob":0.932010797679977},"fields":{},"normalizations":{}},{"classId":"e_8","part":"s2v1","offsets":[{"start":2087,"text":"."}],"coordinates":[],"confidence":{"state":"","who":["ml:nalaf"],"prob":0.9202186296908832},"fields":{},"normalizations":{}},{"classId":"e_5","part":"s3v1","offsets":[{"start":0,"text":"Docu"}],"coordinates":[],"confidence":{"state":"","who":["ml:nalaf"],"prob":0.9151734775142677},"fields":{},"normalizations":{}},{"classId":"e_2","part":"s3v1","offsets":[{"start":69,"text":"EXHIBITB (BUDGET)\n\nFood and Nutrition Center - Additional Staffing Food and Nutrition Center - Additional Food/Meals Food and Nutrition Center - Additional Cleaning/Sanitization Food and Nutrition Center - Additional Gas for Food Deliveries\n\nTOTAL\"\n\n- AMOUNT\n\n$21,600 $2,000\n\n$500\n\n$900\n\n$25.000"}],"coordinates":[{"x":"272.89","y":"61.91"},{"x":"472.50","y":"230.39"}],"confidence":{"state":"pre-added","who":["user:SDTEF"],"prob":1},"fields":{},"normalizations":{}},{"classId":"e_8","part":"s3v1","offsets":[{"start":536,"text":"."}],"coordinates":[],"confidence":{"state":"","who":["ml:nalaf"],"prob":0.735873787143479},"fields":{},"normalizations":{}},{"classId":"e_5","part":"s3v1","offsets":[{"start":539,"text":"IN"}],"coordinates":[],"confidence":{"state":"","who":["ml:nalaf"],"prob":0.9649268770314442},"fields":{},"normalizations":{}},{"classId":"e_7","part":"s3v1","offsets":[{"start":625,"text":"CITY OF ENCINITAS"}],"coordinates":[],"confidence":{"state":"","who":["ml:nalaf"],"prob":0.976329037264288},"fields":{},"normalizations":{}}],"relations":[]}