{"annotatable":{"parts":["s1p1","s1p2","s1p3","s1p4","s1p5","s1p6","s1p7","s1p8","s1p9","s1p10","s1p11","s1p12","s1p13","s1p14","s1p15","s1p16","s1p17","s1p18","s1p19","s1p20","s1p21","s1p22"]},"anncomplete":true,"sources":[],"metas":{"m_24":{"value":"$40,000","confidence":{"state":"pre-added","who":["user:SDTEF"],"prob":1}},"m_22":{"value":"at-risk of homelessness and housing resources","confidence":{"state":"pre-added","who":["user:SDTEF"],"prob":1}},"m_21":{"value":"low income","confidence":{"state":"pre-added","who":["user:SDTEF"],"prob":1}},"m_20":{"value":"low-income households","confidence":{"state":"pre-added","who":["user:SDTEF"],"prob":1}},"m_23":{"value":"city","confidence":{"state":"pre-added","who":["user:SDTEF"],"prob":1}}},"entities":[{"classId":"e_19","part":"s1p1","offsets":[{"start":41,"text":"AMENDMENT NO. 1 TO AGREEMENT FOR LOW-INCOME HOUSING SERVICES"}],"coordinates":[],"confidence":{"state":"pre-added","who":["user:SDTEF"],"prob":1},"fields":{},"normalizations":{}},{"classId":"e_4","part":"s1p1","offsets":[{"start":74,"text":"LOW-INCOME HOUSING SERVICES"}],"coordinates":[],"confidence":{"state":"pre-added","who":["user:SDTEF"],"prob":1},"fields":{"f_10":{"value":"economic","confidence":{"state":"pre-added","who":["user:SDTEF"],"prob":1}}},"normalizations":{}},{"classId":"e_1","part":"s1p1","offsets":[{"start":102,"text":"INTERFAITH COMMUNITY SERVICES"}],"coordinates":[],"confidence":{"state":"pre-added","who":["ml:regex"],"prob":0.5},"fields":{},"normalizations":{}},{"classId":"e_7","part":"s1p1","offsets":[{"start":332,"text":"City of Carlsbad"}],"coordinates":[],"confidence":{"state":"pre-added","who":["user:SDTEF"],"prob":1},"fields":{"f_13":{"value":"city","confidence":{"state":"pre-added","who":["user:SDTEF"],"prob":1}}},"normalizations":{}},{"classId":"e_1","part":"s1p1","offsets":[{"start":389,"text":"Interfaith Community Services"}],"coordinates":[],"confidence":{"state":"pre-added","who":["user:SDTEF"],"prob":1},"fields":{},"normalizations":{}},{"classId":"e_4","part":"s1p1","offsets":[{"start":501,"text":"for low-income housing services."}],"coordinates":[],"confidence":{"state":"pre-added","who":["user:SDTEF"],"prob":1},"fields":{},"normalizations":{}},{"classId":"e_8","part":"s1p1","offsets":[{"start":593,"text":"a period of one (1) year"}],"coordinates":[],"confidence":{"state":"pre-added","who":["user:SDTEF"],"prob":1},"fields":{"f_12":{"value":"1","confidence":{"state":"pre-added","who":["user:SDTEF"],"prob":1}}},"normalizations":{}},{"classId":"e_8","part":"s1p1","offsets":[{"start":836,"text":"a period of one (1) year"}],"coordinates":[],"confidence":{"state":"pre-added","who":["ml:regex","user:SDTEF"],"prob":1},"fields":{"f_12":{"value":"1","confidence":{"state":"pre-added","who":["user:SDTEF"],"prob":1}}},"normalizations":{}},{"classId":"e_2","part":"s1p1","offsets":[{"start":886,"text":"The Agreement amount is forty thousand dollars ($40,000) per year."}],"coordinates":[],"confidence":{"state":"pre-added","who":["user:SDTEF"],"prob":1},"fields":{},"normalizations":{}},{"classId":"e_2","part":"s1p1","offsets":[{"start":910,"text":"forty thousand dollars ($40,000) per year"}],"coordinates":[],"confidence":{"state":"pre-added","who":["user:SDTEF"],"prob":1},"fields":{},"normalizations":{}},{"classId":"e_1","part":"s1p3","offsets":[{"start":0,"text":"INTERFAITH COMMUNITY SERVICES"}],"coordinates":[],"confidence":{"state":"pre-added","who":["ml:regex"],"prob":0.5},"fields":{},"normalizations":{}},{"classId":"e_7","part":"s1p4","offsets":[{"start":0,"text":"CITY OF CARLSBAD"}],"coordinates":[],"confidence":{"state":"pre-added","who":["ml:regex"],"prob":0.5},"fields":{"f_13":{"value":"city","confidence":{"state":"pre-added","who":["user:SDTEF"],"prob":1}}},"normalizations":{}},{"classId":"e_1","part":"s1p22","offsets":[{"start":1261,"text":"Interfaith Community Services"}],"coordinates":[],"confidence":{"state":"pre-added","who":["ml:regex"],"prob":0.5},"fields":{},"normalizations":{}},{"classId":"e_7","part":"s1p22","offsets":[{"start":3373,"text":"City of Carlsbad"}],"coordinates":[],"confidence":{"state":"pre-added","who":["ml:regex"],"prob":0.5},"fields":{"f_13":{"value":"city","confidence":{"state":"pre-added","who":["user:SDTEF"],"prob":1}}},"normalizations":{}},{"classId":"e_7","part":"s1p22","offsets":[{"start":4155,"text":"City of Carlsbad"}],"coordinates":[],"confidence":{"state":"pre-added","who":["ml:regex"],"prob":0.5},"fields":{"f_13":{"value":"city","confidence":{"state":"pre-added","who":["user:SDTEF"],"prob":1}}},"normalizations":{}},{"classId":"e_7","part":"s1p22","offsets":[{"start":4280,"text":"City of Carlsbad"}],"coordinates":[],"confidence":{"state":"pre-added","who":["ml:regex"],"prob":0.5},"fields":{"f_13":{"value":"city","confidence":{"state":"pre-added","who":["user:SDTEF"],"prob":1}}},"normalizations":{}},{"classId":"e_7","part":"s1p22","offsets":[{"start":5106,"text":"City of Carlsbad"}],"coordinates":[],"confidence":{"state":"pre-added","who":["ml:regex"],"prob":0.5},"fields":{"f_13":{"value":"city","confidence":{"state":"pre-added","who":["user:SDTEF"],"prob":1}}},"normalizations":{}},{"classId":"e_1","part":"s1p22","offsets":[{"start":7972,"text":"Interfaith Community Services"}],"coordinates":[],"confidence":{"state":"pre-added","who":["ml:regex"],"prob":0.5},"fields":{},"normalizations":{}},{"classId":"e_7","part":"s1p22","offsets":[{"start":10012,"text":"CITY OF CARLSBAD"}],"coordinates":[],"confidence":{"state":"pre-added","who":["ml:regex"],"prob":0.5},"fields":{"f_13":{"value":"city","confidence":{"state":"pre-added","who":["user:SDTEF"],"prob":1}}},"normalizations":{}},{"classId":"e_4","part":"s1p22","offsets":[{"start":10386,"text":"LOW-INCOME HOUSING SERVICES"}],"coordinates":[],"confidence":{"state":"pre-added","who":["ml:regex"],"prob":0.5},"fields":{"f_10":{"value":"economic","confidence":{"state":"pre-added","who":["user:SDTEF"],"prob":1}}},"normalizations":{}},{"classId":"e_1","part":"s1p22","offsets":[{"start":10414,"text":"INTERFAITH COMMUNITY SERVICES"}],"coordinates":[],"confidence":{"state":"pre-added","who":["ml:regex"],"prob":0.5},"fields":{},"normalizations":{}},{"classId":"e_7","part":"s1p22","offsets":[{"start":10540,"text":"between the CITY OF CARLSBAD, a"}],"coordinates":[],"confidence":{"state":"pre-added","who":["ml:regex"],"prob":0.5},"fields":{},"normalizations":{}},{"classId":"e_1","part":"s1p22","offsets":[{"start":10603,"text":"INTERFAITH COMMUNITY SERVICES"}],"coordinates":[],"confidence":{"state":"pre-added","who":["ml:regex"],"prob":0.5},"fields":{},"normalizations":{}},{"classId":"e_6","part":"s1p22","offsets":[{"start":11485,"text":"STANDARD OF PERFORMANCE"}],"coordinates":[],"confidence":{"state":"pre-added","who":["user:SDTEF"],"prob":1},"fields":{},"normalizations":{}},{"classId":"e_6","part":"s1p22","offsets":[{"start":11509,"text":"While performing the Services, Contractor will exercise the reasonable professional care and skill customarily exercised by reputable members of Contractor's profession practicing in the Metropolitan Southern California Area and will use reasonable diligence and best judgment while exercising its professional skill and expertise"}],"coordinates":[],"confidence":{"state":"pre-added","who":["user:SDTEF"],"prob":1},"fields":{},"normalizations":{}},{"classId":"e_7","part":"s1p22","offsets":[{"start":20696,"text":"City of Carlsbad"}],"coordinates":[],"confidence":{"state":"pre-added","who":["ml:regex"],"prob":0.5},"fields":{"f_13":{"value":"city","confidence":{"state":"pre-added","who":["user:SDTEF"],"prob":1}}},"normalizations":{}},{"classId":"e_7","part":"s1p22","offsets":[{"start":22398,"text":"City of Carlsbad"}],"coordinates":[],"confidence":{"state":"pre-added","who":["ml:regex"],"prob":0.5},"fields":{"f_13":{"value":"city","confidence":{"state":"pre-added","who":["user:SDTEF"],"prob":1}}},"normalizations":{}},{"classId":"e_7","part":"s1p22","offsets":[{"start":22856,"text":"City of Carlsbad"}],"coordinates":[],"confidence":{"state":"pre-added","who":["ml:regex"],"prob":0.5},"fields":{"f_13":{"value":"city","confidence":{"state":"pre-added","who":["user:SDTEF"],"prob":1}}},"normalizations":{}},{"classId":"e_1","part":"s1p22","offsets":[{"start":30206,"text":"INTERFAITH COMMUNITY SERVICES"}],"coordinates":[],"confidence":{"state":"pre-added","who":["ml:regex"],"prob":0.5},"fields":{},"normalizations":{}},{"classId":"e_7","part":"s1p22","offsets":[{"start":30312,"text":"CITY OF CARLSBAD"}],"coordinates":[],"confidence":{"state":"pre-added","who":["ml:regex"],"prob":0.5},"fields":{"f_13":{"value":"city","confidence":{"state":"pre-added","who":["user:SDTEF"],"prob":1}}},"normalizations":{}},{"classId":"e_4","part":"s1p22","offsets":[{"start":33786,"text":"SCOPE OF SERVICES"}],"coordinates":[],"confidence":{"state":"pre-added","who":["user:SDTEF"],"prob":1},"fields":{},"normalizations":{}},{"classId":"e_4","part":"s1p22","offsets":[{"start":33807,"text":"Project objectives to be accomplished during the contract period: a) Interfaith case managers will provide housing resources to low-income Carlsbad households to aid in the prevention of or end homelessness, as well as empower residents to achieve self-sufficiency and independence"}],"coordinates":[],"confidence":{"state":"pre-added","who":["user:SDTEF"],"prob":1},"fields":{"f_11":{"value":"at-risk of homelessness","confidence":{"state":"pre-added","who":["user:SDTEF"],"prob":1}}},"normalizations":{}},{"classId":"e_6","part":"s1p22","offsets":[{"start":34093,"text":"Project objectives performance measures"}],"coordinates":[],"confidence":{"state":"pre-added","who":["user:SDTEF"],"prob":1},"fields":{},"normalizations":{}},{"classId":"e_6","part":"s1p22","offsets":[{"start":34139,"text":"a) Maintain records, invoices, and relevant statistics supporting the annual report."}],"coordinates":[],"confidence":{"state":"pre-added","who":["user:SDTEF"],"prob":1},"fields":{},"normalizations":{}},{"classId":"e_6","part":"s1p22","offsets":[{"start":34224,"text":"b) Provide a final performance and expenditure report, including an evaluation report of the program's success in meeting established goals, within 30 days of termination of the contract date"}],"coordinates":[],"confidence":{"state":"pre-added","who":["user:SDTEF"],"prob":1},"fields":{},"normalizations":{}},{"classId":"e_6","part":"s1p22","offsets":[{"start":34417,"text":"c) Provide notification to the City of any audits or investigations including results, findings, and/or liens."}],"coordinates":[],"confidence":{"state":"pre-added","who":["user:SDTEF"],"prob":1},"fields":{},"normalizations":{}},{"classId":"e_1","part":"s1p22","offsets":[{"start":35886,"text":"Interfaith Community Services"}],"coordinates":[],"confidence":{"state":"pre-added","who":["ml:regex"],"prob":0.5},"fields":{},"normalizations":{}},{"classId":"e_7","part":"s1p22","offsets":[{"start":37998,"text":"City of Carlsbad"}],"coordinates":[],"confidence":{"state":"pre-added","who":["ml:regex"],"prob":0.5},"fields":{"f_13":{"value":"city","confidence":{"state":"pre-added","who":["user:SDTEF"],"prob":1}}},"normalizations":{}},{"classId":"e_7","part":"s1p22","offsets":[{"start":38780,"text":"City of Carlsbad"}],"coordinates":[],"confidence":{"state":"pre-added","who":["ml:regex"],"prob":0.5},"fields":{"f_13":{"value":"city","confidence":{"state":"pre-added","who":["user:SDTEF"],"prob":1}}},"normalizations":{}},{"classId":"e_7","part":"s1p22","offsets":[{"start":38905,"text":"City of Carlsbad"}],"coordinates":[],"confidence":{"state":"pre-added","who":["ml:regex"],"prob":0.5},"fields":{"f_13":{"value":"city","confidence":{"state":"pre-added","who":["user:SDTEF"],"prob":1}}},"normalizations":{}},{"classId":"e_7","part":"s1p22","offsets":[{"start":39672,"text":"City of Carlsbad"}],"coordinates":[],"confidence":{"state":"pre-added","who":["ml:regex"],"prob":0.5},"fields":{"f_13":{"value":"city","confidence":{"state":"pre-added","who":["user:SDTEF"],"prob":1}}},"normalizations":{}},{"classId":"e_1","part":"s1p22","offsets":[{"start":42479,"text":"Interfaith Community Services"}],"coordinates":[],"confidence":{"state":"pre-added","who":["ml:regex"],"prob":0.5},"fields":{},"normalizations":{}},{"classId":"e_7","part":"s1p22","offsets":[{"start":44519,"text":"CITY OF CARLSBAD"}],"coordinates":[],"confidence":{"state":"pre-added","who":["ml:regex"],"prob":0.5},"fields":{"f_13":{"value":"city","confidence":{"state":"pre-added","who":["user:SDTEF"],"prob":1}}},"normalizations":{}}],"relations":[]}